lot_id,planner,commodity,pattern,true_overall_defect_rate,estimated_defect_rate,residual_risk,chosen_disposition,is_false_accept,is_false_reject,is_correct,disposition_penalty,inspection_cost,deterioration_loss,total_disposition_loss,cumulative_exposure_sec,strata_defect_breakdown,steps_taken,action_sequence,total_spent_inr,elapsed_inspection_time_sec,planner_id,trial_idx
lot_nonadd_0000,FB7_Exposure_Aware,potato,ADVERSARIAL,0.344,0.116,0.228,MARKDOWN,0.0,0.0,1.0,0.0,0.0,0.0,0.0,0.0,"{0: 0.01, 1: 0.332, 2: 0.4132, 3: 0.4532, 4: 0.502}",1,['STOP_INSPECTION'],0.0,0.0,FB7_Proposed,0
lot_nonadd_0000,FB5_State_Blind,potato,ADVERSARIAL,0.344,0.116,0.228,MARKDOWN,0.0,0.0,1.0,0.0,6.0,4.8,10.8,120.0,"{0: 0.01, 1: 0.332, 2: 0.4132, 3: 0.4532, 4: 0.502}",12,"['WAIT_SETTLE', 'WAIT_SETTLE', 'WAIT_SETTLE', 'WAIT_SETTLE', 'WAIT_SETTLE', 'WAIT_SETTLE', 'WAIT_SETTLE', 'WAIT_SETTLE', 'WAIT_SETTLE', 'WAIT_SETTLE', 'WAIT_SETTLE', 'WAIT_SETTLE']",6.0,120.0,FB5_State_Blind,0
lot_nonadd_0000,FB6_Additive_Cost,potato,ADVERSARIAL,0.344,0.116,0.228,MARKDOWN,0.0,0.0,1.0,0.0,6.0,4.8,10.8,120.0,"{0: 0.01, 1: 0.332, 2: 0.4132, 3: 0.4532, 4: 0.502}",12,"['WAIT_SETTLE', 'WAIT_SETTLE', 'WAIT_SETTLE', 'WAIT_SETTLE', 'WAIT_SETTLE', 'WAIT_SETTLE', 'WAIT_SETTLE', 'WAIT_SETTLE', 'WAIT_SETTLE', 'WAIT_SETTLE', 'WAIT_SETTLE', 'WAIT_SETTLE']",6.0,120.0,FB6_Additive_Cost,0
lot_nonadd_0001,FB7_Exposure_Aware,potato,ADVERSARIAL,0.288,0.116,0.172,MARKDOWN,0.0,0.0,1.0,0.0,0.0,0.0,0.0,0.0,"{0: 0.01, 1: 0.374, 2: 0.3422, 3: 0.3587, 4: 0.3643}",1,['STOP_INSPECTION'],0.0,0.0,FB7_Proposed,1
lot_nonadd_0001,FB5_State_Blind,potato,ADVERSARIAL,0.288,0.116,0.172,MARKDOWN,0.0,0.0,1.0,0.0,6.0,4.8,10.8,120.0,"{0: 0.01, 1: 0.374, 2: 0.3422, 3: 0.3587, 4: 0.3643}",12,"['WAIT_SETTLE', 'WAIT_SETTLE', 'WAIT_SETTLE', 'WAIT_SETTLE', 'WAIT_SETTLE', 'WAIT_SETTLE', 'WAIT_SETTLE', 'WAIT_SETTLE', 'WAIT_SETTLE', 'WAIT_SETTLE', 'WAIT_SETTLE', 'WAIT_SETTLE']",6.0,120.0,FB5_State_Blind,1
lot_nonadd_0001,FB6_Additive_Cost,potato,ADVERSARIAL,0.288,0.116,0.172,MARKDOWN,0.0,0.0,1.0,0.0,6.0,4.8,10.8,120.0,"{0: 0.01, 1: 0.374, 2: 0.3422, 3: 0.3587, 4: 0.3643}",12,"['WAIT_SETTLE', 'WAIT_SETTLE', 'WAIT_SETTLE', 'WAIT_SETTLE', 'WAIT_SETTLE', 'WAIT_SETTLE', 'WAIT_SETTLE', 'WAIT_SETTLE', 'WAIT_SETTLE', 'WAIT_SETTLE', 'WAIT_SETTLE', 'WAIT_SETTLE']",6.0,120.0,FB6_Additive_Cost,1
lot_nonadd_0002,FB7_Exposure_Aware,potato,ADVERSARIAL,0.364,0.116,0.248,MARKDOWN,1.0,0.0,0.0,300.0,0.0,0.0,300.0,0.0,"{0: 0.01, 1: 0.4377, 2: 0.3598, 3: 0.497, 4: 0.5111}",1,['STOP_INSPECTION'],0.0,0.0,FB7_Proposed,2
lot_nonadd_0002,FB5_State_Blind,potato,ADVERSARIAL,0.364,0.116,0.248,MARKDOWN,1.0,0.0,0.0,300.0,6.0,4.8,310.8,120.0,"{0: 0.01, 1: 0.4377, 2: 0.3598, 3: 0.497, 4: 0.5111}",12,"['WAIT_SETTLE', 'WAIT_SETTLE', 'WAIT_SETTLE', 'WAIT_SETTLE', 'WAIT_SETTLE', 'WAIT_SETTLE', 'WAIT_SETTLE', 'WAIT_SETTLE', 'WAIT_SETTLE', 'WAIT_SETTLE', 'WAIT_SETTLE', 'WAIT_SETTLE']",6.0,120.0,FB5_State_Blind,2
lot_nonadd_0002,FB6_Additive_Cost,potato,ADVERSARIAL,0.364,0.116,0.248,MARKDOWN,1.0,0.0,0.0,300.0,6.0,4.8,310.8,120.0,"{0: 0.01, 1: 0.4377, 2: 0.3598, 3: 0.497, 4: 0.5111}",12,"['WAIT_SETTLE', 'WAIT_SETTLE', 'WAIT_SETTLE', 'WAIT_SETTLE', 'WAIT_SETTLE', 'WAIT_SETTLE', 'WAIT_SETTLE', 'WAIT_SETTLE', 'WAIT_SETTLE', 'WAIT_SETTLE', 'WAIT_SETTLE', 'WAIT_SETTLE']",6.0,120.0,FB6_Additive_Cost,2
lot_nonadd_0003,FB7_Exposure_Aware,potato,ADVERSARIAL,0.372,0.116,0.256,MARKDOWN,1.0,0.0,0.0,300.0,0.0,0.0,300.0,0.0,"{0: 0.01, 1: 0.5229, 2: 0.4495, 3: 0.4327, 4: 0.4642}",1,['STOP_INSPECTION'],0.0,0.0,FB7_Proposed,3
lot_nonadd_0003,FB5_State_Blind,potato,ADVERSARIAL,0.372,0.116,0.256,MARKDOWN,1.0,0.0,0.0,300.0,6.0,4.8,310.8,120.0,"{0: 0.01, 1: 0.5229, 2: 0.4495, 3: 0.4327, 4: 0.4642}",12,"['WAIT_SETTLE', 'WAIT_SETTLE', 'WAIT_SETTLE', 'WAIT_SETTLE', 'WAIT_SETTLE', 'WAIT_SETTLE', 'WAIT_SETTLE', 'WAIT_SETTLE', 'WAIT_SETTLE', 'WAIT_SETTLE', 'WAIT_SETTLE', 'WAIT_SETTLE']",6.0,120.0,FB5_State_Blind,3
lot_nonadd_0003,FB6_Additive_Cost,potato,ADVERSARIAL,0.372,0.116,0.256,MARKDOWN,1.0,0.0,0.0,300.0,6.0,4.8,310.8,120.0,"{0: 0.01, 1: 0.5229, 2: 0.4495, 3: 0.4327, 4: 0.4642}",12,"['WAIT_SETTLE', 'WAIT_SETTLE', 'WAIT_SETTLE', 'WAIT_SETTLE', 'WAIT_SETTLE', 'WAIT_SETTLE', 'WAIT_SETTLE', 'WAIT_SETTLE', 'WAIT_SETTLE', 'WAIT_SETTLE', 'WAIT_SETTLE', 'WAIT_SETTLE']",6.0,120.0,FB6_Additive_Cost,3
lot_nonadd_0004,FB7_Exposure_Aware,potato,ADVERSARIAL,0.304,0.116,0.188,MARKDOWN,0.0,0.0,1.0,0.0,0.0,0.0,0.0,0.0,"{0: 0.01, 1: 0.3504, 2: 0.3351, 3: 0.3286, 4: 0.5017}",1,['STOP_INSPECTION'],0.0,0.0,FB7_Proposed,4
lot_nonadd_0004,FB5_State_Blind,potato,ADVERSARIAL,0.304,0.116,0.188,MARKDOWN,0.0,0.0,1.0,0.0,6.0,4.8,10.8,120.0,"{0: 0.01, 1: 0.3504, 2: 0.3351, 3: 0.3286, 4: 0.5017}",12,"['WAIT_SETTLE', 'WAIT_SETTLE', 'WAIT_SETTLE', 'WAIT_SETTLE', 'WAIT_SETTLE', 'WAIT_SETTLE', 'WAIT_SETTLE', 'WAIT_SETTLE', 'WAIT_SETTLE', 'WAIT_SETTLE', 'WAIT_SETTLE', 'WAIT_SETTLE']",6.0,120.0,FB5_State_Blind,4
lot_nonadd_0004,FB6_Additive_Cost,potato,ADVERSARIAL,0.304,0.116,0.188,MARKDOWN,0.0,0.0,1.0,0.0,6.0,4.8,10.8,120.0,"{0: 0.01, 1: 0.3504, 2: 0.3351, 3: 0.3286, 4: 0.5017}",12,"['WAIT_SETTLE', 'WAIT_SETTLE', 'WAIT_SETTLE', 'WAIT_SETTLE', 'WAIT_SETTLE', 'WAIT_SETTLE', 'WAIT_SETTLE', 'WAIT_SETTLE', 'WAIT_SETTLE', 'WAIT_SETTLE', 'WAIT_SETTLE', 'WAIT_SETTLE']",6.0,120.0,FB6_Additive_Cost,4
lot_nonadd_0005,FB7_Exposure_Aware,potato,ADVERSARIAL,0.356,0.116,0.24,MARKDOWN,1.0,0.0,0.0,300.0,0.0,0.0,300.0,0.0,"{0: 0.01, 1: 0.4156, 2: 0.4822, 3: 0.4405, 4: 0.4479}",1,['STOP_INSPECTION'],0.0,0.0,FB7_Proposed,5
lot_nonadd_0005,FB5_State_Blind,potato,ADVERSARIAL,0.356,0.116,0.24,MARKDOWN,1.0,0.0,0.0,300.0,6.0,4.8,310.8,120.0,"{0: 0.01, 1: 0.4156, 2: 0.4822, 3: 0.4405, 4: 0.4479}",12,"['WAIT_SETTLE', 'WAIT_SETTLE', 'WAIT_SETTLE', 'WAIT_SETTLE', 'WAIT_SETTLE', 'WAIT_SETTLE', 'WAIT_SETTLE', 'WAIT_SETTLE', 'WAIT_SETTLE', 'WAIT_SETTLE', 'WAIT_SETTLE', 'WAIT_SETTLE']",6.0,120.0,FB5_State_Blind,5
lot_nonadd_0005,FB6_Additive_Cost,potato,ADVERSARIAL,0.356,0.116,0.24,MARKDOWN,1.0,0.0,0.0,300.0,6.0,4.8,310.8,120.0,"{0: 0.01, 1: 0.4156, 2: 0.4822, 3: 0.4405, 4: 0.4479}",12,"['WAIT_SETTLE', 'WAIT_SETTLE', 'WAIT_SETTLE', 'WAIT_SETTLE', 'WAIT_SETTLE', 'WAIT_SETTLE', 'WAIT_SETTLE', 'WAIT_SETTLE', 'WAIT_SETTLE', 'WAIT_SETTLE', 'WAIT_SETTLE', 'WAIT_SETTLE']",6.0,120.0,FB6_Additive_Cost,5
lot_nonadd_0006,FB7_Exposure_Aware,potato,ADVERSARIAL,0.336,0.116,0.22,MARKDOWN,0.0,0.0,1.0,0.0,0.0,0.0,0.0,0.0,"{0: 0.01, 1: 0.4725, 2: 0.3744, 3: 0.3099, 4: 0.5243}",1,['STOP_INSPECTION'],0.0,0.0,FB7_Proposed,6
lot_nonadd_0006,FB5_State_Blind,potato,ADVERSARIAL,0.336,0.116,0.22,MARKDOWN,0.0,0.0,1.0,0.0,6.0,4.8,10.8,120.0,"{0: 0.01, 1: 0.4725, 2: 0.3744, 3: 0.3099, 4: 0.5243}",12,"['WAIT_SETTLE', 'WAIT_SETTLE', 'WAIT_SETTLE', 'WAIT_SETTLE', 'WAIT_SETTLE', 'WAIT_SETTLE', 'WAIT_SETTLE', 'WAIT_SETTLE', 'WAIT_SETTLE', 'WAIT_SETTLE', 'WAIT_SETTLE', 'WAIT_SETTLE']",6.0,120.0,FB5_State_Blind,6
lot_nonadd_0006,FB6_Additive_Cost,potato,ADVERSARIAL,0.336,0.116,0.22,MARKDOWN,0.0,0.0,1.0,0.0,6.0,4.8,10.8,120.0,"{0: 0.01, 1: 0.4725, 2: 0.3744, 3: 0.3099, 4: 0.5243}",12,"['WAIT_SETTLE', 'WAIT_SETTLE', 'WAIT_SETTLE', 'WAIT_SETTLE', 'WAIT_SETTLE', 'WAIT_SETTLE', 'WAIT_SETTLE', 'WAIT_SETTLE', 'WAIT_SETTLE', 'WAIT_SETTLE', 'WAIT_SETTLE', 'WAIT_SETTLE']",6.0,120.0,FB6_Additive_Cost,6
lot_nonadd_0007,FB7_Exposure_Aware,potato,ADVERSARIAL,0.372,0.116,0.256,MARKDOWN,1.0,0.0,0.0,300.0,0.0,0.0,300.0,0.0,"{0: 0.01, 1: 0.3854, 2: 0.519, 3: 0.4172, 4: 0.5438}",1,['STOP_INSPECTION'],0.0,0.0,FB7_Proposed,7
lot_nonadd_0007,FB5_State_Blind,potato,ADVERSARIAL,0.372,0.116,0.256,MARKDOWN,1.0,0.0,0.0,300.0,6.0,4.8,310.8,120.0,"{0: 0.01, 1: 0.3854, 2: 0.519, 3: 0.4172, 4: 0.5438}",12,"['WAIT_SETTLE', 'WAIT_SETTLE', 'WAIT_SETTLE', 'WAIT_SETTLE', 'WAIT_SETTLE', 'WAIT_SETTLE', 'WAIT_SETTLE', 'WAIT_SETTLE', 'WAIT_SETTLE', 'WAIT_SETTLE', 'WAIT_SETTLE', 'WAIT_SETTLE']",6.0,120.0,FB5_State_Blind,7
lot_nonadd_0007,FB6_Additive_Cost,potato,ADVERSARIAL,0.372,0.116,0.256,MARKDOWN,1.0,0.0,0.0,300.0,6.0,4.8,310.8,120.0,"{0: 0.01, 1: 0.3854, 2: 0.519, 3: 0.4172, 4: 0.5438}",12,"['WAIT_SETTLE', 'WAIT_SETTLE', 'WAIT_SETTLE', 'WAIT_SETTLE', 'WAIT_SETTLE', 'WAIT_SETTLE', 'WAIT_SETTLE', 'WAIT_SETTLE', 'WAIT_SETTLE', 'WAIT_SETTLE', 'WAIT_SETTLE', 'WAIT_SETTLE']",6.0,120.0,FB6_Additive_Cost,7
lot_nonadd_0008,FB7_Exposure_Aware,potato,ADVERSARIAL,0.308,0.116,0.192,MARKDOWN,0.0,0.0,1.0,0.0,0.0,0.0,0.0,0.0,"{0: 0.01, 1: 0.3111, 2: 0.4223, 3: 0.4245, 4: 0.3828}",1,['STOP_INSPECTION'],0.0,0.0,FB7_Proposed,8
lot_nonadd_0008,FB5_State_Blind,potato,ADVERSARIAL,0.308,0.116,0.192,MARKDOWN,0.0,0.0,1.0,0.0,6.0,4.8,10.8,120.0,"{0: 0.01, 1: 0.3111, 2: 0.4223, 3: 0.4245, 4: 0.3828}",12,"['WAIT_SETTLE', 'WAIT_SETTLE', 'WAIT_SETTLE', 'WAIT_SETTLE', 'WAIT_SETTLE', 'WAIT_SETTLE', 'WAIT_SETTLE', 'WAIT_SETTLE', 'WAIT_SETTLE', 'WAIT_SETTLE', 'WAIT_SETTLE', 'WAIT_SETTLE']",6.0,120.0,FB5_State_Blind,8
lot_nonadd_0008,FB6_Additive_Cost,potato,ADVERSARIAL,0.308,0.116,0.192,MARKDOWN,0.0,0.0,1.0,0.0,6.0,4.8,10.8,120.0,"{0: 0.01, 1: 0.3111, 2: 0.4223, 3: 0.4245, 4: 0.3828}",12,"['WAIT_SETTLE', 'WAIT_SETTLE', 'WAIT_SETTLE', 'WAIT_SETTLE', 'WAIT_SETTLE', 'WAIT_SETTLE', 'WAIT_SETTLE', 'WAIT_SETTLE', 'WAIT_SETTLE', 'WAIT_SETTLE', 'WAIT_SETTLE', 'WAIT_SETTLE']",6.0,120.0,FB6_Additive_Cost,8
lot_nonadd_0009,FB7_Exposure_Aware,potato,ADVERSARIAL,0.3,0.116,0.184,MARKDOWN,0.0,0.0,1.0,0.0,0.0,0.0,0.0,0.0,"{0: 0.01, 1: 0.3381, 2: 0.3658, 3: 0.4273, 4: 0.3716}",1,['STOP_INSPECTION'],0.0,0.0,FB7_Proposed,9
lot_nonadd_0009,FB5_State_Blind,potato,ADVERSARIAL,0.3,0.116,0.184,MARKDOWN,0.0,0.0,1.0,0.0,6.0,4.8,10.8,120.0,"{0: 0.01, 1: 0.3381, 2: 0.3658, 3: 0.4273, 4: 0.3716}",12,"['WAIT_SETTLE', 'WAIT_SETTLE', 'WAIT_SETTLE', 'WAIT_SETTLE', 'WAIT_SETTLE', 'WAIT_SETTLE', 'WAIT_SETTLE', 'WAIT_SETTLE', 'WAIT_SETTLE', 'WAIT_SETTLE', 'WAIT_SETTLE', 'WAIT_SETTLE']",6.0,120.0,FB5_State_Blind,9
lot_nonadd_0009,FB6_Additive_Cost,potato,ADVERSARIAL,0.3,0.116,0.184,MARKDOWN,0.0,0.0,1.0,0.0,6.0,4.8,10.8,120.0,"{0: 0.01, 1: 0.3381, 2: 0.3658, 3: 0.4273, 4: 0.3716}",12,"['WAIT_SETTLE', 'WAIT_SETTLE', 'WAIT_SETTLE', 'WAIT_SETTLE', 'WAIT_SETTLE', 'WAIT_SETTLE', 'WAIT_SETTLE', 'WAIT_SETTLE', 'WAIT_SETTLE', 'WAIT_SETTLE', 'WAIT_SETTLE', 'WAIT_SETTLE']",6.0,120.0,FB6_Additive_Cost,9
lot_nonadd_0010,FB7_Exposure_Aware,potato,ADVERSARIAL,0.412,0.116,0.296,MARKDOWN,1.0,0.0,0.0,300.0,0.0,0.0,300.0,0.0,"{0: 0.01, 1: 0.5051, 2: 0.4821, 3: 0.5404, 4: 0.5492}",1,['STOP_INSPECTION'],0.0,0.0,FB7_Proposed,10
lot_nonadd_0010,FB5_State_Blind,potato,ADVERSARIAL,0.412,0.116,0.296,MARKDOWN,1.0,0.0,0.0,300.0,6.0,4.8,310.8,120.0,"{0: 0.01, 1: 0.5051, 2: 0.4821, 3: 0.5404, 4: 0.5492}",12,"['WAIT_SETTLE', 'WAIT_SETTLE', 'WAIT_SETTLE', 'WAIT_SETTLE', 'WAIT_SETTLE', 'WAIT_SETTLE', 'WAIT_SETTLE', 'WAIT_SETTLE', 'WAIT_SETTLE', 'WAIT_SETTLE', 'WAIT_SETTLE', 'WAIT_SETTLE']",6.0,120.0,FB5_State_Blind,10
lot_nonadd_0010,FB6_Additive_Cost,potato,ADVERSARIAL,0.412,0.116,0.296,MARKDOWN,1.0,0.0,0.0,300.0,6.0,4.8,310.8,120.0,"{0: 0.01, 1: 0.5051, 2: 0.4821, 3: 0.5404, 4: 0.5492}",12,"['WAIT_SETTLE', 'WAIT_SETTLE', 'WAIT_SETTLE', 'WAIT_SETTLE', 'WAIT_SETTLE', 'WAIT_SETTLE', 'WAIT_SETTLE', 'WAIT_SETTLE', 'WAIT_SETTLE', 'WAIT_SETTLE', 'WAIT_SETTLE', 'WAIT_SETTLE']",6.0,120.0,FB6_Additive_Cost,10
lot_nonadd_0011,FB7_Exposure_Aware,potato,ADVERSARIAL,0.36,0.116,0.244,MARKDOWN,1.0,0.0,0.0,300.0,0.0,0.0,300.0,0.0,"{0: 0.01, 1: 0.4522, 2: 0.5192, 3: 0.362, 4: 0.4545}",1,['STOP_INSPECTION'],0.0,0.0,FB7_Proposed,11
lot_nonadd_0011,FB5_State_Blind,potato,ADVERSARIAL,0.36,0.116,0.244,MARKDOWN,1.0,0.0,0.0,300.0,6.0,4.8,310.8,120.0,"{0: 0.01, 1: 0.4522, 2: 0.5192, 3: 0.362, 4: 0.4545}",12,"['WAIT_SETTLE', 'WAIT_SETTLE', 'WAIT_SETTLE', 'WAIT_SETTLE', 'WAIT_SETTLE', 'WAIT_SETTLE', 'WAIT_SETTLE', 'WAIT_SETTLE', 'WAIT_SETTLE', 'WAIT_SETTLE', 'WAIT_SETTLE', 'WAIT_SETTLE']",6.0,120.0,FB5_State_Blind,11
lot_nonadd_0011,FB6_Additive_Cost,potato,ADVERSARIAL,0.36,0.116,0.244,MARKDOWN,1.0,0.0,0.0,300.0,6.0,4.8,310.8,120.0,"{0: 0.01, 1: 0.4522, 2: 0.5192, 3: 0.362, 4: 0.4545}",12,"['WAIT_SETTLE', 'WAIT_SETTLE', 'WAIT_SETTLE', 'WAIT_SETTLE', 'WAIT_SETTLE', 'WAIT_SETTLE', 'WAIT_SETTLE', 'WAIT_SETTLE', 'WAIT_SETTLE', 'WAIT_SETTLE', 'WAIT_SETTLE', 'WAIT_SETTLE']",6.0,120.0,FB6_Additive_Cost,11
lot_nonadd_0012,FB7_Exposure_Aware,potato,ADVERSARIAL,0.308,0.116,0.192,MARKDOWN,0.0,0.0,1.0,0.0,0.0,0.0,0.0,0.0,"{0: 0.01, 1: 0.317, 2: 0.4609, 3: 0.443, 4: 0.317}",1,['STOP_INSPECTION'],0.0,0.0,FB7_Proposed,12
lot_nonadd_0012,FB5_State_Blind,potato,ADVERSARIAL,0.308,0.116,0.192,MARKDOWN,0.0,0.0,1.0,0.0,6.0,4.8,10.8,120.0,"{0: 0.01, 1: 0.317, 2: 0.4609, 3: 0.443, 4: 0.317}",12,"['WAIT_SETTLE', 'WAIT_SETTLE', 'WAIT_SETTLE', 'WAIT_SETTLE', 'WAIT_SETTLE', 'WAIT_SETTLE', 'WAIT_SETTLE', 'WAIT_SETTLE', 'WAIT_SETTLE', 'WAIT_SETTLE', 'WAIT_SETTLE', 'WAIT_SETTLE']",6.0,120.0,FB5_State_Blind,12
lot_nonadd_0012,FB6_Additive_Cost,potato,ADVERSARIAL,0.308,0.116,0.192,MARKDOWN,0.0,0.0,1.0,0.0,6.0,4.8,10.8,120.0,"{0: 0.01, 1: 0.317, 2: 0.4609, 3: 0.443, 4: 0.317}",12,"['WAIT_SETTLE', 'WAIT_SETTLE', 'WAIT_SETTLE', 'WAIT_SETTLE', 'WAIT_SETTLE', 'WAIT_SETTLE', 'WAIT_SETTLE', 'WAIT_SETTLE', 'WAIT_SETTLE', 'WAIT_SETTLE', 'WAIT_SETTLE', 'WAIT_SETTLE']",6.0,120.0,FB6_Additive_Cost,12
lot_nonadd_0013,FB7_Exposure_Aware,potato,ADVERSARIAL,0.332,0.116,0.216,MARKDOWN,0.0,0.0,1.0,0.0,0.0,0.0,0.0,0.0,"{0: 0.01, 1: 0.3582, 2: 0.3033, 3: 0.4855, 4: 0.5221}",1,['STOP_INSPECTION'],0.0,0.0,FB7_Proposed,13
lot_nonadd_0013,FB5_State_Blind,potato,ADVERSARIAL,0.332,0.116,0.216,MARKDOWN,0.0,0.0,1.0,0.0,6.0,4.8,10.8,120.0,"{0: 0.01, 1: 0.3582, 2: 0.3033, 3: 0.4855, 4: 0.5221}",12,"['WAIT_SETTLE', 'WAIT_SETTLE', 'WAIT_SETTLE', 'WAIT_SETTLE', 'WAIT_SETTLE', 'WAIT_SETTLE', 'WAIT_SETTLE', 'WAIT_SETTLE', 'WAIT_SETTLE', 'WAIT_SETTLE', 'WAIT_SETTLE', 'WAIT_SETTLE']",6.0,120.0,FB5_State_Blind,13
lot_nonadd_0013,FB6_Additive_Cost,potato,ADVERSARIAL,0.332,0.116,0.216,MARKDOWN,0.0,0.0,1.0,0.0,6.0,4.8,10.8,120.0,"{0: 0.01, 1: 0.3582, 2: 0.3033, 3: 0.4855, 4: 0.5221}",12,"['WAIT_SETTLE', 'WAIT_SETTLE', 'WAIT_SETTLE', 'WAIT_SETTLE', 'WAIT_SETTLE', 'WAIT_SETTLE', 'WAIT_SETTLE', 'WAIT_SETTLE', 'WAIT_SETTLE', 'WAIT_SETTLE', 'WAIT_SETTLE', 'WAIT_SETTLE']",6.0,120.0,FB6_Additive_Cost,13
lot_nonadd_0014,FB7_Exposure_Aware,potato,ADVERSARIAL,0.328,0.116,0.212,MARKDOWN,0.0,0.0,1.0,0.0,0.0,0.0,0.0,0.0,"{0: 0.01, 1: 0.4983, 2: 0.4867, 3: 0.3434, 4: 0.3139}",1,['STOP_INSPECTION'],0.0,0.0,FB7_Proposed,14
lot_nonadd_0014,FB5_State_Blind,potato,ADVERSARIAL,0.328,0.116,0.212,MARKDOWN,0.0,0.0,1.0,0.0,6.0,4.8,10.8,120.0,"{0: 0.01, 1: 0.4983, 2: 0.4867, 3: 0.3434, 4: 0.3139}",12,"['WAIT_SETTLE', 'WAIT_SETTLE', 'WAIT_SETTLE', 'WAIT_SETTLE', 'WAIT_SETTLE', 'WAIT_SETTLE', 'WAIT_SETTLE', 'WAIT_SETTLE', 'WAIT_SETTLE', 'WAIT_SETTLE', 'WAIT_SETTLE', 'WAIT_SETTLE']",6.0,120.0,FB5_State_Blind,14
lot_nonadd_0014,FB6_Additive_Cost,potato,ADVERSARIAL,0.328,0.116,0.212,MARKDOWN,0.0,0.0,1.0,0.0,6.0,4.8,10.8,120.0,"{0: 0.01, 1: 0.4983, 2: 0.4867, 3: 0.3434, 4: 0.3139}",12,"['WAIT_SETTLE', 'WAIT_SETTLE', 'WAIT_SETTLE', 'WAIT_SETTLE', 'WAIT_SETTLE', 'WAIT_SETTLE', 'WAIT_SETTLE', 'WAIT_SETTLE', 'WAIT_SETTLE', 'WAIT_SETTLE', 'WAIT_SETTLE', 'WAIT_SETTLE']",6.0,120.0,FB6_Additive_Cost,14
lot_nonadd_0015,FB7_Exposure_Aware,potato,ADVERSARIAL,0.364,0.116,0.248,MARKDOWN,1.0,0.0,0.0,300.0,0.0,0.0,300.0,0.0,"{0: 0.01, 1: 0.4853, 2: 0.4734, 3: 0.3768, 4: 0.4831}",1,['STOP_INSPECTION'],0.0,0.0,FB7_Proposed,15
lot_nonadd_0015,FB5_State_Blind,potato,ADVERSARIAL,0.364,0.116,0.248,MARKDOWN,1.0,0.0,0.0,300.0,6.0,4.8,310.8,120.0,"{0: 0.01, 1: 0.4853, 2: 0.4734, 3: 0.3768, 4: 0.4831}",12,"['WAIT_SETTLE', 'WAIT_SETTLE', 'WAIT_SETTLE', 'WAIT_SETTLE', 'WAIT_SETTLE', 'WAIT_SETTLE', 'WAIT_SETTLE', 'WAIT_SETTLE', 'WAIT_SETTLE', 'WAIT_SETTLE', 'WAIT_SETTLE', 'WAIT_SETTLE']",6.0,120.0,FB5_State_Blind,15
lot_nonadd_0015,FB6_Additive_Cost,potato,ADVERSARIAL,0.364,0.116,0.248,MARKDOWN,1.0,0.0,0.0,300.0,6.0,4.8,310.8,120.0,"{0: 0.01, 1: 0.4853, 2: 0.4734, 3: 0.3768, 4: 0.4831}",12,"['WAIT_SETTLE', 'WAIT_SETTLE', 'WAIT_SETTLE', 'WAIT_SETTLE', 'WAIT_SETTLE', 'WAIT_SETTLE', 'WAIT_SETTLE', 'WAIT_SETTLE', 'WAIT_SETTLE', 'WAIT_SETTLE', 'WAIT_SETTLE', 'WAIT_SETTLE']",6.0,120.0,FB6_Additive_Cost,15
lot_nonadd_0016,FB7_Exposure_Aware,potato,ADVERSARIAL,0.304,0.116,0.188,MARKDOWN,0.0,0.0,1.0,0.0,0.0,0.0,0.0,0.0,"{0: 0.01, 1: 0.3916, 2: 0.3407, 3: 0.4222, 4: 0.3508}",1,['STOP_INSPECTION'],0.0,0.0,FB7_Proposed,16
lot_nonadd_0016,FB5_State_Blind,potato,ADVERSARIAL,0.304,0.116,0.188,MARKDOWN,0.0,0.0,1.0,0.0,6.0,4.8,10.8,120.0,"{0: 0.01, 1: 0.3916, 2: 0.3407, 3: 0.4222, 4: 0.3508}",12,"['WAIT_SETTLE', 'WAIT_SETTLE', 'WAIT_SETTLE', 'WAIT_SETTLE', 'WAIT_SETTLE', 'WAIT_SETTLE', 'WAIT_SETTLE', 'WAIT_SETTLE', 'WAIT_SETTLE', 'WAIT_SETTLE', 'WAIT_SETTLE', 'WAIT_SETTLE']",6.0,120.0,FB5_State_Blind,16
lot_nonadd_0016,FB6_Additive_Cost,potato,ADVERSARIAL,0.304,0.116,0.188,MARKDOWN,0.0,0.0,1.0,0.0,6.0,4.8,10.8,120.0,"{0: 0.01, 1: 0.3916, 2: 0.3407, 3: 0.4222, 4: 0.3508}",12,"['WAIT_SETTLE', 'WAIT_SETTLE', 'WAIT_SETTLE', 'WAIT_SETTLE', 'WAIT_SETTLE', 'WAIT_SETTLE', 'WAIT_SETTLE', 'WAIT_SETTLE', 'WAIT_SETTLE', 'WAIT_SETTLE', 'WAIT_SETTLE', 'WAIT_SETTLE']",6.0,120.0,FB6_Additive_Cost,16
lot_nonadd_0017,FB7_Exposure_Aware,potato,ADVERSARIAL,0.38,0.116,0.264,MARKDOWN,1.0,0.0,0.0,300.0,0.0,0.0,300.0,0.0,"{0: 0.01, 1: 0.4459, 2: 0.5325, 3: 0.4193, 4: 0.5053}",1,['STOP_INSPECTION'],0.0,0.0,FB7_Proposed,17
lot_nonadd_0017,FB5_State_Blind,potato,ADVERSARIAL,0.38,0.116,0.264,MARKDOWN,1.0,0.0,0.0,300.0,6.0,4.8,310.8,120.0,"{0: 0.01, 1: 0.4459, 2: 0.5325, 3: 0.4193, 4: 0.5053}",12,"['WAIT_SETTLE', 'WAIT_SETTLE', 'WAIT_SETTLE', 'WAIT_SETTLE', 'WAIT_SETTLE', 'WAIT_SETTLE', 'WAIT_SETTLE', 'WAIT_SETTLE', 'WAIT_SETTLE', 'WAIT_SETTLE', 'WAIT_SETTLE', 'WAIT_SETTLE']",6.0,120.0,FB5_State_Blind,17
lot_nonadd_0017,FB6_Additive_Cost,potato,ADVERSARIAL,0.38,0.116,0.264,MARKDOWN,1.0,0.0,0.0,300.0,6.0,4.8,310.8,120.0,"{0: 0.01, 1: 0.4459, 2: 0.5325, 3: 0.4193, 4: 0.5053}",12,"['WAIT_SETTLE', 'WAIT_SETTLE', 'WAIT_SETTLE', 'WAIT_SETTLE', 'WAIT_SETTLE', 'WAIT_SETTLE', 'WAIT_SETTLE', 'WAIT_SETTLE', 'WAIT_SETTLE', 'WAIT_SETTLE', 'WAIT_SETTLE', 'WAIT_SETTLE']",6.0,120.0,FB6_Additive_Cost,17
lot_nonadd_0018,FB7_Exposure_Aware,potato,ADVERSARIAL,0.364,0.116,0.248,MARKDOWN,1.0,0.0,0.0,300.0,0.0,0.0,300.0,0.0,"{0: 0.01, 1: 0.5069, 2: 0.3115, 3: 0.5465, 4: 0.4524}",1,['STOP_INSPECTION'],0.0,0.0,FB7_Proposed,18
lot_nonadd_0018,FB5_State_Blind,potato,ADVERSARIAL,0.364,0.116,0.248,MARKDOWN,1.0,0.0,0.0,300.0,6.0,4.8,310.8,120.0,"{0: 0.01, 1: 0.5069, 2: 0.3115, 3: 0.5465, 4: 0.4524}",12,"['WAIT_SETTLE', 'WAIT_SETTLE', 'WAIT_SETTLE', 'WAIT_SETTLE', 'WAIT_SETTLE', 'WAIT_SETTLE', 'WAIT_SETTLE', 'WAIT_SETTLE', 'WAIT_SETTLE', 'WAIT_SETTLE', 'WAIT_SETTLE', 'WAIT_SETTLE']",6.0,120.0,FB5_State_Blind,18
lot_nonadd_0018,FB6_Additive_Cost,potato,ADVERSARIAL,0.364,0.116,0.248,MARKDOWN,1.0,0.0,0.0,300.0,6.0,4.8,310.8,120.0,"{0: 0.01, 1: 0.5069, 2: 0.3115, 3: 0.5465, 4: 0.4524}",12,"['WAIT_SETTLE', 'WAIT_SETTLE', 'WAIT_SETTLE', 'WAIT_SETTLE', 'WAIT_SETTLE', 'WAIT_SETTLE', 'WAIT_SETTLE', 'WAIT_SETTLE', 'WAIT_SETTLE', 'WAIT_SETTLE', 'WAIT_SETTLE', 'WAIT_SETTLE']",6.0,120.0,FB6_Additive_Cost,18
lot_nonadd_0019,FB7_Exposure_Aware,potato,ADVERSARIAL,0.268,0.116,0.152,MARKDOWN,0.0,0.0,1.0,0.0,0.0,0.0,0.0,0.0,"{0: 0.01, 1: 0.4244, 2: 0.3054, 3: 0.3007, 4: 0.3135}",1,['STOP_INSPECTION'],0.0,0.0,FB7_Proposed,19
lot_nonadd_0019,FB5_State_Blind,potato,ADVERSARIAL,0.268,0.116,0.152,MARKDOWN,0.0,0.0,1.0,0.0,6.0,4.8,10.8,120.0,"{0: 0.01, 1: 0.4244, 2: 0.3054, 3: 0.3007, 4: 0.3135}",12,"['WAIT_SETTLE', 'WAIT_SETTLE', 'WAIT_SETTLE', 'WAIT_SETTLE', 'WAIT_SETTLE', 'WAIT_SETTLE', 'WAIT_SETTLE', 'WAIT_SETTLE', 'WAIT_SETTLE', 'WAIT_SETTLE', 'WAIT_SETTLE', 'WAIT_SETTLE']",6.0,120.0,FB5_State_Blind,19
lot_nonadd_0019,FB6_Additive_Cost,potato,ADVERSARIAL,0.268,0.116,0.152,MARKDOWN,0.0,0.0,1.0,0.0,6.0,4.8,10.8,120.0,"{0: 0.01, 1: 0.4244, 2: 0.3054, 3: 0.3007, 4: 0.3135}",12,"['WAIT_SETTLE', 'WAIT_SETTLE', 'WAIT_SETTLE', 'WAIT_SETTLE', 'WAIT_SETTLE', 'WAIT_SETTLE', 'WAIT_SETTLE', 'WAIT_SETTLE', 'WAIT_SETTLE', 'WAIT_SETTLE', 'WAIT_SETTLE', 'WAIT_SETTLE']",6.0,120.0,FB6_Additive_Cost,19
lot_nonadd_0020,FB7_Exposure_Aware,potato,ADVERSARIAL,0.372,0.116,0.256,MARKDOWN,1.0,0.0,0.0,300.0,0.0,0.0,300.0,0.0,"{0: 0.01, 1: 0.5038, 2: 0.4225, 3: 0.4588, 4: 0.4844}",1,['STOP_INSPECTION'],0.0,0.0,FB7_Proposed,20
lot_nonadd_0020,FB5_State_Blind,potato,ADVERSARIAL,0.372,0.116,0.256,MARKDOWN,1.0,0.0,0.0,300.0,6.0,4.8,310.8,120.0,"{0: 0.01, 1: 0.5038, 2: 0.4225, 3: 0.4588, 4: 0.4844}",12,"['WAIT_SETTLE', 'WAIT_SETTLE', 'WAIT_SETTLE', 'WAIT_SETTLE', 'WAIT_SETTLE', 'WAIT_SETTLE', 'WAIT_SETTLE', 'WAIT_SETTLE', 'WAIT_SETTLE', 'WAIT_SETTLE', 'WAIT_SETTLE', 'WAIT_SETTLE']",6.0,120.0,FB5_State_Blind,20
lot_nonadd_0020,FB6_Additive_Cost,potato,ADVERSARIAL,0.372,0.116,0.256,MARKDOWN,1.0,0.0,0.0,300.0,6.0,4.8,310.8,120.0,"{0: 0.01, 1: 0.5038, 2: 0.4225, 3: 0.4588, 4: 0.4844}",12,"['WAIT_SETTLE', 'WAIT_SETTLE', 'WAIT_SETTLE', 'WAIT_SETTLE', 'WAIT_SETTLE', 'WAIT_SETTLE', 'WAIT_SETTLE', 'WAIT_SETTLE', 'WAIT_SETTLE', 'WAIT_SETTLE', 'WAIT_SETTLE', 'WAIT_SETTLE']",6.0,120.0,FB6_Additive_Cost,20
lot_nonadd_0021,FB7_Exposure_Aware,potato,ADVERSARIAL,0.328,0.116,0.212,MARKDOWN,0.0,0.0,1.0,0.0,0.0,0.0,0.0,0.0,"{0: 0.01, 1: 0.4139, 2: 0.3167, 3: 0.4031, 4: 0.4914}",1,['STOP_INSPECTION'],0.0,0.0,FB7_Proposed,21
lot_nonadd_0021,FB5_State_Blind,potato,ADVERSARIAL,0.328,0.116,0.212,MARKDOWN,0.0,0.0,1.0,0.0,6.0,4.8,10.8,120.0,"{0: 0.01, 1: 0.4139, 2: 0.3167, 3: 0.4031, 4: 0.4914}",12,"['WAIT_SETTLE', 'WAIT_SETTLE', 'WAIT_SETTLE', 'WAIT_SETTLE', 'WAIT_SETTLE', 'WAIT_SETTLE', 'WAIT_SETTLE', 'WAIT_SETTLE', 'WAIT_SETTLE', 'WAIT_SETTLE', 'WAIT_SETTLE', 'WAIT_SETTLE']",6.0,120.0,FB5_State_Blind,21
lot_nonadd_0021,FB6_Additive_Cost,potato,ADVERSARIAL,0.328,0.116,0.212,MARKDOWN,0.0,0.0,1.0,0.0,6.0,4.8,10.8,120.0,"{0: 0.01, 1: 0.4139, 2: 0.3167, 3: 0.4031, 4: 0.4914}",12,"['WAIT_SETTLE', 'WAIT_SETTLE', 'WAIT_SETTLE', 'WAIT_SETTLE', 'WAIT_SETTLE', 'WAIT_SETTLE', 'WAIT_SETTLE', 'WAIT_SETTLE', 'WAIT_SETTLE', 'WAIT_SETTLE', 'WAIT_SETTLE', 'WAIT_SETTLE']",6.0,120.0,FB6_Additive_Cost,21
lot_nonadd_0022,FB7_Exposure_Aware,potato,ADVERSARIAL,0.304,0.116,0.188,MARKDOWN,0.0,0.0,1.0,0.0,0.0,0.0,0.0,0.0,"{0: 0.01, 1: 0.3392, 2: 0.3299, 3: 0.4349, 4: 0.416}",1,['STOP_INSPECTION'],0.0,0.0,FB7_Proposed,22
lot_nonadd_0022,FB5_State_Blind,potato,ADVERSARIAL,0.304,0.116,0.188,MARKDOWN,0.0,0.0,1.0,0.0,6.0,4.8,10.8,120.0,"{0: 0.01, 1: 0.3392, 2: 0.3299, 3: 0.4349, 4: 0.416}",12,"['WAIT_SETTLE', 'WAIT_SETTLE', 'WAIT_SETTLE', 'WAIT_SETTLE', 'WAIT_SETTLE', 'WAIT_SETTLE', 'WAIT_SETTLE', 'WAIT_SETTLE', 'WAIT_SETTLE', 'WAIT_SETTLE', 'WAIT_SETTLE', 'WAIT_SETTLE']",6.0,120.0,FB5_State_Blind,22
lot_nonadd_0022,FB6_Additive_Cost,potato,ADVERSARIAL,0.304,0.116,0.188,MARKDOWN,0.0,0.0,1.0,0.0,6.0,4.8,10.8,120.0,"{0: 0.01, 1: 0.3392, 2: 0.3299, 3: 0.4349, 4: 0.416}",12,"['WAIT_SETTLE', 'WAIT_SETTLE', 'WAIT_SETTLE', 'WAIT_SETTLE', 'WAIT_SETTLE', 'WAIT_SETTLE', 'WAIT_SETTLE', 'WAIT_SETTLE', 'WAIT_SETTLE', 'WAIT_SETTLE', 'WAIT_SETTLE', 'WAIT_SETTLE']",6.0,120.0,FB6_Additive_Cost,22
lot_nonadd_0023,FB7_Exposure_Aware,potato,ADVERSARIAL,0.352,0.116,0.236,MARKDOWN,1.0,0.0,0.0,300.0,0.0,0.0,300.0,0.0,"{0: 0.01, 1: 0.3847, 2: 0.5322, 3: 0.3003, 4: 0.5428}",1,['STOP_INSPECTION'],0.0,0.0,FB7_Proposed,23
lot_nonadd_0023,FB5_State_Blind,potato,ADVERSARIAL,0.352,0.116,0.236,MARKDOWN,1.0,0.0,0.0,300.0,6.0,4.8,310.8,120.0,"{0: 0.01, 1: 0.3847, 2: 0.5322, 3: 0.3003, 4: 0.5428}",12,"['WAIT_SETTLE', 'WAIT_SETTLE', 'WAIT_SETTLE', 'WAIT_SETTLE', 'WAIT_SETTLE', 'WAIT_SETTLE', 'WAIT_SETTLE', 'WAIT_SETTLE', 'WAIT_SETTLE', 'WAIT_SETTLE', 'WAIT_SETTLE', 'WAIT_SETTLE']",6.0,120.0,FB5_State_Blind,23
lot_nonadd_0023,FB6_Additive_Cost,potato,ADVERSARIAL,0.352,0.116,0.236,MARKDOWN,1.0,0.0,0.0,300.0,6.0,4.8,310.8,120.0,"{0: 0.01, 1: 0.3847, 2: 0.5322, 3: 0.3003, 4: 0.5428}",12,"['WAIT_SETTLE', 'WAIT_SETTLE', 'WAIT_SETTLE', 'WAIT_SETTLE', 'WAIT_SETTLE', 'WAIT_SETTLE', 'WAIT_SETTLE', 'WAIT_SETTLE', 'WAIT_SETTLE', 'WAIT_SETTLE', 'WAIT_SETTLE', 'WAIT_SETTLE']",6.0,120.0,FB6_Additive_Cost,23
lot_nonadd_0024,FB7_Exposure_Aware,potato,ADVERSARIAL,0.312,0.116,0.196,MARKDOWN,0.0,0.0,1.0,0.0,0.0,0.0,0.0,0.0,"{0: 0.01, 1: 0.3451, 2: 0.4624, 3: 0.4623, 4: 0.304}",1,['STOP_INSPECTION'],0.0,0.0,FB7_Proposed,24
lot_nonadd_0024,FB5_State_Blind,potato,ADVERSARIAL,0.312,0.116,0.196,MARKDOWN,0.0,0.0,1.0,0.0,6.0,4.8,10.8,120.0,"{0: 0.01, 1: 0.3451, 2: 0.4624, 3: 0.4623, 4: 0.304}",12,"['WAIT_SETTLE', 'WAIT_SETTLE', 'WAIT_SETTLE', 'WAIT_SETTLE', 'WAIT_SETTLE', 'WAIT_SETTLE', 'WAIT_SETTLE', 'WAIT_SETTLE', 'WAIT_SETTLE', 'WAIT_SETTLE', 'WAIT_SETTLE', 'WAIT_SETTLE']",6.0,120.0,FB5_State_Blind,24
lot_nonadd_0024,FB6_Additive_Cost,potato,ADVERSARIAL,0.312,0.116,0.196,MARKDOWN,0.0,0.0,1.0,0.0,6.0,4.8,10.8,120.0,"{0: 0.01, 1: 0.3451, 2: 0.4624, 3: 0.4623, 4: 0.304}",12,"['WAIT_SETTLE', 'WAIT_SETTLE', 'WAIT_SETTLE', 'WAIT_SETTLE', 'WAIT_SETTLE', 'WAIT_SETTLE', 'WAIT_SETTLE', 'WAIT_SETTLE', 'WAIT_SETTLE', 'WAIT_SETTLE', 'WAIT_SETTLE', 'WAIT_SETTLE']",6.0,120.0,FB6_Additive_Cost,24
lot_nonadd_0025,FB7_Exposure_Aware,potato,ADVERSARIAL,0.292,0.116,0.176,MARKDOWN,0.0,0.0,1.0,0.0,0.0,0.0,0.0,0.0,"{0: 0.01, 1: 0.3877, 2: 0.3013, 3: 0.3162, 4: 0.4548}",1,['STOP_INSPECTION'],0.0,0.0,FB7_Proposed,25
lot_nonadd_0025,FB5_State_Blind,potato,ADVERSARIAL,0.292,0.116,0.176,MARKDOWN,0.0,0.0,1.0,0.0,6.0,4.8,10.8,120.0,"{0: 0.01, 1: 0.3877, 2: 0.3013, 3: 0.3162, 4: 0.4548}",12,"['WAIT_SETTLE', 'WAIT_SETTLE', 'WAIT_SETTLE', 'WAIT_SETTLE', 'WAIT_SETTLE', 'WAIT_SETTLE', 'WAIT_SETTLE', 'WAIT_SETTLE', 'WAIT_SETTLE', 'WAIT_SETTLE', 'WAIT_SETTLE', 'WAIT_SETTLE']",6.0,120.0,FB5_State_Blind,25
lot_nonadd_0025,FB6_Additive_Cost,potato,ADVERSARIAL,0.292,0.116,0.176,MARKDOWN,0.0,0.0,1.0,0.0,6.0,4.8,10.8,120.0,"{0: 0.01, 1: 0.3877, 2: 0.3013, 3: 0.3162, 4: 0.4548}",12,"['WAIT_SETTLE', 'WAIT_SETTLE', 'WAIT_SETTLE', 'WAIT_SETTLE', 'WAIT_SETTLE', 'WAIT_SETTLE', 'WAIT_SETTLE', 'WAIT_SETTLE', 'WAIT_SETTLE', 'WAIT_SETTLE', 'WAIT_SETTLE', 'WAIT_SETTLE']",6.0,120.0,FB6_Additive_Cost,25
lot_nonadd_0026,FB7_Exposure_Aware,potato,ADVERSARIAL,0.376,0.116,0.26,MARKDOWN,1.0,0.0,0.0,300.0,0.0,0.0,300.0,0.0,"{0: 0.01, 1: 0.4247, 2: 0.4361, 3: 0.478, 4: 0.5348}",1,['STOP_INSPECTION'],0.0,0.0,FB7_Proposed,26
lot_nonadd_0026,FB5_State_Blind,potato,ADVERSARIAL,0.376,0.116,0.26,MARKDOWN,1.0,0.0,0.0,300.0,6.0,4.8,310.8,120.0,"{0: 0.01, 1: 0.4247, 2: 0.4361, 3: 0.478, 4: 0.5348}",12,"['WAIT_SETTLE', 'WAIT_SETTLE', 'WAIT_SETTLE', 'WAIT_SETTLE', 'WAIT_SETTLE', 'WAIT_SETTLE', 'WAIT_SETTLE', 'WAIT_SETTLE', 'WAIT_SETTLE', 'WAIT_SETTLE', 'WAIT_SETTLE', 'WAIT_SETTLE']",6.0,120.0,FB5_State_Blind,26
lot_nonadd_0026,FB6_Additive_Cost,potato,ADVERSARIAL,0.376,0.116,0.26,MARKDOWN,1.0,0.0,0.0,300.0,6.0,4.8,310.8,120.0,"{0: 0.01, 1: 0.4247, 2: 0.4361, 3: 0.478, 4: 0.5348}",12,"['WAIT_SETTLE', 'WAIT_SETTLE', 'WAIT_SETTLE', 'WAIT_SETTLE', 'WAIT_SETTLE', 'WAIT_SETTLE', 'WAIT_SETTLE', 'WAIT_SETTLE', 'WAIT_SETTLE', 'WAIT_SETTLE', 'WAIT_SETTLE', 'WAIT_SETTLE']",6.0,120.0,FB6_Additive_Cost,26
lot_nonadd_0027,FB7_Exposure_Aware,potato,ADVERSARIAL,0.356,0.116,0.24,MARKDOWN,1.0,0.0,0.0,300.0,0.0,0.0,300.0,0.0,"{0: 0.01, 1: 0.4939, 2: 0.4729, 3: 0.3304, 4: 0.4612}",1,['STOP_INSPECTION'],0.0,0.0,FB7_Proposed,27
lot_nonadd_0027,FB5_State_Blind,potato,ADVERSARIAL,0.356,0.116,0.24,MARKDOWN,1.0,0.0,0.0,300.0,6.0,4.8,310.8,120.0,"{0: 0.01, 1: 0.4939, 2: 0.4729, 3: 0.3304, 4: 0.4612}",12,"['WAIT_SETTLE', 'WAIT_SETTLE', 'WAIT_SETTLE', 'WAIT_SETTLE', 'WAIT_SETTLE', 'WAIT_SETTLE', 'WAIT_SETTLE', 'WAIT_SETTLE', 'WAIT_SETTLE', 'WAIT_SETTLE', 'WAIT_SETTLE', 'WAIT_SETTLE']",6.0,120.0,FB5_State_Blind,27
lot_nonadd_0027,FB6_Additive_Cost,potato,ADVERSARIAL,0.356,0.116,0.24,MARKDOWN,1.0,0.0,0.0,300.0,6.0,4.8,310.8,120.0,"{0: 0.01, 1: 0.4939, 2: 0.4729, 3: 0.3304, 4: 0.4612}",12,"['WAIT_SETTLE', 'WAIT_SETTLE', 'WAIT_SETTLE', 'WAIT_SETTLE', 'WAIT_SETTLE', 'WAIT_SETTLE', 'WAIT_SETTLE', 'WAIT_SETTLE', 'WAIT_SETTLE', 'WAIT_SETTLE', 'WAIT_SETTLE', 'WAIT_SETTLE']",6.0,120.0,FB6_Additive_Cost,27
lot_nonadd_0028,FB7_Exposure_Aware,potato,ADVERSARIAL,0.336,0.116,0.22,MARKDOWN,0.0,0.0,1.0,0.0,0.0,0.0,0.0,0.0,"{0: 0.01, 1: 0.4888, 2: 0.4301, 3: 0.3274, 4: 0.4419}",1,['STOP_INSPECTION'],0.0,0.0,FB7_Proposed,28
lot_nonadd_0028,FB5_State_Blind,potato,ADVERSARIAL,0.336,0.116,0.22,MARKDOWN,0.0,0.0,1.0,0.0,6.0,4.8,10.8,120.0,"{0: 0.01, 1: 0.4888, 2: 0.4301, 3: 0.3274, 4: 0.4419}",12,"['WAIT_SETTLE', 'WAIT_SETTLE', 'WAIT_SETTLE', 'WAIT_SETTLE', 'WAIT_SETTLE', 'WAIT_SETTLE', 'WAIT_SETTLE', 'WAIT_SETTLE', 'WAIT_SETTLE', 'WAIT_SETTLE', 'WAIT_SETTLE', 'WAIT_SETTLE']",6.0,120.0,FB5_State_Blind,28
lot_nonadd_0028,FB6_Additive_Cost,potato,ADVERSARIAL,0.336,0.116,0.22,MARKDOWN,0.0,0.0,1.0,0.0,6.0,4.8,10.8,120.0,"{0: 0.01, 1: 0.4888, 2: 0.4301, 3: 0.3274, 4: 0.4419}",12,"['WAIT_SETTLE', 'WAIT_SETTLE', 'WAIT_SETTLE', 'WAIT_SETTLE', 'WAIT_SETTLE', 'WAIT_SETTLE', 'WAIT_SETTLE', 'WAIT_SETTLE', 'WAIT_SETTLE', 'WAIT_SETTLE', 'WAIT_SETTLE', 'WAIT_SETTLE']",6.0,120.0,FB6_Additive_Cost,28
lot_nonadd_0029,FB7_Exposure_Aware,potato,ADVERSARIAL,0.38,0.116,0.264,MARKDOWN,1.0,0.0,0.0,300.0,0.0,0.0,300.0,0.0,"{0: 0.01, 1: 0.5153, 2: 0.5493, 3: 0.5004, 4: 0.3444}",1,['STOP_INSPECTION'],0.0,0.0,FB7_Proposed,29
lot_nonadd_0029,FB5_State_Blind,potato,ADVERSARIAL,0.38,0.116,0.264,MARKDOWN,1.0,0.0,0.0,300.0,6.0,4.8,310.8,120.0,"{0: 0.01, 1: 0.5153, 2: 0.5493, 3: 0.5004, 4: 0.3444}",12,"['WAIT_SETTLE', 'WAIT_SETTLE', 'WAIT_SETTLE', 'WAIT_SETTLE', 'WAIT_SETTLE', 'WAIT_SETTLE', 'WAIT_SETTLE', 'WAIT_SETTLE', 'WAIT_SETTLE', 'WAIT_SETTLE', 'WAIT_SETTLE', 'WAIT_SETTLE']",6.0,120.0,FB5_State_Blind,29
lot_nonadd_0029,FB6_Additive_Cost,potato,ADVERSARIAL,0.38,0.116,0.264,MARKDOWN,1.0,0.0,0.0,300.0,6.0,4.8,310.8,120.0,"{0: 0.01, 1: 0.5153, 2: 0.5493, 3: 0.5004, 4: 0.3444}",12,"['WAIT_SETTLE', 'WAIT_SETTLE', 'WAIT_SETTLE', 'WAIT_SETTLE', 'WAIT_SETTLE', 'WAIT_SETTLE', 'WAIT_SETTLE', 'WAIT_SETTLE', 'WAIT_SETTLE', 'WAIT_SETTLE', 'WAIT_SETTLE', 'WAIT_SETTLE']",6.0,120.0,FB6_Additive_Cost,29
lot_nonadd_0030,FB7_Exposure_Aware,potato,ADVERSARIAL,0.272,0.116,0.156,MARKDOWN,0.0,0.0,1.0,0.0,0.0,0.0,0.0,0.0,"{0: 0.01, 1: 0.3129, 2: 0.326, 3: 0.3331, 4: 0.382}",1,['STOP_INSPECTION'],0.0,0.0,FB7_Proposed,30
lot_nonadd_0030,FB5_State_Blind,potato,ADVERSARIAL,0.272,0.116,0.156,MARKDOWN,0.0,0.0,1.0,0.0,6.0,4.8,10.8,120.0,"{0: 0.01, 1: 0.3129, 2: 0.326, 3: 0.3331, 4: 0.382}",12,"['WAIT_SETTLE', 'WAIT_SETTLE', 'WAIT_SETTLE', 'WAIT_SETTLE', 'WAIT_SETTLE', 'WAIT_SETTLE', 'WAIT_SETTLE', 'WAIT_SETTLE', 'WAIT_SETTLE', 'WAIT_SETTLE', 'WAIT_SETTLE', 'WAIT_SETTLE']",6.0,120.0,FB5_State_Blind,30
lot_nonadd_0030,FB6_Additive_Cost,potato,ADVERSARIAL,0.272,0.116,0.156,MARKDOWN,0.0,0.0,1.0,0.0,6.0,4.8,10.8,120.0,"{0: 0.01, 1: 0.3129, 2: 0.326, 3: 0.3331, 4: 0.382}",12,"['WAIT_SETTLE', 'WAIT_SETTLE', 'WAIT_SETTLE', 'WAIT_SETTLE', 'WAIT_SETTLE', 'WAIT_SETTLE', 'WAIT_SETTLE', 'WAIT_SETTLE', 'WAIT_SETTLE', 'WAIT_SETTLE', 'WAIT_SETTLE', 'WAIT_SETTLE']",6.0,120.0,FB6_Additive_Cost,30
lot_nonadd_0031,FB7_Exposure_Aware,potato,ADVERSARIAL,0.348,0.116,0.232,MARKDOWN,0.0,0.0,1.0,0.0,0.0,0.0,0.0,0.0,"{0: 0.01, 1: 0.3604, 2: 0.5312, 3: 0.376, 4: 0.4606}",1,['STOP_INSPECTION'],0.0,0.0,FB7_Proposed,31
lot_nonadd_0031,FB5_State_Blind,potato,ADVERSARIAL,0.348,0.116,0.232,MARKDOWN,0.0,0.0,1.0,0.0,6.0,4.8,10.8,120.0,"{0: 0.01, 1: 0.3604, 2: 0.5312, 3: 0.376, 4: 0.4606}",12,"['WAIT_SETTLE', 'WAIT_SETTLE', 'WAIT_SETTLE', 'WAIT_SETTLE', 'WAIT_SETTLE', 'WAIT_SETTLE', 'WAIT_SETTLE', 'WAIT_SETTLE', 'WAIT_SETTLE', 'WAIT_SETTLE', 'WAIT_SETTLE', 'WAIT_SETTLE']",6.0,120.0,FB5_State_Blind,31
lot_nonadd_0031,FB6_Additive_Cost,potato,ADVERSARIAL,0.348,0.116,0.232,MARKDOWN,0.0,0.0,1.0,0.0,6.0,4.8,10.8,120.0,"{0: 0.01, 1: 0.3604, 2: 0.5312, 3: 0.376, 4: 0.4606}",12,"['WAIT_SETTLE', 'WAIT_SETTLE', 'WAIT_SETTLE', 'WAIT_SETTLE', 'WAIT_SETTLE', 'WAIT_SETTLE', 'WAIT_SETTLE', 'WAIT_SETTLE', 'WAIT_SETTLE', 'WAIT_SETTLE', 'WAIT_SETTLE', 'WAIT_SETTLE']",6.0,120.0,FB6_Additive_Cost,31
lot_nonadd_0032,FB7_Exposure_Aware,potato,ADVERSARIAL,0.36,0.116,0.244,MARKDOWN,1.0,0.0,0.0,300.0,0.0,0.0,300.0,0.0,"{0: 0.01, 1: 0.3757, 2: 0.5093, 3: 0.4528, 4: 0.4591}",1,['STOP_INSPECTION'],0.0,0.0,FB7_Proposed,32
lot_nonadd_0032,FB5_State_Blind,potato,ADVERSARIAL,0.36,0.116,0.244,MARKDOWN,1.0,0.0,0.0,300.0,6.0,4.8,310.8,120.0,"{0: 0.01, 1: 0.3757, 2: 0.5093, 3: 0.4528, 4: 0.4591}",12,"['WAIT_SETTLE', 'WAIT_SETTLE', 'WAIT_SETTLE', 'WAIT_SETTLE', 'WAIT_SETTLE', 'WAIT_SETTLE', 'WAIT_SETTLE', 'WAIT_SETTLE', 'WAIT_SETTLE', 'WAIT_SETTLE', 'WAIT_SETTLE', 'WAIT_SETTLE']",6.0,120.0,FB5_State_Blind,32
lot_nonadd_0032,FB6_Additive_Cost,potato,ADVERSARIAL,0.36,0.116,0.244,MARKDOWN,1.0,0.0,0.0,300.0,6.0,4.8,310.8,120.0,"{0: 0.01, 1: 0.3757, 2: 0.5093, 3: 0.4528, 4: 0.4591}",12,"['WAIT_SETTLE', 'WAIT_SETTLE', 'WAIT_SETTLE', 'WAIT_SETTLE', 'WAIT_SETTLE', 'WAIT_SETTLE', 'WAIT_SETTLE', 'WAIT_SETTLE', 'WAIT_SETTLE', 'WAIT_SETTLE', 'WAIT_SETTLE', 'WAIT_SETTLE']",6.0,120.0,FB6_Additive_Cost,32
lot_nonadd_0033,FB7_Exposure_Aware,potato,ADVERSARIAL,0.312,0.116,0.196,MARKDOWN,0.0,0.0,1.0,0.0,0.0,0.0,0.0,0.0,"{0: 0.01, 1: 0.4262, 2: 0.324, 3: 0.4337, 4: 0.3714}",1,['STOP_INSPECTION'],0.0,0.0,FB7_Proposed,33
lot_nonadd_0033,FB5_State_Blind,potato,ADVERSARIAL,0.312,0.116,0.196,MARKDOWN,0.0,0.0,1.0,0.0,6.0,4.8,10.8,120.0,"{0: 0.01, 1: 0.4262, 2: 0.324, 3: 0.4337, 4: 0.3714}",12,"['WAIT_SETTLE', 'WAIT_SETTLE', 'WAIT_SETTLE', 'WAIT_SETTLE', 'WAIT_SETTLE', 'WAIT_SETTLE', 'WAIT_SETTLE', 'WAIT_SETTLE', 'WAIT_SETTLE', 'WAIT_SETTLE', 'WAIT_SETTLE', 'WAIT_SETTLE']",6.0,120.0,FB5_State_Blind,33
lot_nonadd_0033,FB6_Additive_Cost,potato,ADVERSARIAL,0.312,0.116,0.196,MARKDOWN,0.0,0.0,1.0,0.0,6.0,4.8,10.8,120.0,"{0: 0.01, 1: 0.4262, 2: 0.324, 3: 0.4337, 4: 0.3714}",12,"['WAIT_SETTLE', 'WAIT_SETTLE', 'WAIT_SETTLE', 'WAIT_SETTLE', 'WAIT_SETTLE', 'WAIT_SETTLE', 'WAIT_SETTLE', 'WAIT_SETTLE', 'WAIT_SETTLE', 'WAIT_SETTLE', 'WAIT_SETTLE', 'WAIT_SETTLE']",6.0,120.0,FB6_Additive_Cost,33
lot_nonadd_0034,FB7_Exposure_Aware,potato,ADVERSARIAL,0.348,0.116,0.232,MARKDOWN,0.0,0.0,1.0,0.0,0.0,0.0,0.0,0.0,"{0: 0.01, 1: 0.5423, 2: 0.3791, 3: 0.4647, 4: 0.3513}",1,['STOP_INSPECTION'],0.0,0.0,FB7_Proposed,34
lot_nonadd_0034,FB5_State_Blind,potato,ADVERSARIAL,0.348,0.116,0.232,MARKDOWN,0.0,0.0,1.0,0.0,6.0,4.8,10.8,120.0,"{0: 0.01, 1: 0.5423, 2: 0.3791, 3: 0.4647, 4: 0.3513}",12,"['WAIT_SETTLE', 'WAIT_SETTLE', 'WAIT_SETTLE', 'WAIT_SETTLE', 'WAIT_SETTLE', 'WAIT_SETTLE', 'WAIT_SETTLE', 'WAIT_SETTLE', 'WAIT_SETTLE', 'WAIT_SETTLE', 'WAIT_SETTLE', 'WAIT_SETTLE']",6.0,120.0,FB5_State_Blind,34
lot_nonadd_0034,FB6_Additive_Cost,potato,ADVERSARIAL,0.348,0.116,0.232,MARKDOWN,0.0,0.0,1.0,0.0,6.0,4.8,10.8,120.0,"{0: 0.01, 1: 0.5423, 2: 0.3791, 3: 0.4647, 4: 0.3513}",12,"['WAIT_SETTLE', 'WAIT_SETTLE', 'WAIT_SETTLE', 'WAIT_SETTLE', 'WAIT_SETTLE', 'WAIT_SETTLE', 'WAIT_SETTLE', 'WAIT_SETTLE', 'WAIT_SETTLE', 'WAIT_SETTLE', 'WAIT_SETTLE', 'WAIT_SETTLE']",6.0,120.0,FB6_Additive_Cost,34
lot_nonadd_0035,FB7_Exposure_Aware,potato,ADVERSARIAL,0.328,0.116,0.212,MARKDOWN,0.0,0.0,1.0,0.0,0.0,0.0,0.0,0.0,"{0: 0.01, 1: 0.4442, 2: 0.4274, 3: 0.3179, 4: 0.4611}",1,['STOP_INSPECTION'],0.0,0.0,FB7_Proposed,35
lot_nonadd_0035,FB5_State_Blind,potato,ADVERSARIAL,0.328,0.116,0.212,MARKDOWN,0.0,0.0,1.0,0.0,6.0,4.8,10.8,120.0,"{0: 0.01, 1: 0.4442, 2: 0.4274, 3: 0.3179, 4: 0.4611}",12,"['WAIT_SETTLE', 'WAIT_SETTLE', 'WAIT_SETTLE', 'WAIT_SETTLE', 'WAIT_SETTLE', 'WAIT_SETTLE', 'WAIT_SETTLE', 'WAIT_SETTLE', 'WAIT_SETTLE', 'WAIT_SETTLE', 'WAIT_SETTLE', 'WAIT_SETTLE']",6.0,120.0,FB5_State_Blind,35
lot_nonadd_0035,FB6_Additive_Cost,potato,ADVERSARIAL,0.328,0.116,0.212,MARKDOWN,0.0,0.0,1.0,0.0,6.0,4.8,10.8,120.0,"{0: 0.01, 1: 0.4442, 2: 0.4274, 3: 0.3179, 4: 0.4611}",12,"['WAIT_SETTLE', 'WAIT_SETTLE', 'WAIT_SETTLE', 'WAIT_SETTLE', 'WAIT_SETTLE', 'WAIT_SETTLE', 'WAIT_SETTLE', 'WAIT_SETTLE', 'WAIT_SETTLE', 'WAIT_SETTLE', 'WAIT_SETTLE', 'WAIT_SETTLE']",6.0,120.0,FB6_Additive_Cost,35
lot_nonadd_0036,FB7_Exposure_Aware,potato,ADVERSARIAL,0.376,0.116,0.26,MARKDOWN,1.0,0.0,0.0,300.0,0.0,0.0,300.0,0.0,"{0: 0.01, 1: 0.3681, 2: 0.4477, 3: 0.5451, 4: 0.5355}",1,['STOP_INSPECTION'],0.0,0.0,FB7_Proposed,36
lot_nonadd_0036,FB5_State_Blind,potato,ADVERSARIAL,0.376,0.116,0.26,MARKDOWN,1.0,0.0,0.0,300.0,6.0,4.8,310.8,120.0,"{0: 0.01, 1: 0.3681, 2: 0.4477, 3: 0.5451, 4: 0.5355}",12,"['WAIT_SETTLE', 'WAIT_SETTLE', 'WAIT_SETTLE', 'WAIT_SETTLE', 'WAIT_SETTLE', 'WAIT_SETTLE', 'WAIT_SETTLE', 'WAIT_SETTLE', 'WAIT_SETTLE', 'WAIT_SETTLE', 'WAIT_SETTLE', 'WAIT_SETTLE']",6.0,120.0,FB5_State_Blind,36
lot_nonadd_0036,FB6_Additive_Cost,potato,ADVERSARIAL,0.376,0.116,0.26,MARKDOWN,1.0,0.0,0.0,300.0,6.0,4.8,310.8,120.0,"{0: 0.01, 1: 0.3681, 2: 0.4477, 3: 0.5451, 4: 0.5355}",12,"['WAIT_SETTLE', 'WAIT_SETTLE', 'WAIT_SETTLE', 'WAIT_SETTLE', 'WAIT_SETTLE', 'WAIT_SETTLE', 'WAIT_SETTLE', 'WAIT_SETTLE', 'WAIT_SETTLE', 'WAIT_SETTLE', 'WAIT_SETTLE', 'WAIT_SETTLE']",6.0,120.0,FB6_Additive_Cost,36
lot_nonadd_0037,FB7_Exposure_Aware,potato,ADVERSARIAL,0.344,0.116,0.228,MARKDOWN,0.0,0.0,1.0,0.0,0.0,0.0,0.0,0.0,"{0: 0.01, 1: 0.5007, 2: 0.4715, 3: 0.3221, 4: 0.4218}",1,['STOP_INSPECTION'],0.0,0.0,FB7_Proposed,37
lot_nonadd_0037,FB5_State_Blind,potato,ADVERSARIAL,0.344,0.116,0.228,MARKDOWN,0.0,0.0,1.0,0.0,6.0,4.8,10.8,120.0,"{0: 0.01, 1: 0.5007, 2: 0.4715, 3: 0.3221, 4: 0.4218}",12,"['WAIT_SETTLE', 'WAIT_SETTLE', 'WAIT_SETTLE', 'WAIT_SETTLE', 'WAIT_SETTLE', 'WAIT_SETTLE', 'WAIT_SETTLE', 'WAIT_SETTLE', 'WAIT_SETTLE', 'WAIT_SETTLE', 'WAIT_SETTLE', 'WAIT_SETTLE']",6.0,120.0,FB5_State_Blind,37
lot_nonadd_0037,FB6_Additive_Cost,potato,ADVERSARIAL,0.344,0.116,0.228,MARKDOWN,0.0,0.0,1.0,0.0,6.0,4.8,10.8,120.0,"{0: 0.01, 1: 0.5007, 2: 0.4715, 3: 0.3221, 4: 0.4218}",12,"['WAIT_SETTLE', 'WAIT_SETTLE', 'WAIT_SETTLE', 'WAIT_SETTLE', 'WAIT_SETTLE', 'WAIT_SETTLE', 'WAIT_SETTLE', 'WAIT_SETTLE', 'WAIT_SETTLE', 'WAIT_SETTLE', 'WAIT_SETTLE', 'WAIT_SETTLE']",6.0,120.0,FB6_Additive_Cost,37
lot_nonadd_0038,FB7_Exposure_Aware,potato,ADVERSARIAL,0.288,0.116,0.172,MARKDOWN,0.0,0.0,1.0,0.0,0.0,0.0,0.0,0.0,"{0: 0.01, 1: 0.3195, 2: 0.3151, 3: 0.3688, 4: 0.445}",1,['STOP_INSPECTION'],0.0,0.0,FB7_Proposed,38
lot_nonadd_0038,FB5_State_Blind,potato,ADVERSARIAL,0.288,0.116,0.172,MARKDOWN,0.0,0.0,1.0,0.0,6.0,4.8,10.8,120.0,"{0: 0.01, 1: 0.3195, 2: 0.3151, 3: 0.3688, 4: 0.445}",12,"['WAIT_SETTLE', 'WAIT_SETTLE', 'WAIT_SETTLE', 'WAIT_SETTLE', 'WAIT_SETTLE', 'WAIT_SETTLE', 'WAIT_SETTLE', 'WAIT_SETTLE', 'WAIT_SETTLE', 'WAIT_SETTLE', 'WAIT_SETTLE', 'WAIT_SETTLE']",6.0,120.0,FB5_State_Blind,38
lot_nonadd_0038,FB6_Additive_Cost,potato,ADVERSARIAL,0.288,0.116,0.172,MARKDOWN,0.0,0.0,1.0,0.0,6.0,4.8,10.8,120.0,"{0: 0.01, 1: 0.3195, 2: 0.3151, 3: 0.3688, 4: 0.445}",12,"['WAIT_SETTLE', 'WAIT_SETTLE', 'WAIT_SETTLE', 'WAIT_SETTLE', 'WAIT_SETTLE', 'WAIT_SETTLE', 'WAIT_SETTLE', 'WAIT_SETTLE', 'WAIT_SETTLE', 'WAIT_SETTLE', 'WAIT_SETTLE', 'WAIT_SETTLE']",6.0,120.0,FB6_Additive_Cost,38
lot_nonadd_0039,FB7_Exposure_Aware,potato,ADVERSARIAL,0.304,0.116,0.188,MARKDOWN,0.0,0.0,1.0,0.0,0.0,0.0,0.0,0.0,"{0: 0.01, 1: 0.437, 2: 0.3109, 3: 0.343, 4: 0.4106}",1,['STOP_INSPECTION'],0.0,0.0,FB7_Proposed,39
lot_nonadd_0039,FB5_State_Blind,potato,ADVERSARIAL,0.304,0.116,0.188,MARKDOWN,0.0,0.0,1.0,0.0,6.0,4.8,10.8,120.0,"{0: 0.01, 1: 0.437, 2: 0.3109, 3: 0.343, 4: 0.4106}",12,"['WAIT_SETTLE', 'WAIT_SETTLE', 'WAIT_SETTLE', 'WAIT_SETTLE', 'WAIT_SETTLE', 'WAIT_SETTLE', 'WAIT_SETTLE', 'WAIT_SETTLE', 'WAIT_SETTLE', 'WAIT_SETTLE', 'WAIT_SETTLE', 'WAIT_SETTLE']",6.0,120.0,FB5_State_Blind,39
lot_nonadd_0039,FB6_Additive_Cost,potato,ADVERSARIAL,0.304,0.116,0.188,MARKDOWN,0.0,0.0,1.0,0.0,6.0,4.8,10.8,120.0,"{0: 0.01, 1: 0.437, 2: 0.3109, 3: 0.343, 4: 0.4106}",12,"['WAIT_SETTLE', 'WAIT_SETTLE', 'WAIT_SETTLE', 'WAIT_SETTLE', 'WAIT_SETTLE', 'WAIT_SETTLE', 'WAIT_SETTLE', 'WAIT_SETTLE', 'WAIT_SETTLE', 'WAIT_SETTLE', 'WAIT_SETTLE', 'WAIT_SETTLE']",6.0,120.0,FB6_Additive_Cost,39
lot_nonadd_0040,FB7_Exposure_Aware,potato,ADVERSARIAL,0.332,0.116,0.216,MARKDOWN,0.0,0.0,1.0,0.0,0.0,0.0,0.0,0.0,"{0: 0.01, 1: 0.3592, 2: 0.4883, 3: 0.4284, 4: 0.4092}",1,['STOP_INSPECTION'],0.0,0.0,FB7_Proposed,40
lot_nonadd_0040,FB5_State_Blind,potato,ADVERSARIAL,0.332,0.116,0.216,MARKDOWN,0.0,0.0,1.0,0.0,6.0,4.8,10.8,120.0,"{0: 0.01, 1: 0.3592, 2: 0.4883, 3: 0.4284, 4: 0.4092}",12,"['WAIT_SETTLE', 'WAIT_SETTLE', 'WAIT_SETTLE', 'WAIT_SETTLE', 'WAIT_SETTLE', 'WAIT_SETTLE', 'WAIT_SETTLE', 'WAIT_SETTLE', 'WAIT_SETTLE', 'WAIT_SETTLE', 'WAIT_SETTLE', 'WAIT_SETTLE']",6.0,120.0,FB5_State_Blind,40
lot_nonadd_0040,FB6_Additive_Cost,potato,ADVERSARIAL,0.332,0.116,0.216,MARKDOWN,0.0,0.0,1.0,0.0,6.0,4.8,10.8,120.0,"{0: 0.01, 1: 0.3592, 2: 0.4883, 3: 0.4284, 4: 0.4092}",12,"['WAIT_SETTLE', 'WAIT_SETTLE', 'WAIT_SETTLE', 'WAIT_SETTLE', 'WAIT_SETTLE', 'WAIT_SETTLE', 'WAIT_SETTLE', 'WAIT_SETTLE', 'WAIT_SETTLE', 'WAIT_SETTLE', 'WAIT_SETTLE', 'WAIT_SETTLE']",6.0,120.0,FB6_Additive_Cost,40
lot_nonadd_0041,FB7_Exposure_Aware,potato,ADVERSARIAL,0.324,0.116,0.208,MARKDOWN,0.0,0.0,1.0,0.0,0.0,0.0,0.0,0.0,"{0: 0.01, 1: 0.3726, 2: 0.4106, 3: 0.4473, 4: 0.3749}",1,['STOP_INSPECTION'],0.0,0.0,FB7_Proposed,41
lot_nonadd_0041,FB5_State_Blind,potato,ADVERSARIAL,0.324,0.116,0.208,MARKDOWN,0.0,0.0,1.0,0.0,6.0,4.8,10.8,120.0,"{0: 0.01, 1: 0.3726, 2: 0.4106, 3: 0.4473, 4: 0.3749}",12,"['WAIT_SETTLE', 'WAIT_SETTLE', 'WAIT_SETTLE', 'WAIT_SETTLE', 'WAIT_SETTLE', 'WAIT_SETTLE', 'WAIT_SETTLE', 'WAIT_SETTLE', 'WAIT_SETTLE', 'WAIT_SETTLE', 'WAIT_SETTLE', 'WAIT_SETTLE']",6.0,120.0,FB5_State_Blind,41
lot_nonadd_0041,FB6_Additive_Cost,potato,ADVERSARIAL,0.324,0.116,0.208,MARKDOWN,0.0,0.0,1.0,0.0,6.0,4.8,10.8,120.0,"{0: 0.01, 1: 0.3726, 2: 0.4106, 3: 0.4473, 4: 0.3749}",12,"['WAIT_SETTLE', 'WAIT_SETTLE', 'WAIT_SETTLE', 'WAIT_SETTLE', 'WAIT_SETTLE', 'WAIT_SETTLE', 'WAIT_SETTLE', 'WAIT_SETTLE', 'WAIT_SETTLE', 'WAIT_SETTLE', 'WAIT_SETTLE', 'WAIT_SETTLE']",6.0,120.0,FB6_Additive_Cost,41
lot_nonadd_0042,FB7_Exposure_Aware,potato,ADVERSARIAL,0.3,0.116,0.184,MARKDOWN,0.0,0.0,1.0,0.0,0.0,0.0,0.0,0.0,"{0: 0.01, 1: 0.3277, 2: 0.5066, 3: 0.3729, 4: 0.3019}",1,['STOP_INSPECTION'],0.0,0.0,FB7_Proposed,42
lot_nonadd_0042,FB5_State_Blind,potato,ADVERSARIAL,0.3,0.116,0.184,MARKDOWN,0.0,0.0,1.0,0.0,6.0,4.8,10.8,120.0,"{0: 0.01, 1: 0.3277, 2: 0.5066, 3: 0.3729, 4: 0.3019}",12,"['WAIT_SETTLE', 'WAIT_SETTLE', 'WAIT_SETTLE', 'WAIT_SETTLE', 'WAIT_SETTLE', 'WAIT_SETTLE', 'WAIT_SETTLE', 'WAIT_SETTLE', 'WAIT_SETTLE', 'WAIT_SETTLE', 'WAIT_SETTLE', 'WAIT_SETTLE']",6.0,120.0,FB5_State_Blind,42
lot_nonadd_0042,FB6_Additive_Cost,potato,ADVERSARIAL,0.3,0.116,0.184,MARKDOWN,0.0,0.0,1.0,0.0,6.0,4.8,10.8,120.0,"{0: 0.01, 1: 0.3277, 2: 0.5066, 3: 0.3729, 4: 0.3019}",12,"['WAIT_SETTLE', 'WAIT_SETTLE', 'WAIT_SETTLE', 'WAIT_SETTLE', 'WAIT_SETTLE', 'WAIT_SETTLE', 'WAIT_SETTLE', 'WAIT_SETTLE', 'WAIT_SETTLE', 'WAIT_SETTLE', 'WAIT_SETTLE', 'WAIT_SETTLE']",6.0,120.0,FB6_Additive_Cost,42
lot_nonadd_0043,FB7_Exposure_Aware,potato,ADVERSARIAL,0.292,0.116,0.176,MARKDOWN,0.0,0.0,1.0,0.0,0.0,0.0,0.0,0.0,"{0: 0.01, 1: 0.3636, 2: 0.3972, 3: 0.3025, 4: 0.3911}",1,['STOP_INSPECTION'],0.0,0.0,FB7_Proposed,43
lot_nonadd_0043,FB5_State_Blind,potato,ADVERSARIAL,0.292,0.116,0.176,MARKDOWN,0.0,0.0,1.0,0.0,6.0,4.8,10.8,120.0,"{0: 0.01, 1: 0.3636, 2: 0.3972, 3: 0.3025, 4: 0.3911}",12,"['WAIT_SETTLE', 'WAIT_SETTLE', 'WAIT_SETTLE', 'WAIT_SETTLE', 'WAIT_SETTLE', 'WAIT_SETTLE', 'WAIT_SETTLE', 'WAIT_SETTLE', 'WAIT_SETTLE', 'WAIT_SETTLE', 'WAIT_SETTLE', 'WAIT_SETTLE']",6.0,120.0,FB5_State_Blind,43
lot_nonadd_0043,FB6_Additive_Cost,potato,ADVERSARIAL,0.292,0.116,0.176,MARKDOWN,0.0,0.0,1.0,0.0,6.0,4.8,10.8,120.0,"{0: 0.01, 1: 0.3636, 2: 0.3972, 3: 0.3025, 4: 0.3911}",12,"['WAIT_SETTLE', 'WAIT_SETTLE', 'WAIT_SETTLE', 'WAIT_SETTLE', 'WAIT_SETTLE', 'WAIT_SETTLE', 'WAIT_SETTLE', 'WAIT_SETTLE', 'WAIT_SETTLE', 'WAIT_SETTLE', 'WAIT_SETTLE', 'WAIT_SETTLE']",6.0,120.0,FB6_Additive_Cost,43
lot_nonadd_0044,FB7_Exposure_Aware,potato,ADVERSARIAL,0.396,0.116,0.28,MARKDOWN,1.0,0.0,0.0,300.0,0.0,0.0,300.0,0.0,"{0: 0.01, 1: 0.4306, 2: 0.513, 3: 0.4949, 4: 0.5225}",1,['STOP_INSPECTION'],0.0,0.0,FB7_Proposed,44
lot_nonadd_0044,FB5_State_Blind,potato,ADVERSARIAL,0.396,0.116,0.28,MARKDOWN,1.0,0.0,0.0,300.0,6.0,4.8,310.8,120.0,"{0: 0.01, 1: 0.4306, 2: 0.513, 3: 0.4949, 4: 0.5225}",12,"['WAIT_SETTLE', 'WAIT_SETTLE', 'WAIT_SETTLE', 'WAIT_SETTLE', 'WAIT_SETTLE', 'WAIT_SETTLE', 'WAIT_SETTLE', 'WAIT_SETTLE', 'WAIT_SETTLE', 'WAIT_SETTLE', 'WAIT_SETTLE', 'WAIT_SETTLE']",6.0,120.0,FB5_State_Blind,44
lot_nonadd_0044,FB6_Additive_Cost,potato,ADVERSARIAL,0.396,0.116,0.28,MARKDOWN,1.0,0.0,0.0,300.0,6.0,4.8,310.8,120.0,"{0: 0.01, 1: 0.4306, 2: 0.513, 3: 0.4949, 4: 0.5225}",12,"['WAIT_SETTLE', 'WAIT_SETTLE', 'WAIT_SETTLE', 'WAIT_SETTLE', 'WAIT_SETTLE', 'WAIT_SETTLE', 'WAIT_SETTLE', 'WAIT_SETTLE', 'WAIT_SETTLE', 'WAIT_SETTLE', 'WAIT_SETTLE', 'WAIT_SETTLE']",6.0,120.0,FB6_Additive_Cost,44
lot_nonadd_0045,FB7_Exposure_Aware,potato,ADVERSARIAL,0.344,0.116,0.228,MARKDOWN,0.0,0.0,1.0,0.0,0.0,0.0,0.0,0.0,"{0: 0.01, 1: 0.3745, 2: 0.4963, 3: 0.5383, 4: 0.3066}",1,['STOP_INSPECTION'],0.0,0.0,FB7_Proposed,45
lot_nonadd_0045,FB5_State_Blind,potato,ADVERSARIAL,0.344,0.116,0.228,MARKDOWN,0.0,0.0,1.0,0.0,6.0,4.8,10.8,120.0,"{0: 0.01, 1: 0.3745, 2: 0.4963, 3: 0.5383, 4: 0.3066}",12,"['WAIT_SETTLE', 'WAIT_SETTLE', 'WAIT_SETTLE', 'WAIT_SETTLE', 'WAIT_SETTLE', 'WAIT_SETTLE', 'WAIT_SETTLE', 'WAIT_SETTLE', 'WAIT_SETTLE', 'WAIT_SETTLE', 'WAIT_SETTLE', 'WAIT_SETTLE']",6.0,120.0,FB5_State_Blind,45
lot_nonadd_0045,FB6_Additive_Cost,potato,ADVERSARIAL,0.344,0.116,0.228,MARKDOWN,0.0,0.0,1.0,0.0,6.0,4.8,10.8,120.0,"{0: 0.01, 1: 0.3745, 2: 0.4963, 3: 0.5383, 4: 0.3066}",12,"['WAIT_SETTLE', 'WAIT_SETTLE', 'WAIT_SETTLE', 'WAIT_SETTLE', 'WAIT_SETTLE', 'WAIT_SETTLE', 'WAIT_SETTLE', 'WAIT_SETTLE', 'WAIT_SETTLE', 'WAIT_SETTLE', 'WAIT_SETTLE', 'WAIT_SETTLE']",6.0,120.0,FB6_Additive_Cost,45
lot_nonadd_0046,FB7_Exposure_Aware,potato,ADVERSARIAL,0.38,0.116,0.264,MARKDOWN,1.0,0.0,0.0,300.0,0.0,0.0,300.0,0.0,"{0: 0.01, 1: 0.4829, 2: 0.4078, 3: 0.4763, 4: 0.5384}",1,['STOP_INSPECTION'],0.0,0.0,FB7_Proposed,46
lot_nonadd_0046,FB5_State_Blind,potato,ADVERSARIAL,0.38,0.116,0.264,MARKDOWN,1.0,0.0,0.0,300.0,6.0,4.8,310.8,120.0,"{0: 0.01, 1: 0.4829, 2: 0.4078, 3: 0.4763, 4: 0.5384}",12,"['WAIT_SETTLE', 'WAIT_SETTLE', 'WAIT_SETTLE', 'WAIT_SETTLE', 'WAIT_SETTLE', 'WAIT_SETTLE', 'WAIT_SETTLE', 'WAIT_SETTLE', 'WAIT_SETTLE', 'WAIT_SETTLE', 'WAIT_SETTLE', 'WAIT_SETTLE']",6.0,120.0,FB5_State_Blind,46
lot_nonadd_0046,FB6_Additive_Cost,potato,ADVERSARIAL,0.38,0.116,0.264,MARKDOWN,1.0,0.0,0.0,300.0,6.0,4.8,310.8,120.0,"{0: 0.01, 1: 0.4829, 2: 0.4078, 3: 0.4763, 4: 0.5384}",12,"['WAIT_SETTLE', 'WAIT_SETTLE', 'WAIT_SETTLE', 'WAIT_SETTLE', 'WAIT_SETTLE', 'WAIT_SETTLE', 'WAIT_SETTLE', 'WAIT_SETTLE', 'WAIT_SETTLE', 'WAIT_SETTLE', 'WAIT_SETTLE', 'WAIT_SETTLE']",6.0,120.0,FB6_Additive_Cost,46
lot_nonadd_0047,FB7_Exposure_Aware,potato,ADVERSARIAL,0.336,0.116,0.22,MARKDOWN,0.0,0.0,1.0,0.0,0.0,0.0,0.0,0.0,"{0: 0.01, 1: 0.3648, 2: 0.5293, 3: 0.4065, 4: 0.3943}",1,['STOP_INSPECTION'],0.0,0.0,FB7_Proposed,47
lot_nonadd_0047,FB5_State_Blind,potato,ADVERSARIAL,0.336,0.116,0.22,MARKDOWN,0.0,0.0,1.0,0.0,6.0,4.8,10.8,120.0,"{0: 0.01, 1: 0.3648, 2: 0.5293, 3: 0.4065, 4: 0.3943}",12,"['WAIT_SETTLE', 'WAIT_SETTLE', 'WAIT_SETTLE', 'WAIT_SETTLE', 'WAIT_SETTLE', 'WAIT_SETTLE', 'WAIT_SETTLE', 'WAIT_SETTLE', 'WAIT_SETTLE', 'WAIT_SETTLE', 'WAIT_SETTLE', 'WAIT_SETTLE']",6.0,120.0,FB5_State_Blind,47
lot_nonadd_0047,FB6_Additive_Cost,potato,ADVERSARIAL,0.336,0.116,0.22,MARKDOWN,0.0,0.0,1.0,0.0,6.0,4.8,10.8,120.0,"{0: 0.01, 1: 0.3648, 2: 0.5293, 3: 0.4065, 4: 0.3943}",12,"['WAIT_SETTLE', 'WAIT_SETTLE', 'WAIT_SETTLE', 'WAIT_SETTLE', 'WAIT_SETTLE', 'WAIT_SETTLE', 'WAIT_SETTLE', 'WAIT_SETTLE', 'WAIT_SETTLE', 'WAIT_SETTLE', 'WAIT_SETTLE', 'WAIT_SETTLE']",6.0,120.0,FB6_Additive_Cost,47
lot_nonadd_0048,FB7_Exposure_Aware,potato,ADVERSARIAL,0.344,0.116,0.228,MARKDOWN,0.0,0.0,1.0,0.0,0.0,0.0,0.0,0.0,"{0: 0.01, 1: 0.3329, 2: 0.4088, 3: 0.4957, 4: 0.4703}",1,['STOP_INSPECTION'],0.0,0.0,FB7_Proposed,48
lot_nonadd_0048,FB5_State_Blind,potato,ADVERSARIAL,0.344,0.116,0.228,MARKDOWN,0.0,0.0,1.0,0.0,6.0,4.8,10.8,120.0,"{0: 0.01, 1: 0.3329, 2: 0.4088, 3: 0.4957, 4: 0.4703}",12,"['WAIT_SETTLE', 'WAIT_SETTLE', 'WAIT_SETTLE', 'WAIT_SETTLE', 'WAIT_SETTLE', 'WAIT_SETTLE', 'WAIT_SETTLE', 'WAIT_SETTLE', 'WAIT_SETTLE', 'WAIT_SETTLE', 'WAIT_SETTLE', 'WAIT_SETTLE']",6.0,120.0,FB5_State_Blind,48
lot_nonadd_0048,FB6_Additive_Cost,potato,ADVERSARIAL,0.344,0.116,0.228,MARKDOWN,0.0,0.0,1.0,0.0,6.0,4.8,10.8,120.0,"{0: 0.01, 1: 0.3329, 2: 0.4088, 3: 0.4957, 4: 0.4703}",12,"['WAIT_SETTLE', 'WAIT_SETTLE', 'WAIT_SETTLE', 'WAIT_SETTLE', 'WAIT_SETTLE', 'WAIT_SETTLE', 'WAIT_SETTLE', 'WAIT_SETTLE', 'WAIT_SETTLE', 'WAIT_SETTLE', 'WAIT_SETTLE', 'WAIT_SETTLE']",6.0,120.0,FB6_Additive_Cost,48
lot_nonadd_0049,FB7_Exposure_Aware,potato,ADVERSARIAL,0.38,0.116,0.264,MARKDOWN,1.0,0.0,0.0,300.0,0.0,0.0,300.0,0.0,"{0: 0.01, 1: 0.3569, 2: 0.5273, 3: 0.4716, 4: 0.5359}",1,['STOP_INSPECTION'],0.0,0.0,FB7_Proposed,49
lot_nonadd_0049,FB5_State_Blind,potato,ADVERSARIAL,0.38,0.116,0.264,MARKDOWN,1.0,0.0,0.0,300.0,6.0,4.8,310.8,120.0,"{0: 0.01, 1: 0.3569, 2: 0.5273, 3: 0.4716, 4: 0.5359}",12,"['WAIT_SETTLE', 'WAIT_SETTLE', 'WAIT_SETTLE', 'WAIT_SETTLE', 'WAIT_SETTLE', 'WAIT_SETTLE', 'WAIT_SETTLE', 'WAIT_SETTLE', 'WAIT_SETTLE', 'WAIT_SETTLE', 'WAIT_SETTLE', 'WAIT_SETTLE']",6.0,120.0,FB5_State_Blind,49
lot_nonadd_0049,FB6_Additive_Cost,potato,ADVERSARIAL,0.38,0.116,0.264,MARKDOWN,1.0,0.0,0.0,300.0,6.0,4.8,310.8,120.0,"{0: 0.01, 1: 0.3569, 2: 0.5273, 3: 0.4716, 4: 0.5359}",12,"['WAIT_SETTLE', 'WAIT_SETTLE', 'WAIT_SETTLE', 'WAIT_SETTLE', 'WAIT_SETTLE', 'WAIT_SETTLE', 'WAIT_SETTLE', 'WAIT_SETTLE', 'WAIT_SETTLE', 'WAIT_SETTLE', 'WAIT_SETTLE', 'WAIT_SETTLE']",6.0,120.0,FB6_Additive_Cost,49
lot_nonadd_0050,FB7_Exposure_Aware,potato,ADVERSARIAL,0.36,0.116,0.244,MARKDOWN,1.0,0.0,0.0,300.0,0.0,0.0,300.0,0.0,"{0: 0.01, 1: 0.5326, 2: 0.443, 3: 0.339, 4: 0.4863}",1,['STOP_INSPECTION'],0.0,0.0,FB7_Proposed,50
lot_nonadd_0050,FB5_State_Blind,potato,ADVERSARIAL,0.36,0.116,0.244,MARKDOWN,1.0,0.0,0.0,300.0,6.0,4.8,310.8,120.0,"{0: 0.01, 1: 0.5326, 2: 0.443, 3: 0.339, 4: 0.4863}",12,"['WAIT_SETTLE', 'WAIT_SETTLE', 'WAIT_SETTLE', 'WAIT_SETTLE', 'WAIT_SETTLE', 'WAIT_SETTLE', 'WAIT_SETTLE', 'WAIT_SETTLE', 'WAIT_SETTLE', 'WAIT_SETTLE', 'WAIT_SETTLE', 'WAIT_SETTLE']",6.0,120.0,FB5_State_Blind,50
lot_nonadd_0050,FB6_Additive_Cost,potato,ADVERSARIAL,0.36,0.116,0.244,MARKDOWN,1.0,0.0,0.0,300.0,6.0,4.8,310.8,120.0,"{0: 0.01, 1: 0.5326, 2: 0.443, 3: 0.339, 4: 0.4863}",12,"['WAIT_SETTLE', 'WAIT_SETTLE', 'WAIT_SETTLE', 'WAIT_SETTLE', 'WAIT_SETTLE', 'WAIT_SETTLE', 'WAIT_SETTLE', 'WAIT_SETTLE', 'WAIT_SETTLE', 'WAIT_SETTLE', 'WAIT_SETTLE', 'WAIT_SETTLE']",6.0,120.0,FB6_Additive_Cost,50
lot_nonadd_0051,FB7_Exposure_Aware,potato,ADVERSARIAL,0.32,0.116,0.204,MARKDOWN,0.0,0.0,1.0,0.0,0.0,0.0,0.0,0.0,"{0: 0.01, 1: 0.3966, 2: 0.4175, 3: 0.3687, 4: 0.4241}",1,['STOP_INSPECTION'],0.0,0.0,FB7_Proposed,51
lot_nonadd_0051,FB5_State_Blind,potato,ADVERSARIAL,0.32,0.116,0.204,MARKDOWN,0.0,0.0,1.0,0.0,6.0,4.8,10.8,120.0,"{0: 0.01, 1: 0.3966, 2: 0.4175, 3: 0.3687, 4: 0.4241}",12,"['WAIT_SETTLE', 'WAIT_SETTLE', 'WAIT_SETTLE', 'WAIT_SETTLE', 'WAIT_SETTLE', 'WAIT_SETTLE', 'WAIT_SETTLE', 'WAIT_SETTLE', 'WAIT_SETTLE', 'WAIT_SETTLE', 'WAIT_SETTLE', 'WAIT_SETTLE']",6.0,120.0,FB5_State_Blind,51
lot_nonadd_0051,FB6_Additive_Cost,potato,ADVERSARIAL,0.32,0.116,0.204,MARKDOWN,0.0,0.0,1.0,0.0,6.0,4.8,10.8,120.0,"{0: 0.01, 1: 0.3966, 2: 0.4175, 3: 0.3687, 4: 0.4241}",12,"['WAIT_SETTLE', 'WAIT_SETTLE', 'WAIT_SETTLE', 'WAIT_SETTLE', 'WAIT_SETTLE', 'WAIT_SETTLE', 'WAIT_SETTLE', 'WAIT_SETTLE', 'WAIT_SETTLE', 'WAIT_SETTLE', 'WAIT_SETTLE', 'WAIT_SETTLE']",6.0,120.0,FB6_Additive_Cost,51
lot_nonadd_0052,FB7_Exposure_Aware,potato,ADVERSARIAL,0.304,0.116,0.188,MARKDOWN,0.0,0.0,1.0,0.0,0.0,0.0,0.0,0.0,"{0: 0.01, 1: 0.3857, 2: 0.3724, 3: 0.3024, 4: 0.4597}",1,['STOP_INSPECTION'],0.0,0.0,FB7_Proposed,52
lot_nonadd_0052,FB5_State_Blind,potato,ADVERSARIAL,0.304,0.116,0.188,MARKDOWN,0.0,0.0,1.0,0.0,6.0,4.8,10.8,120.0,"{0: 0.01, 1: 0.3857, 2: 0.3724, 3: 0.3024, 4: 0.4597}",12,"['WAIT_SETTLE', 'WAIT_SETTLE', 'WAIT_SETTLE', 'WAIT_SETTLE', 'WAIT_SETTLE', 'WAIT_SETTLE', 'WAIT_SETTLE', 'WAIT_SETTLE', 'WAIT_SETTLE', 'WAIT_SETTLE', 'WAIT_SETTLE', 'WAIT_SETTLE']",6.0,120.0,FB5_State_Blind,52
lot_nonadd_0052,FB6_Additive_Cost,potato,ADVERSARIAL,0.304,0.116,0.188,MARKDOWN,0.0,0.0,1.0,0.0,6.0,4.8,10.8,120.0,"{0: 0.01, 1: 0.3857, 2: 0.3724, 3: 0.3024, 4: 0.4597}",12,"['WAIT_SETTLE', 'WAIT_SETTLE', 'WAIT_SETTLE', 'WAIT_SETTLE', 'WAIT_SETTLE', 'WAIT_SETTLE', 'WAIT_SETTLE', 'WAIT_SETTLE', 'WAIT_SETTLE', 'WAIT_SETTLE', 'WAIT_SETTLE', 'WAIT_SETTLE']",6.0,120.0,FB6_Additive_Cost,52
lot_nonadd_0053,FB7_Exposure_Aware,potato,ADVERSARIAL,0.368,0.116,0.252,MARKDOWN,1.0,0.0,0.0,300.0,0.0,0.0,300.0,0.0,"{0: 0.01, 1: 0.4751, 2: 0.4548, 3: 0.5077, 4: 0.3945}",1,['STOP_INSPECTION'],0.0,0.0,FB7_Proposed,53
lot_nonadd_0053,FB5_State_Blind,potato,ADVERSARIAL,0.368,0.116,0.252,MARKDOWN,1.0,0.0,0.0,300.0,6.0,4.8,310.8,120.0,"{0: 0.01, 1: 0.4751, 2: 0.4548, 3: 0.5077, 4: 0.3945}",12,"['WAIT_SETTLE', 'WAIT_SETTLE', 'WAIT_SETTLE', 'WAIT_SETTLE', 'WAIT_SETTLE', 'WAIT_SETTLE', 'WAIT_SETTLE', 'WAIT_SETTLE', 'WAIT_SETTLE', 'WAIT_SETTLE', 'WAIT_SETTLE', 'WAIT_SETTLE']",6.0,120.0,FB5_State_Blind,53
lot_nonadd_0053,FB6_Additive_Cost,potato,ADVERSARIAL,0.368,0.116,0.252,MARKDOWN,1.0,0.0,0.0,300.0,6.0,4.8,310.8,120.0,"{0: 0.01, 1: 0.4751, 2: 0.4548, 3: 0.5077, 4: 0.3945}",12,"['WAIT_SETTLE', 'WAIT_SETTLE', 'WAIT_SETTLE', 'WAIT_SETTLE', 'WAIT_SETTLE', 'WAIT_SETTLE', 'WAIT_SETTLE', 'WAIT_SETTLE', 'WAIT_SETTLE', 'WAIT_SETTLE', 'WAIT_SETTLE', 'WAIT_SETTLE']",6.0,120.0,FB6_Additive_Cost,53
lot_nonadd_0054,FB7_Exposure_Aware,potato,ADVERSARIAL,0.376,0.116,0.26,MARKDOWN,1.0,0.0,0.0,300.0,0.0,0.0,300.0,0.0,"{0: 0.01, 1: 0.4793, 2: 0.5272, 3: 0.4564, 4: 0.4247}",1,['STOP_INSPECTION'],0.0,0.0,FB7_Proposed,54
lot_nonadd_0054,FB5_State_Blind,potato,ADVERSARIAL,0.376,0.116,0.26,MARKDOWN,1.0,0.0,0.0,300.0,6.0,4.8,310.8,120.0,"{0: 0.01, 1: 0.4793, 2: 0.5272, 3: 0.4564, 4: 0.4247}",12,"['WAIT_SETTLE', 'WAIT_SETTLE', 'WAIT_SETTLE', 'WAIT_SETTLE', 'WAIT_SETTLE', 'WAIT_SETTLE', 'WAIT_SETTLE', 'WAIT_SETTLE', 'WAIT_SETTLE', 'WAIT_SETTLE', 'WAIT_SETTLE', 'WAIT_SETTLE']",6.0,120.0,FB5_State_Blind,54
lot_nonadd_0054,FB6_Additive_Cost,potato,ADVERSARIAL,0.376,0.116,0.26,MARKDOWN,1.0,0.0,0.0,300.0,6.0,4.8,310.8,120.0,"{0: 0.01, 1: 0.4793, 2: 0.5272, 3: 0.4564, 4: 0.4247}",12,"['WAIT_SETTLE', 'WAIT_SETTLE', 'WAIT_SETTLE', 'WAIT_SETTLE', 'WAIT_SETTLE', 'WAIT_SETTLE', 'WAIT_SETTLE', 'WAIT_SETTLE', 'WAIT_SETTLE', 'WAIT_SETTLE', 'WAIT_SETTLE', 'WAIT_SETTLE']",6.0,120.0,FB6_Additive_Cost,54
lot_nonadd_0055,FB7_Exposure_Aware,potato,ADVERSARIAL,0.336,0.116,0.22,MARKDOWN,0.0,0.0,1.0,0.0,0.0,0.0,0.0,0.0,"{0: 0.01, 1: 0.3665, 2: 0.544, 3: 0.3712, 4: 0.4068}",1,['STOP_INSPECTION'],0.0,0.0,FB7_Proposed,55
lot_nonadd_0055,FB5_State_Blind,potato,ADVERSARIAL,0.336,0.116,0.22,MARKDOWN,0.0,0.0,1.0,0.0,6.0,4.8,10.8,120.0,"{0: 0.01, 1: 0.3665, 2: 0.544, 3: 0.3712, 4: 0.4068}",12,"['WAIT_SETTLE', 'WAIT_SETTLE', 'WAIT_SETTLE', 'WAIT_SETTLE', 'WAIT_SETTLE', 'WAIT_SETTLE', 'WAIT_SETTLE', 'WAIT_SETTLE', 'WAIT_SETTLE', 'WAIT_SETTLE', 'WAIT_SETTLE', 'WAIT_SETTLE']",6.0,120.0,FB5_State_Blind,55
lot_nonadd_0055,FB6_Additive_Cost,potato,ADVERSARIAL,0.336,0.116,0.22,MARKDOWN,0.0,0.0,1.0,0.0,6.0,4.8,10.8,120.0,"{0: 0.01, 1: 0.3665, 2: 0.544, 3: 0.3712, 4: 0.4068}",12,"['WAIT_SETTLE', 'WAIT_SETTLE', 'WAIT_SETTLE', 'WAIT_SETTLE', 'WAIT_SETTLE', 'WAIT_SETTLE', 'WAIT_SETTLE', 'WAIT_SETTLE', 'WAIT_SETTLE', 'WAIT_SETTLE', 'WAIT_SETTLE', 'WAIT_SETTLE']",6.0,120.0,FB6_Additive_Cost,55
lot_nonadd_0056,FB7_Exposure_Aware,potato,ADVERSARIAL,0.316,0.116,0.2,MARKDOWN,0.0,0.0,1.0,0.0,0.0,0.0,0.0,0.0,"{0: 0.01, 1: 0.4019, 2: 0.304, 3: 0.4099, 4: 0.4806}",1,['STOP_INSPECTION'],0.0,0.0,FB7_Proposed,56
lot_nonadd_0056,FB5_State_Blind,potato,ADVERSARIAL,0.316,0.116,0.2,MARKDOWN,0.0,0.0,1.0,0.0,6.0,4.8,10.8,120.0,"{0: 0.01, 1: 0.4019, 2: 0.304, 3: 0.4099, 4: 0.4806}",12,"['WAIT_SETTLE', 'WAIT_SETTLE', 'WAIT_SETTLE', 'WAIT_SETTLE', 'WAIT_SETTLE', 'WAIT_SETTLE', 'WAIT_SETTLE', 'WAIT_SETTLE', 'WAIT_SETTLE', 'WAIT_SETTLE', 'WAIT_SETTLE', 'WAIT_SETTLE']",6.0,120.0,FB5_State_Blind,56
lot_nonadd_0056,FB6_Additive_Cost,potato,ADVERSARIAL,0.316,0.116,0.2,MARKDOWN,0.0,0.0,1.0,0.0,6.0,4.8,10.8,120.0,"{0: 0.01, 1: 0.4019, 2: 0.304, 3: 0.4099, 4: 0.4806}",12,"['WAIT_SETTLE', 'WAIT_SETTLE', 'WAIT_SETTLE', 'WAIT_SETTLE', 'WAIT_SETTLE', 'WAIT_SETTLE', 'WAIT_SETTLE', 'WAIT_SETTLE', 'WAIT_SETTLE', 'WAIT_SETTLE', 'WAIT_SETTLE', 'WAIT_SETTLE']",6.0,120.0,FB6_Additive_Cost,56
lot_nonadd_0057,FB7_Exposure_Aware,potato,ADVERSARIAL,0.328,0.116,0.212,MARKDOWN,0.0,0.0,1.0,0.0,0.0,0.0,0.0,0.0,"{0: 0.01, 1: 0.3087, 2: 0.4144, 3: 0.4008, 4: 0.5156}",1,['STOP_INSPECTION'],0.0,0.0,FB7_Proposed,57
lot_nonadd_0057,FB5_State_Blind,potato,ADVERSARIAL,0.328,0.116,0.212,MARKDOWN,0.0,0.0,1.0,0.0,6.0,4.8,10.8,120.0,"{0: 0.01, 1: 0.3087, 2: 0.4144, 3: 0.4008, 4: 0.5156}",12,"['WAIT_SETTLE', 'WAIT_SETTLE', 'WAIT_SETTLE', 'WAIT_SETTLE', 'WAIT_SETTLE', 'WAIT_SETTLE', 'WAIT_SETTLE', 'WAIT_SETTLE', 'WAIT_SETTLE', 'WAIT_SETTLE', 'WAIT_SETTLE', 'WAIT_SETTLE']",6.0,120.0,FB5_State_Blind,57
lot_nonadd_0057,FB6_Additive_Cost,potato,ADVERSARIAL,0.328,0.116,0.212,MARKDOWN,0.0,0.0,1.0,0.0,6.0,4.8,10.8,120.0,"{0: 0.01, 1: 0.3087, 2: 0.4144, 3: 0.4008, 4: 0.5156}",12,"['WAIT_SETTLE', 'WAIT_SETTLE', 'WAIT_SETTLE', 'WAIT_SETTLE', 'WAIT_SETTLE', 'WAIT_SETTLE', 'WAIT_SETTLE', 'WAIT_SETTLE', 'WAIT_SETTLE', 'WAIT_SETTLE', 'WAIT_SETTLE', 'WAIT_SETTLE']",6.0,120.0,FB6_Additive_Cost,57
lot_nonadd_0058,FB7_Exposure_Aware,potato,ADVERSARIAL,0.344,0.116,0.228,MARKDOWN,0.0,0.0,1.0,0.0,0.0,0.0,0.0,0.0,"{0: 0.01, 1: 0.4216, 2: 0.3038, 3: 0.5046, 4: 0.4989}",1,['STOP_INSPECTION'],0.0,0.0,FB7_Proposed,58
lot_nonadd_0058,FB5_State_Blind,potato,ADVERSARIAL,0.344,0.116,0.228,MARKDOWN,0.0,0.0,1.0,0.0,6.0,4.8,10.8,120.0,"{0: 0.01, 1: 0.4216, 2: 0.3038, 3: 0.5046, 4: 0.4989}",12,"['WAIT_SETTLE', 'WAIT_SETTLE', 'WAIT_SETTLE', 'WAIT_SETTLE', 'WAIT_SETTLE', 'WAIT_SETTLE', 'WAIT_SETTLE', 'WAIT_SETTLE', 'WAIT_SETTLE', 'WAIT_SETTLE', 'WAIT_SETTLE', 'WAIT_SETTLE']",6.0,120.0,FB5_State_Blind,58
lot_nonadd_0058,FB6_Additive_Cost,potato,ADVERSARIAL,0.344,0.116,0.228,MARKDOWN,0.0,0.0,1.0,0.0,6.0,4.8,10.8,120.0,"{0: 0.01, 1: 0.4216, 2: 0.3038, 3: 0.5046, 4: 0.4989}",12,"['WAIT_SETTLE', 'WAIT_SETTLE', 'WAIT_SETTLE', 'WAIT_SETTLE', 'WAIT_SETTLE', 'WAIT_SETTLE', 'WAIT_SETTLE', 'WAIT_SETTLE', 'WAIT_SETTLE', 'WAIT_SETTLE', 'WAIT_SETTLE', 'WAIT_SETTLE']",6.0,120.0,FB6_Additive_Cost,58
lot_nonadd_0059,FB7_Exposure_Aware,potato,ADVERSARIAL,0.32,0.116,0.204,MARKDOWN,0.0,0.0,1.0,0.0,0.0,0.0,0.0,0.0,"{0: 0.01, 1: 0.3804, 2: 0.4278, 3: 0.3999, 4: 0.3969}",1,['STOP_INSPECTION'],0.0,0.0,FB7_Proposed,59
lot_nonadd_0059,FB5_State_Blind,potato,ADVERSARIAL,0.32,0.116,0.204,MARKDOWN,0.0,0.0,1.0,0.0,6.0,4.8,10.8,120.0,"{0: 0.01, 1: 0.3804, 2: 0.4278, 3: 0.3999, 4: 0.3969}",12,"['WAIT_SETTLE', 'WAIT_SETTLE', 'WAIT_SETTLE', 'WAIT_SETTLE', 'WAIT_SETTLE', 'WAIT_SETTLE', 'WAIT_SETTLE', 'WAIT_SETTLE', 'WAIT_SETTLE', 'WAIT_SETTLE', 'WAIT_SETTLE', 'WAIT_SETTLE']",6.0,120.0,FB5_State_Blind,59
lot_nonadd_0059,FB6_Additive_Cost,potato,ADVERSARIAL,0.32,0.116,0.204,MARKDOWN,0.0,0.0,1.0,0.0,6.0,4.8,10.8,120.0,"{0: 0.01, 1: 0.3804, 2: 0.4278, 3: 0.3999, 4: 0.3969}",12,"['WAIT_SETTLE', 'WAIT_SETTLE', 'WAIT_SETTLE', 'WAIT_SETTLE', 'WAIT_SETTLE', 'WAIT_SETTLE', 'WAIT_SETTLE', 'WAIT_SETTLE', 'WAIT_SETTLE', 'WAIT_SETTLE', 'WAIT_SETTLE', 'WAIT_SETTLE']",6.0,120.0,FB6_Additive_Cost,59
lot_nonadd_0060,FB7_Exposure_Aware,potato,ADVERSARIAL,0.34,0.116,0.224,MARKDOWN,0.0,0.0,1.0,0.0,0.0,0.0,0.0,0.0,"{0: 0.01, 1: 0.5143, 2: 0.3654, 3: 0.4616, 4: 0.3686}",1,['STOP_INSPECTION'],0.0,0.0,FB7_Proposed,60
lot_nonadd_0060,FB5_State_Blind,potato,ADVERSARIAL,0.34,0.116,0.224,MARKDOWN,0.0,0.0,1.0,0.0,6.0,4.8,10.8,120.0,"{0: 0.01, 1: 0.5143, 2: 0.3654, 3: 0.4616, 4: 0.3686}",12,"['WAIT_SETTLE', 'WAIT_SETTLE', 'WAIT_SETTLE', 'WAIT_SETTLE', 'WAIT_SETTLE', 'WAIT_SETTLE', 'WAIT_SETTLE', 'WAIT_SETTLE', 'WAIT_SETTLE', 'WAIT_SETTLE', 'WAIT_SETTLE', 'WAIT_SETTLE']",6.0,120.0,FB5_State_Blind,60
lot_nonadd_0060,FB6_Additive_Cost,potato,ADVERSARIAL,0.34,0.116,0.224,MARKDOWN,0.0,0.0,1.0,0.0,6.0,4.8,10.8,120.0,"{0: 0.01, 1: 0.5143, 2: 0.3654, 3: 0.4616, 4: 0.3686}",12,"['WAIT_SETTLE', 'WAIT_SETTLE', 'WAIT_SETTLE', 'WAIT_SETTLE', 'WAIT_SETTLE', 'WAIT_SETTLE', 'WAIT_SETTLE', 'WAIT_SETTLE', 'WAIT_SETTLE', 'WAIT_SETTLE', 'WAIT_SETTLE', 'WAIT_SETTLE']",6.0,120.0,FB6_Additive_Cost,60
lot_nonadd_0061,FB7_Exposure_Aware,potato,ADVERSARIAL,0.316,0.116,0.2,MARKDOWN,0.0,0.0,1.0,0.0,0.0,0.0,0.0,0.0,"{0: 0.01, 1: 0.3547, 2: 0.359, 3: 0.4302, 4: 0.4254}",1,['STOP_INSPECTION'],0.0,0.0,FB7_Proposed,61
lot_nonadd_0061,FB5_State_Blind,potato,ADVERSARIAL,0.316,0.116,0.2,MARKDOWN,0.0,0.0,1.0,0.0,6.0,4.8,10.8,120.0,"{0: 0.01, 1: 0.3547, 2: 0.359, 3: 0.4302, 4: 0.4254}",12,"['WAIT_SETTLE', 'WAIT_SETTLE', 'WAIT_SETTLE', 'WAIT_SETTLE', 'WAIT_SETTLE', 'WAIT_SETTLE', 'WAIT_SETTLE', 'WAIT_SETTLE', 'WAIT_SETTLE', 'WAIT_SETTLE', 'WAIT_SETTLE', 'WAIT_SETTLE']",6.0,120.0,FB5_State_Blind,61
lot_nonadd_0061,FB6_Additive_Cost,potato,ADVERSARIAL,0.316,0.116,0.2,MARKDOWN,0.0,0.0,1.0,0.0,6.0,4.8,10.8,120.0,"{0: 0.01, 1: 0.3547, 2: 0.359, 3: 0.4302, 4: 0.4254}",12,"['WAIT_SETTLE', 'WAIT_SETTLE', 'WAIT_SETTLE', 'WAIT_SETTLE', 'WAIT_SETTLE', 'WAIT_SETTLE', 'WAIT_SETTLE', 'WAIT_SETTLE', 'WAIT_SETTLE', 'WAIT_SETTLE', 'WAIT_SETTLE', 'WAIT_SETTLE']",6.0,120.0,FB6_Additive_Cost,61
lot_nonadd_0062,FB7_Exposure_Aware,potato,ADVERSARIAL,0.328,0.116,0.212,MARKDOWN,0.0,0.0,1.0,0.0,0.0,0.0,0.0,0.0,"{0: 0.01, 1: 0.3117, 2: 0.5151, 3: 0.3362, 4: 0.4514}",1,['STOP_INSPECTION'],0.0,0.0,FB7_Proposed,62
lot_nonadd_0062,FB5_State_Blind,potato,ADVERSARIAL,0.328,0.116,0.212,MARKDOWN,0.0,0.0,1.0,0.0,6.0,4.8,10.8,120.0,"{0: 0.01, 1: 0.3117, 2: 0.5151, 3: 0.3362, 4: 0.4514}",12,"['WAIT_SETTLE', 'WAIT_SETTLE', 'WAIT_SETTLE', 'WAIT_SETTLE', 'WAIT_SETTLE', 'WAIT_SETTLE', 'WAIT_SETTLE', 'WAIT_SETTLE', 'WAIT_SETTLE', 'WAIT_SETTLE', 'WAIT_SETTLE', 'WAIT_SETTLE']",6.0,120.0,FB5_State_Blind,62
lot_nonadd_0062,FB6_Additive_Cost,potato,ADVERSARIAL,0.328,0.116,0.212,MARKDOWN,0.0,0.0,1.0,0.0,6.0,4.8,10.8,120.0,"{0: 0.01, 1: 0.3117, 2: 0.5151, 3: 0.3362, 4: 0.4514}",12,"['WAIT_SETTLE', 'WAIT_SETTLE', 'WAIT_SETTLE', 'WAIT_SETTLE', 'WAIT_SETTLE', 'WAIT_SETTLE', 'WAIT_SETTLE', 'WAIT_SETTLE', 'WAIT_SETTLE', 'WAIT_SETTLE', 'WAIT_SETTLE', 'WAIT_SETTLE']",6.0,120.0,FB6_Additive_Cost,62
lot_nonadd_0063,FB7_Exposure_Aware,potato,ADVERSARIAL,0.368,0.116,0.252,MARKDOWN,1.0,0.0,0.0,300.0,0.0,0.0,300.0,0.0,"{0: 0.01, 1: 0.403, 2: 0.4585, 3: 0.4972, 4: 0.4824}",1,['STOP_INSPECTION'],0.0,0.0,FB7_Proposed,63
lot_nonadd_0063,FB5_State_Blind,potato,ADVERSARIAL,0.368,0.116,0.252,MARKDOWN,1.0,0.0,0.0,300.0,6.0,4.8,310.8,120.0,"{0: 0.01, 1: 0.403, 2: 0.4585, 3: 0.4972, 4: 0.4824}",12,"['WAIT_SETTLE', 'WAIT_SETTLE', 'WAIT_SETTLE', 'WAIT_SETTLE', 'WAIT_SETTLE', 'WAIT_SETTLE', 'WAIT_SETTLE', 'WAIT_SETTLE', 'WAIT_SETTLE', 'WAIT_SETTLE', 'WAIT_SETTLE', 'WAIT_SETTLE']",6.0,120.0,FB5_State_Blind,63
lot_nonadd_0063,FB6_Additive_Cost,potato,ADVERSARIAL,0.368,0.116,0.252,MARKDOWN,1.0,0.0,0.0,300.0,6.0,4.8,310.8,120.0,"{0: 0.01, 1: 0.403, 2: 0.4585, 3: 0.4972, 4: 0.4824}",12,"['WAIT_SETTLE', 'WAIT_SETTLE', 'WAIT_SETTLE', 'WAIT_SETTLE', 'WAIT_SETTLE', 'WAIT_SETTLE', 'WAIT_SETTLE', 'WAIT_SETTLE', 'WAIT_SETTLE', 'WAIT_SETTLE', 'WAIT_SETTLE', 'WAIT_SETTLE']",6.0,120.0,FB6_Additive_Cost,63
lot_nonadd_0064,FB7_Exposure_Aware,potato,ADVERSARIAL,0.384,0.116,0.268,MARKDOWN,1.0,0.0,0.0,300.0,0.0,0.0,300.0,0.0,"{0: 0.01, 1: 0.4634, 2: 0.5348, 3: 0.3767, 4: 0.5444}",1,['STOP_INSPECTION'],0.0,0.0,FB7_Proposed,64
lot_nonadd_0064,FB5_State_Blind,potato,ADVERSARIAL,0.384,0.116,0.268,MARKDOWN,1.0,0.0,0.0,300.0,6.0,4.8,310.8,120.0,"{0: 0.01, 1: 0.4634, 2: 0.5348, 3: 0.3767, 4: 0.5444}",12,"['WAIT_SETTLE', 'WAIT_SETTLE', 'WAIT_SETTLE', 'WAIT_SETTLE', 'WAIT_SETTLE', 'WAIT_SETTLE', 'WAIT_SETTLE', 'WAIT_SETTLE', 'WAIT_SETTLE', 'WAIT_SETTLE', 'WAIT_SETTLE', 'WAIT_SETTLE']",6.0,120.0,FB5_State_Blind,64
lot_nonadd_0064,FB6_Additive_Cost,potato,ADVERSARIAL,0.384,0.116,0.268,MARKDOWN,1.0,0.0,0.0,300.0,6.0,4.8,310.8,120.0,"{0: 0.01, 1: 0.4634, 2: 0.5348, 3: 0.3767, 4: 0.5444}",12,"['WAIT_SETTLE', 'WAIT_SETTLE', 'WAIT_SETTLE', 'WAIT_SETTLE', 'WAIT_SETTLE', 'WAIT_SETTLE', 'WAIT_SETTLE', 'WAIT_SETTLE', 'WAIT_SETTLE', 'WAIT_SETTLE', 'WAIT_SETTLE', 'WAIT_SETTLE']",6.0,120.0,FB6_Additive_Cost,64
lot_nonadd_0065,FB7_Exposure_Aware,potato,ADVERSARIAL,0.376,0.116,0.26,MARKDOWN,1.0,0.0,0.0,300.0,0.0,0.0,300.0,0.0,"{0: 0.01, 1: 0.4655, 2: 0.5055, 3: 0.4482, 4: 0.4713}",1,['STOP_INSPECTION'],0.0,0.0,FB7_Proposed,65
lot_nonadd_0065,FB5_State_Blind,potato,ADVERSARIAL,0.376,0.116,0.26,MARKDOWN,1.0,0.0,0.0,300.0,6.0,4.8,310.8,120.0,"{0: 0.01, 1: 0.4655, 2: 0.5055, 3: 0.4482, 4: 0.4713}",12,"['WAIT_SETTLE', 'WAIT_SETTLE', 'WAIT_SETTLE', 'WAIT_SETTLE', 'WAIT_SETTLE', 'WAIT_SETTLE', 'WAIT_SETTLE', 'WAIT_SETTLE', 'WAIT_SETTLE', 'WAIT_SETTLE', 'WAIT_SETTLE', 'WAIT_SETTLE']",6.0,120.0,FB5_State_Blind,65
lot_nonadd_0065,FB6_Additive_Cost,potato,ADVERSARIAL,0.376,0.116,0.26,MARKDOWN,1.0,0.0,0.0,300.0,6.0,4.8,310.8,120.0,"{0: 0.01, 1: 0.4655, 2: 0.5055, 3: 0.4482, 4: 0.4713}",12,"['WAIT_SETTLE', 'WAIT_SETTLE', 'WAIT_SETTLE', 'WAIT_SETTLE', 'WAIT_SETTLE', 'WAIT_SETTLE', 'WAIT_SETTLE', 'WAIT_SETTLE', 'WAIT_SETTLE', 'WAIT_SETTLE', 'WAIT_SETTLE', 'WAIT_SETTLE']",6.0,120.0,FB6_Additive_Cost,65
lot_nonadd_0066,FB7_Exposure_Aware,potato,ADVERSARIAL,0.352,0.116,0.236,MARKDOWN,1.0,0.0,0.0,300.0,0.0,0.0,300.0,0.0,"{0: 0.01, 1: 0.4515, 2: 0.4727, 3: 0.3772, 4: 0.4494}",1,['STOP_INSPECTION'],0.0,0.0,FB7_Proposed,66
lot_nonadd_0066,FB5_State_Blind,potato,ADVERSARIAL,0.352,0.116,0.236,MARKDOWN,1.0,0.0,0.0,300.0,6.0,4.8,310.8,120.0,"{0: 0.01, 1: 0.4515, 2: 0.4727, 3: 0.3772, 4: 0.4494}",12,"['WAIT_SETTLE', 'WAIT_SETTLE', 'WAIT_SETTLE', 'WAIT_SETTLE', 'WAIT_SETTLE', 'WAIT_SETTLE', 'WAIT_SETTLE', 'WAIT_SETTLE', 'WAIT_SETTLE', 'WAIT_SETTLE', 'WAIT_SETTLE', 'WAIT_SETTLE']",6.0,120.0,FB5_State_Blind,66
lot_nonadd_0066,FB6_Additive_Cost,potato,ADVERSARIAL,0.352,0.116,0.236,MARKDOWN,1.0,0.0,0.0,300.0,6.0,4.8,310.8,120.0,"{0: 0.01, 1: 0.4515, 2: 0.4727, 3: 0.3772, 4: 0.4494}",12,"['WAIT_SETTLE', 'WAIT_SETTLE', 'WAIT_SETTLE', 'WAIT_SETTLE', 'WAIT_SETTLE', 'WAIT_SETTLE', 'WAIT_SETTLE', 'WAIT_SETTLE', 'WAIT_SETTLE', 'WAIT_SETTLE', 'WAIT_SETTLE', 'WAIT_SETTLE']",6.0,120.0,FB6_Additive_Cost,66
lot_nonadd_0067,FB7_Exposure_Aware,potato,ADVERSARIAL,0.364,0.116,0.248,MARKDOWN,1.0,0.0,0.0,300.0,0.0,0.0,300.0,0.0,"{0: 0.01, 1: 0.4588, 2: 0.4585, 3: 0.4795, 4: 0.4299}",1,['STOP_INSPECTION'],0.0,0.0,FB7_Proposed,67
lot_nonadd_0067,FB5_State_Blind,potato,ADVERSARIAL,0.364,0.116,0.248,MARKDOWN,1.0,0.0,0.0,300.0,6.0,4.8,310.8,120.0,"{0: 0.01, 1: 0.4588, 2: 0.4585, 3: 0.4795, 4: 0.4299}",12,"['WAIT_SETTLE', 'WAIT_SETTLE', 'WAIT_SETTLE', 'WAIT_SETTLE', 'WAIT_SETTLE', 'WAIT_SETTLE', 'WAIT_SETTLE', 'WAIT_SETTLE', 'WAIT_SETTLE', 'WAIT_SETTLE', 'WAIT_SETTLE', 'WAIT_SETTLE']",6.0,120.0,FB5_State_Blind,67
lot_nonadd_0067,FB6_Additive_Cost,potato,ADVERSARIAL,0.364,0.116,0.248,MARKDOWN,1.0,0.0,0.0,300.0,6.0,4.8,310.8,120.0,"{0: 0.01, 1: 0.4588, 2: 0.4585, 3: 0.4795, 4: 0.4299}",12,"['WAIT_SETTLE', 'WAIT_SETTLE', 'WAIT_SETTLE', 'WAIT_SETTLE', 'WAIT_SETTLE', 'WAIT_SETTLE', 'WAIT_SETTLE', 'WAIT_SETTLE', 'WAIT_SETTLE', 'WAIT_SETTLE', 'WAIT_SETTLE', 'WAIT_SETTLE']",6.0,120.0,FB6_Additive_Cost,67
lot_nonadd_0068,FB7_Exposure_Aware,potato,ADVERSARIAL,0.36,0.116,0.244,MARKDOWN,1.0,0.0,0.0,300.0,0.0,0.0,300.0,0.0,"{0: 0.01, 1: 0.4371, 2: 0.4266, 3: 0.442, 4: 0.5015}",1,['STOP_INSPECTION'],0.0,0.0,FB7_Proposed,68
lot_nonadd_0068,FB5_State_Blind,potato,ADVERSARIAL,0.36,0.116,0.244,MARKDOWN,1.0,0.0,0.0,300.0,6.0,4.8,310.8,120.0,"{0: 0.01, 1: 0.4371, 2: 0.4266, 3: 0.442, 4: 0.5015}",12,"['WAIT_SETTLE', 'WAIT_SETTLE', 'WAIT_SETTLE', 'WAIT_SETTLE', 'WAIT_SETTLE', 'WAIT_SETTLE', 'WAIT_SETTLE', 'WAIT_SETTLE', 'WAIT_SETTLE', 'WAIT_SETTLE', 'WAIT_SETTLE', 'WAIT_SETTLE']",6.0,120.0,FB5_State_Blind,68
lot_nonadd_0068,FB6_Additive_Cost,potato,ADVERSARIAL,0.36,0.116,0.244,MARKDOWN,1.0,0.0,0.0,300.0,6.0,4.8,310.8,120.0,"{0: 0.01, 1: 0.4371, 2: 0.4266, 3: 0.442, 4: 0.5015}",12,"['WAIT_SETTLE', 'WAIT_SETTLE', 'WAIT_SETTLE', 'WAIT_SETTLE', 'WAIT_SETTLE', 'WAIT_SETTLE', 'WAIT_SETTLE', 'WAIT_SETTLE', 'WAIT_SETTLE', 'WAIT_SETTLE', 'WAIT_SETTLE', 'WAIT_SETTLE']",6.0,120.0,FB6_Additive_Cost,68
lot_nonadd_0069,FB7_Exposure_Aware,potato,ADVERSARIAL,0.288,0.116,0.172,MARKDOWN,0.0,0.0,1.0,0.0,0.0,0.0,0.0,0.0,"{0: 0.01, 1: 0.3005, 2: 0.3833, 3: 0.3411, 4: 0.4168}",1,['STOP_INSPECTION'],0.0,0.0,FB7_Proposed,69
lot_nonadd_0069,FB5_State_Blind,potato,ADVERSARIAL,0.288,0.116,0.172,MARKDOWN,0.0,0.0,1.0,0.0,6.0,4.8,10.8,120.0,"{0: 0.01, 1: 0.3005, 2: 0.3833, 3: 0.3411, 4: 0.4168}",12,"['WAIT_SETTLE', 'WAIT_SETTLE', 'WAIT_SETTLE', 'WAIT_SETTLE', 'WAIT_SETTLE', 'WAIT_SETTLE', 'WAIT_SETTLE', 'WAIT_SETTLE', 'WAIT_SETTLE', 'WAIT_SETTLE', 'WAIT_SETTLE', 'WAIT_SETTLE']",6.0,120.0,FB5_State_Blind,69
lot_nonadd_0069,FB6_Additive_Cost,potato,ADVERSARIAL,0.288,0.116,0.172,MARKDOWN,0.0,0.0,1.0,0.0,6.0,4.8,10.8,120.0,"{0: 0.01, 1: 0.3005, 2: 0.3833, 3: 0.3411, 4: 0.4168}",12,"['WAIT_SETTLE', 'WAIT_SETTLE', 'WAIT_SETTLE', 'WAIT_SETTLE', 'WAIT_SETTLE', 'WAIT_SETTLE', 'WAIT_SETTLE', 'WAIT_SETTLE', 'WAIT_SETTLE', 'WAIT_SETTLE', 'WAIT_SETTLE', 'WAIT_SETTLE']",6.0,120.0,FB6_Additive_Cost,69
lot_nonadd_0070,FB7_Exposure_Aware,potato,ADVERSARIAL,0.344,0.116,0.228,MARKDOWN,0.0,0.0,1.0,0.0,0.0,0.0,0.0,0.0,"{0: 0.01, 1: 0.5204, 2: 0.535, 3: 0.35, 4: 0.3066}",1,['STOP_INSPECTION'],0.0,0.0,FB7_Proposed,70
lot_nonadd_0070,FB5_State_Blind,potato,ADVERSARIAL,0.344,0.116,0.228,MARKDOWN,0.0,0.0,1.0,0.0,6.0,4.8,10.8,120.0,"{0: 0.01, 1: 0.5204, 2: 0.535, 3: 0.35, 4: 0.3066}",12,"['WAIT_SETTLE', 'WAIT_SETTLE', 'WAIT_SETTLE', 'WAIT_SETTLE', 'WAIT_SETTLE', 'WAIT_SETTLE', 'WAIT_SETTLE', 'WAIT_SETTLE', 'WAIT_SETTLE', 'WAIT_SETTLE', 'WAIT_SETTLE', 'WAIT_SETTLE']",6.0,120.0,FB5_State_Blind,70
lot_nonadd_0070,FB6_Additive_Cost,potato,ADVERSARIAL,0.344,0.116,0.228,MARKDOWN,0.0,0.0,1.0,0.0,6.0,4.8,10.8,120.0,"{0: 0.01, 1: 0.5204, 2: 0.535, 3: 0.35, 4: 0.3066}",12,"['WAIT_SETTLE', 'WAIT_SETTLE', 'WAIT_SETTLE', 'WAIT_SETTLE', 'WAIT_SETTLE', 'WAIT_SETTLE', 'WAIT_SETTLE', 'WAIT_SETTLE', 'WAIT_SETTLE', 'WAIT_SETTLE', 'WAIT_SETTLE', 'WAIT_SETTLE']",6.0,120.0,FB6_Additive_Cost,70
lot_nonadd_0071,FB7_Exposure_Aware,potato,ADVERSARIAL,0.348,0.116,0.232,MARKDOWN,0.0,0.0,1.0,0.0,0.0,0.0,0.0,0.0,"{0: 0.01, 1: 0.3994, 2: 0.5123, 3: 0.4984, 4: 0.3279}",1,['STOP_INSPECTION'],0.0,0.0,FB7_Proposed,71
lot_nonadd_0071,FB5_State_Blind,potato,ADVERSARIAL,0.348,0.116,0.232,MARKDOWN,0.0,0.0,1.0,0.0,6.0,4.8,10.8,120.0,"{0: 0.01, 1: 0.3994, 2: 0.5123, 3: 0.4984, 4: 0.3279}",12,"['WAIT_SETTLE', 'WAIT_SETTLE', 'WAIT_SETTLE', 'WAIT_SETTLE', 'WAIT_SETTLE', 'WAIT_SETTLE', 'WAIT_SETTLE', 'WAIT_SETTLE', 'WAIT_SETTLE', 'WAIT_SETTLE', 'WAIT_SETTLE', 'WAIT_SETTLE']",6.0,120.0,FB5_State_Blind,71
lot_nonadd_0071,FB6_Additive_Cost,potato,ADVERSARIAL,0.348,0.116,0.232,MARKDOWN,0.0,0.0,1.0,0.0,6.0,4.8,10.8,120.0,"{0: 0.01, 1: 0.3994, 2: 0.5123, 3: 0.4984, 4: 0.3279}",12,"['WAIT_SETTLE', 'WAIT_SETTLE', 'WAIT_SETTLE', 'WAIT_SETTLE', 'WAIT_SETTLE', 'WAIT_SETTLE', 'WAIT_SETTLE', 'WAIT_SETTLE', 'WAIT_SETTLE', 'WAIT_SETTLE', 'WAIT_SETTLE', 'WAIT_SETTLE']",6.0,120.0,FB6_Additive_Cost,71
lot_nonadd_0072,FB7_Exposure_Aware,potato,ADVERSARIAL,0.312,0.116,0.196,MARKDOWN,0.0,0.0,1.0,0.0,0.0,0.0,0.0,0.0,"{0: 0.01, 1: 0.413, 2: 0.3379, 3: 0.4541, 4: 0.34}",1,['STOP_INSPECTION'],0.0,0.0,FB7_Proposed,72
lot_nonadd_0072,FB5_State_Blind,potato,ADVERSARIAL,0.312,0.116,0.196,MARKDOWN,0.0,0.0,1.0,0.0,6.0,4.8,10.8,120.0,"{0: 0.01, 1: 0.413, 2: 0.3379, 3: 0.4541, 4: 0.34}",12,"['WAIT_SETTLE', 'WAIT_SETTLE', 'WAIT_SETTLE', 'WAIT_SETTLE', 'WAIT_SETTLE', 'WAIT_SETTLE', 'WAIT_SETTLE', 'WAIT_SETTLE', 'WAIT_SETTLE', 'WAIT_SETTLE', 'WAIT_SETTLE', 'WAIT_SETTLE']",6.0,120.0,FB5_State_Blind,72
lot_nonadd_0072,FB6_Additive_Cost,potato,ADVERSARIAL,0.312,0.116,0.196,MARKDOWN,0.0,0.0,1.0,0.0,6.0,4.8,10.8,120.0,"{0: 0.01, 1: 0.413, 2: 0.3379, 3: 0.4541, 4: 0.34}",12,"['WAIT_SETTLE', 'WAIT_SETTLE', 'WAIT_SETTLE', 'WAIT_SETTLE', 'WAIT_SETTLE', 'WAIT_SETTLE', 'WAIT_SETTLE', 'WAIT_SETTLE', 'WAIT_SETTLE', 'WAIT_SETTLE', 'WAIT_SETTLE', 'WAIT_SETTLE']",6.0,120.0,FB6_Additive_Cost,72
lot_nonadd_0073,FB7_Exposure_Aware,potato,ADVERSARIAL,0.356,0.116,0.24,MARKDOWN,1.0,0.0,0.0,300.0,0.0,0.0,300.0,0.0,"{0: 0.01, 1: 0.4984, 2: 0.4333, 3: 0.3284, 4: 0.5219}",1,['STOP_INSPECTION'],0.0,0.0,FB7_Proposed,73
lot_nonadd_0073,FB5_State_Blind,potato,ADVERSARIAL,0.356,0.116,0.24,MARKDOWN,1.0,0.0,0.0,300.0,6.0,4.8,310.8,120.0,"{0: 0.01, 1: 0.4984, 2: 0.4333, 3: 0.3284, 4: 0.5219}",12,"['WAIT_SETTLE', 'WAIT_SETTLE', 'WAIT_SETTLE', 'WAIT_SETTLE', 'WAIT_SETTLE', 'WAIT_SETTLE', 'WAIT_SETTLE', 'WAIT_SETTLE', 'WAIT_SETTLE', 'WAIT_SETTLE', 'WAIT_SETTLE', 'WAIT_SETTLE']",6.0,120.0,FB5_State_Blind,73
lot_nonadd_0073,FB6_Additive_Cost,potato,ADVERSARIAL,0.356,0.116,0.24,MARKDOWN,1.0,0.0,0.0,300.0,6.0,4.8,310.8,120.0,"{0: 0.01, 1: 0.4984, 2: 0.4333, 3: 0.3284, 4: 0.5219}",12,"['WAIT_SETTLE', 'WAIT_SETTLE', 'WAIT_SETTLE', 'WAIT_SETTLE', 'WAIT_SETTLE', 'WAIT_SETTLE', 'WAIT_SETTLE', 'WAIT_SETTLE', 'WAIT_SETTLE', 'WAIT_SETTLE', 'WAIT_SETTLE', 'WAIT_SETTLE']",6.0,120.0,FB6_Additive_Cost,73
lot_nonadd_0074,FB7_Exposure_Aware,potato,ADVERSARIAL,0.36,0.116,0.244,MARKDOWN,1.0,0.0,0.0,300.0,0.0,0.0,300.0,0.0,"{0: 0.01, 1: 0.4302, 2: 0.3517, 3: 0.5052, 4: 0.5094}",1,['STOP_INSPECTION'],0.0,0.0,FB7_Proposed,74
lot_nonadd_0074,FB5_State_Blind,potato,ADVERSARIAL,0.36,0.116,0.244,MARKDOWN,1.0,0.0,0.0,300.0,6.0,4.8,310.8,120.0,"{0: 0.01, 1: 0.4302, 2: 0.3517, 3: 0.5052, 4: 0.5094}",12,"['WAIT_SETTLE', 'WAIT_SETTLE', 'WAIT_SETTLE', 'WAIT_SETTLE', 'WAIT_SETTLE', 'WAIT_SETTLE', 'WAIT_SETTLE', 'WAIT_SETTLE', 'WAIT_SETTLE', 'WAIT_SETTLE', 'WAIT_SETTLE', 'WAIT_SETTLE']",6.0,120.0,FB5_State_Blind,74
lot_nonadd_0074,FB6_Additive_Cost,potato,ADVERSARIAL,0.36,0.116,0.244,MARKDOWN,1.0,0.0,0.0,300.0,6.0,4.8,310.8,120.0,"{0: 0.01, 1: 0.4302, 2: 0.3517, 3: 0.5052, 4: 0.5094}",12,"['WAIT_SETTLE', 'WAIT_SETTLE', 'WAIT_SETTLE', 'WAIT_SETTLE', 'WAIT_SETTLE', 'WAIT_SETTLE', 'WAIT_SETTLE', 'WAIT_SETTLE', 'WAIT_SETTLE', 'WAIT_SETTLE', 'WAIT_SETTLE', 'WAIT_SETTLE']",6.0,120.0,FB6_Additive_Cost,74
lot_nonadd_0075,FB7_Exposure_Aware,potato,ADVERSARIAL,0.364,0.116,0.248,MARKDOWN,1.0,0.0,0.0,300.0,0.0,0.0,300.0,0.0,"{0: 0.01, 1: 0.44, 2: 0.5075, 3: 0.5405, 4: 0.3392}",1,['STOP_INSPECTION'],0.0,0.0,FB7_Proposed,75
lot_nonadd_0075,FB5_State_Blind,potato,ADVERSARIAL,0.364,0.116,0.248,MARKDOWN,1.0,0.0,0.0,300.0,6.0,4.8,310.8,120.0,"{0: 0.01, 1: 0.44, 2: 0.5075, 3: 0.5405, 4: 0.3392}",12,"['WAIT_SETTLE', 'WAIT_SETTLE', 'WAIT_SETTLE', 'WAIT_SETTLE', 'WAIT_SETTLE', 'WAIT_SETTLE', 'WAIT_SETTLE', 'WAIT_SETTLE', 'WAIT_SETTLE', 'WAIT_SETTLE', 'WAIT_SETTLE', 'WAIT_SETTLE']",6.0,120.0,FB5_State_Blind,75
lot_nonadd_0075,FB6_Additive_Cost,potato,ADVERSARIAL,0.364,0.116,0.248,MARKDOWN,1.0,0.0,0.0,300.0,6.0,4.8,310.8,120.0,"{0: 0.01, 1: 0.44, 2: 0.5075, 3: 0.5405, 4: 0.3392}",12,"['WAIT_SETTLE', 'WAIT_SETTLE', 'WAIT_SETTLE', 'WAIT_SETTLE', 'WAIT_SETTLE', 'WAIT_SETTLE', 'WAIT_SETTLE', 'WAIT_SETTLE', 'WAIT_SETTLE', 'WAIT_SETTLE', 'WAIT_SETTLE', 'WAIT_SETTLE']",6.0,120.0,FB6_Additive_Cost,75
lot_nonadd_0076,FB7_Exposure_Aware,potato,ADVERSARIAL,0.328,0.116,0.212,MARKDOWN,0.0,0.0,1.0,0.0,0.0,0.0,0.0,0.0,"{0: 0.01, 1: 0.3716, 2: 0.5082, 3: 0.4074, 4: 0.3533}",1,['STOP_INSPECTION'],0.0,0.0,FB7_Proposed,76
lot_nonadd_0076,FB5_State_Blind,potato,ADVERSARIAL,0.328,0.116,0.212,MARKDOWN,0.0,0.0,1.0,0.0,6.0,4.8,10.8,120.0,"{0: 0.01, 1: 0.3716, 2: 0.5082, 3: 0.4074, 4: 0.3533}",12,"['WAIT_SETTLE', 'WAIT_SETTLE', 'WAIT_SETTLE', 'WAIT_SETTLE', 'WAIT_SETTLE', 'WAIT_SETTLE', 'WAIT_SETTLE', 'WAIT_SETTLE', 'WAIT_SETTLE', 'WAIT_SETTLE', 'WAIT_SETTLE', 'WAIT_SETTLE']",6.0,120.0,FB5_State_Blind,76
lot_nonadd_0076,FB6_Additive_Cost,potato,ADVERSARIAL,0.328,0.116,0.212,MARKDOWN,0.0,0.0,1.0,0.0,6.0,4.8,10.8,120.0,"{0: 0.01, 1: 0.3716, 2: 0.5082, 3: 0.4074, 4: 0.3533}",12,"['WAIT_SETTLE', 'WAIT_SETTLE', 'WAIT_SETTLE', 'WAIT_SETTLE', 'WAIT_SETTLE', 'WAIT_SETTLE', 'WAIT_SETTLE', 'WAIT_SETTLE', 'WAIT_SETTLE', 'WAIT_SETTLE', 'WAIT_SETTLE', 'WAIT_SETTLE']",6.0,120.0,FB6_Additive_Cost,76
lot_nonadd_0077,FB7_Exposure_Aware,potato,ADVERSARIAL,0.368,0.116,0.252,MARKDOWN,1.0,0.0,0.0,300.0,0.0,0.0,300.0,0.0,"{0: 0.01, 1: 0.5238, 2: 0.3233, 3: 0.511, 4: 0.4728}",1,['STOP_INSPECTION'],0.0,0.0,FB7_Proposed,77
lot_nonadd_0077,FB5_State_Blind,potato,ADVERSARIAL,0.368,0.116,0.252,MARKDOWN,1.0,0.0,0.0,300.0,6.0,4.8,310.8,120.0,"{0: 0.01, 1: 0.5238, 2: 0.3233, 3: 0.511, 4: 0.4728}",12,"['WAIT_SETTLE', 'WAIT_SETTLE', 'WAIT_SETTLE', 'WAIT_SETTLE', 'WAIT_SETTLE', 'WAIT_SETTLE', 'WAIT_SETTLE', 'WAIT_SETTLE', 'WAIT_SETTLE', 'WAIT_SETTLE', 'WAIT_SETTLE', 'WAIT_SETTLE']",6.0,120.0,FB5_State_Blind,77
lot_nonadd_0077,FB6_Additive_Cost,potato,ADVERSARIAL,0.368,0.116,0.252,MARKDOWN,1.0,0.0,0.0,300.0,6.0,4.8,310.8,120.0,"{0: 0.01, 1: 0.5238, 2: 0.3233, 3: 0.511, 4: 0.4728}",12,"['WAIT_SETTLE', 'WAIT_SETTLE', 'WAIT_SETTLE', 'WAIT_SETTLE', 'WAIT_SETTLE', 'WAIT_SETTLE', 'WAIT_SETTLE', 'WAIT_SETTLE', 'WAIT_SETTLE', 'WAIT_SETTLE', 'WAIT_SETTLE', 'WAIT_SETTLE']",6.0,120.0,FB6_Additive_Cost,77
lot_nonadd_0078,FB7_Exposure_Aware,potato,ADVERSARIAL,0.34,0.116,0.224,MARKDOWN,0.0,0.0,1.0,0.0,0.0,0.0,0.0,0.0,"{0: 0.01, 1: 0.5177, 2: 0.5005, 3: 0.3229, 4: 0.3635}",1,['STOP_INSPECTION'],0.0,0.0,FB7_Proposed,78
lot_nonadd_0078,FB5_State_Blind,potato,ADVERSARIAL,0.34,0.116,0.224,MARKDOWN,0.0,0.0,1.0,0.0,6.0,4.8,10.8,120.0,"{0: 0.01, 1: 0.5177, 2: 0.5005, 3: 0.3229, 4: 0.3635}",12,"['WAIT_SETTLE', 'WAIT_SETTLE', 'WAIT_SETTLE', 'WAIT_SETTLE', 'WAIT_SETTLE', 'WAIT_SETTLE', 'WAIT_SETTLE', 'WAIT_SETTLE', 'WAIT_SETTLE', 'WAIT_SETTLE', 'WAIT_SETTLE', 'WAIT_SETTLE']",6.0,120.0,FB5_State_Blind,78
lot_nonadd_0078,FB6_Additive_Cost,potato,ADVERSARIAL,0.34,0.116,0.224,MARKDOWN,0.0,0.0,1.0,0.0,6.0,4.8,10.8,120.0,"{0: 0.01, 1: 0.5177, 2: 0.5005, 3: 0.3229, 4: 0.3635}",12,"['WAIT_SETTLE', 'WAIT_SETTLE', 'WAIT_SETTLE', 'WAIT_SETTLE', 'WAIT_SETTLE', 'WAIT_SETTLE', 'WAIT_SETTLE', 'WAIT_SETTLE', 'WAIT_SETTLE', 'WAIT_SETTLE', 'WAIT_SETTLE', 'WAIT_SETTLE']",6.0,120.0,FB6_Additive_Cost,78
lot_nonadd_0079,FB7_Exposure_Aware,potato,ADVERSARIAL,0.32,0.116,0.204,MARKDOWN,0.0,0.0,1.0,0.0,0.0,0.0,0.0,0.0,"{0: 0.01, 1: 0.4439, 2: 0.3525, 3: 0.379, 4: 0.4256}",1,['STOP_INSPECTION'],0.0,0.0,FB7_Proposed,79
lot_nonadd_0079,FB5_State_Blind,potato,ADVERSARIAL,0.32,0.116,0.204,MARKDOWN,0.0,0.0,1.0,0.0,6.0,4.8,10.8,120.0,"{0: 0.01, 1: 0.4439, 2: 0.3525, 3: 0.379, 4: 0.4256}",12,"['WAIT_SETTLE', 'WAIT_SETTLE', 'WAIT_SETTLE', 'WAIT_SETTLE', 'WAIT_SETTLE', 'WAIT_SETTLE', 'WAIT_SETTLE', 'WAIT_SETTLE', 'WAIT_SETTLE', 'WAIT_SETTLE', 'WAIT_SETTLE', 'WAIT_SETTLE']",6.0,120.0,FB5_State_Blind,79
lot_nonadd_0079,FB6_Additive_Cost,potato,ADVERSARIAL,0.32,0.116,0.204,MARKDOWN,0.0,0.0,1.0,0.0,6.0,4.8,10.8,120.0,"{0: 0.01, 1: 0.4439, 2: 0.3525, 3: 0.379, 4: 0.4256}",12,"['WAIT_SETTLE', 'WAIT_SETTLE', 'WAIT_SETTLE', 'WAIT_SETTLE', 'WAIT_SETTLE', 'WAIT_SETTLE', 'WAIT_SETTLE', 'WAIT_SETTLE', 'WAIT_SETTLE', 'WAIT_SETTLE', 'WAIT_SETTLE', 'WAIT_SETTLE']",6.0,120.0,FB6_Additive_Cost,79
lot_nonadd_0080,FB7_Exposure_Aware,potato,ADVERSARIAL,0.364,0.116,0.248,MARKDOWN,1.0,0.0,0.0,300.0,0.0,0.0,300.0,0.0,"{0: 0.01, 1: 0.427, 2: 0.5283, 3: 0.3301, 4: 0.5332}",1,['STOP_INSPECTION'],0.0,0.0,FB7_Proposed,80
lot_nonadd_0080,FB5_State_Blind,potato,ADVERSARIAL,0.364,0.116,0.248,MARKDOWN,1.0,0.0,0.0,300.0,6.0,4.8,310.8,120.0,"{0: 0.01, 1: 0.427, 2: 0.5283, 3: 0.3301, 4: 0.5332}",12,"['WAIT_SETTLE', 'WAIT_SETTLE', 'WAIT_SETTLE', 'WAIT_SETTLE', 'WAIT_SETTLE', 'WAIT_SETTLE', 'WAIT_SETTLE', 'WAIT_SETTLE', 'WAIT_SETTLE', 'WAIT_SETTLE', 'WAIT_SETTLE', 'WAIT_SETTLE']",6.0,120.0,FB5_State_Blind,80
lot_nonadd_0080,FB6_Additive_Cost,potato,ADVERSARIAL,0.364,0.116,0.248,MARKDOWN,1.0,0.0,0.0,300.0,6.0,4.8,310.8,120.0,"{0: 0.01, 1: 0.427, 2: 0.5283, 3: 0.3301, 4: 0.5332}",12,"['WAIT_SETTLE', 'WAIT_SETTLE', 'WAIT_SETTLE', 'WAIT_SETTLE', 'WAIT_SETTLE', 'WAIT_SETTLE', 'WAIT_SETTLE', 'WAIT_SETTLE', 'WAIT_SETTLE', 'WAIT_SETTLE', 'WAIT_SETTLE', 'WAIT_SETTLE']",6.0,120.0,FB6_Additive_Cost,80
lot_nonadd_0081,FB7_Exposure_Aware,potato,ADVERSARIAL,0.316,0.116,0.2,MARKDOWN,0.0,0.0,1.0,0.0,0.0,0.0,0.0,0.0,"{0: 0.01, 1: 0.3816, 2: 0.3494, 3: 0.5373, 4: 0.3269}",1,['STOP_INSPECTION'],0.0,0.0,FB7_Proposed,81
lot_nonadd_0081,FB5_State_Blind,potato,ADVERSARIAL,0.316,0.116,0.2,MARKDOWN,0.0,0.0,1.0,0.0,6.0,4.8,10.8,120.0,"{0: 0.01, 1: 0.3816, 2: 0.3494, 3: 0.5373, 4: 0.3269}",12,"['WAIT_SETTLE', 'WAIT_SETTLE', 'WAIT_SETTLE', 'WAIT_SETTLE', 'WAIT_SETTLE', 'WAIT_SETTLE', 'WAIT_SETTLE', 'WAIT_SETTLE', 'WAIT_SETTLE', 'WAIT_SETTLE', 'WAIT_SETTLE', 'WAIT_SETTLE']",6.0,120.0,FB5_State_Blind,81
lot_nonadd_0081,FB6_Additive_Cost,potato,ADVERSARIAL,0.316,0.116,0.2,MARKDOWN,0.0,0.0,1.0,0.0,6.0,4.8,10.8,120.0,"{0: 0.01, 1: 0.3816, 2: 0.3494, 3: 0.5373, 4: 0.3269}",12,"['WAIT_SETTLE', 'WAIT_SETTLE', 'WAIT_SETTLE', 'WAIT_SETTLE', 'WAIT_SETTLE', 'WAIT_SETTLE', 'WAIT_SETTLE', 'WAIT_SETTLE', 'WAIT_SETTLE', 'WAIT_SETTLE', 'WAIT_SETTLE', 'WAIT_SETTLE']",6.0,120.0,FB6_Additive_Cost,81
lot_nonadd_0082,FB7_Exposure_Aware,potato,ADVERSARIAL,0.348,0.116,0.232,MARKDOWN,0.0,0.0,1.0,0.0,0.0,0.0,0.0,0.0,"{0: 0.01, 1: 0.4477, 2: 0.3117, 3: 0.4818, 4: 0.5099}",1,['STOP_INSPECTION'],0.0,0.0,FB7_Proposed,82
lot_nonadd_0082,FB5_State_Blind,potato,ADVERSARIAL,0.348,0.116,0.232,MARKDOWN,0.0,0.0,1.0,0.0,6.0,4.8,10.8,120.0,"{0: 0.01, 1: 0.4477, 2: 0.3117, 3: 0.4818, 4: 0.5099}",12,"['WAIT_SETTLE', 'WAIT_SETTLE', 'WAIT_SETTLE', 'WAIT_SETTLE', 'WAIT_SETTLE', 'WAIT_SETTLE', 'WAIT_SETTLE', 'WAIT_SETTLE', 'WAIT_SETTLE', 'WAIT_SETTLE', 'WAIT_SETTLE', 'WAIT_SETTLE']",6.0,120.0,FB5_State_Blind,82
lot_nonadd_0082,FB6_Additive_Cost,potato,ADVERSARIAL,0.348,0.116,0.232,MARKDOWN,0.0,0.0,1.0,0.0,6.0,4.8,10.8,120.0,"{0: 0.01, 1: 0.4477, 2: 0.3117, 3: 0.4818, 4: 0.5099}",12,"['WAIT_SETTLE', 'WAIT_SETTLE', 'WAIT_SETTLE', 'WAIT_SETTLE', 'WAIT_SETTLE', 'WAIT_SETTLE', 'WAIT_SETTLE', 'WAIT_SETTLE', 'WAIT_SETTLE', 'WAIT_SETTLE', 'WAIT_SETTLE', 'WAIT_SETTLE']",6.0,120.0,FB6_Additive_Cost,82
lot_nonadd_0083,FB7_Exposure_Aware,potato,ADVERSARIAL,0.3,0.116,0.184,MARKDOWN,0.0,0.0,1.0,0.0,0.0,0.0,0.0,0.0,"{0: 0.01, 1: 0.461, 2: 0.3179, 3: 0.3294, 4: 0.4021}",1,['STOP_INSPECTION'],0.0,0.0,FB7_Proposed,83
lot_nonadd_0083,FB5_State_Blind,potato,ADVERSARIAL,0.3,0.116,0.184,MARKDOWN,0.0,0.0,1.0,0.0,6.0,4.8,10.8,120.0,"{0: 0.01, 1: 0.461, 2: 0.3179, 3: 0.3294, 4: 0.4021}",12,"['WAIT_SETTLE', 'WAIT_SETTLE', 'WAIT_SETTLE', 'WAIT_SETTLE', 'WAIT_SETTLE', 'WAIT_SETTLE', 'WAIT_SETTLE', 'WAIT_SETTLE', 'WAIT_SETTLE', 'WAIT_SETTLE', 'WAIT_SETTLE', 'WAIT_SETTLE']",6.0,120.0,FB5_State_Blind,83
lot_nonadd_0083,FB6_Additive_Cost,potato,ADVERSARIAL,0.3,0.116,0.184,MARKDOWN,0.0,0.0,1.0,0.0,6.0,4.8,10.8,120.0,"{0: 0.01, 1: 0.461, 2: 0.3179, 3: 0.3294, 4: 0.4021}",12,"['WAIT_SETTLE', 'WAIT_SETTLE', 'WAIT_SETTLE', 'WAIT_SETTLE', 'WAIT_SETTLE', 'WAIT_SETTLE', 'WAIT_SETTLE', 'WAIT_SETTLE', 'WAIT_SETTLE', 'WAIT_SETTLE', 'WAIT_SETTLE', 'WAIT_SETTLE']",6.0,120.0,FB6_Additive_Cost,83
lot_nonadd_0084,FB7_Exposure_Aware,potato,ADVERSARIAL,0.332,0.116,0.216,MARKDOWN,0.0,0.0,1.0,0.0,0.0,0.0,0.0,0.0,"{0: 0.01, 1: 0.3466, 2: 0.4618, 3: 0.538, 4: 0.3253}",1,['STOP_INSPECTION'],0.0,0.0,FB7_Proposed,84
lot_nonadd_0084,FB5_State_Blind,potato,ADVERSARIAL,0.332,0.116,0.216,MARKDOWN,0.0,0.0,1.0,0.0,6.0,4.8,10.8,120.0,"{0: 0.01, 1: 0.3466, 2: 0.4618, 3: 0.538, 4: 0.3253}",12,"['WAIT_SETTLE', 'WAIT_SETTLE', 'WAIT_SETTLE', 'WAIT_SETTLE', 'WAIT_SETTLE', 'WAIT_SETTLE', 'WAIT_SETTLE', 'WAIT_SETTLE', 'WAIT_SETTLE', 'WAIT_SETTLE', 'WAIT_SETTLE', 'WAIT_SETTLE']",6.0,120.0,FB5_State_Blind,84
lot_nonadd_0084,FB6_Additive_Cost,potato,ADVERSARIAL,0.332,0.116,0.216,MARKDOWN,0.0,0.0,1.0,0.0,6.0,4.8,10.8,120.0,"{0: 0.01, 1: 0.3466, 2: 0.4618, 3: 0.538, 4: 0.3253}",12,"['WAIT_SETTLE', 'WAIT_SETTLE', 'WAIT_SETTLE', 'WAIT_SETTLE', 'WAIT_SETTLE', 'WAIT_SETTLE', 'WAIT_SETTLE', 'WAIT_SETTLE', 'WAIT_SETTLE', 'WAIT_SETTLE', 'WAIT_SETTLE', 'WAIT_SETTLE']",6.0,120.0,FB6_Additive_Cost,84
lot_nonadd_0085,FB7_Exposure_Aware,potato,ADVERSARIAL,0.344,0.116,0.228,MARKDOWN,0.0,0.0,1.0,0.0,0.0,0.0,0.0,0.0,"{0: 0.01, 1: 0.5349, 2: 0.4026, 3: 0.4412, 4: 0.338}",1,['STOP_INSPECTION'],0.0,0.0,FB7_Proposed,85
lot_nonadd_0085,FB5_State_Blind,potato,ADVERSARIAL,0.344,0.116,0.228,MARKDOWN,0.0,0.0,1.0,0.0,6.0,4.8,10.8,120.0,"{0: 0.01, 1: 0.5349, 2: 0.4026, 3: 0.4412, 4: 0.338}",12,"['WAIT_SETTLE', 'WAIT_SETTLE', 'WAIT_SETTLE', 'WAIT_SETTLE', 'WAIT_SETTLE', 'WAIT_SETTLE', 'WAIT_SETTLE', 'WAIT_SETTLE', 'WAIT_SETTLE', 'WAIT_SETTLE', 'WAIT_SETTLE', 'WAIT_SETTLE']",6.0,120.0,FB5_State_Blind,85
lot_nonadd_0085,FB6_Additive_Cost,potato,ADVERSARIAL,0.344,0.116,0.228,MARKDOWN,0.0,0.0,1.0,0.0,6.0,4.8,10.8,120.0,"{0: 0.01, 1: 0.5349, 2: 0.4026, 3: 0.4412, 4: 0.338}",12,"['WAIT_SETTLE', 'WAIT_SETTLE', 'WAIT_SETTLE', 'WAIT_SETTLE', 'WAIT_SETTLE', 'WAIT_SETTLE', 'WAIT_SETTLE', 'WAIT_SETTLE', 'WAIT_SETTLE', 'WAIT_SETTLE', 'WAIT_SETTLE', 'WAIT_SETTLE']",6.0,120.0,FB6_Additive_Cost,85
lot_nonadd_0086,FB7_Exposure_Aware,potato,ADVERSARIAL,0.344,0.116,0.228,MARKDOWN,0.0,0.0,1.0,0.0,0.0,0.0,0.0,0.0,"{0: 0.01, 1: 0.4836, 2: 0.5438, 3: 0.4008, 4: 0.3042}",1,['STOP_INSPECTION'],0.0,0.0,FB7_Proposed,86
lot_nonadd_0086,FB5_State_Blind,potato,ADVERSARIAL,0.344,0.116,0.228,MARKDOWN,0.0,0.0,1.0,0.0,6.0,4.8,10.8,120.0,"{0: 0.01, 1: 0.4836, 2: 0.5438, 3: 0.4008, 4: 0.3042}",12,"['WAIT_SETTLE', 'WAIT_SETTLE', 'WAIT_SETTLE', 'WAIT_SETTLE', 'WAIT_SETTLE', 'WAIT_SETTLE', 'WAIT_SETTLE', 'WAIT_SETTLE', 'WAIT_SETTLE', 'WAIT_SETTLE', 'WAIT_SETTLE', 'WAIT_SETTLE']",6.0,120.0,FB5_State_Blind,86
lot_nonadd_0086,FB6_Additive_Cost,potato,ADVERSARIAL,0.344,0.116,0.228,MARKDOWN,0.0,0.0,1.0,0.0,6.0,4.8,10.8,120.0,"{0: 0.01, 1: 0.4836, 2: 0.5438, 3: 0.4008, 4: 0.3042}",12,"['WAIT_SETTLE', 'WAIT_SETTLE', 'WAIT_SETTLE', 'WAIT_SETTLE', 'WAIT_SETTLE', 'WAIT_SETTLE', 'WAIT_SETTLE', 'WAIT_SETTLE', 'WAIT_SETTLE', 'WAIT_SETTLE', 'WAIT_SETTLE', 'WAIT_SETTLE']",6.0,120.0,FB6_Additive_Cost,86
lot_nonadd_0087,FB7_Exposure_Aware,potato,ADVERSARIAL,0.336,0.116,0.22,MARKDOWN,0.0,0.0,1.0,0.0,0.0,0.0,0.0,0.0,"{0: 0.01, 1: 0.4884, 2: 0.5258, 3: 0.3756, 4: 0.3012}",1,['STOP_INSPECTION'],0.0,0.0,FB7_Proposed,87
lot_nonadd_0087,FB5_State_Blind,potato,ADVERSARIAL,0.336,0.116,0.22,MARKDOWN,0.0,0.0,1.0,0.0,6.0,4.8,10.8,120.0,"{0: 0.01, 1: 0.4884, 2: 0.5258, 3: 0.3756, 4: 0.3012}",12,"['WAIT_SETTLE', 'WAIT_SETTLE', 'WAIT_SETTLE', 'WAIT_SETTLE', 'WAIT_SETTLE', 'WAIT_SETTLE', 'WAIT_SETTLE', 'WAIT_SETTLE', 'WAIT_SETTLE', 'WAIT_SETTLE', 'WAIT_SETTLE', 'WAIT_SETTLE']",6.0,120.0,FB5_State_Blind,87
lot_nonadd_0087,FB6_Additive_Cost,potato,ADVERSARIAL,0.336,0.116,0.22,MARKDOWN,0.0,0.0,1.0,0.0,6.0,4.8,10.8,120.0,"{0: 0.01, 1: 0.4884, 2: 0.5258, 3: 0.3756, 4: 0.3012}",12,"['WAIT_SETTLE', 'WAIT_SETTLE', 'WAIT_SETTLE', 'WAIT_SETTLE', 'WAIT_SETTLE', 'WAIT_SETTLE', 'WAIT_SETTLE', 'WAIT_SETTLE', 'WAIT_SETTLE', 'WAIT_SETTLE', 'WAIT_SETTLE', 'WAIT_SETTLE']",6.0,120.0,FB6_Additive_Cost,87
lot_nonadd_0088,FB7_Exposure_Aware,potato,ADVERSARIAL,0.32,0.116,0.204,MARKDOWN,0.0,0.0,1.0,0.0,0.0,0.0,0.0,0.0,"{0: 0.01, 1: 0.3532, 2: 0.4451, 3: 0.5019, 4: 0.3086}",1,['STOP_INSPECTION'],0.0,0.0,FB7_Proposed,88
lot_nonadd_0088,FB5_State_Blind,potato,ADVERSARIAL,0.32,0.116,0.204,MARKDOWN,0.0,0.0,1.0,0.0,6.0,4.8,10.8,120.0,"{0: 0.01, 1: 0.3532, 2: 0.4451, 3: 0.5019, 4: 0.3086}",12,"['WAIT_SETTLE', 'WAIT_SETTLE', 'WAIT_SETTLE', 'WAIT_SETTLE', 'WAIT_SETTLE', 'WAIT_SETTLE', 'WAIT_SETTLE', 'WAIT_SETTLE', 'WAIT_SETTLE', 'WAIT_SETTLE', 'WAIT_SETTLE', 'WAIT_SETTLE']",6.0,120.0,FB5_State_Blind,88
lot_nonadd_0088,FB6_Additive_Cost,potato,ADVERSARIAL,0.32,0.116,0.204,MARKDOWN,0.0,0.0,1.0,0.0,6.0,4.8,10.8,120.0,"{0: 0.01, 1: 0.3532, 2: 0.4451, 3: 0.5019, 4: 0.3086}",12,"['WAIT_SETTLE', 'WAIT_SETTLE', 'WAIT_SETTLE', 'WAIT_SETTLE', 'WAIT_SETTLE', 'WAIT_SETTLE', 'WAIT_SETTLE', 'WAIT_SETTLE', 'WAIT_SETTLE', 'WAIT_SETTLE', 'WAIT_SETTLE', 'WAIT_SETTLE']",6.0,120.0,FB6_Additive_Cost,88
lot_nonadd_0089,FB7_Exposure_Aware,potato,ADVERSARIAL,0.348,0.116,0.232,MARKDOWN,0.0,0.0,1.0,0.0,0.0,0.0,0.0,0.0,"{0: 0.01, 1: 0.4718, 2: 0.4393, 3: 0.4667, 4: 0.3551}",1,['STOP_INSPECTION'],0.0,0.0,FB7_Proposed,89
lot_nonadd_0089,FB5_State_Blind,potato,ADVERSARIAL,0.348,0.116,0.232,MARKDOWN,0.0,0.0,1.0,0.0,6.0,4.8,10.8,120.0,"{0: 0.01, 1: 0.4718, 2: 0.4393, 3: 0.4667, 4: 0.3551}",12,"['WAIT_SETTLE', 'WAIT_SETTLE', 'WAIT_SETTLE', 'WAIT_SETTLE', 'WAIT_SETTLE', 'WAIT_SETTLE', 'WAIT_SETTLE', 'WAIT_SETTLE', 'WAIT_SETTLE', 'WAIT_SETTLE', 'WAIT_SETTLE', 'WAIT_SETTLE']",6.0,120.0,FB5_State_Blind,89
lot_nonadd_0089,FB6_Additive_Cost,potato,ADVERSARIAL,0.348,0.116,0.232,MARKDOWN,0.0,0.0,1.0,0.0,6.0,4.8,10.8,120.0,"{0: 0.01, 1: 0.4718, 2: 0.4393, 3: 0.4667, 4: 0.3551}",12,"['WAIT_SETTLE', 'WAIT_SETTLE', 'WAIT_SETTLE', 'WAIT_SETTLE', 'WAIT_SETTLE', 'WAIT_SETTLE', 'WAIT_SETTLE', 'WAIT_SETTLE', 'WAIT_SETTLE', 'WAIT_SETTLE', 'WAIT_SETTLE', 'WAIT_SETTLE']",6.0,120.0,FB6_Additive_Cost,89
lot_nonadd_0090,FB7_Exposure_Aware,potato,ADVERSARIAL,0.32,0.116,0.204,MARKDOWN,0.0,0.0,1.0,0.0,0.0,0.0,0.0,0.0,"{0: 0.01, 1: 0.3058, 2: 0.5283, 3: 0.4303, 4: 0.3302}",1,['STOP_INSPECTION'],0.0,0.0,FB7_Proposed,90
lot_nonadd_0090,FB5_State_Blind,potato,ADVERSARIAL,0.32,0.116,0.204,MARKDOWN,0.0,0.0,1.0,0.0,6.0,4.8,10.8,120.0,"{0: 0.01, 1: 0.3058, 2: 0.5283, 3: 0.4303, 4: 0.3302}",12,"['WAIT_SETTLE', 'WAIT_SETTLE', 'WAIT_SETTLE', 'WAIT_SETTLE', 'WAIT_SETTLE', 'WAIT_SETTLE', 'WAIT_SETTLE', 'WAIT_SETTLE', 'WAIT_SETTLE', 'WAIT_SETTLE', 'WAIT_SETTLE', 'WAIT_SETTLE']",6.0,120.0,FB5_State_Blind,90
lot_nonadd_0090,FB6_Additive_Cost,potato,ADVERSARIAL,0.32,0.116,0.204,MARKDOWN,0.0,0.0,1.0,0.0,6.0,4.8,10.8,120.0,"{0: 0.01, 1: 0.3058, 2: 0.5283, 3: 0.4303, 4: 0.3302}",12,"['WAIT_SETTLE', 'WAIT_SETTLE', 'WAIT_SETTLE', 'WAIT_SETTLE', 'WAIT_SETTLE', 'WAIT_SETTLE', 'WAIT_SETTLE', 'WAIT_SETTLE', 'WAIT_SETTLE', 'WAIT_SETTLE', 'WAIT_SETTLE', 'WAIT_SETTLE']",6.0,120.0,FB6_Additive_Cost,90
lot_nonadd_0091,FB7_Exposure_Aware,potato,ADVERSARIAL,0.376,0.116,0.26,MARKDOWN,1.0,0.0,0.0,300.0,0.0,0.0,300.0,0.0,"{0: 0.01, 1: 0.5261, 2: 0.411, 3: 0.5388, 4: 0.3954}",1,['STOP_INSPECTION'],0.0,0.0,FB7_Proposed,91
lot_nonadd_0091,FB5_State_Blind,potato,ADVERSARIAL,0.376,0.116,0.26,MARKDOWN,1.0,0.0,0.0,300.0,6.0,4.8,310.8,120.0,"{0: 0.01, 1: 0.5261, 2: 0.411, 3: 0.5388, 4: 0.3954}",12,"['WAIT_SETTLE', 'WAIT_SETTLE', 'WAIT_SETTLE', 'WAIT_SETTLE', 'WAIT_SETTLE', 'WAIT_SETTLE', 'WAIT_SETTLE', 'WAIT_SETTLE', 'WAIT_SETTLE', 'WAIT_SETTLE', 'WAIT_SETTLE', 'WAIT_SETTLE']",6.0,120.0,FB5_State_Blind,91
lot_nonadd_0091,FB6_Additive_Cost,potato,ADVERSARIAL,0.376,0.116,0.26,MARKDOWN,1.0,0.0,0.0,300.0,6.0,4.8,310.8,120.0,"{0: 0.01, 1: 0.5261, 2: 0.411, 3: 0.5388, 4: 0.3954}",12,"['WAIT_SETTLE', 'WAIT_SETTLE', 'WAIT_SETTLE', 'WAIT_SETTLE', 'WAIT_SETTLE', 'WAIT_SETTLE', 'WAIT_SETTLE', 'WAIT_SETTLE', 'WAIT_SETTLE', 'WAIT_SETTLE', 'WAIT_SETTLE', 'WAIT_SETTLE']",6.0,120.0,FB6_Additive_Cost,91
lot_nonadd_0092,FB7_Exposure_Aware,potato,ADVERSARIAL,0.34,0.116,0.224,MARKDOWN,0.0,0.0,1.0,0.0,0.0,0.0,0.0,0.0,"{0: 0.01, 1: 0.5094, 2: 0.3853, 3: 0.3154, 4: 0.4907}",1,['STOP_INSPECTION'],0.0,0.0,FB7_Proposed,92
lot_nonadd_0092,FB5_State_Blind,potato,ADVERSARIAL,0.34,0.116,0.224,MARKDOWN,0.0,0.0,1.0,0.0,6.0,4.8,10.8,120.0,"{0: 0.01, 1: 0.5094, 2: 0.3853, 3: 0.3154, 4: 0.4907}",12,"['WAIT_SETTLE', 'WAIT_SETTLE', 'WAIT_SETTLE', 'WAIT_SETTLE', 'WAIT_SETTLE', 'WAIT_SETTLE', 'WAIT_SETTLE', 'WAIT_SETTLE', 'WAIT_SETTLE', 'WAIT_SETTLE', 'WAIT_SETTLE', 'WAIT_SETTLE']",6.0,120.0,FB5_State_Blind,92
lot_nonadd_0092,FB6_Additive_Cost,potato,ADVERSARIAL,0.34,0.116,0.224,MARKDOWN,0.0,0.0,1.0,0.0,6.0,4.8,10.8,120.0,"{0: 0.01, 1: 0.5094, 2: 0.3853, 3: 0.3154, 4: 0.4907}",12,"['WAIT_SETTLE', 'WAIT_SETTLE', 'WAIT_SETTLE', 'WAIT_SETTLE', 'WAIT_SETTLE', 'WAIT_SETTLE', 'WAIT_SETTLE', 'WAIT_SETTLE', 'WAIT_SETTLE', 'WAIT_SETTLE', 'WAIT_SETTLE', 'WAIT_SETTLE']",6.0,120.0,FB6_Additive_Cost,92
lot_nonadd_0093,FB7_Exposure_Aware,potato,ADVERSARIAL,0.32,0.116,0.204,MARKDOWN,0.0,0.0,1.0,0.0,0.0,0.0,0.0,0.0,"{0: 0.01, 1: 0.3998, 2: 0.3649, 3: 0.3038, 4: 0.548}",1,['STOP_INSPECTION'],0.0,0.0,FB7_Proposed,93
lot_nonadd_0093,FB5_State_Blind,potato,ADVERSARIAL,0.32,0.116,0.204,MARKDOWN,0.0,0.0,1.0,0.0,6.0,4.8,10.8,120.0,"{0: 0.01, 1: 0.3998, 2: 0.3649, 3: 0.3038, 4: 0.548}",12,"['WAIT_SETTLE', 'WAIT_SETTLE', 'WAIT_SETTLE', 'WAIT_SETTLE', 'WAIT_SETTLE', 'WAIT_SETTLE', 'WAIT_SETTLE', 'WAIT_SETTLE', 'WAIT_SETTLE', 'WAIT_SETTLE', 'WAIT_SETTLE', 'WAIT_SETTLE']",6.0,120.0,FB5_State_Blind,93
lot_nonadd_0093,FB6_Additive_Cost,potato,ADVERSARIAL,0.32,0.116,0.204,MARKDOWN,0.0,0.0,1.0,0.0,6.0,4.8,10.8,120.0,"{0: 0.01, 1: 0.3998, 2: 0.3649, 3: 0.3038, 4: 0.548}",12,"['WAIT_SETTLE', 'WAIT_SETTLE', 'WAIT_SETTLE', 'WAIT_SETTLE', 'WAIT_SETTLE', 'WAIT_SETTLE', 'WAIT_SETTLE', 'WAIT_SETTLE', 'WAIT_SETTLE', 'WAIT_SETTLE', 'WAIT_SETTLE', 'WAIT_SETTLE']",6.0,120.0,FB6_Additive_Cost,93
lot_nonadd_0094,FB7_Exposure_Aware,potato,ADVERSARIAL,0.328,0.116,0.212,MARKDOWN,0.0,0.0,1.0,0.0,0.0,0.0,0.0,0.0,"{0: 0.01, 1: 0.4589, 2: 0.3534, 3: 0.4666, 4: 0.3548}",1,['STOP_INSPECTION'],0.0,0.0,FB7_Proposed,94
lot_nonadd_0094,FB5_State_Blind,potato,ADVERSARIAL,0.328,0.116,0.212,MARKDOWN,0.0,0.0,1.0,0.0,6.0,4.8,10.8,120.0,"{0: 0.01, 1: 0.4589, 2: 0.3534, 3: 0.4666, 4: 0.3548}",12,"['WAIT_SETTLE', 'WAIT_SETTLE', 'WAIT_SETTLE', 'WAIT_SETTLE', 'WAIT_SETTLE', 'WAIT_SETTLE', 'WAIT_SETTLE', 'WAIT_SETTLE', 'WAIT_SETTLE', 'WAIT_SETTLE', 'WAIT_SETTLE', 'WAIT_SETTLE']",6.0,120.0,FB5_State_Blind,94
lot_nonadd_0094,FB6_Additive_Cost,potato,ADVERSARIAL,0.328,0.116,0.212,MARKDOWN,0.0,0.0,1.0,0.0,6.0,4.8,10.8,120.0,"{0: 0.01, 1: 0.4589, 2: 0.3534, 3: 0.4666, 4: 0.3548}",12,"['WAIT_SETTLE', 'WAIT_SETTLE', 'WAIT_SETTLE', 'WAIT_SETTLE', 'WAIT_SETTLE', 'WAIT_SETTLE', 'WAIT_SETTLE', 'WAIT_SETTLE', 'WAIT_SETTLE', 'WAIT_SETTLE', 'WAIT_SETTLE', 'WAIT_SETTLE']",6.0,120.0,FB6_Additive_Cost,94
lot_nonadd_0095,FB7_Exposure_Aware,potato,ADVERSARIAL,0.368,0.116,0.252,MARKDOWN,1.0,0.0,0.0,300.0,0.0,0.0,300.0,0.0,"{0: 0.01, 1: 0.5174, 2: 0.496, 3: 0.4574, 4: 0.3531}",1,['STOP_INSPECTION'],0.0,0.0,FB7_Proposed,95
lot_nonadd_0095,FB5_State_Blind,potato,ADVERSARIAL,0.368,0.116,0.252,MARKDOWN,1.0,0.0,0.0,300.0,6.0,4.8,310.8,120.0,"{0: 0.01, 1: 0.5174, 2: 0.496, 3: 0.4574, 4: 0.3531}",12,"['WAIT_SETTLE', 'WAIT_SETTLE', 'WAIT_SETTLE', 'WAIT_SETTLE', 'WAIT_SETTLE', 'WAIT_SETTLE', 'WAIT_SETTLE', 'WAIT_SETTLE', 'WAIT_SETTLE', 'WAIT_SETTLE', 'WAIT_SETTLE', 'WAIT_SETTLE']",6.0,120.0,FB5_State_Blind,95
lot_nonadd_0095,FB6_Additive_Cost,potato,ADVERSARIAL,0.368,0.116,0.252,MARKDOWN,1.0,0.0,0.0,300.0,6.0,4.8,310.8,120.0,"{0: 0.01, 1: 0.5174, 2: 0.496, 3: 0.4574, 4: 0.3531}",12,"['WAIT_SETTLE', 'WAIT_SETTLE', 'WAIT_SETTLE', 'WAIT_SETTLE', 'WAIT_SETTLE', 'WAIT_SETTLE', 'WAIT_SETTLE', 'WAIT_SETTLE', 'WAIT_SETTLE', 'WAIT_SETTLE', 'WAIT_SETTLE', 'WAIT_SETTLE']",6.0,120.0,FB6_Additive_Cost,95
lot_nonadd_0096,FB7_Exposure_Aware,potato,ADVERSARIAL,0.356,0.116,0.24,MARKDOWN,1.0,0.0,0.0,300.0,0.0,0.0,300.0,0.0,"{0: 0.01, 1: 0.5085, 2: 0.4612, 3: 0.3582, 4: 0.4685}",1,['STOP_INSPECTION'],0.0,0.0,FB7_Proposed,96
lot_nonadd_0096,FB5_State_Blind,potato,ADVERSARIAL,0.356,0.116,0.24,MARKDOWN,1.0,0.0,0.0,300.0,6.0,4.8,310.8,120.0,"{0: 0.01, 1: 0.5085, 2: 0.4612, 3: 0.3582, 4: 0.4685}",12,"['WAIT_SETTLE', 'WAIT_SETTLE', 'WAIT_SETTLE', 'WAIT_SETTLE', 'WAIT_SETTLE', 'WAIT_SETTLE', 'WAIT_SETTLE', 'WAIT_SETTLE', 'WAIT_SETTLE', 'WAIT_SETTLE', 'WAIT_SETTLE', 'WAIT_SETTLE']",6.0,120.0,FB5_State_Blind,96
lot_nonadd_0096,FB6_Additive_Cost,potato,ADVERSARIAL,0.356,0.116,0.24,MARKDOWN,1.0,0.0,0.0,300.0,6.0,4.8,310.8,120.0,"{0: 0.01, 1: 0.5085, 2: 0.4612, 3: 0.3582, 4: 0.4685}",12,"['WAIT_SETTLE', 'WAIT_SETTLE', 'WAIT_SETTLE', 'WAIT_SETTLE', 'WAIT_SETTLE', 'WAIT_SETTLE', 'WAIT_SETTLE', 'WAIT_SETTLE', 'WAIT_SETTLE', 'WAIT_SETTLE', 'WAIT_SETTLE', 'WAIT_SETTLE']",6.0,120.0,FB6_Additive_Cost,96
lot_nonadd_0097,FB7_Exposure_Aware,potato,ADVERSARIAL,0.328,0.116,0.212,MARKDOWN,0.0,0.0,1.0,0.0,0.0,0.0,0.0,0.0,"{0: 0.01, 1: 0.3404, 2: 0.3436, 3: 0.4246, 4: 0.5356}",1,['STOP_INSPECTION'],0.0,0.0,FB7_Proposed,97
lot_nonadd_0097,FB5_State_Blind,potato,ADVERSARIAL,0.328,0.116,0.212,MARKDOWN,0.0,0.0,1.0,0.0,6.0,4.8,10.8,120.0,"{0: 0.01, 1: 0.3404, 2: 0.3436, 3: 0.4246, 4: 0.5356}",12,"['WAIT_SETTLE', 'WAIT_SETTLE', 'WAIT_SETTLE', 'WAIT_SETTLE', 'WAIT_SETTLE', 'WAIT_SETTLE', 'WAIT_SETTLE', 'WAIT_SETTLE', 'WAIT_SETTLE', 'WAIT_SETTLE', 'WAIT_SETTLE', 'WAIT_SETTLE']",6.0,120.0,FB5_State_Blind,97
lot_nonadd_0097,FB6_Additive_Cost,potato,ADVERSARIAL,0.328,0.116,0.212,MARKDOWN,0.0,0.0,1.0,0.0,6.0,4.8,10.8,120.0,"{0: 0.01, 1: 0.3404, 2: 0.3436, 3: 0.4246, 4: 0.5356}",12,"['WAIT_SETTLE', 'WAIT_SETTLE', 'WAIT_SETTLE', 'WAIT_SETTLE', 'WAIT_SETTLE', 'WAIT_SETTLE', 'WAIT_SETTLE', 'WAIT_SETTLE', 'WAIT_SETTLE', 'WAIT_SETTLE', 'WAIT_SETTLE', 'WAIT_SETTLE']",6.0,120.0,FB6_Additive_Cost,97
lot_nonadd_0098,FB7_Exposure_Aware,potato,ADVERSARIAL,0.388,0.116,0.272,MARKDOWN,1.0,0.0,0.0,300.0,0.0,0.0,300.0,0.0,"{0: 0.01, 1: 0.5274, 2: 0.5339, 3: 0.3797, 4: 0.5061}",1,['STOP_INSPECTION'],0.0,0.0,FB7_Proposed,98
lot_nonadd_0098,FB5_State_Blind,potato,ADVERSARIAL,0.388,0.116,0.272,MARKDOWN,1.0,0.0,0.0,300.0,6.0,4.8,310.8,120.0,"{0: 0.01, 1: 0.5274, 2: 0.5339, 3: 0.3797, 4: 0.5061}",12,"['WAIT_SETTLE', 'WAIT_SETTLE', 'WAIT_SETTLE', 'WAIT_SETTLE', 'WAIT_SETTLE', 'WAIT_SETTLE', 'WAIT_SETTLE', 'WAIT_SETTLE', 'WAIT_SETTLE', 'WAIT_SETTLE', 'WAIT_SETTLE', 'WAIT_SETTLE']",6.0,120.0,FB5_State_Blind,98
lot_nonadd_0098,FB6_Additive_Cost,potato,ADVERSARIAL,0.388,0.116,0.272,MARKDOWN,1.0,0.0,0.0,300.0,6.0,4.8,310.8,120.0,"{0: 0.01, 1: 0.5274, 2: 0.5339, 3: 0.3797, 4: 0.5061}",12,"['WAIT_SETTLE', 'WAIT_SETTLE', 'WAIT_SETTLE', 'WAIT_SETTLE', 'WAIT_SETTLE', 'WAIT_SETTLE', 'WAIT_SETTLE', 'WAIT_SETTLE', 'WAIT_SETTLE', 'WAIT_SETTLE', 'WAIT_SETTLE', 'WAIT_SETTLE']",6.0,120.0,FB6_Additive_Cost,98
lot_nonadd_0099,FB7_Exposure_Aware,potato,ADVERSARIAL,0.364,0.116,0.248,MARKDOWN,1.0,0.0,0.0,300.0,0.0,0.0,300.0,0.0,"{0: 0.01, 1: 0.4162, 2: 0.5169, 3: 0.5217, 4: 0.3571}",1,['STOP_INSPECTION'],0.0,0.0,FB7_Proposed,99
lot_nonadd_0099,FB5_State_Blind,potato,ADVERSARIAL,0.364,0.116,0.248,MARKDOWN,1.0,0.0,0.0,300.0,6.0,4.8,310.8,120.0,"{0: 0.01, 1: 0.4162, 2: 0.5169, 3: 0.5217, 4: 0.3571}",12,"['WAIT_SETTLE', 'WAIT_SETTLE', 'WAIT_SETTLE', 'WAIT_SETTLE', 'WAIT_SETTLE', 'WAIT_SETTLE', 'WAIT_SETTLE', 'WAIT_SETTLE', 'WAIT_SETTLE', 'WAIT_SETTLE', 'WAIT_SETTLE', 'WAIT_SETTLE']",6.0,120.0,FB5_State_Blind,99
lot_nonadd_0099,FB6_Additive_Cost,potato,ADVERSARIAL,0.364,0.116,0.248,MARKDOWN,1.0,0.0,0.0,300.0,6.0,4.8,310.8,120.0,"{0: 0.01, 1: 0.4162, 2: 0.5169, 3: 0.5217, 4: 0.3571}",12,"['WAIT_SETTLE', 'WAIT_SETTLE', 'WAIT_SETTLE', 'WAIT_SETTLE', 'WAIT_SETTLE', 'WAIT_SETTLE', 'WAIT_SETTLE', 'WAIT_SETTLE', 'WAIT_SETTLE', 'WAIT_SETTLE', 'WAIT_SETTLE', 'WAIT_SETTLE']",6.0,120.0,FB6_Additive_Cost,99
lot_nonadd_0100,FB7_Exposure_Aware,potato,ADVERSARIAL,0.368,0.116,0.252,MARKDOWN,1.0,0.0,0.0,300.0,0.0,0.0,300.0,0.0,"{0: 0.01, 1: 0.5401, 2: 0.4036, 3: 0.4942, 4: 0.3986}",1,['STOP_INSPECTION'],0.0,0.0,FB7_Proposed,100
lot_nonadd_0100,FB5_State_Blind,potato,ADVERSARIAL,0.368,0.116,0.252,MARKDOWN,1.0,0.0,0.0,300.0,6.0,4.8,310.8,120.0,"{0: 0.01, 1: 0.5401, 2: 0.4036, 3: 0.4942, 4: 0.3986}",12,"['WAIT_SETTLE', 'WAIT_SETTLE', 'WAIT_SETTLE', 'WAIT_SETTLE', 'WAIT_SETTLE', 'WAIT_SETTLE', 'WAIT_SETTLE', 'WAIT_SETTLE', 'WAIT_SETTLE', 'WAIT_SETTLE', 'WAIT_SETTLE', 'WAIT_SETTLE']",6.0,120.0,FB5_State_Blind,100
lot_nonadd_0100,FB6_Additive_Cost,potato,ADVERSARIAL,0.368,0.116,0.252,MARKDOWN,1.0,0.0,0.0,300.0,6.0,4.8,310.8,120.0,"{0: 0.01, 1: 0.5401, 2: 0.4036, 3: 0.4942, 4: 0.3986}",12,"['WAIT_SETTLE', 'WAIT_SETTLE', 'WAIT_SETTLE', 'WAIT_SETTLE', 'WAIT_SETTLE', 'WAIT_SETTLE', 'WAIT_SETTLE', 'WAIT_SETTLE', 'WAIT_SETTLE', 'WAIT_SETTLE', 'WAIT_SETTLE', 'WAIT_SETTLE']",6.0,120.0,FB6_Additive_Cost,100
lot_nonadd_0101,FB7_Exposure_Aware,potato,ADVERSARIAL,0.4,0.116,0.284,MARKDOWN,1.0,0.0,0.0,300.0,0.0,0.0,300.0,0.0,"{0: 0.01, 1: 0.5128, 2: 0.5021, 3: 0.4856, 4: 0.5056}",1,['STOP_INSPECTION'],0.0,0.0,FB7_Proposed,101
lot_nonadd_0101,FB5_State_Blind,potato,ADVERSARIAL,0.4,0.116,0.284,MARKDOWN,1.0,0.0,0.0,300.0,6.0,4.8,310.8,120.0,"{0: 0.01, 1: 0.5128, 2: 0.5021, 3: 0.4856, 4: 0.5056}",12,"['WAIT_SETTLE', 'WAIT_SETTLE', 'WAIT_SETTLE', 'WAIT_SETTLE', 'WAIT_SETTLE', 'WAIT_SETTLE', 'WAIT_SETTLE', 'WAIT_SETTLE', 'WAIT_SETTLE', 'WAIT_SETTLE', 'WAIT_SETTLE', 'WAIT_SETTLE']",6.0,120.0,FB5_State_Blind,101
lot_nonadd_0101,FB6_Additive_Cost,potato,ADVERSARIAL,0.4,0.116,0.284,MARKDOWN,1.0,0.0,0.0,300.0,6.0,4.8,310.8,120.0,"{0: 0.01, 1: 0.5128, 2: 0.5021, 3: 0.4856, 4: 0.5056}",12,"['WAIT_SETTLE', 'WAIT_SETTLE', 'WAIT_SETTLE', 'WAIT_SETTLE', 'WAIT_SETTLE', 'WAIT_SETTLE', 'WAIT_SETTLE', 'WAIT_SETTLE', 'WAIT_SETTLE', 'WAIT_SETTLE', 'WAIT_SETTLE', 'WAIT_SETTLE']",6.0,120.0,FB6_Additive_Cost,101
lot_nonadd_0102,FB7_Exposure_Aware,potato,ADVERSARIAL,0.304,0.116,0.188,MARKDOWN,0.0,0.0,1.0,0.0,0.0,0.0,0.0,0.0,"{0: 0.01, 1: 0.3069, 2: 0.5126, 3: 0.319, 4: 0.3825}",1,['STOP_INSPECTION'],0.0,0.0,FB7_Proposed,102
lot_nonadd_0102,FB5_State_Blind,potato,ADVERSARIAL,0.304,0.116,0.188,MARKDOWN,0.0,0.0,1.0,0.0,6.0,4.8,10.8,120.0,"{0: 0.01, 1: 0.3069, 2: 0.5126, 3: 0.319, 4: 0.3825}",12,"['WAIT_SETTLE', 'WAIT_SETTLE', 'WAIT_SETTLE', 'WAIT_SETTLE', 'WAIT_SETTLE', 'WAIT_SETTLE', 'WAIT_SETTLE', 'WAIT_SETTLE', 'WAIT_SETTLE', 'WAIT_SETTLE', 'WAIT_SETTLE', 'WAIT_SETTLE']",6.0,120.0,FB5_State_Blind,102
lot_nonadd_0102,FB6_Additive_Cost,potato,ADVERSARIAL,0.304,0.116,0.188,MARKDOWN,0.0,0.0,1.0,0.0,6.0,4.8,10.8,120.0,"{0: 0.01, 1: 0.3069, 2: 0.5126, 3: 0.319, 4: 0.3825}",12,"['WAIT_SETTLE', 'WAIT_SETTLE', 'WAIT_SETTLE', 'WAIT_SETTLE', 'WAIT_SETTLE', 'WAIT_SETTLE', 'WAIT_SETTLE', 'WAIT_SETTLE', 'WAIT_SETTLE', 'WAIT_SETTLE', 'WAIT_SETTLE', 'WAIT_SETTLE']",6.0,120.0,FB6_Additive_Cost,102
lot_nonadd_0103,FB7_Exposure_Aware,potato,ADVERSARIAL,0.324,0.116,0.208,MARKDOWN,0.0,0.0,1.0,0.0,0.0,0.0,0.0,0.0,"{0: 0.01, 1: 0.3709, 2: 0.4308, 3: 0.3388, 4: 0.466}",1,['STOP_INSPECTION'],0.0,0.0,FB7_Proposed,103
lot_nonadd_0103,FB5_State_Blind,potato,ADVERSARIAL,0.324,0.116,0.208,MARKDOWN,0.0,0.0,1.0,0.0,6.0,4.8,10.8,120.0,"{0: 0.01, 1: 0.3709, 2: 0.4308, 3: 0.3388, 4: 0.466}",12,"['WAIT_SETTLE', 'WAIT_SETTLE', 'WAIT_SETTLE', 'WAIT_SETTLE', 'WAIT_SETTLE', 'WAIT_SETTLE', 'WAIT_SETTLE', 'WAIT_SETTLE', 'WAIT_SETTLE', 'WAIT_SETTLE', 'WAIT_SETTLE', 'WAIT_SETTLE']",6.0,120.0,FB5_State_Blind,103
lot_nonadd_0103,FB6_Additive_Cost,potato,ADVERSARIAL,0.324,0.116,0.208,MARKDOWN,0.0,0.0,1.0,0.0,6.0,4.8,10.8,120.0,"{0: 0.01, 1: 0.3709, 2: 0.4308, 3: 0.3388, 4: 0.466}",12,"['WAIT_SETTLE', 'WAIT_SETTLE', 'WAIT_SETTLE', 'WAIT_SETTLE', 'WAIT_SETTLE', 'WAIT_SETTLE', 'WAIT_SETTLE', 'WAIT_SETTLE', 'WAIT_SETTLE', 'WAIT_SETTLE', 'WAIT_SETTLE', 'WAIT_SETTLE']",6.0,120.0,FB6_Additive_Cost,103
lot_nonadd_0104,FB7_Exposure_Aware,potato,ADVERSARIAL,0.34,0.116,0.224,MARKDOWN,0.0,0.0,1.0,0.0,0.0,0.0,0.0,0.0,"{0: 0.01, 1: 0.534, 2: 0.3128, 3: 0.4311, 4: 0.3978}",1,['STOP_INSPECTION'],0.0,0.0,FB7_Proposed,104
lot_nonadd_0104,FB5_State_Blind,potato,ADVERSARIAL,0.34,0.116,0.224,MARKDOWN,0.0,0.0,1.0,0.0,6.0,4.8,10.8,120.0,"{0: 0.01, 1: 0.534, 2: 0.3128, 3: 0.4311, 4: 0.3978}",12,"['WAIT_SETTLE', 'WAIT_SETTLE', 'WAIT_SETTLE', 'WAIT_SETTLE', 'WAIT_SETTLE', 'WAIT_SETTLE', 'WAIT_SETTLE', 'WAIT_SETTLE', 'WAIT_SETTLE', 'WAIT_SETTLE', 'WAIT_SETTLE', 'WAIT_SETTLE']",6.0,120.0,FB5_State_Blind,104
lot_nonadd_0104,FB6_Additive_Cost,potato,ADVERSARIAL,0.34,0.116,0.224,MARKDOWN,0.0,0.0,1.0,0.0,6.0,4.8,10.8,120.0,"{0: 0.01, 1: 0.534, 2: 0.3128, 3: 0.4311, 4: 0.3978}",12,"['WAIT_SETTLE', 'WAIT_SETTLE', 'WAIT_SETTLE', 'WAIT_SETTLE', 'WAIT_SETTLE', 'WAIT_SETTLE', 'WAIT_SETTLE', 'WAIT_SETTLE', 'WAIT_SETTLE', 'WAIT_SETTLE', 'WAIT_SETTLE', 'WAIT_SETTLE']",6.0,120.0,FB6_Additive_Cost,104
lot_nonadd_0105,FB7_Exposure_Aware,potato,ADVERSARIAL,0.348,0.116,0.232,MARKDOWN,0.0,0.0,1.0,0.0,0.0,0.0,0.0,0.0,"{0: 0.01, 1: 0.3151, 2: 0.4661, 3: 0.4216, 4: 0.5371}",1,['STOP_INSPECTION'],0.0,0.0,FB7_Proposed,105
lot_nonadd_0105,FB5_State_Blind,potato,ADVERSARIAL,0.348,0.116,0.232,MARKDOWN,0.0,0.0,1.0,0.0,6.0,4.8,10.8,120.0,"{0: 0.01, 1: 0.3151, 2: 0.4661, 3: 0.4216, 4: 0.5371}",12,"['WAIT_SETTLE', 'WAIT_SETTLE', 'WAIT_SETTLE', 'WAIT_SETTLE', 'WAIT_SETTLE', 'WAIT_SETTLE', 'WAIT_SETTLE', 'WAIT_SETTLE', 'WAIT_SETTLE', 'WAIT_SETTLE', 'WAIT_SETTLE', 'WAIT_SETTLE']",6.0,120.0,FB5_State_Blind,105
lot_nonadd_0105,FB6_Additive_Cost,potato,ADVERSARIAL,0.348,0.116,0.232,MARKDOWN,0.0,0.0,1.0,0.0,6.0,4.8,10.8,120.0,"{0: 0.01, 1: 0.3151, 2: 0.4661, 3: 0.4216, 4: 0.5371}",12,"['WAIT_SETTLE', 'WAIT_SETTLE', 'WAIT_SETTLE', 'WAIT_SETTLE', 'WAIT_SETTLE', 'WAIT_SETTLE', 'WAIT_SETTLE', 'WAIT_SETTLE', 'WAIT_SETTLE', 'WAIT_SETTLE', 'WAIT_SETTLE', 'WAIT_SETTLE']",6.0,120.0,FB6_Additive_Cost,105
lot_nonadd_0106,FB7_Exposure_Aware,potato,ADVERSARIAL,0.352,0.116,0.236,MARKDOWN,1.0,0.0,0.0,300.0,0.0,0.0,300.0,0.0,"{0: 0.01, 1: 0.3022, 2: 0.5476, 3: 0.4903, 4: 0.4147}",1,['STOP_INSPECTION'],0.0,0.0,FB7_Proposed,106
lot_nonadd_0106,FB5_State_Blind,potato,ADVERSARIAL,0.352,0.116,0.236,MARKDOWN,1.0,0.0,0.0,300.0,6.0,4.8,310.8,120.0,"{0: 0.01, 1: 0.3022, 2: 0.5476, 3: 0.4903, 4: 0.4147}",12,"['WAIT_SETTLE', 'WAIT_SETTLE', 'WAIT_SETTLE', 'WAIT_SETTLE', 'WAIT_SETTLE', 'WAIT_SETTLE', 'WAIT_SETTLE', 'WAIT_SETTLE', 'WAIT_SETTLE', 'WAIT_SETTLE', 'WAIT_SETTLE', 'WAIT_SETTLE']",6.0,120.0,FB5_State_Blind,106
lot_nonadd_0106,FB6_Additive_Cost,potato,ADVERSARIAL,0.352,0.116,0.236,MARKDOWN,1.0,0.0,0.0,300.0,6.0,4.8,310.8,120.0,"{0: 0.01, 1: 0.3022, 2: 0.5476, 3: 0.4903, 4: 0.4147}",12,"['WAIT_SETTLE', 'WAIT_SETTLE', 'WAIT_SETTLE', 'WAIT_SETTLE', 'WAIT_SETTLE', 'WAIT_SETTLE', 'WAIT_SETTLE', 'WAIT_SETTLE', 'WAIT_SETTLE', 'WAIT_SETTLE', 'WAIT_SETTLE', 'WAIT_SETTLE']",6.0,120.0,FB6_Additive_Cost,106
lot_nonadd_0107,FB7_Exposure_Aware,potato,ADVERSARIAL,0.364,0.116,0.248,MARKDOWN,1.0,0.0,0.0,300.0,0.0,0.0,300.0,0.0,"{0: 0.01, 1: 0.3312, 2: 0.5337, 3: 0.4167, 4: 0.5155}",1,['STOP_INSPECTION'],0.0,0.0,FB7_Proposed,107
lot_nonadd_0107,FB5_State_Blind,potato,ADVERSARIAL,0.364,0.116,0.248,MARKDOWN,1.0,0.0,0.0,300.0,6.0,4.8,310.8,120.0,"{0: 0.01, 1: 0.3312, 2: 0.5337, 3: 0.4167, 4: 0.5155}",12,"['WAIT_SETTLE', 'WAIT_SETTLE', 'WAIT_SETTLE', 'WAIT_SETTLE', 'WAIT_SETTLE', 'WAIT_SETTLE', 'WAIT_SETTLE', 'WAIT_SETTLE', 'WAIT_SETTLE', 'WAIT_SETTLE', 'WAIT_SETTLE', 'WAIT_SETTLE']",6.0,120.0,FB5_State_Blind,107
lot_nonadd_0107,FB6_Additive_Cost,potato,ADVERSARIAL,0.364,0.116,0.248,MARKDOWN,1.0,0.0,0.0,300.0,6.0,4.8,310.8,120.0,"{0: 0.01, 1: 0.3312, 2: 0.5337, 3: 0.4167, 4: 0.5155}",12,"['WAIT_SETTLE', 'WAIT_SETTLE', 'WAIT_SETTLE', 'WAIT_SETTLE', 'WAIT_SETTLE', 'WAIT_SETTLE', 'WAIT_SETTLE', 'WAIT_SETTLE', 'WAIT_SETTLE', 'WAIT_SETTLE', 'WAIT_SETTLE', 'WAIT_SETTLE']",6.0,120.0,FB6_Additive_Cost,107
lot_nonadd_0108,FB7_Exposure_Aware,potato,ADVERSARIAL,0.336,0.116,0.22,MARKDOWN,0.0,0.0,1.0,0.0,0.0,0.0,0.0,0.0,"{0: 0.01, 1: 0.404, 2: 0.3699, 3: 0.5168, 4: 0.3975}",1,['STOP_INSPECTION'],0.0,0.0,FB7_Proposed,108
lot_nonadd_0108,FB5_State_Blind,potato,ADVERSARIAL,0.336,0.116,0.22,MARKDOWN,0.0,0.0,1.0,0.0,6.0,4.8,10.8,120.0,"{0: 0.01, 1: 0.404, 2: 0.3699, 3: 0.5168, 4: 0.3975}",12,"['WAIT_SETTLE', 'WAIT_SETTLE', 'WAIT_SETTLE', 'WAIT_SETTLE', 'WAIT_SETTLE', 'WAIT_SETTLE', 'WAIT_SETTLE', 'WAIT_SETTLE', 'WAIT_SETTLE', 'WAIT_SETTLE', 'WAIT_SETTLE', 'WAIT_SETTLE']",6.0,120.0,FB5_State_Blind,108
lot_nonadd_0108,FB6_Additive_Cost,potato,ADVERSARIAL,0.336,0.116,0.22,MARKDOWN,0.0,0.0,1.0,0.0,6.0,4.8,10.8,120.0,"{0: 0.01, 1: 0.404, 2: 0.3699, 3: 0.5168, 4: 0.3975}",12,"['WAIT_SETTLE', 'WAIT_SETTLE', 'WAIT_SETTLE', 'WAIT_SETTLE', 'WAIT_SETTLE', 'WAIT_SETTLE', 'WAIT_SETTLE', 'WAIT_SETTLE', 'WAIT_SETTLE', 'WAIT_SETTLE', 'WAIT_SETTLE', 'WAIT_SETTLE']",6.0,120.0,FB6_Additive_Cost,108
lot_nonadd_0109,FB7_Exposure_Aware,potato,ADVERSARIAL,0.368,0.116,0.252,MARKDOWN,1.0,0.0,0.0,300.0,0.0,0.0,300.0,0.0,"{0: 0.01, 1: 0.5001, 2: 0.4384, 3: 0.362, 4: 0.5439}",1,['STOP_INSPECTION'],0.0,0.0,FB7_Proposed,109
lot_nonadd_0109,FB5_State_Blind,potato,ADVERSARIAL,0.368,0.116,0.252,MARKDOWN,1.0,0.0,0.0,300.0,6.0,4.8,310.8,120.0,"{0: 0.01, 1: 0.5001, 2: 0.4384, 3: 0.362, 4: 0.5439}",12,"['WAIT_SETTLE', 'WAIT_SETTLE', 'WAIT_SETTLE', 'WAIT_SETTLE', 'WAIT_SETTLE', 'WAIT_SETTLE', 'WAIT_SETTLE', 'WAIT_SETTLE', 'WAIT_SETTLE', 'WAIT_SETTLE', 'WAIT_SETTLE', 'WAIT_SETTLE']",6.0,120.0,FB5_State_Blind,109
lot_nonadd_0109,FB6_Additive_Cost,potato,ADVERSARIAL,0.368,0.116,0.252,MARKDOWN,1.0,0.0,0.0,300.0,6.0,4.8,310.8,120.0,"{0: 0.01, 1: 0.5001, 2: 0.4384, 3: 0.362, 4: 0.5439}",12,"['WAIT_SETTLE', 'WAIT_SETTLE', 'WAIT_SETTLE', 'WAIT_SETTLE', 'WAIT_SETTLE', 'WAIT_SETTLE', 'WAIT_SETTLE', 'WAIT_SETTLE', 'WAIT_SETTLE', 'WAIT_SETTLE', 'WAIT_SETTLE', 'WAIT_SETTLE']",6.0,120.0,FB6_Additive_Cost,109
lot_nonadd_0110,FB7_Exposure_Aware,potato,ADVERSARIAL,0.336,0.116,0.22,MARKDOWN,0.0,0.0,1.0,0.0,0.0,0.0,0.0,0.0,"{0: 0.01, 1: 0.4115, 2: 0.3583, 3: 0.4847, 4: 0.4285}",1,['STOP_INSPECTION'],0.0,0.0,FB7_Proposed,110
lot_nonadd_0110,FB5_State_Blind,potato,ADVERSARIAL,0.336,0.116,0.22,MARKDOWN,0.0,0.0,1.0,0.0,6.0,4.8,10.8,120.0,"{0: 0.01, 1: 0.4115, 2: 0.3583, 3: 0.4847, 4: 0.4285}",12,"['WAIT_SETTLE', 'WAIT_SETTLE', 'WAIT_SETTLE', 'WAIT_SETTLE', 'WAIT_SETTLE', 'WAIT_SETTLE', 'WAIT_SETTLE', 'WAIT_SETTLE', 'WAIT_SETTLE', 'WAIT_SETTLE', 'WAIT_SETTLE', 'WAIT_SETTLE']",6.0,120.0,FB5_State_Blind,110
lot_nonadd_0110,FB6_Additive_Cost,potato,ADVERSARIAL,0.336,0.116,0.22,MARKDOWN,0.0,0.0,1.0,0.0,6.0,4.8,10.8,120.0,"{0: 0.01, 1: 0.4115, 2: 0.3583, 3: 0.4847, 4: 0.4285}",12,"['WAIT_SETTLE', 'WAIT_SETTLE', 'WAIT_SETTLE', 'WAIT_SETTLE', 'WAIT_SETTLE', 'WAIT_SETTLE', 'WAIT_SETTLE', 'WAIT_SETTLE', 'WAIT_SETTLE', 'WAIT_SETTLE', 'WAIT_SETTLE', 'WAIT_SETTLE']",6.0,120.0,FB6_Additive_Cost,110
lot_nonadd_0111,FB7_Exposure_Aware,potato,ADVERSARIAL,0.356,0.116,0.24,MARKDOWN,1.0,0.0,0.0,300.0,0.0,0.0,300.0,0.0,"{0: 0.01, 1: 0.501, 2: 0.4334, 3: 0.3377, 4: 0.4944}",1,['STOP_INSPECTION'],0.0,0.0,FB7_Proposed,111
lot_nonadd_0111,FB5_State_Blind,potato,ADVERSARIAL,0.356,0.116,0.24,MARKDOWN,1.0,0.0,0.0,300.0,6.0,4.8,310.8,120.0,"{0: 0.01, 1: 0.501, 2: 0.4334, 3: 0.3377, 4: 0.4944}",12,"['WAIT_SETTLE', 'WAIT_SETTLE', 'WAIT_SETTLE', 'WAIT_SETTLE', 'WAIT_SETTLE', 'WAIT_SETTLE', 'WAIT_SETTLE', 'WAIT_SETTLE', 'WAIT_SETTLE', 'WAIT_SETTLE', 'WAIT_SETTLE', 'WAIT_SETTLE']",6.0,120.0,FB5_State_Blind,111
lot_nonadd_0111,FB6_Additive_Cost,potato,ADVERSARIAL,0.356,0.116,0.24,MARKDOWN,1.0,0.0,0.0,300.0,6.0,4.8,310.8,120.0,"{0: 0.01, 1: 0.501, 2: 0.4334, 3: 0.3377, 4: 0.4944}",12,"['WAIT_SETTLE', 'WAIT_SETTLE', 'WAIT_SETTLE', 'WAIT_SETTLE', 'WAIT_SETTLE', 'WAIT_SETTLE', 'WAIT_SETTLE', 'WAIT_SETTLE', 'WAIT_SETTLE', 'WAIT_SETTLE', 'WAIT_SETTLE', 'WAIT_SETTLE']",6.0,120.0,FB6_Additive_Cost,111
lot_nonadd_0112,FB7_Exposure_Aware,potato,ADVERSARIAL,0.36,0.116,0.244,MARKDOWN,1.0,0.0,0.0,300.0,0.0,0.0,300.0,0.0,"{0: 0.01, 1: 0.461, 2: 0.5493, 3: 0.505, 4: 0.305}",1,['STOP_INSPECTION'],0.0,0.0,FB7_Proposed,112
lot_nonadd_0112,FB5_State_Blind,potato,ADVERSARIAL,0.36,0.116,0.244,MARKDOWN,1.0,0.0,0.0,300.0,6.0,4.8,310.8,120.0,"{0: 0.01, 1: 0.461, 2: 0.5493, 3: 0.505, 4: 0.305}",12,"['WAIT_SETTLE', 'WAIT_SETTLE', 'WAIT_SETTLE', 'WAIT_SETTLE', 'WAIT_SETTLE', 'WAIT_SETTLE', 'WAIT_SETTLE', 'WAIT_SETTLE', 'WAIT_SETTLE', 'WAIT_SETTLE', 'WAIT_SETTLE', 'WAIT_SETTLE']",6.0,120.0,FB5_State_Blind,112
lot_nonadd_0112,FB6_Additive_Cost,potato,ADVERSARIAL,0.36,0.116,0.244,MARKDOWN,1.0,0.0,0.0,300.0,6.0,4.8,310.8,120.0,"{0: 0.01, 1: 0.461, 2: 0.5493, 3: 0.505, 4: 0.305}",12,"['WAIT_SETTLE', 'WAIT_SETTLE', 'WAIT_SETTLE', 'WAIT_SETTLE', 'WAIT_SETTLE', 'WAIT_SETTLE', 'WAIT_SETTLE', 'WAIT_SETTLE', 'WAIT_SETTLE', 'WAIT_SETTLE', 'WAIT_SETTLE', 'WAIT_SETTLE']",6.0,120.0,FB6_Additive_Cost,112
lot_nonadd_0113,FB7_Exposure_Aware,potato,ADVERSARIAL,0.328,0.116,0.212,MARKDOWN,0.0,0.0,1.0,0.0,0.0,0.0,0.0,0.0,"{0: 0.01, 1: 0.4364, 2: 0.3532, 3: 0.3907, 4: 0.4335}",1,['STOP_INSPECTION'],0.0,0.0,FB7_Proposed,113
lot_nonadd_0113,FB5_State_Blind,potato,ADVERSARIAL,0.328,0.116,0.212,MARKDOWN,0.0,0.0,1.0,0.0,6.0,4.8,10.8,120.0,"{0: 0.01, 1: 0.4364, 2: 0.3532, 3: 0.3907, 4: 0.4335}",12,"['WAIT_SETTLE', 'WAIT_SETTLE', 'WAIT_SETTLE', 'WAIT_SETTLE', 'WAIT_SETTLE', 'WAIT_SETTLE', 'WAIT_SETTLE', 'WAIT_SETTLE', 'WAIT_SETTLE', 'WAIT_SETTLE', 'WAIT_SETTLE', 'WAIT_SETTLE']",6.0,120.0,FB5_State_Blind,113
lot_nonadd_0113,FB6_Additive_Cost,potato,ADVERSARIAL,0.328,0.116,0.212,MARKDOWN,0.0,0.0,1.0,0.0,6.0,4.8,10.8,120.0,"{0: 0.01, 1: 0.4364, 2: 0.3532, 3: 0.3907, 4: 0.4335}",12,"['WAIT_SETTLE', 'WAIT_SETTLE', 'WAIT_SETTLE', 'WAIT_SETTLE', 'WAIT_SETTLE', 'WAIT_SETTLE', 'WAIT_SETTLE', 'WAIT_SETTLE', 'WAIT_SETTLE', 'WAIT_SETTLE', 'WAIT_SETTLE', 'WAIT_SETTLE']",6.0,120.0,FB6_Additive_Cost,113
lot_nonadd_0114,FB7_Exposure_Aware,potato,ADVERSARIAL,0.368,0.116,0.252,MARKDOWN,1.0,0.0,0.0,300.0,0.0,0.0,300.0,0.0,"{0: 0.01, 1: 0.3797, 2: 0.5182, 3: 0.4355, 4: 0.4959}",1,['STOP_INSPECTION'],0.0,0.0,FB7_Proposed,114
lot_nonadd_0114,FB5_State_Blind,potato,ADVERSARIAL,0.368,0.116,0.252,MARKDOWN,1.0,0.0,0.0,300.0,6.0,4.8,310.8,120.0,"{0: 0.01, 1: 0.3797, 2: 0.5182, 3: 0.4355, 4: 0.4959}",12,"['WAIT_SETTLE', 'WAIT_SETTLE', 'WAIT_SETTLE', 'WAIT_SETTLE', 'WAIT_SETTLE', 'WAIT_SETTLE', 'WAIT_SETTLE', 'WAIT_SETTLE', 'WAIT_SETTLE', 'WAIT_SETTLE', 'WAIT_SETTLE', 'WAIT_SETTLE']",6.0,120.0,FB5_State_Blind,114
lot_nonadd_0114,FB6_Additive_Cost,potato,ADVERSARIAL,0.368,0.116,0.252,MARKDOWN,1.0,0.0,0.0,300.0,6.0,4.8,310.8,120.0,"{0: 0.01, 1: 0.3797, 2: 0.5182, 3: 0.4355, 4: 0.4959}",12,"['WAIT_SETTLE', 'WAIT_SETTLE', 'WAIT_SETTLE', 'WAIT_SETTLE', 'WAIT_SETTLE', 'WAIT_SETTLE', 'WAIT_SETTLE', 'WAIT_SETTLE', 'WAIT_SETTLE', 'WAIT_SETTLE', 'WAIT_SETTLE', 'WAIT_SETTLE']",6.0,120.0,FB6_Additive_Cost,114
lot_nonadd_0115,FB7_Exposure_Aware,potato,ADVERSARIAL,0.368,0.116,0.252,MARKDOWN,1.0,0.0,0.0,300.0,0.0,0.0,300.0,0.0,"{0: 0.01, 1: 0.5393, 2: 0.4669, 3: 0.4508, 4: 0.3841}",1,['STOP_INSPECTION'],0.0,0.0,FB7_Proposed,115
lot_nonadd_0115,FB5_State_Blind,potato,ADVERSARIAL,0.368,0.116,0.252,MARKDOWN,1.0,0.0,0.0,300.0,6.0,4.8,310.8,120.0,"{0: 0.01, 1: 0.5393, 2: 0.4669, 3: 0.4508, 4: 0.3841}",12,"['WAIT_SETTLE', 'WAIT_SETTLE', 'WAIT_SETTLE', 'WAIT_SETTLE', 'WAIT_SETTLE', 'WAIT_SETTLE', 'WAIT_SETTLE', 'WAIT_SETTLE', 'WAIT_SETTLE', 'WAIT_SETTLE', 'WAIT_SETTLE', 'WAIT_SETTLE']",6.0,120.0,FB5_State_Blind,115
lot_nonadd_0115,FB6_Additive_Cost,potato,ADVERSARIAL,0.368,0.116,0.252,MARKDOWN,1.0,0.0,0.0,300.0,6.0,4.8,310.8,120.0,"{0: 0.01, 1: 0.5393, 2: 0.4669, 3: 0.4508, 4: 0.3841}",12,"['WAIT_SETTLE', 'WAIT_SETTLE', 'WAIT_SETTLE', 'WAIT_SETTLE', 'WAIT_SETTLE', 'WAIT_SETTLE', 'WAIT_SETTLE', 'WAIT_SETTLE', 'WAIT_SETTLE', 'WAIT_SETTLE', 'WAIT_SETTLE', 'WAIT_SETTLE']",6.0,120.0,FB6_Additive_Cost,115
lot_nonadd_0116,FB7_Exposure_Aware,potato,ADVERSARIAL,0.372,0.116,0.256,MARKDOWN,1.0,0.0,0.0,300.0,0.0,0.0,300.0,0.0,"{0: 0.01, 1: 0.4773, 2: 0.3374, 3: 0.5262, 4: 0.5224}",1,['STOP_INSPECTION'],0.0,0.0,FB7_Proposed,116
lot_nonadd_0116,FB5_State_Blind,potato,ADVERSARIAL,0.372,0.116,0.256,MARKDOWN,1.0,0.0,0.0,300.0,6.0,4.8,310.8,120.0,"{0: 0.01, 1: 0.4773, 2: 0.3374, 3: 0.5262, 4: 0.5224}",12,"['WAIT_SETTLE', 'WAIT_SETTLE', 'WAIT_SETTLE', 'WAIT_SETTLE', 'WAIT_SETTLE', 'WAIT_SETTLE', 'WAIT_SETTLE', 'WAIT_SETTLE', 'WAIT_SETTLE', 'WAIT_SETTLE', 'WAIT_SETTLE', 'WAIT_SETTLE']",6.0,120.0,FB5_State_Blind,116
lot_nonadd_0116,FB6_Additive_Cost,potato,ADVERSARIAL,0.372,0.116,0.256,MARKDOWN,1.0,0.0,0.0,300.0,6.0,4.8,310.8,120.0,"{0: 0.01, 1: 0.4773, 2: 0.3374, 3: 0.5262, 4: 0.5224}",12,"['WAIT_SETTLE', 'WAIT_SETTLE', 'WAIT_SETTLE', 'WAIT_SETTLE', 'WAIT_SETTLE', 'WAIT_SETTLE', 'WAIT_SETTLE', 'WAIT_SETTLE', 'WAIT_SETTLE', 'WAIT_SETTLE', 'WAIT_SETTLE', 'WAIT_SETTLE']",6.0,120.0,FB6_Additive_Cost,116
lot_nonadd_0117,FB7_Exposure_Aware,potato,ADVERSARIAL,0.32,0.116,0.204,MARKDOWN,0.0,0.0,1.0,0.0,0.0,0.0,0.0,0.0,"{0: 0.01, 1: 0.3533, 2: 0.3925, 3: 0.3555, 4: 0.4724}",1,['STOP_INSPECTION'],0.0,0.0,FB7_Proposed,117
lot_nonadd_0117,FB5_State_Blind,potato,ADVERSARIAL,0.32,0.116,0.204,MARKDOWN,0.0,0.0,1.0,0.0,6.0,4.8,10.8,120.0,"{0: 0.01, 1: 0.3533, 2: 0.3925, 3: 0.3555, 4: 0.4724}",12,"['WAIT_SETTLE', 'WAIT_SETTLE', 'WAIT_SETTLE', 'WAIT_SETTLE', 'WAIT_SETTLE', 'WAIT_SETTLE', 'WAIT_SETTLE', 'WAIT_SETTLE', 'WAIT_SETTLE', 'WAIT_SETTLE', 'WAIT_SETTLE', 'WAIT_SETTLE']",6.0,120.0,FB5_State_Blind,117
lot_nonadd_0117,FB6_Additive_Cost,potato,ADVERSARIAL,0.32,0.116,0.204,MARKDOWN,0.0,0.0,1.0,0.0,6.0,4.8,10.8,120.0,"{0: 0.01, 1: 0.3533, 2: 0.3925, 3: 0.3555, 4: 0.4724}",12,"['WAIT_SETTLE', 'WAIT_SETTLE', 'WAIT_SETTLE', 'WAIT_SETTLE', 'WAIT_SETTLE', 'WAIT_SETTLE', 'WAIT_SETTLE', 'WAIT_SETTLE', 'WAIT_SETTLE', 'WAIT_SETTLE', 'WAIT_SETTLE', 'WAIT_SETTLE']",6.0,120.0,FB6_Additive_Cost,117
lot_nonadd_0118,FB7_Exposure_Aware,potato,ADVERSARIAL,0.356,0.116,0.24,MARKDOWN,1.0,0.0,0.0,300.0,0.0,0.0,300.0,0.0,"{0: 0.01, 1: 0.5324, 2: 0.3501, 3: 0.4509, 4: 0.4136}",1,['STOP_INSPECTION'],0.0,0.0,FB7_Proposed,118
lot_nonadd_0118,FB5_State_Blind,potato,ADVERSARIAL,0.356,0.116,0.24,MARKDOWN,1.0,0.0,0.0,300.0,6.0,4.8,310.8,120.0,"{0: 0.01, 1: 0.5324, 2: 0.3501, 3: 0.4509, 4: 0.4136}",12,"['WAIT_SETTLE', 'WAIT_SETTLE', 'WAIT_SETTLE', 'WAIT_SETTLE', 'WAIT_SETTLE', 'WAIT_SETTLE', 'WAIT_SETTLE', 'WAIT_SETTLE', 'WAIT_SETTLE', 'WAIT_SETTLE', 'WAIT_SETTLE', 'WAIT_SETTLE']",6.0,120.0,FB5_State_Blind,118
lot_nonadd_0118,FB6_Additive_Cost,potato,ADVERSARIAL,0.356,0.116,0.24,MARKDOWN,1.0,0.0,0.0,300.0,6.0,4.8,310.8,120.0,"{0: 0.01, 1: 0.5324, 2: 0.3501, 3: 0.4509, 4: 0.4136}",12,"['WAIT_SETTLE', 'WAIT_SETTLE', 'WAIT_SETTLE', 'WAIT_SETTLE', 'WAIT_SETTLE', 'WAIT_SETTLE', 'WAIT_SETTLE', 'WAIT_SETTLE', 'WAIT_SETTLE', 'WAIT_SETTLE', 'WAIT_SETTLE', 'WAIT_SETTLE']",6.0,120.0,FB6_Additive_Cost,118
lot_nonadd_0119,FB7_Exposure_Aware,potato,ADVERSARIAL,0.372,0.116,0.256,MARKDOWN,1.0,0.0,0.0,300.0,0.0,0.0,300.0,0.0,"{0: 0.01, 1: 0.493, 2: 0.4986, 3: 0.3484, 4: 0.5266}",1,['STOP_INSPECTION'],0.0,0.0,FB7_Proposed,119
lot_nonadd_0119,FB5_State_Blind,potato,ADVERSARIAL,0.372,0.116,0.256,MARKDOWN,1.0,0.0,0.0,300.0,6.0,4.8,310.8,120.0,"{0: 0.01, 1: 0.493, 2: 0.4986, 3: 0.3484, 4: 0.5266}",12,"['WAIT_SETTLE', 'WAIT_SETTLE', 'WAIT_SETTLE', 'WAIT_SETTLE', 'WAIT_SETTLE', 'WAIT_SETTLE', 'WAIT_SETTLE', 'WAIT_SETTLE', 'WAIT_SETTLE', 'WAIT_SETTLE', 'WAIT_SETTLE', 'WAIT_SETTLE']",6.0,120.0,FB5_State_Blind,119
lot_nonadd_0119,FB6_Additive_Cost,potato,ADVERSARIAL,0.372,0.116,0.256,MARKDOWN,1.0,0.0,0.0,300.0,6.0,4.8,310.8,120.0,"{0: 0.01, 1: 0.493, 2: 0.4986, 3: 0.3484, 4: 0.5266}",12,"['WAIT_SETTLE', 'WAIT_SETTLE', 'WAIT_SETTLE', 'WAIT_SETTLE', 'WAIT_SETTLE', 'WAIT_SETTLE', 'WAIT_SETTLE', 'WAIT_SETTLE', 'WAIT_SETTLE', 'WAIT_SETTLE', 'WAIT_SETTLE', 'WAIT_SETTLE']",6.0,120.0,FB6_Additive_Cost,119
lot_nonadd_0120,FB7_Exposure_Aware,potato,ADVERSARIAL,0.352,0.116,0.236,MARKDOWN,1.0,0.0,0.0,300.0,0.0,0.0,300.0,0.0,"{0: 0.01, 1: 0.5026, 2: 0.4011, 3: 0.5455, 4: 0.3145}",1,['STOP_INSPECTION'],0.0,0.0,FB7_Proposed,120
lot_nonadd_0120,FB5_State_Blind,potato,ADVERSARIAL,0.352,0.116,0.236,MARKDOWN,1.0,0.0,0.0,300.0,6.0,4.8,310.8,120.0,"{0: 0.01, 1: 0.5026, 2: 0.4011, 3: 0.5455, 4: 0.3145}",12,"['WAIT_SETTLE', 'WAIT_SETTLE', 'WAIT_SETTLE', 'WAIT_SETTLE', 'WAIT_SETTLE', 'WAIT_SETTLE', 'WAIT_SETTLE', 'WAIT_SETTLE', 'WAIT_SETTLE', 'WAIT_SETTLE', 'WAIT_SETTLE', 'WAIT_SETTLE']",6.0,120.0,FB5_State_Blind,120
lot_nonadd_0120,FB6_Additive_Cost,potato,ADVERSARIAL,0.352,0.116,0.236,MARKDOWN,1.0,0.0,0.0,300.0,6.0,4.8,310.8,120.0,"{0: 0.01, 1: 0.5026, 2: 0.4011, 3: 0.5455, 4: 0.3145}",12,"['WAIT_SETTLE', 'WAIT_SETTLE', 'WAIT_SETTLE', 'WAIT_SETTLE', 'WAIT_SETTLE', 'WAIT_SETTLE', 'WAIT_SETTLE', 'WAIT_SETTLE', 'WAIT_SETTLE', 'WAIT_SETTLE', 'WAIT_SETTLE', 'WAIT_SETTLE']",6.0,120.0,FB6_Additive_Cost,120
lot_nonadd_0121,FB7_Exposure_Aware,potato,ADVERSARIAL,0.344,0.116,0.228,MARKDOWN,0.0,0.0,1.0,0.0,0.0,0.0,0.0,0.0,"{0: 0.01, 1: 0.3612, 2: 0.4608, 3: 0.3575, 4: 0.5427}",1,['STOP_INSPECTION'],0.0,0.0,FB7_Proposed,121
lot_nonadd_0121,FB5_State_Blind,potato,ADVERSARIAL,0.344,0.116,0.228,MARKDOWN,0.0,0.0,1.0,0.0,6.0,4.8,10.8,120.0,"{0: 0.01, 1: 0.3612, 2: 0.4608, 3: 0.3575, 4: 0.5427}",12,"['WAIT_SETTLE', 'WAIT_SETTLE', 'WAIT_SETTLE', 'WAIT_SETTLE', 'WAIT_SETTLE', 'WAIT_SETTLE', 'WAIT_SETTLE', 'WAIT_SETTLE', 'WAIT_SETTLE', 'WAIT_SETTLE', 'WAIT_SETTLE', 'WAIT_SETTLE']",6.0,120.0,FB5_State_Blind,121
lot_nonadd_0121,FB6_Additive_Cost,potato,ADVERSARIAL,0.344,0.116,0.228,MARKDOWN,0.0,0.0,1.0,0.0,6.0,4.8,10.8,120.0,"{0: 0.01, 1: 0.3612, 2: 0.4608, 3: 0.3575, 4: 0.5427}",12,"['WAIT_SETTLE', 'WAIT_SETTLE', 'WAIT_SETTLE', 'WAIT_SETTLE', 'WAIT_SETTLE', 'WAIT_SETTLE', 'WAIT_SETTLE', 'WAIT_SETTLE', 'WAIT_SETTLE', 'WAIT_SETTLE', 'WAIT_SETTLE', 'WAIT_SETTLE']",6.0,120.0,FB6_Additive_Cost,121
lot_nonadd_0122,FB7_Exposure_Aware,potato,ADVERSARIAL,0.36,0.116,0.244,MARKDOWN,1.0,0.0,0.0,300.0,0.0,0.0,300.0,0.0,"{0: 0.01, 1: 0.392, 2: 0.5154, 3: 0.4337, 4: 0.431}",1,['STOP_INSPECTION'],0.0,0.0,FB7_Proposed,122
lot_nonadd_0122,FB5_State_Blind,potato,ADVERSARIAL,0.36,0.116,0.244,MARKDOWN,1.0,0.0,0.0,300.0,6.0,4.8,310.8,120.0,"{0: 0.01, 1: 0.392, 2: 0.5154, 3: 0.4337, 4: 0.431}",12,"['WAIT_SETTLE', 'WAIT_SETTLE', 'WAIT_SETTLE', 'WAIT_SETTLE', 'WAIT_SETTLE', 'WAIT_SETTLE', 'WAIT_SETTLE', 'WAIT_SETTLE', 'WAIT_SETTLE', 'WAIT_SETTLE', 'WAIT_SETTLE', 'WAIT_SETTLE']",6.0,120.0,FB5_State_Blind,122
lot_nonadd_0122,FB6_Additive_Cost,potato,ADVERSARIAL,0.36,0.116,0.244,MARKDOWN,1.0,0.0,0.0,300.0,6.0,4.8,310.8,120.0,"{0: 0.01, 1: 0.392, 2: 0.5154, 3: 0.4337, 4: 0.431}",12,"['WAIT_SETTLE', 'WAIT_SETTLE', 'WAIT_SETTLE', 'WAIT_SETTLE', 'WAIT_SETTLE', 'WAIT_SETTLE', 'WAIT_SETTLE', 'WAIT_SETTLE', 'WAIT_SETTLE', 'WAIT_SETTLE', 'WAIT_SETTLE', 'WAIT_SETTLE']",6.0,120.0,FB6_Additive_Cost,122
lot_nonadd_0123,FB7_Exposure_Aware,potato,ADVERSARIAL,0.352,0.116,0.236,MARKDOWN,1.0,0.0,0.0,300.0,0.0,0.0,300.0,0.0,"{0: 0.01, 1: 0.5116, 2: 0.4324, 3: 0.4867, 4: 0.325}",1,['STOP_INSPECTION'],0.0,0.0,FB7_Proposed,123
lot_nonadd_0123,FB5_State_Blind,potato,ADVERSARIAL,0.352,0.116,0.236,MARKDOWN,1.0,0.0,0.0,300.0,6.0,4.8,310.8,120.0,"{0: 0.01, 1: 0.5116, 2: 0.4324, 3: 0.4867, 4: 0.325}",12,"['WAIT_SETTLE', 'WAIT_SETTLE', 'WAIT_SETTLE', 'WAIT_SETTLE', 'WAIT_SETTLE', 'WAIT_SETTLE', 'WAIT_SETTLE', 'WAIT_SETTLE', 'WAIT_SETTLE', 'WAIT_SETTLE', 'WAIT_SETTLE', 'WAIT_SETTLE']",6.0,120.0,FB5_State_Blind,123
lot_nonadd_0123,FB6_Additive_Cost,potato,ADVERSARIAL,0.352,0.116,0.236,MARKDOWN,1.0,0.0,0.0,300.0,6.0,4.8,310.8,120.0,"{0: 0.01, 1: 0.5116, 2: 0.4324, 3: 0.4867, 4: 0.325}",12,"['WAIT_SETTLE', 'WAIT_SETTLE', 'WAIT_SETTLE', 'WAIT_SETTLE', 'WAIT_SETTLE', 'WAIT_SETTLE', 'WAIT_SETTLE', 'WAIT_SETTLE', 'WAIT_SETTLE', 'WAIT_SETTLE', 'WAIT_SETTLE', 'WAIT_SETTLE']",6.0,120.0,FB6_Additive_Cost,123
lot_nonadd_0124,FB7_Exposure_Aware,potato,ADVERSARIAL,0.376,0.116,0.26,MARKDOWN,1.0,0.0,0.0,300.0,0.0,0.0,300.0,0.0,"{0: 0.01, 1: 0.4241, 2: 0.5401, 3: 0.5144, 4: 0.409}",1,['STOP_INSPECTION'],0.0,0.0,FB7_Proposed,124
lot_nonadd_0124,FB5_State_Blind,potato,ADVERSARIAL,0.376,0.116,0.26,MARKDOWN,1.0,0.0,0.0,300.0,6.0,4.8,310.8,120.0,"{0: 0.01, 1: 0.4241, 2: 0.5401, 3: 0.5144, 4: 0.409}",12,"['WAIT_SETTLE', 'WAIT_SETTLE', 'WAIT_SETTLE', 'WAIT_SETTLE', 'WAIT_SETTLE', 'WAIT_SETTLE', 'WAIT_SETTLE', 'WAIT_SETTLE', 'WAIT_SETTLE', 'WAIT_SETTLE', 'WAIT_SETTLE', 'WAIT_SETTLE']",6.0,120.0,FB5_State_Blind,124
lot_nonadd_0124,FB6_Additive_Cost,potato,ADVERSARIAL,0.376,0.116,0.26,MARKDOWN,1.0,0.0,0.0,300.0,6.0,4.8,310.8,120.0,"{0: 0.01, 1: 0.4241, 2: 0.5401, 3: 0.5144, 4: 0.409}",12,"['WAIT_SETTLE', 'WAIT_SETTLE', 'WAIT_SETTLE', 'WAIT_SETTLE', 'WAIT_SETTLE', 'WAIT_SETTLE', 'WAIT_SETTLE', 'WAIT_SETTLE', 'WAIT_SETTLE', 'WAIT_SETTLE', 'WAIT_SETTLE', 'WAIT_SETTLE']",6.0,120.0,FB6_Additive_Cost,124
lot_nonadd_0125,FB7_Exposure_Aware,potato,ADVERSARIAL,0.376,0.116,0.26,MARKDOWN,1.0,0.0,0.0,300.0,0.0,0.0,300.0,0.0,"{0: 0.01, 1: 0.5306, 2: 0.5405, 3: 0.3692, 4: 0.4382}",1,['STOP_INSPECTION'],0.0,0.0,FB7_Proposed,125
lot_nonadd_0125,FB5_State_Blind,potato,ADVERSARIAL,0.376,0.116,0.26,MARKDOWN,1.0,0.0,0.0,300.0,6.0,4.8,310.8,120.0,"{0: 0.01, 1: 0.5306, 2: 0.5405, 3: 0.3692, 4: 0.4382}",12,"['WAIT_SETTLE', 'WAIT_SETTLE', 'WAIT_SETTLE', 'WAIT_SETTLE', 'WAIT_SETTLE', 'WAIT_SETTLE', 'WAIT_SETTLE', 'WAIT_SETTLE', 'WAIT_SETTLE', 'WAIT_SETTLE', 'WAIT_SETTLE', 'WAIT_SETTLE']",6.0,120.0,FB5_State_Blind,125
lot_nonadd_0125,FB6_Additive_Cost,potato,ADVERSARIAL,0.376,0.116,0.26,MARKDOWN,1.0,0.0,0.0,300.0,6.0,4.8,310.8,120.0,"{0: 0.01, 1: 0.5306, 2: 0.5405, 3: 0.3692, 4: 0.4382}",12,"['WAIT_SETTLE', 'WAIT_SETTLE', 'WAIT_SETTLE', 'WAIT_SETTLE', 'WAIT_SETTLE', 'WAIT_SETTLE', 'WAIT_SETTLE', 'WAIT_SETTLE', 'WAIT_SETTLE', 'WAIT_SETTLE', 'WAIT_SETTLE', 'WAIT_SETTLE']",6.0,120.0,FB6_Additive_Cost,125
lot_nonadd_0126,FB7_Exposure_Aware,potato,ADVERSARIAL,0.344,0.116,0.228,MARKDOWN,0.0,0.0,1.0,0.0,0.0,0.0,0.0,0.0,"{0: 0.01, 1: 0.5168, 2: 0.4788, 3: 0.3541, 4: 0.3679}",1,['STOP_INSPECTION'],0.0,0.0,FB7_Proposed,126
lot_nonadd_0126,FB5_State_Blind,potato,ADVERSARIAL,0.344,0.116,0.228,MARKDOWN,0.0,0.0,1.0,0.0,6.0,4.8,10.8,120.0,"{0: 0.01, 1: 0.5168, 2: 0.4788, 3: 0.3541, 4: 0.3679}",12,"['WAIT_SETTLE', 'WAIT_SETTLE', 'WAIT_SETTLE', 'WAIT_SETTLE', 'WAIT_SETTLE', 'WAIT_SETTLE', 'WAIT_SETTLE', 'WAIT_SETTLE', 'WAIT_SETTLE', 'WAIT_SETTLE', 'WAIT_SETTLE', 'WAIT_SETTLE']",6.0,120.0,FB5_State_Blind,126
lot_nonadd_0126,FB6_Additive_Cost,potato,ADVERSARIAL,0.344,0.116,0.228,MARKDOWN,0.0,0.0,1.0,0.0,6.0,4.8,10.8,120.0,"{0: 0.01, 1: 0.5168, 2: 0.4788, 3: 0.3541, 4: 0.3679}",12,"['WAIT_SETTLE', 'WAIT_SETTLE', 'WAIT_SETTLE', 'WAIT_SETTLE', 'WAIT_SETTLE', 'WAIT_SETTLE', 'WAIT_SETTLE', 'WAIT_SETTLE', 'WAIT_SETTLE', 'WAIT_SETTLE', 'WAIT_SETTLE', 'WAIT_SETTLE']",6.0,120.0,FB6_Additive_Cost,126
lot_nonadd_0127,FB7_Exposure_Aware,potato,ADVERSARIAL,0.316,0.116,0.2,MARKDOWN,0.0,0.0,1.0,0.0,0.0,0.0,0.0,0.0,"{0: 0.01, 1: 0.4835, 2: 0.3016, 3: 0.471, 4: 0.3176}",1,['STOP_INSPECTION'],0.0,0.0,FB7_Proposed,127
lot_nonadd_0127,FB5_State_Blind,potato,ADVERSARIAL,0.316,0.116,0.2,MARKDOWN,0.0,0.0,1.0,0.0,6.0,4.8,10.8,120.0,"{0: 0.01, 1: 0.4835, 2: 0.3016, 3: 0.471, 4: 0.3176}",12,"['WAIT_SETTLE', 'WAIT_SETTLE', 'WAIT_SETTLE', 'WAIT_SETTLE', 'WAIT_SETTLE', 'WAIT_SETTLE', 'WAIT_SETTLE', 'WAIT_SETTLE', 'WAIT_SETTLE', 'WAIT_SETTLE', 'WAIT_SETTLE', 'WAIT_SETTLE']",6.0,120.0,FB5_State_Blind,127
lot_nonadd_0127,FB6_Additive_Cost,potato,ADVERSARIAL,0.316,0.116,0.2,MARKDOWN,0.0,0.0,1.0,0.0,6.0,4.8,10.8,120.0,"{0: 0.01, 1: 0.4835, 2: 0.3016, 3: 0.471, 4: 0.3176}",12,"['WAIT_SETTLE', 'WAIT_SETTLE', 'WAIT_SETTLE', 'WAIT_SETTLE', 'WAIT_SETTLE', 'WAIT_SETTLE', 'WAIT_SETTLE', 'WAIT_SETTLE', 'WAIT_SETTLE', 'WAIT_SETTLE', 'WAIT_SETTLE', 'WAIT_SETTLE']",6.0,120.0,FB6_Additive_Cost,127
lot_nonadd_0128,FB7_Exposure_Aware,potato,ADVERSARIAL,0.32,0.116,0.204,MARKDOWN,0.0,0.0,1.0,0.0,0.0,0.0,0.0,0.0,"{0: 0.01, 1: 0.4353, 2: 0.3789, 3: 0.3711, 4: 0.4004}",1,['STOP_INSPECTION'],0.0,0.0,FB7_Proposed,128
lot_nonadd_0128,FB5_State_Blind,potato,ADVERSARIAL,0.32,0.116,0.204,MARKDOWN,0.0,0.0,1.0,0.0,6.0,4.8,10.8,120.0,"{0: 0.01, 1: 0.4353, 2: 0.3789, 3: 0.3711, 4: 0.4004}",12,"['WAIT_SETTLE', 'WAIT_SETTLE', 'WAIT_SETTLE', 'WAIT_SETTLE', 'WAIT_SETTLE', 'WAIT_SETTLE', 'WAIT_SETTLE', 'WAIT_SETTLE', 'WAIT_SETTLE', 'WAIT_SETTLE', 'WAIT_SETTLE', 'WAIT_SETTLE']",6.0,120.0,FB5_State_Blind,128
lot_nonadd_0128,FB6_Additive_Cost,potato,ADVERSARIAL,0.32,0.116,0.204,MARKDOWN,0.0,0.0,1.0,0.0,6.0,4.8,10.8,120.0,"{0: 0.01, 1: 0.4353, 2: 0.3789, 3: 0.3711, 4: 0.4004}",12,"['WAIT_SETTLE', 'WAIT_SETTLE', 'WAIT_SETTLE', 'WAIT_SETTLE', 'WAIT_SETTLE', 'WAIT_SETTLE', 'WAIT_SETTLE', 'WAIT_SETTLE', 'WAIT_SETTLE', 'WAIT_SETTLE', 'WAIT_SETTLE', 'WAIT_SETTLE']",6.0,120.0,FB6_Additive_Cost,128
lot_nonadd_0129,FB7_Exposure_Aware,potato,ADVERSARIAL,0.3,0.116,0.184,MARKDOWN,0.0,0.0,1.0,0.0,0.0,0.0,0.0,0.0,"{0: 0.01, 1: 0.3775, 2: 0.3226, 3: 0.4135, 4: 0.3886}",1,['STOP_INSPECTION'],0.0,0.0,FB7_Proposed,129
lot_nonadd_0129,FB5_State_Blind,potato,ADVERSARIAL,0.3,0.116,0.184,MARKDOWN,0.0,0.0,1.0,0.0,6.0,4.8,10.8,120.0,"{0: 0.01, 1: 0.3775, 2: 0.3226, 3: 0.4135, 4: 0.3886}",12,"['WAIT_SETTLE', 'WAIT_SETTLE', 'WAIT_SETTLE', 'WAIT_SETTLE', 'WAIT_SETTLE', 'WAIT_SETTLE', 'WAIT_SETTLE', 'WAIT_SETTLE', 'WAIT_SETTLE', 'WAIT_SETTLE', 'WAIT_SETTLE', 'WAIT_SETTLE']",6.0,120.0,FB5_State_Blind,129
lot_nonadd_0129,FB6_Additive_Cost,potato,ADVERSARIAL,0.3,0.116,0.184,MARKDOWN,0.0,0.0,1.0,0.0,6.0,4.8,10.8,120.0,"{0: 0.01, 1: 0.3775, 2: 0.3226, 3: 0.4135, 4: 0.3886}",12,"['WAIT_SETTLE', 'WAIT_SETTLE', 'WAIT_SETTLE', 'WAIT_SETTLE', 'WAIT_SETTLE', 'WAIT_SETTLE', 'WAIT_SETTLE', 'WAIT_SETTLE', 'WAIT_SETTLE', 'WAIT_SETTLE', 'WAIT_SETTLE', 'WAIT_SETTLE']",6.0,120.0,FB6_Additive_Cost,129
lot_nonadd_0130,FB7_Exposure_Aware,potato,ADVERSARIAL,0.328,0.116,0.212,MARKDOWN,0.0,0.0,1.0,0.0,0.0,0.0,0.0,0.0,"{0: 0.01, 1: 0.4007, 2: 0.4645, 3: 0.3545, 4: 0.4155}",1,['STOP_INSPECTION'],0.0,0.0,FB7_Proposed,130
lot_nonadd_0130,FB5_State_Blind,potato,ADVERSARIAL,0.328,0.116,0.212,MARKDOWN,0.0,0.0,1.0,0.0,6.0,4.8,10.8,120.0,"{0: 0.01, 1: 0.4007, 2: 0.4645, 3: 0.3545, 4: 0.4155}",12,"['WAIT_SETTLE', 'WAIT_SETTLE', 'WAIT_SETTLE', 'WAIT_SETTLE', 'WAIT_SETTLE', 'WAIT_SETTLE', 'WAIT_SETTLE', 'WAIT_SETTLE', 'WAIT_SETTLE', 'WAIT_SETTLE', 'WAIT_SETTLE', 'WAIT_SETTLE']",6.0,120.0,FB5_State_Blind,130
lot_nonadd_0130,FB6_Additive_Cost,potato,ADVERSARIAL,0.328,0.116,0.212,MARKDOWN,0.0,0.0,1.0,0.0,6.0,4.8,10.8,120.0,"{0: 0.01, 1: 0.4007, 2: 0.4645, 3: 0.3545, 4: 0.4155}",12,"['WAIT_SETTLE', 'WAIT_SETTLE', 'WAIT_SETTLE', 'WAIT_SETTLE', 'WAIT_SETTLE', 'WAIT_SETTLE', 'WAIT_SETTLE', 'WAIT_SETTLE', 'WAIT_SETTLE', 'WAIT_SETTLE', 'WAIT_SETTLE', 'WAIT_SETTLE']",6.0,120.0,FB6_Additive_Cost,130
lot_nonadd_0131,FB7_Exposure_Aware,potato,ADVERSARIAL,0.312,0.116,0.196,MARKDOWN,0.0,0.0,1.0,0.0,0.0,0.0,0.0,0.0,"{0: 0.01, 1: 0.4972, 2: 0.3177, 3: 0.3966, 4: 0.3398}",1,['STOP_INSPECTION'],0.0,0.0,FB7_Proposed,131
lot_nonadd_0131,FB5_State_Blind,potato,ADVERSARIAL,0.312,0.116,0.196,MARKDOWN,0.0,0.0,1.0,0.0,6.0,4.8,10.8,120.0,"{0: 0.01, 1: 0.4972, 2: 0.3177, 3: 0.3966, 4: 0.3398}",12,"['WAIT_SETTLE', 'WAIT_SETTLE', 'WAIT_SETTLE', 'WAIT_SETTLE', 'WAIT_SETTLE', 'WAIT_SETTLE', 'WAIT_SETTLE', 'WAIT_SETTLE', 'WAIT_SETTLE', 'WAIT_SETTLE', 'WAIT_SETTLE', 'WAIT_SETTLE']",6.0,120.0,FB5_State_Blind,131
lot_nonadd_0131,FB6_Additive_Cost,potato,ADVERSARIAL,0.312,0.116,0.196,MARKDOWN,0.0,0.0,1.0,0.0,6.0,4.8,10.8,120.0,"{0: 0.01, 1: 0.4972, 2: 0.3177, 3: 0.3966, 4: 0.3398}",12,"['WAIT_SETTLE', 'WAIT_SETTLE', 'WAIT_SETTLE', 'WAIT_SETTLE', 'WAIT_SETTLE', 'WAIT_SETTLE', 'WAIT_SETTLE', 'WAIT_SETTLE', 'WAIT_SETTLE', 'WAIT_SETTLE', 'WAIT_SETTLE', 'WAIT_SETTLE']",6.0,120.0,FB6_Additive_Cost,131
lot_nonadd_0132,FB7_Exposure_Aware,potato,ADVERSARIAL,0.368,0.116,0.252,MARKDOWN,1.0,0.0,0.0,300.0,0.0,0.0,300.0,0.0,"{0: 0.01, 1: 0.4345, 2: 0.4717, 3: 0.455, 4: 0.4686}",1,['STOP_INSPECTION'],0.0,0.0,FB7_Proposed,132
lot_nonadd_0132,FB5_State_Blind,potato,ADVERSARIAL,0.368,0.116,0.252,MARKDOWN,1.0,0.0,0.0,300.0,6.0,4.8,310.8,120.0,"{0: 0.01, 1: 0.4345, 2: 0.4717, 3: 0.455, 4: 0.4686}",12,"['WAIT_SETTLE', 'WAIT_SETTLE', 'WAIT_SETTLE', 'WAIT_SETTLE', 'WAIT_SETTLE', 'WAIT_SETTLE', 'WAIT_SETTLE', 'WAIT_SETTLE', 'WAIT_SETTLE', 'WAIT_SETTLE', 'WAIT_SETTLE', 'WAIT_SETTLE']",6.0,120.0,FB5_State_Blind,132
lot_nonadd_0132,FB6_Additive_Cost,potato,ADVERSARIAL,0.368,0.116,0.252,MARKDOWN,1.0,0.0,0.0,300.0,6.0,4.8,310.8,120.0,"{0: 0.01, 1: 0.4345, 2: 0.4717, 3: 0.455, 4: 0.4686}",12,"['WAIT_SETTLE', 'WAIT_SETTLE', 'WAIT_SETTLE', 'WAIT_SETTLE', 'WAIT_SETTLE', 'WAIT_SETTLE', 'WAIT_SETTLE', 'WAIT_SETTLE', 'WAIT_SETTLE', 'WAIT_SETTLE', 'WAIT_SETTLE', 'WAIT_SETTLE']",6.0,120.0,FB6_Additive_Cost,132
lot_nonadd_0133,FB7_Exposure_Aware,potato,ADVERSARIAL,0.336,0.116,0.22,MARKDOWN,0.0,0.0,1.0,0.0,0.0,0.0,0.0,0.0,"{0: 0.01, 1: 0.373, 2: 0.3784, 3: 0.3777, 4: 0.5473}",1,['STOP_INSPECTION'],0.0,0.0,FB7_Proposed,133
lot_nonadd_0133,FB5_State_Blind,potato,ADVERSARIAL,0.336,0.116,0.22,MARKDOWN,0.0,0.0,1.0,0.0,6.0,4.8,10.8,120.0,"{0: 0.01, 1: 0.373, 2: 0.3784, 3: 0.3777, 4: 0.5473}",12,"['WAIT_SETTLE', 'WAIT_SETTLE', 'WAIT_SETTLE', 'WAIT_SETTLE', 'WAIT_SETTLE', 'WAIT_SETTLE', 'WAIT_SETTLE', 'WAIT_SETTLE', 'WAIT_SETTLE', 'WAIT_SETTLE', 'WAIT_SETTLE', 'WAIT_SETTLE']",6.0,120.0,FB5_State_Blind,133
lot_nonadd_0133,FB6_Additive_Cost,potato,ADVERSARIAL,0.336,0.116,0.22,MARKDOWN,0.0,0.0,1.0,0.0,6.0,4.8,10.8,120.0,"{0: 0.01, 1: 0.373, 2: 0.3784, 3: 0.3777, 4: 0.5473}",12,"['WAIT_SETTLE', 'WAIT_SETTLE', 'WAIT_SETTLE', 'WAIT_SETTLE', 'WAIT_SETTLE', 'WAIT_SETTLE', 'WAIT_SETTLE', 'WAIT_SETTLE', 'WAIT_SETTLE', 'WAIT_SETTLE', 'WAIT_SETTLE', 'WAIT_SETTLE']",6.0,120.0,FB6_Additive_Cost,133
lot_nonadd_0134,FB7_Exposure_Aware,potato,ADVERSARIAL,0.32,0.116,0.204,MARKDOWN,0.0,0.0,1.0,0.0,0.0,0.0,0.0,0.0,"{0: 0.01, 1: 0.3628, 2: 0.4046, 3: 0.5076, 4: 0.3324}",1,['STOP_INSPECTION'],0.0,0.0,FB7_Proposed,134
lot_nonadd_0134,FB5_State_Blind,potato,ADVERSARIAL,0.32,0.116,0.204,MARKDOWN,0.0,0.0,1.0,0.0,6.0,4.8,10.8,120.0,"{0: 0.01, 1: 0.3628, 2: 0.4046, 3: 0.5076, 4: 0.3324}",12,"['WAIT_SETTLE', 'WAIT_SETTLE', 'WAIT_SETTLE', 'WAIT_SETTLE', 'WAIT_SETTLE', 'WAIT_SETTLE', 'WAIT_SETTLE', 'WAIT_SETTLE', 'WAIT_SETTLE', 'WAIT_SETTLE', 'WAIT_SETTLE', 'WAIT_SETTLE']",6.0,120.0,FB5_State_Blind,134
lot_nonadd_0134,FB6_Additive_Cost,potato,ADVERSARIAL,0.32,0.116,0.204,MARKDOWN,0.0,0.0,1.0,0.0,6.0,4.8,10.8,120.0,"{0: 0.01, 1: 0.3628, 2: 0.4046, 3: 0.5076, 4: 0.3324}",12,"['WAIT_SETTLE', 'WAIT_SETTLE', 'WAIT_SETTLE', 'WAIT_SETTLE', 'WAIT_SETTLE', 'WAIT_SETTLE', 'WAIT_SETTLE', 'WAIT_SETTLE', 'WAIT_SETTLE', 'WAIT_SETTLE', 'WAIT_SETTLE', 'WAIT_SETTLE']",6.0,120.0,FB6_Additive_Cost,134
lot_nonadd_0135,FB7_Exposure_Aware,potato,ADVERSARIAL,0.332,0.116,0.216,MARKDOWN,0.0,0.0,1.0,0.0,0.0,0.0,0.0,0.0,"{0: 0.01, 1: 0.3875, 2: 0.3671, 3: 0.5158, 4: 0.3931}",1,['STOP_INSPECTION'],0.0,0.0,FB7_Proposed,135
lot_nonadd_0135,FB5_State_Blind,potato,ADVERSARIAL,0.332,0.116,0.216,MARKDOWN,0.0,0.0,1.0,0.0,6.0,4.8,10.8,120.0,"{0: 0.01, 1: 0.3875, 2: 0.3671, 3: 0.5158, 4: 0.3931}",12,"['WAIT_SETTLE', 'WAIT_SETTLE', 'WAIT_SETTLE', 'WAIT_SETTLE', 'WAIT_SETTLE', 'WAIT_SETTLE', 'WAIT_SETTLE', 'WAIT_SETTLE', 'WAIT_SETTLE', 'WAIT_SETTLE', 'WAIT_SETTLE', 'WAIT_SETTLE']",6.0,120.0,FB5_State_Blind,135
lot_nonadd_0135,FB6_Additive_Cost,potato,ADVERSARIAL,0.332,0.116,0.216,MARKDOWN,0.0,0.0,1.0,0.0,6.0,4.8,10.8,120.0,"{0: 0.01, 1: 0.3875, 2: 0.3671, 3: 0.5158, 4: 0.3931}",12,"['WAIT_SETTLE', 'WAIT_SETTLE', 'WAIT_SETTLE', 'WAIT_SETTLE', 'WAIT_SETTLE', 'WAIT_SETTLE', 'WAIT_SETTLE', 'WAIT_SETTLE', 'WAIT_SETTLE', 'WAIT_SETTLE', 'WAIT_SETTLE', 'WAIT_SETTLE']",6.0,120.0,FB6_Additive_Cost,135
lot_nonadd_0136,FB7_Exposure_Aware,potato,ADVERSARIAL,0.284,0.116,0.168,MARKDOWN,0.0,0.0,1.0,0.0,0.0,0.0,0.0,0.0,"{0: 0.01, 1: 0.3633, 2: 0.3044, 3: 0.418, 4: 0.333}",1,['STOP_INSPECTION'],0.0,0.0,FB7_Proposed,136
lot_nonadd_0136,FB5_State_Blind,potato,ADVERSARIAL,0.284,0.116,0.168,MARKDOWN,0.0,0.0,1.0,0.0,6.0,4.8,10.8,120.0,"{0: 0.01, 1: 0.3633, 2: 0.3044, 3: 0.418, 4: 0.333}",12,"['WAIT_SETTLE', 'WAIT_SETTLE', 'WAIT_SETTLE', 'WAIT_SETTLE', 'WAIT_SETTLE', 'WAIT_SETTLE', 'WAIT_SETTLE', 'WAIT_SETTLE', 'WAIT_SETTLE', 'WAIT_SETTLE', 'WAIT_SETTLE', 'WAIT_SETTLE']",6.0,120.0,FB5_State_Blind,136
lot_nonadd_0136,FB6_Additive_Cost,potato,ADVERSARIAL,0.284,0.116,0.168,MARKDOWN,0.0,0.0,1.0,0.0,6.0,4.8,10.8,120.0,"{0: 0.01, 1: 0.3633, 2: 0.3044, 3: 0.418, 4: 0.333}",12,"['WAIT_SETTLE', 'WAIT_SETTLE', 'WAIT_SETTLE', 'WAIT_SETTLE', 'WAIT_SETTLE', 'WAIT_SETTLE', 'WAIT_SETTLE', 'WAIT_SETTLE', 'WAIT_SETTLE', 'WAIT_SETTLE', 'WAIT_SETTLE', 'WAIT_SETTLE']",6.0,120.0,FB6_Additive_Cost,136
lot_nonadd_0137,FB7_Exposure_Aware,potato,ADVERSARIAL,0.324,0.116,0.208,MARKDOWN,0.0,0.0,1.0,0.0,0.0,0.0,0.0,0.0,"{0: 0.01, 1: 0.3794, 2: 0.3118, 3: 0.4716, 4: 0.4379}",1,['STOP_INSPECTION'],0.0,0.0,FB7_Proposed,137
lot_nonadd_0137,FB5_State_Blind,potato,ADVERSARIAL,0.324,0.116,0.208,MARKDOWN,0.0,0.0,1.0,0.0,6.0,4.8,10.8,120.0,"{0: 0.01, 1: 0.3794, 2: 0.3118, 3: 0.4716, 4: 0.4379}",12,"['WAIT_SETTLE', 'WAIT_SETTLE', 'WAIT_SETTLE', 'WAIT_SETTLE', 'WAIT_SETTLE', 'WAIT_SETTLE', 'WAIT_SETTLE', 'WAIT_SETTLE', 'WAIT_SETTLE', 'WAIT_SETTLE', 'WAIT_SETTLE', 'WAIT_SETTLE']",6.0,120.0,FB5_State_Blind,137
lot_nonadd_0137,FB6_Additive_Cost,potato,ADVERSARIAL,0.324,0.116,0.208,MARKDOWN,0.0,0.0,1.0,0.0,6.0,4.8,10.8,120.0,"{0: 0.01, 1: 0.3794, 2: 0.3118, 3: 0.4716, 4: 0.4379}",12,"['WAIT_SETTLE', 'WAIT_SETTLE', 'WAIT_SETTLE', 'WAIT_SETTLE', 'WAIT_SETTLE', 'WAIT_SETTLE', 'WAIT_SETTLE', 'WAIT_SETTLE', 'WAIT_SETTLE', 'WAIT_SETTLE', 'WAIT_SETTLE', 'WAIT_SETTLE']",6.0,120.0,FB6_Additive_Cost,137
lot_nonadd_0138,FB7_Exposure_Aware,potato,ADVERSARIAL,0.368,0.116,0.252,MARKDOWN,1.0,0.0,0.0,300.0,0.0,0.0,300.0,0.0,"{0: 0.01, 1: 0.5233, 2: 0.3548, 3: 0.5347, 4: 0.414}",1,['STOP_INSPECTION'],0.0,0.0,FB7_Proposed,138
lot_nonadd_0138,FB5_State_Blind,potato,ADVERSARIAL,0.368,0.116,0.252,MARKDOWN,1.0,0.0,0.0,300.0,6.0,4.8,310.8,120.0,"{0: 0.01, 1: 0.5233, 2: 0.3548, 3: 0.5347, 4: 0.414}",12,"['WAIT_SETTLE', 'WAIT_SETTLE', 'WAIT_SETTLE', 'WAIT_SETTLE', 'WAIT_SETTLE', 'WAIT_SETTLE', 'WAIT_SETTLE', 'WAIT_SETTLE', 'WAIT_SETTLE', 'WAIT_SETTLE', 'WAIT_SETTLE', 'WAIT_SETTLE']",6.0,120.0,FB5_State_Blind,138
lot_nonadd_0138,FB6_Additive_Cost,potato,ADVERSARIAL,0.368,0.116,0.252,MARKDOWN,1.0,0.0,0.0,300.0,6.0,4.8,310.8,120.0,"{0: 0.01, 1: 0.5233, 2: 0.3548, 3: 0.5347, 4: 0.414}",12,"['WAIT_SETTLE', 'WAIT_SETTLE', 'WAIT_SETTLE', 'WAIT_SETTLE', 'WAIT_SETTLE', 'WAIT_SETTLE', 'WAIT_SETTLE', 'WAIT_SETTLE', 'WAIT_SETTLE', 'WAIT_SETTLE', 'WAIT_SETTLE', 'WAIT_SETTLE']",6.0,120.0,FB6_Additive_Cost,138
lot_nonadd_0139,FB7_Exposure_Aware,potato,ADVERSARIAL,0.348,0.116,0.232,MARKDOWN,0.0,0.0,1.0,0.0,0.0,0.0,0.0,0.0,"{0: 0.01, 1: 0.4642, 2: 0.3461, 3: 0.4948, 4: 0.4473}",1,['STOP_INSPECTION'],0.0,0.0,FB7_Proposed,139
lot_nonadd_0139,FB5_State_Blind,potato,ADVERSARIAL,0.348,0.116,0.232,MARKDOWN,0.0,0.0,1.0,0.0,6.0,4.8,10.8,120.0,"{0: 0.01, 1: 0.4642, 2: 0.3461, 3: 0.4948, 4: 0.4473}",12,"['WAIT_SETTLE', 'WAIT_SETTLE', 'WAIT_SETTLE', 'WAIT_SETTLE', 'WAIT_SETTLE', 'WAIT_SETTLE', 'WAIT_SETTLE', 'WAIT_SETTLE', 'WAIT_SETTLE', 'WAIT_SETTLE', 'WAIT_SETTLE', 'WAIT_SETTLE']",6.0,120.0,FB5_State_Blind,139
lot_nonadd_0139,FB6_Additive_Cost,potato,ADVERSARIAL,0.348,0.116,0.232,MARKDOWN,0.0,0.0,1.0,0.0,6.0,4.8,10.8,120.0,"{0: 0.01, 1: 0.4642, 2: 0.3461, 3: 0.4948, 4: 0.4473}",12,"['WAIT_SETTLE', 'WAIT_SETTLE', 'WAIT_SETTLE', 'WAIT_SETTLE', 'WAIT_SETTLE', 'WAIT_SETTLE', 'WAIT_SETTLE', 'WAIT_SETTLE', 'WAIT_SETTLE', 'WAIT_SETTLE', 'WAIT_SETTLE', 'WAIT_SETTLE']",6.0,120.0,FB6_Additive_Cost,139
lot_nonadd_0140,FB7_Exposure_Aware,potato,ADVERSARIAL,0.34,0.116,0.224,MARKDOWN,0.0,0.0,1.0,0.0,0.0,0.0,0.0,0.0,"{0: 0.01, 1: 0.4768, 2: 0.3746, 3: 0.5063, 4: 0.3428}",1,['STOP_INSPECTION'],0.0,0.0,FB7_Proposed,140
lot_nonadd_0140,FB5_State_Blind,potato,ADVERSARIAL,0.34,0.116,0.224,MARKDOWN,0.0,0.0,1.0,0.0,6.0,4.8,10.8,120.0,"{0: 0.01, 1: 0.4768, 2: 0.3746, 3: 0.5063, 4: 0.3428}",12,"['WAIT_SETTLE', 'WAIT_SETTLE', 'WAIT_SETTLE', 'WAIT_SETTLE', 'WAIT_SETTLE', 'WAIT_SETTLE', 'WAIT_SETTLE', 'WAIT_SETTLE', 'WAIT_SETTLE', 'WAIT_SETTLE', 'WAIT_SETTLE', 'WAIT_SETTLE']",6.0,120.0,FB5_State_Blind,140
lot_nonadd_0140,FB6_Additive_Cost,potato,ADVERSARIAL,0.34,0.116,0.224,MARKDOWN,0.0,0.0,1.0,0.0,6.0,4.8,10.8,120.0,"{0: 0.01, 1: 0.4768, 2: 0.3746, 3: 0.5063, 4: 0.3428}",12,"['WAIT_SETTLE', 'WAIT_SETTLE', 'WAIT_SETTLE', 'WAIT_SETTLE', 'WAIT_SETTLE', 'WAIT_SETTLE', 'WAIT_SETTLE', 'WAIT_SETTLE', 'WAIT_SETTLE', 'WAIT_SETTLE', 'WAIT_SETTLE', 'WAIT_SETTLE']",6.0,120.0,FB6_Additive_Cost,140
lot_nonadd_0141,FB7_Exposure_Aware,potato,ADVERSARIAL,0.324,0.116,0.208,MARKDOWN,0.0,0.0,1.0,0.0,0.0,0.0,0.0,0.0,"{0: 0.01, 1: 0.5296, 2: 0.3925, 3: 0.371, 4: 0.3153}",1,['STOP_INSPECTION'],0.0,0.0,FB7_Proposed,141
lot_nonadd_0141,FB5_State_Blind,potato,ADVERSARIAL,0.324,0.116,0.208,MARKDOWN,0.0,0.0,1.0,0.0,6.0,4.8,10.8,120.0,"{0: 0.01, 1: 0.5296, 2: 0.3925, 3: 0.371, 4: 0.3153}",12,"['WAIT_SETTLE', 'WAIT_SETTLE', 'WAIT_SETTLE', 'WAIT_SETTLE', 'WAIT_SETTLE', 'WAIT_SETTLE', 'WAIT_SETTLE', 'WAIT_SETTLE', 'WAIT_SETTLE', 'WAIT_SETTLE', 'WAIT_SETTLE', 'WAIT_SETTLE']",6.0,120.0,FB5_State_Blind,141
lot_nonadd_0141,FB6_Additive_Cost,potato,ADVERSARIAL,0.324,0.116,0.208,MARKDOWN,0.0,0.0,1.0,0.0,6.0,4.8,10.8,120.0,"{0: 0.01, 1: 0.5296, 2: 0.3925, 3: 0.371, 4: 0.3153}",12,"['WAIT_SETTLE', 'WAIT_SETTLE', 'WAIT_SETTLE', 'WAIT_SETTLE', 'WAIT_SETTLE', 'WAIT_SETTLE', 'WAIT_SETTLE', 'WAIT_SETTLE', 'WAIT_SETTLE', 'WAIT_SETTLE', 'WAIT_SETTLE', 'WAIT_SETTLE']",6.0,120.0,FB6_Additive_Cost,141
lot_nonadd_0142,FB7_Exposure_Aware,potato,ADVERSARIAL,0.372,0.116,0.256,MARKDOWN,1.0,0.0,0.0,300.0,0.0,0.0,300.0,0.0,"{0: 0.01, 1: 0.3106, 2: 0.5181, 3: 0.496, 4: 0.5246}",1,['STOP_INSPECTION'],0.0,0.0,FB7_Proposed,142
lot_nonadd_0142,FB5_State_Blind,potato,ADVERSARIAL,0.372,0.116,0.256,MARKDOWN,1.0,0.0,0.0,300.0,6.0,4.8,310.8,120.0,"{0: 0.01, 1: 0.3106, 2: 0.5181, 3: 0.496, 4: 0.5246}",12,"['WAIT_SETTLE', 'WAIT_SETTLE', 'WAIT_SETTLE', 'WAIT_SETTLE', 'WAIT_SETTLE', 'WAIT_SETTLE', 'WAIT_SETTLE', 'WAIT_SETTLE', 'WAIT_SETTLE', 'WAIT_SETTLE', 'WAIT_SETTLE', 'WAIT_SETTLE']",6.0,120.0,FB5_State_Blind,142
lot_nonadd_0142,FB6_Additive_Cost,potato,ADVERSARIAL,0.372,0.116,0.256,MARKDOWN,1.0,0.0,0.0,300.0,6.0,4.8,310.8,120.0,"{0: 0.01, 1: 0.3106, 2: 0.5181, 3: 0.496, 4: 0.5246}",12,"['WAIT_SETTLE', 'WAIT_SETTLE', 'WAIT_SETTLE', 'WAIT_SETTLE', 'WAIT_SETTLE', 'WAIT_SETTLE', 'WAIT_SETTLE', 'WAIT_SETTLE', 'WAIT_SETTLE', 'WAIT_SETTLE', 'WAIT_SETTLE', 'WAIT_SETTLE']",6.0,120.0,FB6_Additive_Cost,142
lot_nonadd_0143,FB7_Exposure_Aware,potato,ADVERSARIAL,0.296,0.116,0.18,MARKDOWN,0.0,0.0,1.0,0.0,0.0,0.0,0.0,0.0,"{0: 0.01, 1: 0.472, 2: 0.3017, 3: 0.3225, 4: 0.3768}",1,['STOP_INSPECTION'],0.0,0.0,FB7_Proposed,143
lot_nonadd_0143,FB5_State_Blind,potato,ADVERSARIAL,0.296,0.116,0.18,MARKDOWN,0.0,0.0,1.0,0.0,6.0,4.8,10.8,120.0,"{0: 0.01, 1: 0.472, 2: 0.3017, 3: 0.3225, 4: 0.3768}",12,"['WAIT_SETTLE', 'WAIT_SETTLE', 'WAIT_SETTLE', 'WAIT_SETTLE', 'WAIT_SETTLE', 'WAIT_SETTLE', 'WAIT_SETTLE', 'WAIT_SETTLE', 'WAIT_SETTLE', 'WAIT_SETTLE', 'WAIT_SETTLE', 'WAIT_SETTLE']",6.0,120.0,FB5_State_Blind,143
lot_nonadd_0143,FB6_Additive_Cost,potato,ADVERSARIAL,0.296,0.116,0.18,MARKDOWN,0.0,0.0,1.0,0.0,6.0,4.8,10.8,120.0,"{0: 0.01, 1: 0.472, 2: 0.3017, 3: 0.3225, 4: 0.3768}",12,"['WAIT_SETTLE', 'WAIT_SETTLE', 'WAIT_SETTLE', 'WAIT_SETTLE', 'WAIT_SETTLE', 'WAIT_SETTLE', 'WAIT_SETTLE', 'WAIT_SETTLE', 'WAIT_SETTLE', 'WAIT_SETTLE', 'WAIT_SETTLE', 'WAIT_SETTLE']",6.0,120.0,FB6_Additive_Cost,143
lot_nonadd_0144,FB7_Exposure_Aware,potato,ADVERSARIAL,0.328,0.116,0.212,MARKDOWN,0.0,0.0,1.0,0.0,0.0,0.0,0.0,0.0,"{0: 0.01, 1: 0.4391, 2: 0.4732, 3: 0.4221, 4: 0.31}",1,['STOP_INSPECTION'],0.0,0.0,FB7_Proposed,144
lot_nonadd_0144,FB5_State_Blind,potato,ADVERSARIAL,0.328,0.116,0.212,MARKDOWN,0.0,0.0,1.0,0.0,6.0,4.8,10.8,120.0,"{0: 0.01, 1: 0.4391, 2: 0.4732, 3: 0.4221, 4: 0.31}",12,"['WAIT_SETTLE', 'WAIT_SETTLE', 'WAIT_SETTLE', 'WAIT_SETTLE', 'WAIT_SETTLE', 'WAIT_SETTLE', 'WAIT_SETTLE', 'WAIT_SETTLE', 'WAIT_SETTLE', 'WAIT_SETTLE', 'WAIT_SETTLE', 'WAIT_SETTLE']",6.0,120.0,FB5_State_Blind,144
lot_nonadd_0144,FB6_Additive_Cost,potato,ADVERSARIAL,0.328,0.116,0.212,MARKDOWN,0.0,0.0,1.0,0.0,6.0,4.8,10.8,120.0,"{0: 0.01, 1: 0.4391, 2: 0.4732, 3: 0.4221, 4: 0.31}",12,"['WAIT_SETTLE', 'WAIT_SETTLE', 'WAIT_SETTLE', 'WAIT_SETTLE', 'WAIT_SETTLE', 'WAIT_SETTLE', 'WAIT_SETTLE', 'WAIT_SETTLE', 'WAIT_SETTLE', 'WAIT_SETTLE', 'WAIT_SETTLE', 'WAIT_SETTLE']",6.0,120.0,FB6_Additive_Cost,144
lot_nonadd_0145,FB7_Exposure_Aware,potato,ADVERSARIAL,0.328,0.116,0.212,MARKDOWN,0.0,0.0,1.0,0.0,0.0,0.0,0.0,0.0,"{0: 0.01, 1: 0.3783, 2: 0.4627, 3: 0.3789, 4: 0.4201}",1,['STOP_INSPECTION'],0.0,0.0,FB7_Proposed,145
lot_nonadd_0145,FB5_State_Blind,potato,ADVERSARIAL,0.328,0.116,0.212,MARKDOWN,0.0,0.0,1.0,0.0,6.0,4.8,10.8,120.0,"{0: 0.01, 1: 0.3783, 2: 0.4627, 3: 0.3789, 4: 0.4201}",12,"['WAIT_SETTLE', 'WAIT_SETTLE', 'WAIT_SETTLE', 'WAIT_SETTLE', 'WAIT_SETTLE', 'WAIT_SETTLE', 'WAIT_SETTLE', 'WAIT_SETTLE', 'WAIT_SETTLE', 'WAIT_SETTLE', 'WAIT_SETTLE', 'WAIT_SETTLE']",6.0,120.0,FB5_State_Blind,145
lot_nonadd_0145,FB6_Additive_Cost,potato,ADVERSARIAL,0.328,0.116,0.212,MARKDOWN,0.0,0.0,1.0,0.0,6.0,4.8,10.8,120.0,"{0: 0.01, 1: 0.3783, 2: 0.4627, 3: 0.3789, 4: 0.4201}",12,"['WAIT_SETTLE', 'WAIT_SETTLE', 'WAIT_SETTLE', 'WAIT_SETTLE', 'WAIT_SETTLE', 'WAIT_SETTLE', 'WAIT_SETTLE', 'WAIT_SETTLE', 'WAIT_SETTLE', 'WAIT_SETTLE', 'WAIT_SETTLE', 'WAIT_SETTLE']",6.0,120.0,FB6_Additive_Cost,145
lot_nonadd_0146,FB7_Exposure_Aware,potato,ADVERSARIAL,0.332,0.116,0.216,MARKDOWN,0.0,0.0,1.0,0.0,0.0,0.0,0.0,0.0,"{0: 0.01, 1: 0.3543, 2: 0.4729, 3: 0.3682, 4: 0.4579}",1,['STOP_INSPECTION'],0.0,0.0,FB7_Proposed,146
lot_nonadd_0146,FB5_State_Blind,potato,ADVERSARIAL,0.332,0.116,0.216,MARKDOWN,0.0,0.0,1.0,0.0,6.0,4.8,10.8,120.0,"{0: 0.01, 1: 0.3543, 2: 0.4729, 3: 0.3682, 4: 0.4579}",12,"['WAIT_SETTLE', 'WAIT_SETTLE', 'WAIT_SETTLE', 'WAIT_SETTLE', 'WAIT_SETTLE', 'WAIT_SETTLE', 'WAIT_SETTLE', 'WAIT_SETTLE', 'WAIT_SETTLE', 'WAIT_SETTLE', 'WAIT_SETTLE', 'WAIT_SETTLE']",6.0,120.0,FB5_State_Blind,146
lot_nonadd_0146,FB6_Additive_Cost,potato,ADVERSARIAL,0.332,0.116,0.216,MARKDOWN,0.0,0.0,1.0,0.0,6.0,4.8,10.8,120.0,"{0: 0.01, 1: 0.3543, 2: 0.4729, 3: 0.3682, 4: 0.4579}",12,"['WAIT_SETTLE', 'WAIT_SETTLE', 'WAIT_SETTLE', 'WAIT_SETTLE', 'WAIT_SETTLE', 'WAIT_SETTLE', 'WAIT_SETTLE', 'WAIT_SETTLE', 'WAIT_SETTLE', 'WAIT_SETTLE', 'WAIT_SETTLE', 'WAIT_SETTLE']",6.0,120.0,FB6_Additive_Cost,146
lot_nonadd_0147,FB7_Exposure_Aware,potato,ADVERSARIAL,0.368,0.116,0.252,MARKDOWN,1.0,0.0,0.0,300.0,0.0,0.0,300.0,0.0,"{0: 0.01, 1: 0.4604, 2: 0.5021, 3: 0.4948, 4: 0.3786}",1,['STOP_INSPECTION'],0.0,0.0,FB7_Proposed,147
lot_nonadd_0147,FB5_State_Blind,potato,ADVERSARIAL,0.368,0.116,0.252,MARKDOWN,1.0,0.0,0.0,300.0,6.0,4.8,310.8,120.0,"{0: 0.01, 1: 0.4604, 2: 0.5021, 3: 0.4948, 4: 0.3786}",12,"['WAIT_SETTLE', 'WAIT_SETTLE', 'WAIT_SETTLE', 'WAIT_SETTLE', 'WAIT_SETTLE', 'WAIT_SETTLE', 'WAIT_SETTLE', 'WAIT_SETTLE', 'WAIT_SETTLE', 'WAIT_SETTLE', 'WAIT_SETTLE', 'WAIT_SETTLE']",6.0,120.0,FB5_State_Blind,147
lot_nonadd_0147,FB6_Additive_Cost,potato,ADVERSARIAL,0.368,0.116,0.252,MARKDOWN,1.0,0.0,0.0,300.0,6.0,4.8,310.8,120.0,"{0: 0.01, 1: 0.4604, 2: 0.5021, 3: 0.4948, 4: 0.3786}",12,"['WAIT_SETTLE', 'WAIT_SETTLE', 'WAIT_SETTLE', 'WAIT_SETTLE', 'WAIT_SETTLE', 'WAIT_SETTLE', 'WAIT_SETTLE', 'WAIT_SETTLE', 'WAIT_SETTLE', 'WAIT_SETTLE', 'WAIT_SETTLE', 'WAIT_SETTLE']",6.0,120.0,FB6_Additive_Cost,147
lot_nonadd_0148,FB7_Exposure_Aware,potato,ADVERSARIAL,0.412,0.116,0.296,MARKDOWN,1.0,0.0,0.0,300.0,0.0,0.0,300.0,0.0,"{0: 0.01, 1: 0.4774, 2: 0.5388, 3: 0.5406, 4: 0.4973}",1,['STOP_INSPECTION'],0.0,0.0,FB7_Proposed,148
lot_nonadd_0148,FB5_State_Blind,potato,ADVERSARIAL,0.412,0.116,0.296,MARKDOWN,1.0,0.0,0.0,300.0,6.0,4.8,310.8,120.0,"{0: 0.01, 1: 0.4774, 2: 0.5388, 3: 0.5406, 4: 0.4973}",12,"['WAIT_SETTLE', 'WAIT_SETTLE', 'WAIT_SETTLE', 'WAIT_SETTLE', 'WAIT_SETTLE', 'WAIT_SETTLE', 'WAIT_SETTLE', 'WAIT_SETTLE', 'WAIT_SETTLE', 'WAIT_SETTLE', 'WAIT_SETTLE', 'WAIT_SETTLE']",6.0,120.0,FB5_State_Blind,148
lot_nonadd_0148,FB6_Additive_Cost,potato,ADVERSARIAL,0.412,0.116,0.296,MARKDOWN,1.0,0.0,0.0,300.0,6.0,4.8,310.8,120.0,"{0: 0.01, 1: 0.4774, 2: 0.5388, 3: 0.5406, 4: 0.4973}",12,"['WAIT_SETTLE', 'WAIT_SETTLE', 'WAIT_SETTLE', 'WAIT_SETTLE', 'WAIT_SETTLE', 'WAIT_SETTLE', 'WAIT_SETTLE', 'WAIT_SETTLE', 'WAIT_SETTLE', 'WAIT_SETTLE', 'WAIT_SETTLE', 'WAIT_SETTLE']",6.0,120.0,FB6_Additive_Cost,148
lot_nonadd_0149,FB7_Exposure_Aware,potato,ADVERSARIAL,0.368,0.116,0.252,MARKDOWN,1.0,0.0,0.0,300.0,0.0,0.0,300.0,0.0,"{0: 0.01, 1: 0.4955, 2: 0.444, 3: 0.5377, 4: 0.3648}",1,['STOP_INSPECTION'],0.0,0.0,FB7_Proposed,149
lot_nonadd_0149,FB5_State_Blind,potato,ADVERSARIAL,0.368,0.116,0.252,MARKDOWN,1.0,0.0,0.0,300.0,6.0,4.8,310.8,120.0,"{0: 0.01, 1: 0.4955, 2: 0.444, 3: 0.5377, 4: 0.3648}",12,"['WAIT_SETTLE', 'WAIT_SETTLE', 'WAIT_SETTLE', 'WAIT_SETTLE', 'WAIT_SETTLE', 'WAIT_SETTLE', 'WAIT_SETTLE', 'WAIT_SETTLE', 'WAIT_SETTLE', 'WAIT_SETTLE', 'WAIT_SETTLE', 'WAIT_SETTLE']",6.0,120.0,FB5_State_Blind,149
lot_nonadd_0149,FB6_Additive_Cost,potato,ADVERSARIAL,0.368,0.116,0.252,MARKDOWN,1.0,0.0,0.0,300.0,6.0,4.8,310.8,120.0,"{0: 0.01, 1: 0.4955, 2: 0.444, 3: 0.5377, 4: 0.3648}",12,"['WAIT_SETTLE', 'WAIT_SETTLE', 'WAIT_SETTLE', 'WAIT_SETTLE', 'WAIT_SETTLE', 'WAIT_SETTLE', 'WAIT_SETTLE', 'WAIT_SETTLE', 'WAIT_SETTLE', 'WAIT_SETTLE', 'WAIT_SETTLE', 'WAIT_SETTLE']",6.0,120.0,FB6_Additive_Cost,149
