lot_id,planner,commodity,pattern,true_overall_defect_rate,estimated_defect_rate,residual_risk,chosen_disposition,is_false_accept,is_false_reject,is_correct,disposition_penalty,inspection_cost,deterioration_loss,total_disposition_loss,cumulative_exposure_sec,strata_defect_breakdown,steps_taken,action_sequence,total_spent_inr,elapsed_inspection_time_sec,regime_id,planner_id,trial_idx
bench_REGIME_A_UNIFORM_000,FB0_Surface_Only,potato,UNIFORM,0.148,0.1196,0.0284,MARKDOWN,0.0,0.0,1.0,0.0,2.0,0.2,2.2,5.0,"{0: 0.1648, 1: 0.149, 2: 0.1432, 3: 0.1584, 4: 0.1442}",2,"['OBSERVE_STRATUM', 'STOP_INSPECTION']",2.0,5.0,REGIME_A_UNIFORM,FB0_Surface_Only,0
bench_REGIME_A_UNIFORM_000,FB1_Fixed_Sampling,potato,UNIFORM,0.148,0.124,0.024,MARKDOWN,0.0,0.0,1.0,0.0,45.0,3.0,48.0,75.0,"{0: 0.1648, 1: 0.149, 2: 0.1432, 3: 0.1584, 4: 0.1442}",4,"['SAMPLE_UNITS', 'SAMPLE_UNITS', 'SAMPLE_UNITS', 'STOP_INSPECTION']",45.0,75.0,REGIME_A_UNIFORM,FB1_Fixed_Random,0
bench_REGIME_A_UNIFORM_000,FB2_Depth_Stratified,potato,UNIFORM,0.148,0.1276,0.0204,MARKDOWN,0.0,0.0,1.0,0.0,42.0,11.4,53.4,285.0,"{0: 0.1648, 1: 0.149, 2: 0.1432, 3: 0.1584, 4: 0.1442}",10,"['OBSERVE_STRATUM', 'REMOVE_LAYER', 'OBSERVE_STRATUM', 'REMOVE_LAYER', 'OBSERVE_STRATUM', 'REMOVE_LAYER', 'OBSERVE_STRATUM', 'REMOVE_LAYER', 'OBSERVE_STRATUM', 'STOP_INSPECTION']",42.0,85.0,REGIME_A_UNIFORM,FB2_Depth_Stratified,0
bench_REGIME_A_UNIFORM_000,FB3_Macro_Myopic_VOI,potato,UNIFORM,0.148,0.123,0.025,MARKDOWN,0.0,0.0,1.0,0.0,4.0,0.4,4.4,10.0,"{0: 0.1648, 1: 0.149, 2: 0.1432, 3: 0.1584, 4: 0.1442}",3,"['OBSERVE_STRATUM', 'OBSERVE_STRATUM', 'STOP_INSPECTION']",4.0,10.0,REGIME_A_UNIFORM,FB3_Macro_Myopic_VOI,0
bench_REGIME_A_UNIFORM_000,FB5_State_Blind_Lookahead,potato,UNIFORM,0.148,0.116,0.032,MARKDOWN,0.0,0.0,1.0,0.0,6.0,4.8,10.8,120.0,"{0: 0.1648, 1: 0.149, 2: 0.1432, 3: 0.1584, 4: 0.1442}",12,"['WAIT_SETTLE', 'WAIT_SETTLE', 'WAIT_SETTLE', 'WAIT_SETTLE', 'WAIT_SETTLE', 'WAIT_SETTLE', 'WAIT_SETTLE', 'WAIT_SETTLE', 'WAIT_SETTLE', 'WAIT_SETTLE', 'WAIT_SETTLE', 'WAIT_SETTLE']",6.0,120.0,REGIME_A_UNIFORM,FB5_State_Blind,0
bench_REGIME_A_UNIFORM_000,FB6_Additive_Cost_Planner,potato,UNIFORM,0.148,0.116,0.032,MARKDOWN,0.0,0.0,1.0,0.0,6.0,4.8,10.8,120.0,"{0: 0.1648, 1: 0.149, 2: 0.1432, 3: 0.1584, 4: 0.1442}",12,"['WAIT_SETTLE', 'WAIT_SETTLE', 'WAIT_SETTLE', 'WAIT_SETTLE', 'WAIT_SETTLE', 'WAIT_SETTLE', 'WAIT_SETTLE', 'WAIT_SETTLE', 'WAIT_SETTLE', 'WAIT_SETTLE', 'WAIT_SETTLE', 'WAIT_SETTLE']",6.0,120.0,REGIME_A_UNIFORM,FB6_Additive_Cost,0
bench_REGIME_A_UNIFORM_000,FB7_Exposure_Aware_Planner,potato,UNIFORM,0.148,0.116,0.032,MARKDOWN,0.0,0.0,1.0,0.0,0.0,0.0,0.0,0.0,"{0: 0.1648, 1: 0.149, 2: 0.1432, 3: 0.1584, 4: 0.1442}",1,['STOP_INSPECTION'],0.0,0.0,REGIME_A_UNIFORM,FB7_Proposed,0
bench_REGIME_A_UNIFORM_001,FB0_Surface_Only,potato,UNIFORM,0.14,0.1154,0.0246,MARKDOWN,0.0,0.0,1.0,0.0,2.0,0.2,2.2,5.0,"{0: 0.1355, 1: 0.1577, 2: 0.1294, 3: 0.1608, 4: 0.1293}",2,"['OBSERVE_STRATUM', 'STOP_INSPECTION']",2.0,5.0,REGIME_A_UNIFORM,FB0_Surface_Only,1
bench_REGIME_A_UNIFORM_001,FB1_Fixed_Sampling,potato,UNIFORM,0.14,0.1202,0.0198,MARKDOWN,0.0,0.0,1.0,0.0,45.0,3.0,48.0,75.0,"{0: 0.1355, 1: 0.1577, 2: 0.1294, 3: 0.1608, 4: 0.1293}",4,"['SAMPLE_UNITS', 'SAMPLE_UNITS', 'SAMPLE_UNITS', 'STOP_INSPECTION']",45.0,75.0,REGIME_A_UNIFORM,FB1_Fixed_Random,1
bench_REGIME_A_UNIFORM_001,FB2_Depth_Stratified,potato,UNIFORM,0.14,0.1229,0.0171,MARKDOWN,0.0,0.0,1.0,0.0,42.0,11.4,53.4,285.0,"{0: 0.1355, 1: 0.1577, 2: 0.1294, 3: 0.1608, 4: 0.1293}",10,"['OBSERVE_STRATUM', 'REMOVE_LAYER', 'OBSERVE_STRATUM', 'REMOVE_LAYER', 'OBSERVE_STRATUM', 'REMOVE_LAYER', 'OBSERVE_STRATUM', 'REMOVE_LAYER', 'OBSERVE_STRATUM', 'STOP_INSPECTION']",42.0,85.0,REGIME_A_UNIFORM,FB2_Depth_Stratified,1
bench_REGIME_A_UNIFORM_001,FB3_Macro_Myopic_VOI,potato,UNIFORM,0.14,0.1162,0.0238,MARKDOWN,0.0,0.0,1.0,0.0,2.0,0.2,2.2,5.0,"{0: 0.1355, 1: 0.1577, 2: 0.1294, 3: 0.1608, 4: 0.1293}",2,"['OBSERVE_STRATUM', 'STOP_INSPECTION']",2.0,5.0,REGIME_A_UNIFORM,FB3_Macro_Myopic_VOI,1
bench_REGIME_A_UNIFORM_001,FB5_State_Blind_Lookahead,potato,UNIFORM,0.14,0.116,0.024,MARKDOWN,0.0,0.0,1.0,0.0,6.0,4.8,10.8,120.0,"{0: 0.1355, 1: 0.1577, 2: 0.1294, 3: 0.1608, 4: 0.1293}",12,"['WAIT_SETTLE', 'WAIT_SETTLE', 'WAIT_SETTLE', 'WAIT_SETTLE', 'WAIT_SETTLE', 'WAIT_SETTLE', 'WAIT_SETTLE', 'WAIT_SETTLE', 'WAIT_SETTLE', 'WAIT_SETTLE', 'WAIT_SETTLE', 'WAIT_SETTLE']",6.0,120.0,REGIME_A_UNIFORM,FB5_State_Blind,1
bench_REGIME_A_UNIFORM_001,FB6_Additive_Cost_Planner,potato,UNIFORM,0.14,0.116,0.024,MARKDOWN,0.0,0.0,1.0,0.0,6.0,4.8,10.8,120.0,"{0: 0.1355, 1: 0.1577, 2: 0.1294, 3: 0.1608, 4: 0.1293}",12,"['WAIT_SETTLE', 'WAIT_SETTLE', 'WAIT_SETTLE', 'WAIT_SETTLE', 'WAIT_SETTLE', 'WAIT_SETTLE', 'WAIT_SETTLE', 'WAIT_SETTLE', 'WAIT_SETTLE', 'WAIT_SETTLE', 'WAIT_SETTLE', 'WAIT_SETTLE']",6.0,120.0,REGIME_A_UNIFORM,FB6_Additive_Cost,1
bench_REGIME_A_UNIFORM_001,FB7_Exposure_Aware_Planner,potato,UNIFORM,0.14,0.116,0.024,MARKDOWN,0.0,0.0,1.0,0.0,0.0,0.0,0.0,0.0,"{0: 0.1355, 1: 0.1577, 2: 0.1294, 3: 0.1608, 4: 0.1293}",1,['STOP_INSPECTION'],0.0,0.0,REGIME_A_UNIFORM,FB7_Proposed,1
bench_REGIME_A_UNIFORM_002,FB0_Surface_Only,potato,UNIFORM,0.156,0.1258,0.0302,MARKDOWN,0.0,0.0,1.0,0.0,2.0,0.2,2.2,5.0,"{0: 0.1786, 1: 0.1582, 2: 0.1325, 3: 0.1594, 4: 0.1456}",2,"['OBSERVE_STRATUM', 'STOP_INSPECTION']",2.0,5.0,REGIME_A_UNIFORM,FB0_Surface_Only,2
bench_REGIME_A_UNIFORM_002,FB1_Fixed_Sampling,potato,UNIFORM,0.156,0.1229,0.0331,MARKDOWN,0.0,0.0,1.0,0.0,45.0,3.0,48.0,75.0,"{0: 0.1786, 1: 0.1582, 2: 0.1325, 3: 0.1594, 4: 0.1456}",4,"['SAMPLE_UNITS', 'SAMPLE_UNITS', 'SAMPLE_UNITS', 'STOP_INSPECTION']",45.0,75.0,REGIME_A_UNIFORM,FB1_Fixed_Random,2
bench_REGIME_A_UNIFORM_002,FB2_Depth_Stratified,potato,UNIFORM,0.156,0.1294,0.0266,MARKDOWN,0.0,0.0,1.0,0.0,42.0,11.4,53.4,285.0,"{0: 0.1786, 1: 0.1582, 2: 0.1325, 3: 0.1594, 4: 0.1456}",10,"['OBSERVE_STRATUM', 'REMOVE_LAYER', 'OBSERVE_STRATUM', 'REMOVE_LAYER', 'OBSERVE_STRATUM', 'REMOVE_LAYER', 'OBSERVE_STRATUM', 'REMOVE_LAYER', 'OBSERVE_STRATUM', 'STOP_INSPECTION']",42.0,85.0,REGIME_A_UNIFORM,FB2_Depth_Stratified,2
bench_REGIME_A_UNIFORM_002,FB3_Macro_Myopic_VOI,potato,UNIFORM,0.156,0.1211,0.0349,MARKDOWN,0.0,0.0,1.0,0.0,2.0,0.2,2.2,5.0,"{0: 0.1786, 1: 0.1582, 2: 0.1325, 3: 0.1594, 4: 0.1456}",2,"['OBSERVE_STRATUM', 'STOP_INSPECTION']",2.0,5.0,REGIME_A_UNIFORM,FB3_Macro_Myopic_VOI,2
bench_REGIME_A_UNIFORM_002,FB5_State_Blind_Lookahead,potato,UNIFORM,0.156,0.116,0.04,MARKDOWN,0.0,0.0,1.0,0.0,6.0,4.8,10.8,120.0,"{0: 0.1786, 1: 0.1582, 2: 0.1325, 3: 0.1594, 4: 0.1456}",12,"['WAIT_SETTLE', 'WAIT_SETTLE', 'WAIT_SETTLE', 'WAIT_SETTLE', 'WAIT_SETTLE', 'WAIT_SETTLE', 'WAIT_SETTLE', 'WAIT_SETTLE', 'WAIT_SETTLE', 'WAIT_SETTLE', 'WAIT_SETTLE', 'WAIT_SETTLE']",6.0,120.0,REGIME_A_UNIFORM,FB5_State_Blind,2
bench_REGIME_A_UNIFORM_002,FB6_Additive_Cost_Planner,potato,UNIFORM,0.156,0.116,0.04,MARKDOWN,0.0,0.0,1.0,0.0,6.0,4.8,10.8,120.0,"{0: 0.1786, 1: 0.1582, 2: 0.1325, 3: 0.1594, 4: 0.1456}",12,"['WAIT_SETTLE', 'WAIT_SETTLE', 'WAIT_SETTLE', 'WAIT_SETTLE', 'WAIT_SETTLE', 'WAIT_SETTLE', 'WAIT_SETTLE', 'WAIT_SETTLE', 'WAIT_SETTLE', 'WAIT_SETTLE', 'WAIT_SETTLE', 'WAIT_SETTLE']",6.0,120.0,REGIME_A_UNIFORM,FB6_Additive_Cost,2
bench_REGIME_A_UNIFORM_002,FB7_Exposure_Aware_Planner,potato,UNIFORM,0.156,0.116,0.04,MARKDOWN,0.0,0.0,1.0,0.0,0.0,0.0,0.0,0.0,"{0: 0.1786, 1: 0.1582, 2: 0.1325, 3: 0.1594, 4: 0.1456}",1,['STOP_INSPECTION'],0.0,0.0,REGIME_A_UNIFORM,FB7_Proposed,2
bench_REGIME_A_UNIFORM_003,FB0_Surface_Only,potato,UNIFORM,0.136,0.12,0.016,MARKDOWN,0.0,0.0,1.0,0.0,2.0,0.2,2.2,5.0,"{0: 0.1271, 1: 0.1678, 2: 0.1388, 3: 0.1349, 4: 0.1282}",2,"['OBSERVE_STRATUM', 'STOP_INSPECTION']",2.0,5.0,REGIME_A_UNIFORM,FB0_Surface_Only,3
bench_REGIME_A_UNIFORM_003,FB1_Fixed_Sampling,potato,UNIFORM,0.136,0.1146,0.0214,MARKDOWN,0.0,0.0,1.0,0.0,45.0,3.0,48.0,75.0,"{0: 0.1271, 1: 0.1678, 2: 0.1388, 3: 0.1349, 4: 0.1282}",4,"['SAMPLE_UNITS', 'SAMPLE_UNITS', 'SAMPLE_UNITS', 'STOP_INSPECTION']",45.0,75.0,REGIME_A_UNIFORM,FB1_Fixed_Random,3
bench_REGIME_A_UNIFORM_003,FB2_Depth_Stratified,potato,UNIFORM,0.136,0.1269,0.0091,MARKDOWN,0.0,0.0,1.0,0.0,42.0,11.4,53.4,285.0,"{0: 0.1271, 1: 0.1678, 2: 0.1388, 3: 0.1349, 4: 0.1282}",10,"['OBSERVE_STRATUM', 'REMOVE_LAYER', 'OBSERVE_STRATUM', 'REMOVE_LAYER', 'OBSERVE_STRATUM', 'REMOVE_LAYER', 'OBSERVE_STRATUM', 'REMOVE_LAYER', 'OBSERVE_STRATUM', 'STOP_INSPECTION']",42.0,85.0,REGIME_A_UNIFORM,FB2_Depth_Stratified,3
bench_REGIME_A_UNIFORM_003,FB3_Macro_Myopic_VOI,potato,UNIFORM,0.136,0.1174,0.0186,MARKDOWN,0.0,0.0,1.0,0.0,2.0,0.2,2.2,5.0,"{0: 0.1271, 1: 0.1678, 2: 0.1388, 3: 0.1349, 4: 0.1282}",2,"['OBSERVE_STRATUM', 'STOP_INSPECTION']",2.0,5.0,REGIME_A_UNIFORM,FB3_Macro_Myopic_VOI,3
bench_REGIME_A_UNIFORM_003,FB5_State_Blind_Lookahead,potato,UNIFORM,0.136,0.116,0.02,MARKDOWN,0.0,0.0,1.0,0.0,6.0,4.8,10.8,120.0,"{0: 0.1271, 1: 0.1678, 2: 0.1388, 3: 0.1349, 4: 0.1282}",12,"['WAIT_SETTLE', 'WAIT_SETTLE', 'WAIT_SETTLE', 'WAIT_SETTLE', 'WAIT_SETTLE', 'WAIT_SETTLE', 'WAIT_SETTLE', 'WAIT_SETTLE', 'WAIT_SETTLE', 'WAIT_SETTLE', 'WAIT_SETTLE', 'WAIT_SETTLE']",6.0,120.0,REGIME_A_UNIFORM,FB5_State_Blind,3
bench_REGIME_A_UNIFORM_003,FB6_Additive_Cost_Planner,potato,UNIFORM,0.136,0.116,0.02,MARKDOWN,0.0,0.0,1.0,0.0,6.0,4.8,10.8,120.0,"{0: 0.1271, 1: 0.1678, 2: 0.1388, 3: 0.1349, 4: 0.1282}",12,"['WAIT_SETTLE', 'WAIT_SETTLE', 'WAIT_SETTLE', 'WAIT_SETTLE', 'WAIT_SETTLE', 'WAIT_SETTLE', 'WAIT_SETTLE', 'WAIT_SETTLE', 'WAIT_SETTLE', 'WAIT_SETTLE', 'WAIT_SETTLE', 'WAIT_SETTLE']",6.0,120.0,REGIME_A_UNIFORM,FB6_Additive_Cost,3
bench_REGIME_A_UNIFORM_003,FB7_Exposure_Aware_Planner,potato,UNIFORM,0.136,0.116,0.02,MARKDOWN,0.0,0.0,1.0,0.0,0.0,0.0,0.0,0.0,"{0: 0.1271, 1: 0.1678, 2: 0.1388, 3: 0.1349, 4: 0.1282}",1,['STOP_INSPECTION'],0.0,0.0,REGIME_A_UNIFORM,FB7_Proposed,3
bench_REGIME_A_UNIFORM_004,FB0_Surface_Only,potato,UNIFORM,0.156,0.1174,0.0386,MARKDOWN,0.0,0.0,1.0,0.0,2.0,0.2,2.2,5.0,"{0: 0.1403, 1: 0.1746, 2: 0.1654, 3: 0.1306, 4: 0.166}",2,"['OBSERVE_STRATUM', 'STOP_INSPECTION']",2.0,5.0,REGIME_A_UNIFORM,FB0_Surface_Only,4
bench_REGIME_A_UNIFORM_004,FB1_Fixed_Sampling,potato,UNIFORM,0.156,0.1172,0.0388,MARKDOWN,0.0,0.0,1.0,0.0,45.0,3.0,48.0,75.0,"{0: 0.1403, 1: 0.1746, 2: 0.1654, 3: 0.1306, 4: 0.166}",4,"['SAMPLE_UNITS', 'SAMPLE_UNITS', 'SAMPLE_UNITS', 'STOP_INSPECTION']",45.0,75.0,REGIME_A_UNIFORM,FB1_Fixed_Random,4
bench_REGIME_A_UNIFORM_004,FB2_Depth_Stratified,potato,UNIFORM,0.156,0.1247,0.0313,MARKDOWN,0.0,0.0,1.0,0.0,42.0,11.4,53.4,285.0,"{0: 0.1403, 1: 0.1746, 2: 0.1654, 3: 0.1306, 4: 0.166}",10,"['OBSERVE_STRATUM', 'REMOVE_LAYER', 'OBSERVE_STRATUM', 'REMOVE_LAYER', 'OBSERVE_STRATUM', 'REMOVE_LAYER', 'OBSERVE_STRATUM', 'REMOVE_LAYER', 'OBSERVE_STRATUM', 'STOP_INSPECTION']",42.0,85.0,REGIME_A_UNIFORM,FB2_Depth_Stratified,4
bench_REGIME_A_UNIFORM_004,FB3_Macro_Myopic_VOI,potato,UNIFORM,0.156,0.1217,0.0343,MARKDOWN,0.0,0.0,1.0,0.0,2.0,0.2,2.2,5.0,"{0: 0.1403, 1: 0.1746, 2: 0.1654, 3: 0.1306, 4: 0.166}",2,"['OBSERVE_STRATUM', 'STOP_INSPECTION']",2.0,5.0,REGIME_A_UNIFORM,FB3_Macro_Myopic_VOI,4
bench_REGIME_A_UNIFORM_004,FB5_State_Blind_Lookahead,potato,UNIFORM,0.156,0.116,0.04,MARKDOWN,0.0,0.0,1.0,0.0,6.0,4.8,10.8,120.0,"{0: 0.1403, 1: 0.1746, 2: 0.1654, 3: 0.1306, 4: 0.166}",12,"['WAIT_SETTLE', 'WAIT_SETTLE', 'WAIT_SETTLE', 'WAIT_SETTLE', 'WAIT_SETTLE', 'WAIT_SETTLE', 'WAIT_SETTLE', 'WAIT_SETTLE', 'WAIT_SETTLE', 'WAIT_SETTLE', 'WAIT_SETTLE', 'WAIT_SETTLE']",6.0,120.0,REGIME_A_UNIFORM,FB5_State_Blind,4
bench_REGIME_A_UNIFORM_004,FB6_Additive_Cost_Planner,potato,UNIFORM,0.156,0.116,0.04,MARKDOWN,0.0,0.0,1.0,0.0,6.0,4.8,10.8,120.0,"{0: 0.1403, 1: 0.1746, 2: 0.1654, 3: 0.1306, 4: 0.166}",12,"['WAIT_SETTLE', 'WAIT_SETTLE', 'WAIT_SETTLE', 'WAIT_SETTLE', 'WAIT_SETTLE', 'WAIT_SETTLE', 'WAIT_SETTLE', 'WAIT_SETTLE', 'WAIT_SETTLE', 'WAIT_SETTLE', 'WAIT_SETTLE', 'WAIT_SETTLE']",6.0,120.0,REGIME_A_UNIFORM,FB6_Additive_Cost,4
bench_REGIME_A_UNIFORM_004,FB7_Exposure_Aware_Planner,potato,UNIFORM,0.156,0.116,0.04,MARKDOWN,0.0,0.0,1.0,0.0,0.0,0.0,0.0,0.0,"{0: 0.1403, 1: 0.1746, 2: 0.1654, 3: 0.1306, 4: 0.166}",1,['STOP_INSPECTION'],0.0,0.0,REGIME_A_UNIFORM,FB7_Proposed,4
bench_REGIME_A_UNIFORM_005,FB0_Surface_Only,potato,UNIFORM,0.16,0.1201,0.0399,MARKDOWN,0.0,0.0,1.0,0.0,2.0,0.2,2.2,5.0,"{0: 0.1767, 1: 0.152, 2: 0.1715, 3: 0.1366, 4: 0.1436}",2,"['OBSERVE_STRATUM', 'STOP_INSPECTION']",2.0,5.0,REGIME_A_UNIFORM,FB0_Surface_Only,5
bench_REGIME_A_UNIFORM_005,FB1_Fixed_Sampling,potato,UNIFORM,0.16,0.1255,0.0345,MARKDOWN,0.0,0.0,1.0,0.0,45.0,3.0,48.0,75.0,"{0: 0.1767, 1: 0.152, 2: 0.1715, 3: 0.1366, 4: 0.1436}",4,"['SAMPLE_UNITS', 'SAMPLE_UNITS', 'SAMPLE_UNITS', 'STOP_INSPECTION']",45.0,75.0,REGIME_A_UNIFORM,FB1_Fixed_Random,5
bench_REGIME_A_UNIFORM_005,FB2_Depth_Stratified,potato,UNIFORM,0.16,0.1377,0.0223,MARKDOWN,0.0,0.0,1.0,0.0,42.0,11.4,53.4,285.0,"{0: 0.1767, 1: 0.152, 2: 0.1715, 3: 0.1366, 4: 0.1436}",10,"['OBSERVE_STRATUM', 'REMOVE_LAYER', 'OBSERVE_STRATUM', 'REMOVE_LAYER', 'OBSERVE_STRATUM', 'REMOVE_LAYER', 'OBSERVE_STRATUM', 'REMOVE_LAYER', 'OBSERVE_STRATUM', 'STOP_INSPECTION']",42.0,85.0,REGIME_A_UNIFORM,FB2_Depth_Stratified,5
bench_REGIME_A_UNIFORM_005,FB3_Macro_Myopic_VOI,potato,UNIFORM,0.16,0.1194,0.0406,MARKDOWN,0.0,0.0,1.0,0.0,2.0,0.2,2.2,5.0,"{0: 0.1767, 1: 0.152, 2: 0.1715, 3: 0.1366, 4: 0.1436}",2,"['OBSERVE_STRATUM', 'STOP_INSPECTION']",2.0,5.0,REGIME_A_UNIFORM,FB3_Macro_Myopic_VOI,5
bench_REGIME_A_UNIFORM_005,FB5_State_Blind_Lookahead,potato,UNIFORM,0.16,0.116,0.044,MARKDOWN,0.0,0.0,1.0,0.0,6.0,4.8,10.8,120.0,"{0: 0.1767, 1: 0.152, 2: 0.1715, 3: 0.1366, 4: 0.1436}",12,"['WAIT_SETTLE', 'WAIT_SETTLE', 'WAIT_SETTLE', 'WAIT_SETTLE', 'WAIT_SETTLE', 'WAIT_SETTLE', 'WAIT_SETTLE', 'WAIT_SETTLE', 'WAIT_SETTLE', 'WAIT_SETTLE', 'WAIT_SETTLE', 'WAIT_SETTLE']",6.0,120.0,REGIME_A_UNIFORM,FB5_State_Blind,5
bench_REGIME_A_UNIFORM_005,FB6_Additive_Cost_Planner,potato,UNIFORM,0.16,0.116,0.044,MARKDOWN,0.0,0.0,1.0,0.0,6.0,4.8,10.8,120.0,"{0: 0.1767, 1: 0.152, 2: 0.1715, 3: 0.1366, 4: 0.1436}",12,"['WAIT_SETTLE', 'WAIT_SETTLE', 'WAIT_SETTLE', 'WAIT_SETTLE', 'WAIT_SETTLE', 'WAIT_SETTLE', 'WAIT_SETTLE', 'WAIT_SETTLE', 'WAIT_SETTLE', 'WAIT_SETTLE', 'WAIT_SETTLE', 'WAIT_SETTLE']",6.0,120.0,REGIME_A_UNIFORM,FB6_Additive_Cost,5
bench_REGIME_A_UNIFORM_005,FB7_Exposure_Aware_Planner,potato,UNIFORM,0.16,0.116,0.044,MARKDOWN,0.0,0.0,1.0,0.0,0.0,0.0,0.0,0.0,"{0: 0.1767, 1: 0.152, 2: 0.1715, 3: 0.1366, 4: 0.1436}",1,['STOP_INSPECTION'],0.0,0.0,REGIME_A_UNIFORM,FB7_Proposed,5
bench_REGIME_A_UNIFORM_006,FB0_Surface_Only,potato,UNIFORM,0.152,0.1151,0.0369,MARKDOWN,0.0,0.0,1.0,0.0,2.0,0.2,2.2,5.0,"{0: 0.142, 1: 0.1436, 2: 0.1309, 3: 0.1554, 4: 0.179}",2,"['OBSERVE_STRATUM', 'STOP_INSPECTION']",2.0,5.0,REGIME_A_UNIFORM,FB0_Surface_Only,6
bench_REGIME_A_UNIFORM_006,FB1_Fixed_Sampling,potato,UNIFORM,0.152,0.1196,0.0324,MARKDOWN,0.0,0.0,1.0,0.0,45.0,3.0,48.0,75.0,"{0: 0.142, 1: 0.1436, 2: 0.1309, 3: 0.1554, 4: 0.179}",4,"['SAMPLE_UNITS', 'SAMPLE_UNITS', 'SAMPLE_UNITS', 'STOP_INSPECTION']",45.0,75.0,REGIME_A_UNIFORM,FB1_Fixed_Random,6
bench_REGIME_A_UNIFORM_006,FB2_Depth_Stratified,potato,UNIFORM,0.152,0.1285,0.0235,MARKDOWN,0.0,0.0,1.0,0.0,42.0,11.4,53.4,285.0,"{0: 0.142, 1: 0.1436, 2: 0.1309, 3: 0.1554, 4: 0.179}",10,"['OBSERVE_STRATUM', 'REMOVE_LAYER', 'OBSERVE_STRATUM', 'REMOVE_LAYER', 'OBSERVE_STRATUM', 'REMOVE_LAYER', 'OBSERVE_STRATUM', 'REMOVE_LAYER', 'OBSERVE_STRATUM', 'STOP_INSPECTION']",42.0,85.0,REGIME_A_UNIFORM,FB2_Depth_Stratified,6
bench_REGIME_A_UNIFORM_006,FB3_Macro_Myopic_VOI,potato,UNIFORM,0.152,0.1167,0.0353,MARKDOWN,0.0,0.0,1.0,0.0,2.0,0.2,2.2,5.0,"{0: 0.142, 1: 0.1436, 2: 0.1309, 3: 0.1554, 4: 0.179}",2,"['OBSERVE_STRATUM', 'STOP_INSPECTION']",2.0,5.0,REGIME_A_UNIFORM,FB3_Macro_Myopic_VOI,6
bench_REGIME_A_UNIFORM_006,FB5_State_Blind_Lookahead,potato,UNIFORM,0.152,0.116,0.036,MARKDOWN,0.0,0.0,1.0,0.0,6.0,4.8,10.8,120.0,"{0: 0.142, 1: 0.1436, 2: 0.1309, 3: 0.1554, 4: 0.179}",12,"['WAIT_SETTLE', 'WAIT_SETTLE', 'WAIT_SETTLE', 'WAIT_SETTLE', 'WAIT_SETTLE', 'WAIT_SETTLE', 'WAIT_SETTLE', 'WAIT_SETTLE', 'WAIT_SETTLE', 'WAIT_SETTLE', 'WAIT_SETTLE', 'WAIT_SETTLE']",6.0,120.0,REGIME_A_UNIFORM,FB5_State_Blind,6
bench_REGIME_A_UNIFORM_006,FB6_Additive_Cost_Planner,potato,UNIFORM,0.152,0.116,0.036,MARKDOWN,0.0,0.0,1.0,0.0,6.0,4.8,10.8,120.0,"{0: 0.142, 1: 0.1436, 2: 0.1309, 3: 0.1554, 4: 0.179}",12,"['WAIT_SETTLE', 'WAIT_SETTLE', 'WAIT_SETTLE', 'WAIT_SETTLE', 'WAIT_SETTLE', 'WAIT_SETTLE', 'WAIT_SETTLE', 'WAIT_SETTLE', 'WAIT_SETTLE', 'WAIT_SETTLE', 'WAIT_SETTLE', 'WAIT_SETTLE']",6.0,120.0,REGIME_A_UNIFORM,FB6_Additive_Cost,6
bench_REGIME_A_UNIFORM_006,FB7_Exposure_Aware_Planner,potato,UNIFORM,0.152,0.116,0.036,MARKDOWN,0.0,0.0,1.0,0.0,0.0,0.0,0.0,0.0,"{0: 0.142, 1: 0.1436, 2: 0.1309, 3: 0.1554, 4: 0.179}",1,['STOP_INSPECTION'],0.0,0.0,REGIME_A_UNIFORM,FB7_Proposed,6
bench_REGIME_A_UNIFORM_007,FB0_Surface_Only,potato,UNIFORM,0.156,0.1173,0.0387,MARKDOWN,0.0,0.0,1.0,0.0,2.0,0.2,2.2,5.0,"{0: 0.1602, 1: 0.1612, 2: 0.1405, 3: 0.1757, 4: 0.142}",2,"['OBSERVE_STRATUM', 'STOP_INSPECTION']",2.0,5.0,REGIME_A_UNIFORM,FB0_Surface_Only,7
bench_REGIME_A_UNIFORM_007,FB1_Fixed_Sampling,potato,UNIFORM,0.156,0.1211,0.0349,MARKDOWN,0.0,0.0,1.0,0.0,45.0,3.0,48.0,75.0,"{0: 0.1602, 1: 0.1612, 2: 0.1405, 3: 0.1757, 4: 0.142}",4,"['SAMPLE_UNITS', 'SAMPLE_UNITS', 'SAMPLE_UNITS', 'STOP_INSPECTION']",45.0,75.0,REGIME_A_UNIFORM,FB1_Fixed_Random,7
bench_REGIME_A_UNIFORM_007,FB2_Depth_Stratified,potato,UNIFORM,0.156,0.1275,0.0285,MARKDOWN,0.0,0.0,1.0,0.0,42.0,11.4,53.4,285.0,"{0: 0.1602, 1: 0.1612, 2: 0.1405, 3: 0.1757, 4: 0.142}",10,"['OBSERVE_STRATUM', 'REMOVE_LAYER', 'OBSERVE_STRATUM', 'REMOVE_LAYER', 'OBSERVE_STRATUM', 'REMOVE_LAYER', 'OBSERVE_STRATUM', 'REMOVE_LAYER', 'OBSERVE_STRATUM', 'STOP_INSPECTION']",42.0,85.0,REGIME_A_UNIFORM,FB2_Depth_Stratified,7
bench_REGIME_A_UNIFORM_007,FB3_Macro_Myopic_VOI,potato,UNIFORM,0.156,0.1136,0.0424,MARKDOWN,0.0,0.0,1.0,0.0,2.0,0.2,2.2,5.0,"{0: 0.1602, 1: 0.1612, 2: 0.1405, 3: 0.1757, 4: 0.142}",2,"['OBSERVE_STRATUM', 'STOP_INSPECTION']",2.0,5.0,REGIME_A_UNIFORM,FB3_Macro_Myopic_VOI,7
bench_REGIME_A_UNIFORM_007,FB5_State_Blind_Lookahead,potato,UNIFORM,0.156,0.116,0.04,MARKDOWN,0.0,0.0,1.0,0.0,6.0,4.8,10.8,120.0,"{0: 0.1602, 1: 0.1612, 2: 0.1405, 3: 0.1757, 4: 0.142}",12,"['WAIT_SETTLE', 'WAIT_SETTLE', 'WAIT_SETTLE', 'WAIT_SETTLE', 'WAIT_SETTLE', 'WAIT_SETTLE', 'WAIT_SETTLE', 'WAIT_SETTLE', 'WAIT_SETTLE', 'WAIT_SETTLE', 'WAIT_SETTLE', 'WAIT_SETTLE']",6.0,120.0,REGIME_A_UNIFORM,FB5_State_Blind,7
bench_REGIME_A_UNIFORM_007,FB6_Additive_Cost_Planner,potato,UNIFORM,0.156,0.116,0.04,MARKDOWN,0.0,0.0,1.0,0.0,6.0,4.8,10.8,120.0,"{0: 0.1602, 1: 0.1612, 2: 0.1405, 3: 0.1757, 4: 0.142}",12,"['WAIT_SETTLE', 'WAIT_SETTLE', 'WAIT_SETTLE', 'WAIT_SETTLE', 'WAIT_SETTLE', 'WAIT_SETTLE', 'WAIT_SETTLE', 'WAIT_SETTLE', 'WAIT_SETTLE', 'WAIT_SETTLE', 'WAIT_SETTLE', 'WAIT_SETTLE']",6.0,120.0,REGIME_A_UNIFORM,FB6_Additive_Cost,7
bench_REGIME_A_UNIFORM_007,FB7_Exposure_Aware_Planner,potato,UNIFORM,0.156,0.116,0.04,MARKDOWN,0.0,0.0,1.0,0.0,0.0,0.0,0.0,0.0,"{0: 0.1602, 1: 0.1612, 2: 0.1405, 3: 0.1757, 4: 0.142}",1,['STOP_INSPECTION'],0.0,0.0,REGIME_A_UNIFORM,FB7_Proposed,7
bench_REGIME_A_UNIFORM_008,FB0_Surface_Only,potato,UNIFORM,0.144,0.1169,0.0271,MARKDOWN,0.0,0.0,1.0,0.0,2.0,0.2,2.2,5.0,"{0: 0.1376, 1: 0.1328, 2: 0.1661, 3: 0.1491, 4: 0.1362}",2,"['OBSERVE_STRATUM', 'STOP_INSPECTION']",2.0,5.0,REGIME_A_UNIFORM,FB0_Surface_Only,8
bench_REGIME_A_UNIFORM_008,FB1_Fixed_Sampling,potato,UNIFORM,0.144,0.1207,0.0233,MARKDOWN,0.0,0.0,1.0,0.0,45.0,3.0,48.0,75.0,"{0: 0.1376, 1: 0.1328, 2: 0.1661, 3: 0.1491, 4: 0.1362}",4,"['SAMPLE_UNITS', 'SAMPLE_UNITS', 'SAMPLE_UNITS', 'STOP_INSPECTION']",45.0,75.0,REGIME_A_UNIFORM,FB1_Fixed_Random,8
bench_REGIME_A_UNIFORM_008,FB2_Depth_Stratified,potato,UNIFORM,0.144,0.1209,0.0231,MARKDOWN,0.0,0.0,1.0,0.0,42.0,11.4,53.4,285.0,"{0: 0.1376, 1: 0.1328, 2: 0.1661, 3: 0.1491, 4: 0.1362}",10,"['OBSERVE_STRATUM', 'REMOVE_LAYER', 'OBSERVE_STRATUM', 'REMOVE_LAYER', 'OBSERVE_STRATUM', 'REMOVE_LAYER', 'OBSERVE_STRATUM', 'REMOVE_LAYER', 'OBSERVE_STRATUM', 'STOP_INSPECTION']",42.0,85.0,REGIME_A_UNIFORM,FB2_Depth_Stratified,8
bench_REGIME_A_UNIFORM_008,FB3_Macro_Myopic_VOI,potato,UNIFORM,0.144,0.1206,0.0234,MARKDOWN,0.0,0.0,1.0,0.0,2.0,0.2,2.2,5.0,"{0: 0.1376, 1: 0.1328, 2: 0.1661, 3: 0.1491, 4: 0.1362}",2,"['OBSERVE_STRATUM', 'STOP_INSPECTION']",2.0,5.0,REGIME_A_UNIFORM,FB3_Macro_Myopic_VOI,8
bench_REGIME_A_UNIFORM_008,FB5_State_Blind_Lookahead,potato,UNIFORM,0.144,0.116,0.028,MARKDOWN,0.0,0.0,1.0,0.0,6.0,4.8,10.8,120.0,"{0: 0.1376, 1: 0.1328, 2: 0.1661, 3: 0.1491, 4: 0.1362}",12,"['WAIT_SETTLE', 'WAIT_SETTLE', 'WAIT_SETTLE', 'WAIT_SETTLE', 'WAIT_SETTLE', 'WAIT_SETTLE', 'WAIT_SETTLE', 'WAIT_SETTLE', 'WAIT_SETTLE', 'WAIT_SETTLE', 'WAIT_SETTLE', 'WAIT_SETTLE']",6.0,120.0,REGIME_A_UNIFORM,FB5_State_Blind,8
bench_REGIME_A_UNIFORM_008,FB6_Additive_Cost_Planner,potato,UNIFORM,0.144,0.116,0.028,MARKDOWN,0.0,0.0,1.0,0.0,6.0,4.8,10.8,120.0,"{0: 0.1376, 1: 0.1328, 2: 0.1661, 3: 0.1491, 4: 0.1362}",12,"['WAIT_SETTLE', 'WAIT_SETTLE', 'WAIT_SETTLE', 'WAIT_SETTLE', 'WAIT_SETTLE', 'WAIT_SETTLE', 'WAIT_SETTLE', 'WAIT_SETTLE', 'WAIT_SETTLE', 'WAIT_SETTLE', 'WAIT_SETTLE', 'WAIT_SETTLE']",6.0,120.0,REGIME_A_UNIFORM,FB6_Additive_Cost,8
bench_REGIME_A_UNIFORM_008,FB7_Exposure_Aware_Planner,potato,UNIFORM,0.144,0.116,0.028,MARKDOWN,0.0,0.0,1.0,0.0,0.0,0.0,0.0,0.0,"{0: 0.1376, 1: 0.1328, 2: 0.1661, 3: 0.1491, 4: 0.1362}",1,['STOP_INSPECTION'],0.0,0.0,REGIME_A_UNIFORM,FB7_Proposed,8
bench_REGIME_A_UNIFORM_009,FB0_Surface_Only,potato,UNIFORM,0.156,0.117,0.039,MARKDOWN,0.0,0.0,1.0,0.0,2.0,0.2,2.2,5.0,"{0: 0.1679, 1: 0.1434, 2: 0.1766, 3: 0.1476, 4: 0.1522}",2,"['OBSERVE_STRATUM', 'STOP_INSPECTION']",2.0,5.0,REGIME_A_UNIFORM,FB0_Surface_Only,9
bench_REGIME_A_UNIFORM_009,FB1_Fixed_Sampling,potato,UNIFORM,0.156,0.1226,0.0334,MARKDOWN,0.0,0.0,1.0,0.0,45.0,3.0,48.0,75.0,"{0: 0.1679, 1: 0.1434, 2: 0.1766, 3: 0.1476, 4: 0.1522}",4,"['SAMPLE_UNITS', 'SAMPLE_UNITS', 'SAMPLE_UNITS', 'STOP_INSPECTION']",45.0,75.0,REGIME_A_UNIFORM,FB1_Fixed_Random,9
bench_REGIME_A_UNIFORM_009,FB2_Depth_Stratified,potato,UNIFORM,0.156,0.1369,0.0191,MARKDOWN,0.0,0.0,1.0,0.0,42.0,11.4,53.4,285.0,"{0: 0.1679, 1: 0.1434, 2: 0.1766, 3: 0.1476, 4: 0.1522}",10,"['OBSERVE_STRATUM', 'REMOVE_LAYER', 'OBSERVE_STRATUM', 'REMOVE_LAYER', 'OBSERVE_STRATUM', 'REMOVE_LAYER', 'OBSERVE_STRATUM', 'REMOVE_LAYER', 'OBSERVE_STRATUM', 'STOP_INSPECTION']",42.0,85.0,REGIME_A_UNIFORM,FB2_Depth_Stratified,9
bench_REGIME_A_UNIFORM_009,FB3_Macro_Myopic_VOI,potato,UNIFORM,0.156,0.1201,0.0359,MARKDOWN,0.0,0.0,1.0,0.0,2.0,0.2,2.2,5.0,"{0: 0.1679, 1: 0.1434, 2: 0.1766, 3: 0.1476, 4: 0.1522}",2,"['OBSERVE_STRATUM', 'STOP_INSPECTION']",2.0,5.0,REGIME_A_UNIFORM,FB3_Macro_Myopic_VOI,9
bench_REGIME_A_UNIFORM_009,FB5_State_Blind_Lookahead,potato,UNIFORM,0.156,0.116,0.04,MARKDOWN,0.0,0.0,1.0,0.0,6.0,4.8,10.8,120.0,"{0: 0.1679, 1: 0.1434, 2: 0.1766, 3: 0.1476, 4: 0.1522}",12,"['WAIT_SETTLE', 'WAIT_SETTLE', 'WAIT_SETTLE', 'WAIT_SETTLE', 'WAIT_SETTLE', 'WAIT_SETTLE', 'WAIT_SETTLE', 'WAIT_SETTLE', 'WAIT_SETTLE', 'WAIT_SETTLE', 'WAIT_SETTLE', 'WAIT_SETTLE']",6.0,120.0,REGIME_A_UNIFORM,FB5_State_Blind,9
bench_REGIME_A_UNIFORM_009,FB6_Additive_Cost_Planner,potato,UNIFORM,0.156,0.116,0.04,MARKDOWN,0.0,0.0,1.0,0.0,6.0,4.8,10.8,120.0,"{0: 0.1679, 1: 0.1434, 2: 0.1766, 3: 0.1476, 4: 0.1522}",12,"['WAIT_SETTLE', 'WAIT_SETTLE', 'WAIT_SETTLE', 'WAIT_SETTLE', 'WAIT_SETTLE', 'WAIT_SETTLE', 'WAIT_SETTLE', 'WAIT_SETTLE', 'WAIT_SETTLE', 'WAIT_SETTLE', 'WAIT_SETTLE', 'WAIT_SETTLE']",6.0,120.0,REGIME_A_UNIFORM,FB6_Additive_Cost,9
bench_REGIME_A_UNIFORM_009,FB7_Exposure_Aware_Planner,potato,UNIFORM,0.156,0.116,0.04,MARKDOWN,0.0,0.0,1.0,0.0,0.0,0.0,0.0,0.0,"{0: 0.1679, 1: 0.1434, 2: 0.1766, 3: 0.1476, 4: 0.1522}",1,['STOP_INSPECTION'],0.0,0.0,REGIME_A_UNIFORM,FB7_Proposed,9
bench_REGIME_A_UNIFORM_010,FB0_Surface_Only,potato,UNIFORM,0.148,0.1182,0.0298,MARKDOWN,0.0,0.0,1.0,0.0,2.0,0.2,2.2,5.0,"{0: 0.1202, 1: 0.1363, 2: 0.1777, 3: 0.1724, 4: 0.1234}",2,"['OBSERVE_STRATUM', 'STOP_INSPECTION']",2.0,5.0,REGIME_A_UNIFORM,FB0_Surface_Only,10
bench_REGIME_A_UNIFORM_010,FB1_Fixed_Sampling,potato,UNIFORM,0.148,0.1172,0.0308,MARKDOWN,0.0,0.0,1.0,0.0,45.0,3.0,48.0,75.0,"{0: 0.1202, 1: 0.1363, 2: 0.1777, 3: 0.1724, 4: 0.1234}",4,"['SAMPLE_UNITS', 'SAMPLE_UNITS', 'SAMPLE_UNITS', 'STOP_INSPECTION']",45.0,75.0,REGIME_A_UNIFORM,FB1_Fixed_Random,10
bench_REGIME_A_UNIFORM_010,FB2_Depth_Stratified,potato,UNIFORM,0.148,0.1256,0.0224,MARKDOWN,0.0,0.0,1.0,0.0,42.0,11.4,53.4,285.0,"{0: 0.1202, 1: 0.1363, 2: 0.1777, 3: 0.1724, 4: 0.1234}",10,"['OBSERVE_STRATUM', 'REMOVE_LAYER', 'OBSERVE_STRATUM', 'REMOVE_LAYER', 'OBSERVE_STRATUM', 'REMOVE_LAYER', 'OBSERVE_STRATUM', 'REMOVE_LAYER', 'OBSERVE_STRATUM', 'STOP_INSPECTION']",42.0,85.0,REGIME_A_UNIFORM,FB2_Depth_Stratified,10
bench_REGIME_A_UNIFORM_010,FB3_Macro_Myopic_VOI,potato,UNIFORM,0.148,0.1175,0.0305,MARKDOWN,0.0,0.0,1.0,0.0,2.0,0.2,2.2,5.0,"{0: 0.1202, 1: 0.1363, 2: 0.1777, 3: 0.1724, 4: 0.1234}",2,"['OBSERVE_STRATUM', 'STOP_INSPECTION']",2.0,5.0,REGIME_A_UNIFORM,FB3_Macro_Myopic_VOI,10
bench_REGIME_A_UNIFORM_010,FB5_State_Blind_Lookahead,potato,UNIFORM,0.148,0.116,0.032,MARKDOWN,0.0,0.0,1.0,0.0,6.0,4.8,10.8,120.0,"{0: 0.1202, 1: 0.1363, 2: 0.1777, 3: 0.1724, 4: 0.1234}",12,"['WAIT_SETTLE', 'WAIT_SETTLE', 'WAIT_SETTLE', 'WAIT_SETTLE', 'WAIT_SETTLE', 'WAIT_SETTLE', 'WAIT_SETTLE', 'WAIT_SETTLE', 'WAIT_SETTLE', 'WAIT_SETTLE', 'WAIT_SETTLE', 'WAIT_SETTLE']",6.0,120.0,REGIME_A_UNIFORM,FB5_State_Blind,10
bench_REGIME_A_UNIFORM_010,FB6_Additive_Cost_Planner,potato,UNIFORM,0.148,0.116,0.032,MARKDOWN,0.0,0.0,1.0,0.0,6.0,4.8,10.8,120.0,"{0: 0.1202, 1: 0.1363, 2: 0.1777, 3: 0.1724, 4: 0.1234}",12,"['WAIT_SETTLE', 'WAIT_SETTLE', 'WAIT_SETTLE', 'WAIT_SETTLE', 'WAIT_SETTLE', 'WAIT_SETTLE', 'WAIT_SETTLE', 'WAIT_SETTLE', 'WAIT_SETTLE', 'WAIT_SETTLE', 'WAIT_SETTLE', 'WAIT_SETTLE']",6.0,120.0,REGIME_A_UNIFORM,FB6_Additive_Cost,10
bench_REGIME_A_UNIFORM_010,FB7_Exposure_Aware_Planner,potato,UNIFORM,0.148,0.116,0.032,MARKDOWN,0.0,0.0,1.0,0.0,0.0,0.0,0.0,0.0,"{0: 0.1202, 1: 0.1363, 2: 0.1777, 3: 0.1724, 4: 0.1234}",1,['STOP_INSPECTION'],0.0,0.0,REGIME_A_UNIFORM,FB7_Proposed,10
bench_REGIME_A_UNIFORM_011,FB0_Surface_Only,potato,UNIFORM,0.164,0.1203,0.0437,MARKDOWN,0.0,0.0,1.0,0.0,2.0,0.2,2.2,5.0,"{0: 0.1552, 1: 0.1505, 2: 0.1509, 3: 0.1726, 4: 0.1555}",2,"['OBSERVE_STRATUM', 'STOP_INSPECTION']",2.0,5.0,REGIME_A_UNIFORM,FB0_Surface_Only,11
bench_REGIME_A_UNIFORM_011,FB1_Fixed_Sampling,potato,UNIFORM,0.164,0.1203,0.0437,MARKDOWN,0.0,0.0,1.0,0.0,45.0,3.0,48.0,75.0,"{0: 0.1552, 1: 0.1505, 2: 0.1509, 3: 0.1726, 4: 0.1555}",4,"['SAMPLE_UNITS', 'SAMPLE_UNITS', 'SAMPLE_UNITS', 'STOP_INSPECTION']",45.0,75.0,REGIME_A_UNIFORM,FB1_Fixed_Random,11
bench_REGIME_A_UNIFORM_011,FB2_Depth_Stratified,potato,UNIFORM,0.164,0.1296,0.0344,MARKDOWN,0.0,0.0,1.0,0.0,42.0,11.4,53.4,285.0,"{0: 0.1552, 1: 0.1505, 2: 0.1509, 3: 0.1726, 4: 0.1555}",10,"['OBSERVE_STRATUM', 'REMOVE_LAYER', 'OBSERVE_STRATUM', 'REMOVE_LAYER', 'OBSERVE_STRATUM', 'REMOVE_LAYER', 'OBSERVE_STRATUM', 'REMOVE_LAYER', 'OBSERVE_STRATUM', 'STOP_INSPECTION']",42.0,85.0,REGIME_A_UNIFORM,FB2_Depth_Stratified,11
bench_REGIME_A_UNIFORM_011,FB3_Macro_Myopic_VOI,potato,UNIFORM,0.164,0.1217,0.0423,MARKDOWN,0.0,0.0,1.0,0.0,2.0,0.2,2.2,5.0,"{0: 0.1552, 1: 0.1505, 2: 0.1509, 3: 0.1726, 4: 0.1555}",2,"['OBSERVE_STRATUM', 'STOP_INSPECTION']",2.0,5.0,REGIME_A_UNIFORM,FB3_Macro_Myopic_VOI,11
bench_REGIME_A_UNIFORM_011,FB5_State_Blind_Lookahead,potato,UNIFORM,0.164,0.116,0.048,MARKDOWN,0.0,0.0,1.0,0.0,6.0,4.8,10.8,120.0,"{0: 0.1552, 1: 0.1505, 2: 0.1509, 3: 0.1726, 4: 0.1555}",12,"['WAIT_SETTLE', 'WAIT_SETTLE', 'WAIT_SETTLE', 'WAIT_SETTLE', 'WAIT_SETTLE', 'WAIT_SETTLE', 'WAIT_SETTLE', 'WAIT_SETTLE', 'WAIT_SETTLE', 'WAIT_SETTLE', 'WAIT_SETTLE', 'WAIT_SETTLE']",6.0,120.0,REGIME_A_UNIFORM,FB5_State_Blind,11
bench_REGIME_A_UNIFORM_011,FB6_Additive_Cost_Planner,potato,UNIFORM,0.164,0.116,0.048,MARKDOWN,0.0,0.0,1.0,0.0,6.0,4.8,10.8,120.0,"{0: 0.1552, 1: 0.1505, 2: 0.1509, 3: 0.1726, 4: 0.1555}",12,"['WAIT_SETTLE', 'WAIT_SETTLE', 'WAIT_SETTLE', 'WAIT_SETTLE', 'WAIT_SETTLE', 'WAIT_SETTLE', 'WAIT_SETTLE', 'WAIT_SETTLE', 'WAIT_SETTLE', 'WAIT_SETTLE', 'WAIT_SETTLE', 'WAIT_SETTLE']",6.0,120.0,REGIME_A_UNIFORM,FB6_Additive_Cost,11
bench_REGIME_A_UNIFORM_011,FB7_Exposure_Aware_Planner,potato,UNIFORM,0.164,0.116,0.048,MARKDOWN,0.0,0.0,1.0,0.0,0.0,0.0,0.0,0.0,"{0: 0.1552, 1: 0.1505, 2: 0.1509, 3: 0.1726, 4: 0.1555}",1,['STOP_INSPECTION'],0.0,0.0,REGIME_A_UNIFORM,FB7_Proposed,11
bench_REGIME_A_UNIFORM_012,FB0_Surface_Only,potato,UNIFORM,0.16,0.1241,0.0359,MARKDOWN,0.0,0.0,1.0,0.0,2.0,0.2,2.2,5.0,"{0: 0.1704, 1: 0.1439, 2: 0.1325, 3: 0.1574, 4: 0.1722}",2,"['OBSERVE_STRATUM', 'STOP_INSPECTION']",2.0,5.0,REGIME_A_UNIFORM,FB0_Surface_Only,12
bench_REGIME_A_UNIFORM_012,FB1_Fixed_Sampling,potato,UNIFORM,0.16,0.1211,0.0389,MARKDOWN,0.0,0.0,1.0,0.0,45.0,3.0,48.0,75.0,"{0: 0.1704, 1: 0.1439, 2: 0.1325, 3: 0.1574, 4: 0.1722}",4,"['SAMPLE_UNITS', 'SAMPLE_UNITS', 'SAMPLE_UNITS', 'STOP_INSPECTION']",45.0,75.0,REGIME_A_UNIFORM,FB1_Fixed_Random,12
bench_REGIME_A_UNIFORM_012,FB2_Depth_Stratified,potato,UNIFORM,0.16,0.1277,0.0323,MARKDOWN,0.0,0.0,1.0,0.0,42.0,11.4,53.4,285.0,"{0: 0.1704, 1: 0.1439, 2: 0.1325, 3: 0.1574, 4: 0.1722}",10,"['OBSERVE_STRATUM', 'REMOVE_LAYER', 'OBSERVE_STRATUM', 'REMOVE_LAYER', 'OBSERVE_STRATUM', 'REMOVE_LAYER', 'OBSERVE_STRATUM', 'REMOVE_LAYER', 'OBSERVE_STRATUM', 'STOP_INSPECTION']",42.0,85.0,REGIME_A_UNIFORM,FB2_Depth_Stratified,12
bench_REGIME_A_UNIFORM_012,FB3_Macro_Myopic_VOI,potato,UNIFORM,0.16,0.1201,0.0399,MARKDOWN,0.0,0.0,1.0,0.0,2.0,0.2,2.2,5.0,"{0: 0.1704, 1: 0.1439, 2: 0.1325, 3: 0.1574, 4: 0.1722}",2,"['OBSERVE_STRATUM', 'STOP_INSPECTION']",2.0,5.0,REGIME_A_UNIFORM,FB3_Macro_Myopic_VOI,12
bench_REGIME_A_UNIFORM_012,FB5_State_Blind_Lookahead,potato,UNIFORM,0.16,0.116,0.044,MARKDOWN,0.0,0.0,1.0,0.0,6.0,4.8,10.8,120.0,"{0: 0.1704, 1: 0.1439, 2: 0.1325, 3: 0.1574, 4: 0.1722}",12,"['WAIT_SETTLE', 'WAIT_SETTLE', 'WAIT_SETTLE', 'WAIT_SETTLE', 'WAIT_SETTLE', 'WAIT_SETTLE', 'WAIT_SETTLE', 'WAIT_SETTLE', 'WAIT_SETTLE', 'WAIT_SETTLE', 'WAIT_SETTLE', 'WAIT_SETTLE']",6.0,120.0,REGIME_A_UNIFORM,FB5_State_Blind,12
bench_REGIME_A_UNIFORM_012,FB6_Additive_Cost_Planner,potato,UNIFORM,0.16,0.116,0.044,MARKDOWN,0.0,0.0,1.0,0.0,6.0,4.8,10.8,120.0,"{0: 0.1704, 1: 0.1439, 2: 0.1325, 3: 0.1574, 4: 0.1722}",12,"['WAIT_SETTLE', 'WAIT_SETTLE', 'WAIT_SETTLE', 'WAIT_SETTLE', 'WAIT_SETTLE', 'WAIT_SETTLE', 'WAIT_SETTLE', 'WAIT_SETTLE', 'WAIT_SETTLE', 'WAIT_SETTLE', 'WAIT_SETTLE', 'WAIT_SETTLE']",6.0,120.0,REGIME_A_UNIFORM,FB6_Additive_Cost,12
bench_REGIME_A_UNIFORM_012,FB7_Exposure_Aware_Planner,potato,UNIFORM,0.16,0.116,0.044,MARKDOWN,0.0,0.0,1.0,0.0,0.0,0.0,0.0,0.0,"{0: 0.1704, 1: 0.1439, 2: 0.1325, 3: 0.1574, 4: 0.1722}",1,['STOP_INSPECTION'],0.0,0.0,REGIME_A_UNIFORM,FB7_Proposed,12
bench_REGIME_A_UNIFORM_013,FB0_Surface_Only,potato,UNIFORM,0.156,0.1208,0.0352,MARKDOWN,0.0,0.0,1.0,0.0,2.0,0.2,2.2,5.0,"{0: 0.1532, 1: 0.1477, 2: 0.178, 3: 0.1598, 4: 0.137}",2,"['OBSERVE_STRATUM', 'STOP_INSPECTION']",2.0,5.0,REGIME_A_UNIFORM,FB0_Surface_Only,13
bench_REGIME_A_UNIFORM_013,FB1_Fixed_Sampling,potato,UNIFORM,0.156,0.1208,0.0352,MARKDOWN,0.0,0.0,1.0,0.0,45.0,3.0,48.0,75.0,"{0: 0.1532, 1: 0.1477, 2: 0.178, 3: 0.1598, 4: 0.137}",4,"['SAMPLE_UNITS', 'SAMPLE_UNITS', 'SAMPLE_UNITS', 'STOP_INSPECTION']",45.0,75.0,REGIME_A_UNIFORM,FB1_Fixed_Random,13
bench_REGIME_A_UNIFORM_013,FB2_Depth_Stratified,potato,UNIFORM,0.156,0.1345,0.0215,MARKDOWN,0.0,0.0,1.0,0.0,42.0,11.4,53.4,285.0,"{0: 0.1532, 1: 0.1477, 2: 0.178, 3: 0.1598, 4: 0.137}",10,"['OBSERVE_STRATUM', 'REMOVE_LAYER', 'OBSERVE_STRATUM', 'REMOVE_LAYER', 'OBSERVE_STRATUM', 'REMOVE_LAYER', 'OBSERVE_STRATUM', 'REMOVE_LAYER', 'OBSERVE_STRATUM', 'STOP_INSPECTION']",42.0,85.0,REGIME_A_UNIFORM,FB2_Depth_Stratified,13
bench_REGIME_A_UNIFORM_013,FB3_Macro_Myopic_VOI,potato,UNIFORM,0.156,0.1194,0.0366,MARKDOWN,0.0,0.0,1.0,0.0,2.0,0.2,2.2,5.0,"{0: 0.1532, 1: 0.1477, 2: 0.178, 3: 0.1598, 4: 0.137}",2,"['OBSERVE_STRATUM', 'STOP_INSPECTION']",2.0,5.0,REGIME_A_UNIFORM,FB3_Macro_Myopic_VOI,13
bench_REGIME_A_UNIFORM_013,FB5_State_Blind_Lookahead,potato,UNIFORM,0.156,0.116,0.04,MARKDOWN,0.0,0.0,1.0,0.0,6.0,4.8,10.8,120.0,"{0: 0.1532, 1: 0.1477, 2: 0.178, 3: 0.1598, 4: 0.137}",12,"['WAIT_SETTLE', 'WAIT_SETTLE', 'WAIT_SETTLE', 'WAIT_SETTLE', 'WAIT_SETTLE', 'WAIT_SETTLE', 'WAIT_SETTLE', 'WAIT_SETTLE', 'WAIT_SETTLE', 'WAIT_SETTLE', 'WAIT_SETTLE', 'WAIT_SETTLE']",6.0,120.0,REGIME_A_UNIFORM,FB5_State_Blind,13
bench_REGIME_A_UNIFORM_013,FB6_Additive_Cost_Planner,potato,UNIFORM,0.156,0.116,0.04,MARKDOWN,0.0,0.0,1.0,0.0,6.0,4.8,10.8,120.0,"{0: 0.1532, 1: 0.1477, 2: 0.178, 3: 0.1598, 4: 0.137}",12,"['WAIT_SETTLE', 'WAIT_SETTLE', 'WAIT_SETTLE', 'WAIT_SETTLE', 'WAIT_SETTLE', 'WAIT_SETTLE', 'WAIT_SETTLE', 'WAIT_SETTLE', 'WAIT_SETTLE', 'WAIT_SETTLE', 'WAIT_SETTLE', 'WAIT_SETTLE']",6.0,120.0,REGIME_A_UNIFORM,FB6_Additive_Cost,13
bench_REGIME_A_UNIFORM_013,FB7_Exposure_Aware_Planner,potato,UNIFORM,0.156,0.116,0.04,MARKDOWN,0.0,0.0,1.0,0.0,0.0,0.0,0.0,0.0,"{0: 0.1532, 1: 0.1477, 2: 0.178, 3: 0.1598, 4: 0.137}",1,['STOP_INSPECTION'],0.0,0.0,REGIME_A_UNIFORM,FB7_Proposed,13
bench_REGIME_A_UNIFORM_014,FB0_Surface_Only,potato,UNIFORM,0.144,0.1178,0.0262,MARKDOWN,0.0,0.0,1.0,0.0,2.0,0.2,2.2,5.0,"{0: 0.1604, 1: 0.1412, 2: 0.1212, 3: 0.1731, 4: 0.1218}",2,"['OBSERVE_STRATUM', 'STOP_INSPECTION']",2.0,5.0,REGIME_A_UNIFORM,FB0_Surface_Only,14
bench_REGIME_A_UNIFORM_014,FB1_Fixed_Sampling,potato,UNIFORM,0.144,0.1231,0.0209,MARKDOWN,0.0,0.0,1.0,0.0,45.0,3.0,48.0,75.0,"{0: 0.1604, 1: 0.1412, 2: 0.1212, 3: 0.1731, 4: 0.1218}",4,"['SAMPLE_UNITS', 'SAMPLE_UNITS', 'SAMPLE_UNITS', 'STOP_INSPECTION']",45.0,75.0,REGIME_A_UNIFORM,FB1_Fixed_Random,14
bench_REGIME_A_UNIFORM_014,FB2_Depth_Stratified,potato,UNIFORM,0.144,0.1177,0.0263,MARKDOWN,0.0,0.0,1.0,0.0,42.0,11.4,53.4,285.0,"{0: 0.1604, 1: 0.1412, 2: 0.1212, 3: 0.1731, 4: 0.1218}",10,"['OBSERVE_STRATUM', 'REMOVE_LAYER', 'OBSERVE_STRATUM', 'REMOVE_LAYER', 'OBSERVE_STRATUM', 'REMOVE_LAYER', 'OBSERVE_STRATUM', 'REMOVE_LAYER', 'OBSERVE_STRATUM', 'STOP_INSPECTION']",42.0,85.0,REGIME_A_UNIFORM,FB2_Depth_Stratified,14
bench_REGIME_A_UNIFORM_014,FB3_Macro_Myopic_VOI,potato,UNIFORM,0.144,0.1183,0.0257,MARKDOWN,0.0,0.0,1.0,0.0,2.0,0.2,2.2,5.0,"{0: 0.1604, 1: 0.1412, 2: 0.1212, 3: 0.1731, 4: 0.1218}",2,"['OBSERVE_STRATUM', 'STOP_INSPECTION']",2.0,5.0,REGIME_A_UNIFORM,FB3_Macro_Myopic_VOI,14
bench_REGIME_A_UNIFORM_014,FB5_State_Blind_Lookahead,potato,UNIFORM,0.144,0.116,0.028,MARKDOWN,0.0,0.0,1.0,0.0,6.0,4.8,10.8,120.0,"{0: 0.1604, 1: 0.1412, 2: 0.1212, 3: 0.1731, 4: 0.1218}",12,"['WAIT_SETTLE', 'WAIT_SETTLE', 'WAIT_SETTLE', 'WAIT_SETTLE', 'WAIT_SETTLE', 'WAIT_SETTLE', 'WAIT_SETTLE', 'WAIT_SETTLE', 'WAIT_SETTLE', 'WAIT_SETTLE', 'WAIT_SETTLE', 'WAIT_SETTLE']",6.0,120.0,REGIME_A_UNIFORM,FB5_State_Blind,14
bench_REGIME_A_UNIFORM_014,FB6_Additive_Cost_Planner,potato,UNIFORM,0.144,0.116,0.028,MARKDOWN,0.0,0.0,1.0,0.0,6.0,4.8,10.8,120.0,"{0: 0.1604, 1: 0.1412, 2: 0.1212, 3: 0.1731, 4: 0.1218}",12,"['WAIT_SETTLE', 'WAIT_SETTLE', 'WAIT_SETTLE', 'WAIT_SETTLE', 'WAIT_SETTLE', 'WAIT_SETTLE', 'WAIT_SETTLE', 'WAIT_SETTLE', 'WAIT_SETTLE', 'WAIT_SETTLE', 'WAIT_SETTLE', 'WAIT_SETTLE']",6.0,120.0,REGIME_A_UNIFORM,FB6_Additive_Cost,14
bench_REGIME_A_UNIFORM_014,FB7_Exposure_Aware_Planner,potato,UNIFORM,0.144,0.116,0.028,MARKDOWN,0.0,0.0,1.0,0.0,0.0,0.0,0.0,0.0,"{0: 0.1604, 1: 0.1412, 2: 0.1212, 3: 0.1731, 4: 0.1218}",1,['STOP_INSPECTION'],0.0,0.0,REGIME_A_UNIFORM,FB7_Proposed,14
bench_REGIME_A_UNIFORM_015,FB0_Surface_Only,potato,UNIFORM,0.144,0.1204,0.0236,MARKDOWN,0.0,0.0,1.0,0.0,2.0,0.2,2.2,5.0,"{0: 0.1219, 1: 0.1219, 2: 0.1698, 3: 0.156, 4: 0.1677}",2,"['OBSERVE_STRATUM', 'STOP_INSPECTION']",2.0,5.0,REGIME_A_UNIFORM,FB0_Surface_Only,15
bench_REGIME_A_UNIFORM_015,FB1_Fixed_Sampling,potato,UNIFORM,0.144,0.1163,0.0277,MARKDOWN,0.0,0.0,1.0,0.0,45.0,3.0,48.0,75.0,"{0: 0.1219, 1: 0.1219, 2: 0.1698, 3: 0.156, 4: 0.1677}",4,"['SAMPLE_UNITS', 'SAMPLE_UNITS', 'SAMPLE_UNITS', 'STOP_INSPECTION']",45.0,75.0,REGIME_A_UNIFORM,FB1_Fixed_Random,15
bench_REGIME_A_UNIFORM_015,FB2_Depth_Stratified,potato,UNIFORM,0.144,0.1231,0.0209,MARKDOWN,0.0,0.0,1.0,0.0,42.0,11.4,53.4,285.0,"{0: 0.1219, 1: 0.1219, 2: 0.1698, 3: 0.156, 4: 0.1677}",10,"['OBSERVE_STRATUM', 'REMOVE_LAYER', 'OBSERVE_STRATUM', 'REMOVE_LAYER', 'OBSERVE_STRATUM', 'REMOVE_LAYER', 'OBSERVE_STRATUM', 'REMOVE_LAYER', 'OBSERVE_STRATUM', 'STOP_INSPECTION']",42.0,85.0,REGIME_A_UNIFORM,FB2_Depth_Stratified,15
bench_REGIME_A_UNIFORM_015,FB3_Macro_Myopic_VOI,potato,UNIFORM,0.144,0.1174,0.0266,MARKDOWN,0.0,0.0,1.0,0.0,2.0,0.2,2.2,5.0,"{0: 0.1219, 1: 0.1219, 2: 0.1698, 3: 0.156, 4: 0.1677}",2,"['OBSERVE_STRATUM', 'STOP_INSPECTION']",2.0,5.0,REGIME_A_UNIFORM,FB3_Macro_Myopic_VOI,15
bench_REGIME_A_UNIFORM_015,FB5_State_Blind_Lookahead,potato,UNIFORM,0.144,0.116,0.028,MARKDOWN,0.0,0.0,1.0,0.0,6.0,4.8,10.8,120.0,"{0: 0.1219, 1: 0.1219, 2: 0.1698, 3: 0.156, 4: 0.1677}",12,"['WAIT_SETTLE', 'WAIT_SETTLE', 'WAIT_SETTLE', 'WAIT_SETTLE', 'WAIT_SETTLE', 'WAIT_SETTLE', 'WAIT_SETTLE', 'WAIT_SETTLE', 'WAIT_SETTLE', 'WAIT_SETTLE', 'WAIT_SETTLE', 'WAIT_SETTLE']",6.0,120.0,REGIME_A_UNIFORM,FB5_State_Blind,15
bench_REGIME_A_UNIFORM_015,FB6_Additive_Cost_Planner,potato,UNIFORM,0.144,0.116,0.028,MARKDOWN,0.0,0.0,1.0,0.0,6.0,4.8,10.8,120.0,"{0: 0.1219, 1: 0.1219, 2: 0.1698, 3: 0.156, 4: 0.1677}",12,"['WAIT_SETTLE', 'WAIT_SETTLE', 'WAIT_SETTLE', 'WAIT_SETTLE', 'WAIT_SETTLE', 'WAIT_SETTLE', 'WAIT_SETTLE', 'WAIT_SETTLE', 'WAIT_SETTLE', 'WAIT_SETTLE', 'WAIT_SETTLE', 'WAIT_SETTLE']",6.0,120.0,REGIME_A_UNIFORM,FB6_Additive_Cost,15
bench_REGIME_A_UNIFORM_015,FB7_Exposure_Aware_Planner,potato,UNIFORM,0.144,0.116,0.028,MARKDOWN,0.0,0.0,1.0,0.0,0.0,0.0,0.0,0.0,"{0: 0.1219, 1: 0.1219, 2: 0.1698, 3: 0.156, 4: 0.1677}",1,['STOP_INSPECTION'],0.0,0.0,REGIME_A_UNIFORM,FB7_Proposed,15
bench_REGIME_A_UNIFORM_016,FB0_Surface_Only,potato,UNIFORM,0.144,0.1211,0.0229,MARKDOWN,0.0,0.0,1.0,0.0,2.0,0.2,2.2,5.0,"{0: 0.1584, 1: 0.1401, 2: 0.1335, 3: 0.1281, 4: 0.1527}",2,"['OBSERVE_STRATUM', 'STOP_INSPECTION']",2.0,5.0,REGIME_A_UNIFORM,FB0_Surface_Only,16
bench_REGIME_A_UNIFORM_016,FB1_Fixed_Sampling,potato,UNIFORM,0.144,0.1182,0.0258,MARKDOWN,0.0,0.0,1.0,0.0,45.0,3.0,48.0,75.0,"{0: 0.1584, 1: 0.1401, 2: 0.1335, 3: 0.1281, 4: 0.1527}",4,"['SAMPLE_UNITS', 'SAMPLE_UNITS', 'SAMPLE_UNITS', 'STOP_INSPECTION']",45.0,75.0,REGIME_A_UNIFORM,FB1_Fixed_Random,16
bench_REGIME_A_UNIFORM_016,FB2_Depth_Stratified,potato,UNIFORM,0.144,0.1313,0.0127,MARKDOWN,0.0,0.0,1.0,0.0,42.0,11.4,53.4,285.0,"{0: 0.1584, 1: 0.1401, 2: 0.1335, 3: 0.1281, 4: 0.1527}",10,"['OBSERVE_STRATUM', 'REMOVE_LAYER', 'OBSERVE_STRATUM', 'REMOVE_LAYER', 'OBSERVE_STRATUM', 'REMOVE_LAYER', 'OBSERVE_STRATUM', 'REMOVE_LAYER', 'OBSERVE_STRATUM', 'STOP_INSPECTION']",42.0,85.0,REGIME_A_UNIFORM,FB2_Depth_Stratified,16
bench_REGIME_A_UNIFORM_016,FB3_Macro_Myopic_VOI,potato,UNIFORM,0.144,0.1184,0.0256,MARKDOWN,0.0,0.0,1.0,0.0,2.0,0.2,2.2,5.0,"{0: 0.1584, 1: 0.1401, 2: 0.1335, 3: 0.1281, 4: 0.1527}",2,"['OBSERVE_STRATUM', 'STOP_INSPECTION']",2.0,5.0,REGIME_A_UNIFORM,FB3_Macro_Myopic_VOI,16
bench_REGIME_A_UNIFORM_016,FB5_State_Blind_Lookahead,potato,UNIFORM,0.144,0.116,0.028,MARKDOWN,0.0,0.0,1.0,0.0,6.0,4.8,10.8,120.0,"{0: 0.1584, 1: 0.1401, 2: 0.1335, 3: 0.1281, 4: 0.1527}",12,"['WAIT_SETTLE', 'WAIT_SETTLE', 'WAIT_SETTLE', 'WAIT_SETTLE', 'WAIT_SETTLE', 'WAIT_SETTLE', 'WAIT_SETTLE', 'WAIT_SETTLE', 'WAIT_SETTLE', 'WAIT_SETTLE', 'WAIT_SETTLE', 'WAIT_SETTLE']",6.0,120.0,REGIME_A_UNIFORM,FB5_State_Blind,16
bench_REGIME_A_UNIFORM_016,FB6_Additive_Cost_Planner,potato,UNIFORM,0.144,0.116,0.028,MARKDOWN,0.0,0.0,1.0,0.0,6.0,4.8,10.8,120.0,"{0: 0.1584, 1: 0.1401, 2: 0.1335, 3: 0.1281, 4: 0.1527}",12,"['WAIT_SETTLE', 'WAIT_SETTLE', 'WAIT_SETTLE', 'WAIT_SETTLE', 'WAIT_SETTLE', 'WAIT_SETTLE', 'WAIT_SETTLE', 'WAIT_SETTLE', 'WAIT_SETTLE', 'WAIT_SETTLE', 'WAIT_SETTLE', 'WAIT_SETTLE']",6.0,120.0,REGIME_A_UNIFORM,FB6_Additive_Cost,16
bench_REGIME_A_UNIFORM_016,FB7_Exposure_Aware_Planner,potato,UNIFORM,0.144,0.116,0.028,MARKDOWN,0.0,0.0,1.0,0.0,0.0,0.0,0.0,0.0,"{0: 0.1584, 1: 0.1401, 2: 0.1335, 3: 0.1281, 4: 0.1527}",1,['STOP_INSPECTION'],0.0,0.0,REGIME_A_UNIFORM,FB7_Proposed,16
bench_REGIME_A_UNIFORM_017,FB0_Surface_Only,potato,UNIFORM,0.152,0.1194,0.0326,MARKDOWN,0.0,0.0,1.0,0.0,2.0,0.2,2.2,5.0,"{0: 0.1594, 1: 0.1312, 2: 0.1236, 3: 0.1739, 4: 0.1682}",2,"['OBSERVE_STRATUM', 'STOP_INSPECTION']",2.0,5.0,REGIME_A_UNIFORM,FB0_Surface_Only,17
bench_REGIME_A_UNIFORM_017,FB1_Fixed_Sampling,potato,UNIFORM,0.152,0.1242,0.0278,MARKDOWN,0.0,0.0,1.0,0.0,45.0,3.0,48.0,75.0,"{0: 0.1594, 1: 0.1312, 2: 0.1236, 3: 0.1739, 4: 0.1682}",4,"['SAMPLE_UNITS', 'SAMPLE_UNITS', 'SAMPLE_UNITS', 'STOP_INSPECTION']",45.0,75.0,REGIME_A_UNIFORM,FB1_Fixed_Random,17
bench_REGIME_A_UNIFORM_017,FB2_Depth_Stratified,potato,UNIFORM,0.152,0.1373,0.0147,MARKDOWN,0.0,0.0,1.0,0.0,42.0,11.4,53.4,285.0,"{0: 0.1594, 1: 0.1312, 2: 0.1236, 3: 0.1739, 4: 0.1682}",10,"['OBSERVE_STRATUM', 'REMOVE_LAYER', 'OBSERVE_STRATUM', 'REMOVE_LAYER', 'OBSERVE_STRATUM', 'REMOVE_LAYER', 'OBSERVE_STRATUM', 'REMOVE_LAYER', 'OBSERVE_STRATUM', 'STOP_INSPECTION']",42.0,85.0,REGIME_A_UNIFORM,FB2_Depth_Stratified,17
bench_REGIME_A_UNIFORM_017,FB3_Macro_Myopic_VOI,potato,UNIFORM,0.152,0.119,0.033,MARKDOWN,0.0,0.0,1.0,0.0,2.0,0.2,2.2,5.0,"{0: 0.1594, 1: 0.1312, 2: 0.1236, 3: 0.1739, 4: 0.1682}",2,"['OBSERVE_STRATUM', 'STOP_INSPECTION']",2.0,5.0,REGIME_A_UNIFORM,FB3_Macro_Myopic_VOI,17
bench_REGIME_A_UNIFORM_017,FB5_State_Blind_Lookahead,potato,UNIFORM,0.152,0.116,0.036,MARKDOWN,0.0,0.0,1.0,0.0,6.0,4.8,10.8,120.0,"{0: 0.1594, 1: 0.1312, 2: 0.1236, 3: 0.1739, 4: 0.1682}",12,"['WAIT_SETTLE', 'WAIT_SETTLE', 'WAIT_SETTLE', 'WAIT_SETTLE', 'WAIT_SETTLE', 'WAIT_SETTLE', 'WAIT_SETTLE', 'WAIT_SETTLE', 'WAIT_SETTLE', 'WAIT_SETTLE', 'WAIT_SETTLE', 'WAIT_SETTLE']",6.0,120.0,REGIME_A_UNIFORM,FB5_State_Blind,17
bench_REGIME_A_UNIFORM_017,FB6_Additive_Cost_Planner,potato,UNIFORM,0.152,0.116,0.036,MARKDOWN,0.0,0.0,1.0,0.0,6.0,4.8,10.8,120.0,"{0: 0.1594, 1: 0.1312, 2: 0.1236, 3: 0.1739, 4: 0.1682}",12,"['WAIT_SETTLE', 'WAIT_SETTLE', 'WAIT_SETTLE', 'WAIT_SETTLE', 'WAIT_SETTLE', 'WAIT_SETTLE', 'WAIT_SETTLE', 'WAIT_SETTLE', 'WAIT_SETTLE', 'WAIT_SETTLE', 'WAIT_SETTLE', 'WAIT_SETTLE']",6.0,120.0,REGIME_A_UNIFORM,FB6_Additive_Cost,17
bench_REGIME_A_UNIFORM_017,FB7_Exposure_Aware_Planner,potato,UNIFORM,0.152,0.116,0.036,MARKDOWN,0.0,0.0,1.0,0.0,0.0,0.0,0.0,0.0,"{0: 0.1594, 1: 0.1312, 2: 0.1236, 3: 0.1739, 4: 0.1682}",1,['STOP_INSPECTION'],0.0,0.0,REGIME_A_UNIFORM,FB7_Proposed,17
bench_REGIME_A_UNIFORM_018,FB0_Surface_Only,potato,UNIFORM,0.156,0.1196,0.0364,MARKDOWN,0.0,0.0,1.0,0.0,2.0,0.2,2.2,5.0,"{0: 0.1598, 1: 0.1706, 2: 0.1707, 3: 0.1274, 4: 0.1312}",2,"['OBSERVE_STRATUM', 'STOP_INSPECTION']",2.0,5.0,REGIME_A_UNIFORM,FB0_Surface_Only,18
bench_REGIME_A_UNIFORM_018,FB1_Fixed_Sampling,potato,UNIFORM,0.156,0.1232,0.0328,MARKDOWN,0.0,0.0,1.0,0.0,45.0,3.0,48.0,75.0,"{0: 0.1598, 1: 0.1706, 2: 0.1707, 3: 0.1274, 4: 0.1312}",4,"['SAMPLE_UNITS', 'SAMPLE_UNITS', 'SAMPLE_UNITS', 'STOP_INSPECTION']",45.0,75.0,REGIME_A_UNIFORM,FB1_Fixed_Random,18
bench_REGIME_A_UNIFORM_018,FB2_Depth_Stratified,potato,UNIFORM,0.156,0.1231,0.0329,MARKDOWN,0.0,0.0,1.0,0.0,42.0,11.4,53.4,285.0,"{0: 0.1598, 1: 0.1706, 2: 0.1707, 3: 0.1274, 4: 0.1312}",10,"['OBSERVE_STRATUM', 'REMOVE_LAYER', 'OBSERVE_STRATUM', 'REMOVE_LAYER', 'OBSERVE_STRATUM', 'REMOVE_LAYER', 'OBSERVE_STRATUM', 'REMOVE_LAYER', 'OBSERVE_STRATUM', 'STOP_INSPECTION']",42.0,85.0,REGIME_A_UNIFORM,FB2_Depth_Stratified,18
bench_REGIME_A_UNIFORM_018,FB3_Macro_Myopic_VOI,potato,UNIFORM,0.156,0.1215,0.0345,MARKDOWN,0.0,0.0,1.0,0.0,2.0,0.2,2.2,5.0,"{0: 0.1598, 1: 0.1706, 2: 0.1707, 3: 0.1274, 4: 0.1312}",2,"['OBSERVE_STRATUM', 'STOP_INSPECTION']",2.0,5.0,REGIME_A_UNIFORM,FB3_Macro_Myopic_VOI,18
bench_REGIME_A_UNIFORM_018,FB5_State_Blind_Lookahead,potato,UNIFORM,0.156,0.116,0.04,MARKDOWN,0.0,0.0,1.0,0.0,6.0,4.8,10.8,120.0,"{0: 0.1598, 1: 0.1706, 2: 0.1707, 3: 0.1274, 4: 0.1312}",12,"['WAIT_SETTLE', 'WAIT_SETTLE', 'WAIT_SETTLE', 'WAIT_SETTLE', 'WAIT_SETTLE', 'WAIT_SETTLE', 'WAIT_SETTLE', 'WAIT_SETTLE', 'WAIT_SETTLE', 'WAIT_SETTLE', 'WAIT_SETTLE', 'WAIT_SETTLE']",6.0,120.0,REGIME_A_UNIFORM,FB5_State_Blind,18
bench_REGIME_A_UNIFORM_018,FB6_Additive_Cost_Planner,potato,UNIFORM,0.156,0.116,0.04,MARKDOWN,0.0,0.0,1.0,0.0,6.0,4.8,10.8,120.0,"{0: 0.1598, 1: 0.1706, 2: 0.1707, 3: 0.1274, 4: 0.1312}",12,"['WAIT_SETTLE', 'WAIT_SETTLE', 'WAIT_SETTLE', 'WAIT_SETTLE', 'WAIT_SETTLE', 'WAIT_SETTLE', 'WAIT_SETTLE', 'WAIT_SETTLE', 'WAIT_SETTLE', 'WAIT_SETTLE', 'WAIT_SETTLE', 'WAIT_SETTLE']",6.0,120.0,REGIME_A_UNIFORM,FB6_Additive_Cost,18
bench_REGIME_A_UNIFORM_018,FB7_Exposure_Aware_Planner,potato,UNIFORM,0.156,0.116,0.04,MARKDOWN,0.0,0.0,1.0,0.0,0.0,0.0,0.0,0.0,"{0: 0.1598, 1: 0.1706, 2: 0.1707, 3: 0.1274, 4: 0.1312}",1,['STOP_INSPECTION'],0.0,0.0,REGIME_A_UNIFORM,FB7_Proposed,18
bench_REGIME_A_UNIFORM_019,FB0_Surface_Only,potato,UNIFORM,0.152,0.1166,0.0354,MARKDOWN,0.0,0.0,1.0,0.0,2.0,0.2,2.2,5.0,"{0: 0.1365, 1: 0.1609, 2: 0.1712, 3: 0.16, 4: 0.1236}",2,"['OBSERVE_STRATUM', 'STOP_INSPECTION']",2.0,5.0,REGIME_A_UNIFORM,FB0_Surface_Only,19
bench_REGIME_A_UNIFORM_019,FB1_Fixed_Sampling,potato,UNIFORM,0.152,0.1214,0.0306,MARKDOWN,0.0,0.0,1.0,0.0,45.0,3.0,48.0,75.0,"{0: 0.1365, 1: 0.1609, 2: 0.1712, 3: 0.16, 4: 0.1236}",4,"['SAMPLE_UNITS', 'SAMPLE_UNITS', 'SAMPLE_UNITS', 'STOP_INSPECTION']",45.0,75.0,REGIME_A_UNIFORM,FB1_Fixed_Random,19
bench_REGIME_A_UNIFORM_019,FB2_Depth_Stratified,potato,UNIFORM,0.152,0.1321,0.0199,MARKDOWN,0.0,0.0,1.0,0.0,42.0,11.4,53.4,285.0,"{0: 0.1365, 1: 0.1609, 2: 0.1712, 3: 0.16, 4: 0.1236}",10,"['OBSERVE_STRATUM', 'REMOVE_LAYER', 'OBSERVE_STRATUM', 'REMOVE_LAYER', 'OBSERVE_STRATUM', 'REMOVE_LAYER', 'OBSERVE_STRATUM', 'REMOVE_LAYER', 'OBSERVE_STRATUM', 'STOP_INSPECTION']",42.0,85.0,REGIME_A_UNIFORM,FB2_Depth_Stratified,19
bench_REGIME_A_UNIFORM_019,FB3_Macro_Myopic_VOI,potato,UNIFORM,0.152,0.115,0.037,MARKDOWN,0.0,0.0,1.0,0.0,2.0,0.2,2.2,5.0,"{0: 0.1365, 1: 0.1609, 2: 0.1712, 3: 0.16, 4: 0.1236}",2,"['OBSERVE_STRATUM', 'STOP_INSPECTION']",2.0,5.0,REGIME_A_UNIFORM,FB3_Macro_Myopic_VOI,19
bench_REGIME_A_UNIFORM_019,FB5_State_Blind_Lookahead,potato,UNIFORM,0.152,0.116,0.036,MARKDOWN,0.0,0.0,1.0,0.0,6.0,4.8,10.8,120.0,"{0: 0.1365, 1: 0.1609, 2: 0.1712, 3: 0.16, 4: 0.1236}",12,"['WAIT_SETTLE', 'WAIT_SETTLE', 'WAIT_SETTLE', 'WAIT_SETTLE', 'WAIT_SETTLE', 'WAIT_SETTLE', 'WAIT_SETTLE', 'WAIT_SETTLE', 'WAIT_SETTLE', 'WAIT_SETTLE', 'WAIT_SETTLE', 'WAIT_SETTLE']",6.0,120.0,REGIME_A_UNIFORM,FB5_State_Blind,19
bench_REGIME_A_UNIFORM_019,FB6_Additive_Cost_Planner,potato,UNIFORM,0.152,0.116,0.036,MARKDOWN,0.0,0.0,1.0,0.0,6.0,4.8,10.8,120.0,"{0: 0.1365, 1: 0.1609, 2: 0.1712, 3: 0.16, 4: 0.1236}",12,"['WAIT_SETTLE', 'WAIT_SETTLE', 'WAIT_SETTLE', 'WAIT_SETTLE', 'WAIT_SETTLE', 'WAIT_SETTLE', 'WAIT_SETTLE', 'WAIT_SETTLE', 'WAIT_SETTLE', 'WAIT_SETTLE', 'WAIT_SETTLE', 'WAIT_SETTLE']",6.0,120.0,REGIME_A_UNIFORM,FB6_Additive_Cost,19
bench_REGIME_A_UNIFORM_019,FB7_Exposure_Aware_Planner,potato,UNIFORM,0.152,0.116,0.036,MARKDOWN,0.0,0.0,1.0,0.0,0.0,0.0,0.0,0.0,"{0: 0.1365, 1: 0.1609, 2: 0.1712, 3: 0.16, 4: 0.1236}",1,['STOP_INSPECTION'],0.0,0.0,REGIME_A_UNIFORM,FB7_Proposed,19
bench_REGIME_A_UNIFORM_020,FB0_Surface_Only,potato,UNIFORM,0.152,0.1177,0.0343,MARKDOWN,0.0,0.0,1.0,0.0,2.0,0.2,2.2,5.0,"{0: 0.1562, 1: 0.1696, 2: 0.1668, 3: 0.1637, 4: 0.121}",2,"['OBSERVE_STRATUM', 'STOP_INSPECTION']",2.0,5.0,REGIME_A_UNIFORM,FB0_Surface_Only,20
bench_REGIME_A_UNIFORM_020,FB1_Fixed_Sampling,potato,UNIFORM,0.152,0.123,0.029,MARKDOWN,0.0,0.0,1.0,0.0,45.0,3.0,48.0,75.0,"{0: 0.1562, 1: 0.1696, 2: 0.1668, 3: 0.1637, 4: 0.121}",4,"['SAMPLE_UNITS', 'SAMPLE_UNITS', 'SAMPLE_UNITS', 'STOP_INSPECTION']",45.0,75.0,REGIME_A_UNIFORM,FB1_Fixed_Random,20
bench_REGIME_A_UNIFORM_020,FB2_Depth_Stratified,potato,UNIFORM,0.152,0.1297,0.0223,MARKDOWN,0.0,0.0,1.0,0.0,42.0,11.4,53.4,285.0,"{0: 0.1562, 1: 0.1696, 2: 0.1668, 3: 0.1637, 4: 0.121}",10,"['OBSERVE_STRATUM', 'REMOVE_LAYER', 'OBSERVE_STRATUM', 'REMOVE_LAYER', 'OBSERVE_STRATUM', 'REMOVE_LAYER', 'OBSERVE_STRATUM', 'REMOVE_LAYER', 'OBSERVE_STRATUM', 'STOP_INSPECTION']",42.0,85.0,REGIME_A_UNIFORM,FB2_Depth_Stratified,20
bench_REGIME_A_UNIFORM_020,FB3_Macro_Myopic_VOI,potato,UNIFORM,0.152,0.1189,0.0331,MARKDOWN,0.0,0.0,1.0,0.0,2.0,0.2,2.2,5.0,"{0: 0.1562, 1: 0.1696, 2: 0.1668, 3: 0.1637, 4: 0.121}",2,"['OBSERVE_STRATUM', 'STOP_INSPECTION']",2.0,5.0,REGIME_A_UNIFORM,FB3_Macro_Myopic_VOI,20
bench_REGIME_A_UNIFORM_020,FB5_State_Blind_Lookahead,potato,UNIFORM,0.152,0.116,0.036,MARKDOWN,0.0,0.0,1.0,0.0,6.0,4.8,10.8,120.0,"{0: 0.1562, 1: 0.1696, 2: 0.1668, 3: 0.1637, 4: 0.121}",12,"['WAIT_SETTLE', 'WAIT_SETTLE', 'WAIT_SETTLE', 'WAIT_SETTLE', 'WAIT_SETTLE', 'WAIT_SETTLE', 'WAIT_SETTLE', 'WAIT_SETTLE', 'WAIT_SETTLE', 'WAIT_SETTLE', 'WAIT_SETTLE', 'WAIT_SETTLE']",6.0,120.0,REGIME_A_UNIFORM,FB5_State_Blind,20
bench_REGIME_A_UNIFORM_020,FB6_Additive_Cost_Planner,potato,UNIFORM,0.152,0.116,0.036,MARKDOWN,0.0,0.0,1.0,0.0,6.0,4.8,10.8,120.0,"{0: 0.1562, 1: 0.1696, 2: 0.1668, 3: 0.1637, 4: 0.121}",12,"['WAIT_SETTLE', 'WAIT_SETTLE', 'WAIT_SETTLE', 'WAIT_SETTLE', 'WAIT_SETTLE', 'WAIT_SETTLE', 'WAIT_SETTLE', 'WAIT_SETTLE', 'WAIT_SETTLE', 'WAIT_SETTLE', 'WAIT_SETTLE', 'WAIT_SETTLE']",6.0,120.0,REGIME_A_UNIFORM,FB6_Additive_Cost,20
bench_REGIME_A_UNIFORM_020,FB7_Exposure_Aware_Planner,potato,UNIFORM,0.152,0.116,0.036,MARKDOWN,0.0,0.0,1.0,0.0,0.0,0.0,0.0,0.0,"{0: 0.1562, 1: 0.1696, 2: 0.1668, 3: 0.1637, 4: 0.121}",1,['STOP_INSPECTION'],0.0,0.0,REGIME_A_UNIFORM,FB7_Proposed,20
bench_REGIME_A_UNIFORM_021,FB0_Surface_Only,potato,UNIFORM,0.16,0.1228,0.0372,MARKDOWN,0.0,0.0,1.0,0.0,2.0,0.2,2.2,5.0,"{0: 0.1764, 1: 0.1512, 2: 0.1769, 3: 0.1434, 4: 0.1387}",2,"['OBSERVE_STRATUM', 'STOP_INSPECTION']",2.0,5.0,REGIME_A_UNIFORM,FB0_Surface_Only,21
bench_REGIME_A_UNIFORM_021,FB1_Fixed_Sampling,potato,UNIFORM,0.16,0.1258,0.0342,MARKDOWN,0.0,0.0,1.0,0.0,45.0,3.0,48.0,75.0,"{0: 0.1764, 1: 0.1512, 2: 0.1769, 3: 0.1434, 4: 0.1387}",4,"['SAMPLE_UNITS', 'SAMPLE_UNITS', 'SAMPLE_UNITS', 'STOP_INSPECTION']",45.0,75.0,REGIME_A_UNIFORM,FB1_Fixed_Random,21
bench_REGIME_A_UNIFORM_021,FB2_Depth_Stratified,potato,UNIFORM,0.16,0.1271,0.0329,MARKDOWN,0.0,0.0,1.0,0.0,42.0,11.4,53.4,285.0,"{0: 0.1764, 1: 0.1512, 2: 0.1769, 3: 0.1434, 4: 0.1387}",10,"['OBSERVE_STRATUM', 'REMOVE_LAYER', 'OBSERVE_STRATUM', 'REMOVE_LAYER', 'OBSERVE_STRATUM', 'REMOVE_LAYER', 'OBSERVE_STRATUM', 'REMOVE_LAYER', 'OBSERVE_STRATUM', 'STOP_INSPECTION']",42.0,85.0,REGIME_A_UNIFORM,FB2_Depth_Stratified,21
bench_REGIME_A_UNIFORM_021,FB3_Macro_Myopic_VOI,potato,UNIFORM,0.16,0.1241,0.0359,MARKDOWN,0.0,0.0,1.0,0.0,4.0,0.4,4.4,10.0,"{0: 0.1764, 1: 0.1512, 2: 0.1769, 3: 0.1434, 4: 0.1387}",3,"['OBSERVE_STRATUM', 'OBSERVE_STRATUM', 'STOP_INSPECTION']",4.0,10.0,REGIME_A_UNIFORM,FB3_Macro_Myopic_VOI,21
bench_REGIME_A_UNIFORM_021,FB5_State_Blind_Lookahead,potato,UNIFORM,0.16,0.116,0.044,MARKDOWN,0.0,0.0,1.0,0.0,6.0,4.8,10.8,120.0,"{0: 0.1764, 1: 0.1512, 2: 0.1769, 3: 0.1434, 4: 0.1387}",12,"['WAIT_SETTLE', 'WAIT_SETTLE', 'WAIT_SETTLE', 'WAIT_SETTLE', 'WAIT_SETTLE', 'WAIT_SETTLE', 'WAIT_SETTLE', 'WAIT_SETTLE', 'WAIT_SETTLE', 'WAIT_SETTLE', 'WAIT_SETTLE', 'WAIT_SETTLE']",6.0,120.0,REGIME_A_UNIFORM,FB5_State_Blind,21
bench_REGIME_A_UNIFORM_021,FB6_Additive_Cost_Planner,potato,UNIFORM,0.16,0.116,0.044,MARKDOWN,0.0,0.0,1.0,0.0,6.0,4.8,10.8,120.0,"{0: 0.1764, 1: 0.1512, 2: 0.1769, 3: 0.1434, 4: 0.1387}",12,"['WAIT_SETTLE', 'WAIT_SETTLE', 'WAIT_SETTLE', 'WAIT_SETTLE', 'WAIT_SETTLE', 'WAIT_SETTLE', 'WAIT_SETTLE', 'WAIT_SETTLE', 'WAIT_SETTLE', 'WAIT_SETTLE', 'WAIT_SETTLE', 'WAIT_SETTLE']",6.0,120.0,REGIME_A_UNIFORM,FB6_Additive_Cost,21
bench_REGIME_A_UNIFORM_021,FB7_Exposure_Aware_Planner,potato,UNIFORM,0.16,0.116,0.044,MARKDOWN,0.0,0.0,1.0,0.0,0.0,0.0,0.0,0.0,"{0: 0.1764, 1: 0.1512, 2: 0.1769, 3: 0.1434, 4: 0.1387}",1,['STOP_INSPECTION'],0.0,0.0,REGIME_A_UNIFORM,FB7_Proposed,21
bench_REGIME_A_UNIFORM_022,FB0_Surface_Only,potato,UNIFORM,0.14,0.1222,0.0178,MARKDOWN,0.0,0.0,1.0,0.0,2.0,0.2,2.2,5.0,"{0: 0.1416, 1: 0.138, 2: 0.1345, 3: 0.1215, 4: 0.1556}",2,"['OBSERVE_STRATUM', 'STOP_INSPECTION']",2.0,5.0,REGIME_A_UNIFORM,FB0_Surface_Only,22
bench_REGIME_A_UNIFORM_022,FB1_Fixed_Sampling,potato,UNIFORM,0.14,0.1204,0.0196,MARKDOWN,0.0,0.0,1.0,0.0,45.0,3.0,48.0,75.0,"{0: 0.1416, 1: 0.138, 2: 0.1345, 3: 0.1215, 4: 0.1556}",4,"['SAMPLE_UNITS', 'SAMPLE_UNITS', 'SAMPLE_UNITS', 'STOP_INSPECTION']",45.0,75.0,REGIME_A_UNIFORM,FB1_Fixed_Random,22
bench_REGIME_A_UNIFORM_022,FB2_Depth_Stratified,potato,UNIFORM,0.14,0.1218,0.0182,MARKDOWN,0.0,0.0,1.0,0.0,42.0,11.4,53.4,285.0,"{0: 0.1416, 1: 0.138, 2: 0.1345, 3: 0.1215, 4: 0.1556}",10,"['OBSERVE_STRATUM', 'REMOVE_LAYER', 'OBSERVE_STRATUM', 'REMOVE_LAYER', 'OBSERVE_STRATUM', 'REMOVE_LAYER', 'OBSERVE_STRATUM', 'REMOVE_LAYER', 'OBSERVE_STRATUM', 'STOP_INSPECTION']",42.0,85.0,REGIME_A_UNIFORM,FB2_Depth_Stratified,22
bench_REGIME_A_UNIFORM_022,FB3_Macro_Myopic_VOI,potato,UNIFORM,0.14,0.1186,0.0214,MARKDOWN,0.0,0.0,1.0,0.0,2.0,0.2,2.2,5.0,"{0: 0.1416, 1: 0.138, 2: 0.1345, 3: 0.1215, 4: 0.1556}",2,"['OBSERVE_STRATUM', 'STOP_INSPECTION']",2.0,5.0,REGIME_A_UNIFORM,FB3_Macro_Myopic_VOI,22
bench_REGIME_A_UNIFORM_022,FB5_State_Blind_Lookahead,potato,UNIFORM,0.14,0.116,0.024,MARKDOWN,0.0,0.0,1.0,0.0,6.0,4.8,10.8,120.0,"{0: 0.1416, 1: 0.138, 2: 0.1345, 3: 0.1215, 4: 0.1556}",12,"['WAIT_SETTLE', 'WAIT_SETTLE', 'WAIT_SETTLE', 'WAIT_SETTLE', 'WAIT_SETTLE', 'WAIT_SETTLE', 'WAIT_SETTLE', 'WAIT_SETTLE', 'WAIT_SETTLE', 'WAIT_SETTLE', 'WAIT_SETTLE', 'WAIT_SETTLE']",6.0,120.0,REGIME_A_UNIFORM,FB5_State_Blind,22
bench_REGIME_A_UNIFORM_022,FB6_Additive_Cost_Planner,potato,UNIFORM,0.14,0.116,0.024,MARKDOWN,0.0,0.0,1.0,0.0,6.0,4.8,10.8,120.0,"{0: 0.1416, 1: 0.138, 2: 0.1345, 3: 0.1215, 4: 0.1556}",12,"['WAIT_SETTLE', 'WAIT_SETTLE', 'WAIT_SETTLE', 'WAIT_SETTLE', 'WAIT_SETTLE', 'WAIT_SETTLE', 'WAIT_SETTLE', 'WAIT_SETTLE', 'WAIT_SETTLE', 'WAIT_SETTLE', 'WAIT_SETTLE', 'WAIT_SETTLE']",6.0,120.0,REGIME_A_UNIFORM,FB6_Additive_Cost,22
bench_REGIME_A_UNIFORM_022,FB7_Exposure_Aware_Planner,potato,UNIFORM,0.14,0.116,0.024,MARKDOWN,0.0,0.0,1.0,0.0,0.0,0.0,0.0,0.0,"{0: 0.1416, 1: 0.138, 2: 0.1345, 3: 0.1215, 4: 0.1556}",1,['STOP_INSPECTION'],0.0,0.0,REGIME_A_UNIFORM,FB7_Proposed,22
bench_REGIME_A_UNIFORM_023,FB0_Surface_Only,potato,UNIFORM,0.136,0.1163,0.0197,MARKDOWN,0.0,0.0,1.0,0.0,2.0,0.2,2.2,5.0,"{0: 0.1411, 1: 0.1427, 2: 0.1451, 3: 0.1281, 4: 0.1436}",2,"['OBSERVE_STRATUM', 'STOP_INSPECTION']",2.0,5.0,REGIME_A_UNIFORM,FB0_Surface_Only,23
bench_REGIME_A_UNIFORM_023,FB1_Fixed_Sampling,potato,UNIFORM,0.136,0.1209,0.0151,MARKDOWN,0.0,0.0,1.0,0.0,45.0,3.0,48.0,75.0,"{0: 0.1411, 1: 0.1427, 2: 0.1451, 3: 0.1281, 4: 0.1436}",4,"['SAMPLE_UNITS', 'SAMPLE_UNITS', 'SAMPLE_UNITS', 'STOP_INSPECTION']",45.0,75.0,REGIME_A_UNIFORM,FB1_Fixed_Random,23
bench_REGIME_A_UNIFORM_023,FB2_Depth_Stratified,potato,UNIFORM,0.136,0.1271,0.0089,MARKDOWN,0.0,0.0,1.0,0.0,42.0,11.4,53.4,285.0,"{0: 0.1411, 1: 0.1427, 2: 0.1451, 3: 0.1281, 4: 0.1436}",10,"['OBSERVE_STRATUM', 'REMOVE_LAYER', 'OBSERVE_STRATUM', 'REMOVE_LAYER', 'OBSERVE_STRATUM', 'REMOVE_LAYER', 'OBSERVE_STRATUM', 'REMOVE_LAYER', 'OBSERVE_STRATUM', 'STOP_INSPECTION']",42.0,85.0,REGIME_A_UNIFORM,FB2_Depth_Stratified,23
bench_REGIME_A_UNIFORM_023,FB3_Macro_Myopic_VOI,potato,UNIFORM,0.136,0.113,0.023,MARKDOWN,0.0,0.0,1.0,0.0,2.0,0.2,2.2,5.0,"{0: 0.1411, 1: 0.1427, 2: 0.1451, 3: 0.1281, 4: 0.1436}",2,"['OBSERVE_STRATUM', 'STOP_INSPECTION']",2.0,5.0,REGIME_A_UNIFORM,FB3_Macro_Myopic_VOI,23
bench_REGIME_A_UNIFORM_023,FB5_State_Blind_Lookahead,potato,UNIFORM,0.136,0.116,0.02,MARKDOWN,0.0,0.0,1.0,0.0,6.0,4.8,10.8,120.0,"{0: 0.1411, 1: 0.1427, 2: 0.1451, 3: 0.1281, 4: 0.1436}",12,"['WAIT_SETTLE', 'WAIT_SETTLE', 'WAIT_SETTLE', 'WAIT_SETTLE', 'WAIT_SETTLE', 'WAIT_SETTLE', 'WAIT_SETTLE', 'WAIT_SETTLE', 'WAIT_SETTLE', 'WAIT_SETTLE', 'WAIT_SETTLE', 'WAIT_SETTLE']",6.0,120.0,REGIME_A_UNIFORM,FB5_State_Blind,23
bench_REGIME_A_UNIFORM_023,FB6_Additive_Cost_Planner,potato,UNIFORM,0.136,0.116,0.02,MARKDOWN,0.0,0.0,1.0,0.0,6.0,4.8,10.8,120.0,"{0: 0.1411, 1: 0.1427, 2: 0.1451, 3: 0.1281, 4: 0.1436}",12,"['WAIT_SETTLE', 'WAIT_SETTLE', 'WAIT_SETTLE', 'WAIT_SETTLE', 'WAIT_SETTLE', 'WAIT_SETTLE', 'WAIT_SETTLE', 'WAIT_SETTLE', 'WAIT_SETTLE', 'WAIT_SETTLE', 'WAIT_SETTLE', 'WAIT_SETTLE']",6.0,120.0,REGIME_A_UNIFORM,FB6_Additive_Cost,23
bench_REGIME_A_UNIFORM_023,FB7_Exposure_Aware_Planner,potato,UNIFORM,0.136,0.116,0.02,MARKDOWN,0.0,0.0,1.0,0.0,0.0,0.0,0.0,0.0,"{0: 0.1411, 1: 0.1427, 2: 0.1451, 3: 0.1281, 4: 0.1436}",1,['STOP_INSPECTION'],0.0,0.0,REGIME_A_UNIFORM,FB7_Proposed,23
bench_REGIME_A_UNIFORM_024,FB0_Surface_Only,potato,UNIFORM,0.156,0.1203,0.0357,MARKDOWN,0.0,0.0,1.0,0.0,2.0,0.2,2.2,5.0,"{0: 0.1692, 1: 0.1655, 2: 0.1568, 3: 0.1597, 4: 0.1316}",2,"['OBSERVE_STRATUM', 'STOP_INSPECTION']",2.0,5.0,REGIME_A_UNIFORM,FB0_Surface_Only,24
bench_REGIME_A_UNIFORM_024,FB1_Fixed_Sampling,potato,UNIFORM,0.156,0.1262,0.0298,MARKDOWN,0.0,0.0,1.0,0.0,45.0,3.0,48.0,75.0,"{0: 0.1692, 1: 0.1655, 2: 0.1568, 3: 0.1597, 4: 0.1316}",4,"['SAMPLE_UNITS', 'SAMPLE_UNITS', 'SAMPLE_UNITS', 'STOP_INSPECTION']",45.0,75.0,REGIME_A_UNIFORM,FB1_Fixed_Random,24
bench_REGIME_A_UNIFORM_024,FB2_Depth_Stratified,potato,UNIFORM,0.156,0.1294,0.0266,MARKDOWN,0.0,0.0,1.0,0.0,42.0,11.4,53.4,285.0,"{0: 0.1692, 1: 0.1655, 2: 0.1568, 3: 0.1597, 4: 0.1316}",10,"['OBSERVE_STRATUM', 'REMOVE_LAYER', 'OBSERVE_STRATUM', 'REMOVE_LAYER', 'OBSERVE_STRATUM', 'REMOVE_LAYER', 'OBSERVE_STRATUM', 'REMOVE_LAYER', 'OBSERVE_STRATUM', 'STOP_INSPECTION']",42.0,85.0,REGIME_A_UNIFORM,FB2_Depth_Stratified,24
bench_REGIME_A_UNIFORM_024,FB3_Macro_Myopic_VOI,potato,UNIFORM,0.156,0.1232,0.0328,MARKDOWN,0.0,0.0,1.0,0.0,4.0,0.4,4.4,10.0,"{0: 0.1692, 1: 0.1655, 2: 0.1568, 3: 0.1597, 4: 0.1316}",3,"['OBSERVE_STRATUM', 'OBSERVE_STRATUM', 'STOP_INSPECTION']",4.0,10.0,REGIME_A_UNIFORM,FB3_Macro_Myopic_VOI,24
bench_REGIME_A_UNIFORM_024,FB5_State_Blind_Lookahead,potato,UNIFORM,0.156,0.116,0.04,MARKDOWN,0.0,0.0,1.0,0.0,6.0,4.8,10.8,120.0,"{0: 0.1692, 1: 0.1655, 2: 0.1568, 3: 0.1597, 4: 0.1316}",12,"['WAIT_SETTLE', 'WAIT_SETTLE', 'WAIT_SETTLE', 'WAIT_SETTLE', 'WAIT_SETTLE', 'WAIT_SETTLE', 'WAIT_SETTLE', 'WAIT_SETTLE', 'WAIT_SETTLE', 'WAIT_SETTLE', 'WAIT_SETTLE', 'WAIT_SETTLE']",6.0,120.0,REGIME_A_UNIFORM,FB5_State_Blind,24
bench_REGIME_A_UNIFORM_024,FB6_Additive_Cost_Planner,potato,UNIFORM,0.156,0.116,0.04,MARKDOWN,0.0,0.0,1.0,0.0,6.0,4.8,10.8,120.0,"{0: 0.1692, 1: 0.1655, 2: 0.1568, 3: 0.1597, 4: 0.1316}",12,"['WAIT_SETTLE', 'WAIT_SETTLE', 'WAIT_SETTLE', 'WAIT_SETTLE', 'WAIT_SETTLE', 'WAIT_SETTLE', 'WAIT_SETTLE', 'WAIT_SETTLE', 'WAIT_SETTLE', 'WAIT_SETTLE', 'WAIT_SETTLE', 'WAIT_SETTLE']",6.0,120.0,REGIME_A_UNIFORM,FB6_Additive_Cost,24
bench_REGIME_A_UNIFORM_024,FB7_Exposure_Aware_Planner,potato,UNIFORM,0.156,0.116,0.04,MARKDOWN,0.0,0.0,1.0,0.0,0.0,0.0,0.0,0.0,"{0: 0.1692, 1: 0.1655, 2: 0.1568, 3: 0.1597, 4: 0.1316}",1,['STOP_INSPECTION'],0.0,0.0,REGIME_A_UNIFORM,FB7_Proposed,24
bench_REGIME_A_UNIFORM_025,FB0_Surface_Only,potato,UNIFORM,0.144,0.1213,0.0227,MARKDOWN,0.0,0.0,1.0,0.0,2.0,0.2,2.2,5.0,"{0: 0.1519, 1: 0.1237, 2: 0.1361, 3: 0.1761, 4: 0.1283}",2,"['OBSERVE_STRATUM', 'STOP_INSPECTION']",2.0,5.0,REGIME_A_UNIFORM,FB0_Surface_Only,25
bench_REGIME_A_UNIFORM_025,FB1_Fixed_Sampling,potato,UNIFORM,0.144,0.1218,0.0222,MARKDOWN,0.0,0.0,1.0,0.0,45.0,3.0,48.0,75.0,"{0: 0.1519, 1: 0.1237, 2: 0.1361, 3: 0.1761, 4: 0.1283}",4,"['SAMPLE_UNITS', 'SAMPLE_UNITS', 'SAMPLE_UNITS', 'STOP_INSPECTION']",45.0,75.0,REGIME_A_UNIFORM,FB1_Fixed_Random,25
bench_REGIME_A_UNIFORM_025,FB2_Depth_Stratified,potato,UNIFORM,0.144,0.1197,0.0243,MARKDOWN,0.0,0.0,1.0,0.0,42.0,11.4,53.4,285.0,"{0: 0.1519, 1: 0.1237, 2: 0.1361, 3: 0.1761, 4: 0.1283}",10,"['OBSERVE_STRATUM', 'REMOVE_LAYER', 'OBSERVE_STRATUM', 'REMOVE_LAYER', 'OBSERVE_STRATUM', 'REMOVE_LAYER', 'OBSERVE_STRATUM', 'REMOVE_LAYER', 'OBSERVE_STRATUM', 'STOP_INSPECTION']",42.0,85.0,REGIME_A_UNIFORM,FB2_Depth_Stratified,25
bench_REGIME_A_UNIFORM_025,FB3_Macro_Myopic_VOI,potato,UNIFORM,0.144,0.1198,0.0242,MARKDOWN,0.0,0.0,1.0,0.0,2.0,0.2,2.2,5.0,"{0: 0.1519, 1: 0.1237, 2: 0.1361, 3: 0.1761, 4: 0.1283}",2,"['OBSERVE_STRATUM', 'STOP_INSPECTION']",2.0,5.0,REGIME_A_UNIFORM,FB3_Macro_Myopic_VOI,25
bench_REGIME_A_UNIFORM_025,FB5_State_Blind_Lookahead,potato,UNIFORM,0.144,0.116,0.028,MARKDOWN,0.0,0.0,1.0,0.0,6.0,4.8,10.8,120.0,"{0: 0.1519, 1: 0.1237, 2: 0.1361, 3: 0.1761, 4: 0.1283}",12,"['WAIT_SETTLE', 'WAIT_SETTLE', 'WAIT_SETTLE', 'WAIT_SETTLE', 'WAIT_SETTLE', 'WAIT_SETTLE', 'WAIT_SETTLE', 'WAIT_SETTLE', 'WAIT_SETTLE', 'WAIT_SETTLE', 'WAIT_SETTLE', 'WAIT_SETTLE']",6.0,120.0,REGIME_A_UNIFORM,FB5_State_Blind,25
bench_REGIME_A_UNIFORM_025,FB6_Additive_Cost_Planner,potato,UNIFORM,0.144,0.116,0.028,MARKDOWN,0.0,0.0,1.0,0.0,6.0,4.8,10.8,120.0,"{0: 0.1519, 1: 0.1237, 2: 0.1361, 3: 0.1761, 4: 0.1283}",12,"['WAIT_SETTLE', 'WAIT_SETTLE', 'WAIT_SETTLE', 'WAIT_SETTLE', 'WAIT_SETTLE', 'WAIT_SETTLE', 'WAIT_SETTLE', 'WAIT_SETTLE', 'WAIT_SETTLE', 'WAIT_SETTLE', 'WAIT_SETTLE', 'WAIT_SETTLE']",6.0,120.0,REGIME_A_UNIFORM,FB6_Additive_Cost,25
bench_REGIME_A_UNIFORM_025,FB7_Exposure_Aware_Planner,potato,UNIFORM,0.144,0.116,0.028,MARKDOWN,0.0,0.0,1.0,0.0,0.0,0.0,0.0,0.0,"{0: 0.1519, 1: 0.1237, 2: 0.1361, 3: 0.1761, 4: 0.1283}",1,['STOP_INSPECTION'],0.0,0.0,REGIME_A_UNIFORM,FB7_Proposed,25
bench_REGIME_A_UNIFORM_026,FB0_Surface_Only,potato,UNIFORM,0.168,0.1223,0.0457,MARKDOWN,0.0,0.0,1.0,0.0,2.0,0.2,2.2,5.0,"{0: 0.145, 1: 0.1795, 2: 0.1772, 3: 0.1601, 4: 0.1727}",2,"['OBSERVE_STRATUM', 'STOP_INSPECTION']",2.0,5.0,REGIME_A_UNIFORM,FB0_Surface_Only,26
bench_REGIME_A_UNIFORM_026,FB1_Fixed_Sampling,potato,UNIFORM,0.168,0.126,0.042,MARKDOWN,0.0,0.0,1.0,0.0,45.0,3.0,48.0,75.0,"{0: 0.145, 1: 0.1795, 2: 0.1772, 3: 0.1601, 4: 0.1727}",4,"['SAMPLE_UNITS', 'SAMPLE_UNITS', 'SAMPLE_UNITS', 'STOP_INSPECTION']",45.0,75.0,REGIME_A_UNIFORM,FB1_Fixed_Random,26
bench_REGIME_A_UNIFORM_026,FB2_Depth_Stratified,potato,UNIFORM,0.168,0.1429,0.0251,MARKDOWN,0.0,0.0,1.0,0.0,42.0,11.4,53.4,285.0,"{0: 0.145, 1: 0.1795, 2: 0.1772, 3: 0.1601, 4: 0.1727}",10,"['OBSERVE_STRATUM', 'REMOVE_LAYER', 'OBSERVE_STRATUM', 'REMOVE_LAYER', 'OBSERVE_STRATUM', 'REMOVE_LAYER', 'OBSERVE_STRATUM', 'REMOVE_LAYER', 'OBSERVE_STRATUM', 'STOP_INSPECTION']",42.0,85.0,REGIME_A_UNIFORM,FB2_Depth_Stratified,26
bench_REGIME_A_UNIFORM_026,FB3_Macro_Myopic_VOI,potato,UNIFORM,0.168,0.1216,0.0464,MARKDOWN,0.0,0.0,1.0,0.0,2.0,0.2,2.2,5.0,"{0: 0.145, 1: 0.1795, 2: 0.1772, 3: 0.1601, 4: 0.1727}",2,"['OBSERVE_STRATUM', 'STOP_INSPECTION']",2.0,5.0,REGIME_A_UNIFORM,FB3_Macro_Myopic_VOI,26
bench_REGIME_A_UNIFORM_026,FB5_State_Blind_Lookahead,potato,UNIFORM,0.168,0.116,0.052,MARKDOWN,0.0,0.0,1.0,0.0,6.0,4.8,10.8,120.0,"{0: 0.145, 1: 0.1795, 2: 0.1772, 3: 0.1601, 4: 0.1727}",12,"['WAIT_SETTLE', 'WAIT_SETTLE', 'WAIT_SETTLE', 'WAIT_SETTLE', 'WAIT_SETTLE', 'WAIT_SETTLE', 'WAIT_SETTLE', 'WAIT_SETTLE', 'WAIT_SETTLE', 'WAIT_SETTLE', 'WAIT_SETTLE', 'WAIT_SETTLE']",6.0,120.0,REGIME_A_UNIFORM,FB5_State_Blind,26
bench_REGIME_A_UNIFORM_026,FB6_Additive_Cost_Planner,potato,UNIFORM,0.168,0.116,0.052,MARKDOWN,0.0,0.0,1.0,0.0,6.0,4.8,10.8,120.0,"{0: 0.145, 1: 0.1795, 2: 0.1772, 3: 0.1601, 4: 0.1727}",12,"['WAIT_SETTLE', 'WAIT_SETTLE', 'WAIT_SETTLE', 'WAIT_SETTLE', 'WAIT_SETTLE', 'WAIT_SETTLE', 'WAIT_SETTLE', 'WAIT_SETTLE', 'WAIT_SETTLE', 'WAIT_SETTLE', 'WAIT_SETTLE', 'WAIT_SETTLE']",6.0,120.0,REGIME_A_UNIFORM,FB6_Additive_Cost,26
bench_REGIME_A_UNIFORM_026,FB7_Exposure_Aware_Planner,potato,UNIFORM,0.168,0.116,0.052,MARKDOWN,0.0,0.0,1.0,0.0,0.0,0.0,0.0,0.0,"{0: 0.145, 1: 0.1795, 2: 0.1772, 3: 0.1601, 4: 0.1727}",1,['STOP_INSPECTION'],0.0,0.0,REGIME_A_UNIFORM,FB7_Proposed,26
bench_REGIME_A_UNIFORM_027,FB0_Surface_Only,potato,UNIFORM,0.136,0.1152,0.0208,MARKDOWN,0.0,0.0,1.0,0.0,2.0,0.2,2.2,5.0,"{0: 0.1222, 1: 0.121, 2: 0.1235, 3: 0.1506, 4: 0.1672}",2,"['OBSERVE_STRATUM', 'STOP_INSPECTION']",2.0,5.0,REGIME_A_UNIFORM,FB0_Surface_Only,27
bench_REGIME_A_UNIFORM_027,FB1_Fixed_Sampling,potato,UNIFORM,0.136,0.1188,0.0172,MARKDOWN,0.0,0.0,1.0,0.0,45.0,3.0,48.0,75.0,"{0: 0.1222, 1: 0.121, 2: 0.1235, 3: 0.1506, 4: 0.1672}",4,"['SAMPLE_UNITS', 'SAMPLE_UNITS', 'SAMPLE_UNITS', 'STOP_INSPECTION']",45.0,75.0,REGIME_A_UNIFORM,FB1_Fixed_Random,27
bench_REGIME_A_UNIFORM_027,FB2_Depth_Stratified,potato,UNIFORM,0.136,0.1188,0.0172,MARKDOWN,0.0,0.0,1.0,0.0,42.0,11.4,53.4,285.0,"{0: 0.1222, 1: 0.121, 2: 0.1235, 3: 0.1506, 4: 0.1672}",10,"['OBSERVE_STRATUM', 'REMOVE_LAYER', 'OBSERVE_STRATUM', 'REMOVE_LAYER', 'OBSERVE_STRATUM', 'REMOVE_LAYER', 'OBSERVE_STRATUM', 'REMOVE_LAYER', 'OBSERVE_STRATUM', 'STOP_INSPECTION']",42.0,85.0,REGIME_A_UNIFORM,FB2_Depth_Stratified,27
bench_REGIME_A_UNIFORM_027,FB3_Macro_Myopic_VOI,potato,UNIFORM,0.136,0.1164,0.0196,MARKDOWN,0.0,0.0,1.0,0.0,2.0,0.2,2.2,5.0,"{0: 0.1222, 1: 0.121, 2: 0.1235, 3: 0.1506, 4: 0.1672}",2,"['OBSERVE_STRATUM', 'STOP_INSPECTION']",2.0,5.0,REGIME_A_UNIFORM,FB3_Macro_Myopic_VOI,27
bench_REGIME_A_UNIFORM_027,FB5_State_Blind_Lookahead,potato,UNIFORM,0.136,0.116,0.02,MARKDOWN,0.0,0.0,1.0,0.0,6.0,4.8,10.8,120.0,"{0: 0.1222, 1: 0.121, 2: 0.1235, 3: 0.1506, 4: 0.1672}",12,"['WAIT_SETTLE', 'WAIT_SETTLE', 'WAIT_SETTLE', 'WAIT_SETTLE', 'WAIT_SETTLE', 'WAIT_SETTLE', 'WAIT_SETTLE', 'WAIT_SETTLE', 'WAIT_SETTLE', 'WAIT_SETTLE', 'WAIT_SETTLE', 'WAIT_SETTLE']",6.0,120.0,REGIME_A_UNIFORM,FB5_State_Blind,27
bench_REGIME_A_UNIFORM_027,FB6_Additive_Cost_Planner,potato,UNIFORM,0.136,0.116,0.02,MARKDOWN,0.0,0.0,1.0,0.0,6.0,4.8,10.8,120.0,"{0: 0.1222, 1: 0.121, 2: 0.1235, 3: 0.1506, 4: 0.1672}",12,"['WAIT_SETTLE', 'WAIT_SETTLE', 'WAIT_SETTLE', 'WAIT_SETTLE', 'WAIT_SETTLE', 'WAIT_SETTLE', 'WAIT_SETTLE', 'WAIT_SETTLE', 'WAIT_SETTLE', 'WAIT_SETTLE', 'WAIT_SETTLE', 'WAIT_SETTLE']",6.0,120.0,REGIME_A_UNIFORM,FB6_Additive_Cost,27
bench_REGIME_A_UNIFORM_027,FB7_Exposure_Aware_Planner,potato,UNIFORM,0.136,0.116,0.02,MARKDOWN,0.0,0.0,1.0,0.0,0.0,0.0,0.0,0.0,"{0: 0.1222, 1: 0.121, 2: 0.1235, 3: 0.1506, 4: 0.1672}",1,['STOP_INSPECTION'],0.0,0.0,REGIME_A_UNIFORM,FB7_Proposed,27
bench_REGIME_A_UNIFORM_028,FB0_Surface_Only,potato,UNIFORM,0.152,0.1223,0.0297,MARKDOWN,0.0,0.0,1.0,0.0,2.0,0.2,2.2,5.0,"{0: 0.1667, 1: 0.1414, 2: 0.1657, 3: 0.1367, 4: 0.1546}",2,"['OBSERVE_STRATUM', 'STOP_INSPECTION']",2.0,5.0,REGIME_A_UNIFORM,FB0_Surface_Only,28
bench_REGIME_A_UNIFORM_028,FB1_Fixed_Sampling,potato,UNIFORM,0.152,0.1218,0.0302,MARKDOWN,0.0,0.0,1.0,0.0,45.0,3.0,48.0,75.0,"{0: 0.1667, 1: 0.1414, 2: 0.1657, 3: 0.1367, 4: 0.1546}",4,"['SAMPLE_UNITS', 'SAMPLE_UNITS', 'SAMPLE_UNITS', 'STOP_INSPECTION']",45.0,75.0,REGIME_A_UNIFORM,FB1_Fixed_Random,28
bench_REGIME_A_UNIFORM_028,FB2_Depth_Stratified,potato,UNIFORM,0.152,0.1369,0.0151,MARKDOWN,0.0,0.0,1.0,0.0,42.0,11.4,53.4,285.0,"{0: 0.1667, 1: 0.1414, 2: 0.1657, 3: 0.1367, 4: 0.1546}",10,"['OBSERVE_STRATUM', 'REMOVE_LAYER', 'OBSERVE_STRATUM', 'REMOVE_LAYER', 'OBSERVE_STRATUM', 'REMOVE_LAYER', 'OBSERVE_STRATUM', 'REMOVE_LAYER', 'OBSERVE_STRATUM', 'STOP_INSPECTION']",42.0,85.0,REGIME_A_UNIFORM,FB2_Depth_Stratified,28
bench_REGIME_A_UNIFORM_028,FB3_Macro_Myopic_VOI,potato,UNIFORM,0.152,0.1256,0.0264,MARKDOWN,0.0,0.0,1.0,0.0,4.0,0.4,4.4,10.0,"{0: 0.1667, 1: 0.1414, 2: 0.1657, 3: 0.1367, 4: 0.1546}",3,"['OBSERVE_STRATUM', 'OBSERVE_STRATUM', 'STOP_INSPECTION']",4.0,10.0,REGIME_A_UNIFORM,FB3_Macro_Myopic_VOI,28
bench_REGIME_A_UNIFORM_028,FB5_State_Blind_Lookahead,potato,UNIFORM,0.152,0.116,0.036,MARKDOWN,0.0,0.0,1.0,0.0,6.0,4.8,10.8,120.0,"{0: 0.1667, 1: 0.1414, 2: 0.1657, 3: 0.1367, 4: 0.1546}",12,"['WAIT_SETTLE', 'WAIT_SETTLE', 'WAIT_SETTLE', 'WAIT_SETTLE', 'WAIT_SETTLE', 'WAIT_SETTLE', 'WAIT_SETTLE', 'WAIT_SETTLE', 'WAIT_SETTLE', 'WAIT_SETTLE', 'WAIT_SETTLE', 'WAIT_SETTLE']",6.0,120.0,REGIME_A_UNIFORM,FB5_State_Blind,28
bench_REGIME_A_UNIFORM_028,FB6_Additive_Cost_Planner,potato,UNIFORM,0.152,0.116,0.036,MARKDOWN,0.0,0.0,1.0,0.0,6.0,4.8,10.8,120.0,"{0: 0.1667, 1: 0.1414, 2: 0.1657, 3: 0.1367, 4: 0.1546}",12,"['WAIT_SETTLE', 'WAIT_SETTLE', 'WAIT_SETTLE', 'WAIT_SETTLE', 'WAIT_SETTLE', 'WAIT_SETTLE', 'WAIT_SETTLE', 'WAIT_SETTLE', 'WAIT_SETTLE', 'WAIT_SETTLE', 'WAIT_SETTLE', 'WAIT_SETTLE']",6.0,120.0,REGIME_A_UNIFORM,FB6_Additive_Cost,28
bench_REGIME_A_UNIFORM_028,FB7_Exposure_Aware_Planner,potato,UNIFORM,0.152,0.116,0.036,MARKDOWN,0.0,0.0,1.0,0.0,0.0,0.0,0.0,0.0,"{0: 0.1667, 1: 0.1414, 2: 0.1657, 3: 0.1367, 4: 0.1546}",1,['STOP_INSPECTION'],0.0,0.0,REGIME_A_UNIFORM,FB7_Proposed,28
bench_REGIME_A_UNIFORM_029,FB0_Surface_Only,potato,UNIFORM,0.148,0.1198,0.0282,MARKDOWN,0.0,0.0,1.0,0.0,2.0,0.2,2.2,5.0,"{0: 0.1674, 1: 0.16, 2: 0.1274, 3: 0.1387, 4: 0.167}",2,"['OBSERVE_STRATUM', 'STOP_INSPECTION']",2.0,5.0,REGIME_A_UNIFORM,FB0_Surface_Only,29
bench_REGIME_A_UNIFORM_029,FB1_Fixed_Sampling,potato,UNIFORM,0.148,0.1216,0.0264,MARKDOWN,0.0,0.0,1.0,0.0,45.0,3.0,48.0,75.0,"{0: 0.1674, 1: 0.16, 2: 0.1274, 3: 0.1387, 4: 0.167}",4,"['SAMPLE_UNITS', 'SAMPLE_UNITS', 'SAMPLE_UNITS', 'STOP_INSPECTION']",45.0,75.0,REGIME_A_UNIFORM,FB1_Fixed_Random,29
bench_REGIME_A_UNIFORM_029,FB2_Depth_Stratified,potato,UNIFORM,0.148,0.1268,0.0212,MARKDOWN,0.0,0.0,1.0,0.0,42.0,11.4,53.4,285.0,"{0: 0.1674, 1: 0.16, 2: 0.1274, 3: 0.1387, 4: 0.167}",10,"['OBSERVE_STRATUM', 'REMOVE_LAYER', 'OBSERVE_STRATUM', 'REMOVE_LAYER', 'OBSERVE_STRATUM', 'REMOVE_LAYER', 'OBSERVE_STRATUM', 'REMOVE_LAYER', 'OBSERVE_STRATUM', 'STOP_INSPECTION']",42.0,85.0,REGIME_A_UNIFORM,FB2_Depth_Stratified,29
bench_REGIME_A_UNIFORM_029,FB3_Macro_Myopic_VOI,potato,UNIFORM,0.148,0.1191,0.0289,MARKDOWN,0.0,0.0,1.0,0.0,2.0,0.2,2.2,5.0,"{0: 0.1674, 1: 0.16, 2: 0.1274, 3: 0.1387, 4: 0.167}",2,"['OBSERVE_STRATUM', 'STOP_INSPECTION']",2.0,5.0,REGIME_A_UNIFORM,FB3_Macro_Myopic_VOI,29
bench_REGIME_A_UNIFORM_029,FB5_State_Blind_Lookahead,potato,UNIFORM,0.148,0.116,0.032,MARKDOWN,0.0,0.0,1.0,0.0,6.0,4.8,10.8,120.0,"{0: 0.1674, 1: 0.16, 2: 0.1274, 3: 0.1387, 4: 0.167}",12,"['WAIT_SETTLE', 'WAIT_SETTLE', 'WAIT_SETTLE', 'WAIT_SETTLE', 'WAIT_SETTLE', 'WAIT_SETTLE', 'WAIT_SETTLE', 'WAIT_SETTLE', 'WAIT_SETTLE', 'WAIT_SETTLE', 'WAIT_SETTLE', 'WAIT_SETTLE']",6.0,120.0,REGIME_A_UNIFORM,FB5_State_Blind,29
bench_REGIME_A_UNIFORM_029,FB6_Additive_Cost_Planner,potato,UNIFORM,0.148,0.116,0.032,MARKDOWN,0.0,0.0,1.0,0.0,6.0,4.8,10.8,120.0,"{0: 0.1674, 1: 0.16, 2: 0.1274, 3: 0.1387, 4: 0.167}",12,"['WAIT_SETTLE', 'WAIT_SETTLE', 'WAIT_SETTLE', 'WAIT_SETTLE', 'WAIT_SETTLE', 'WAIT_SETTLE', 'WAIT_SETTLE', 'WAIT_SETTLE', 'WAIT_SETTLE', 'WAIT_SETTLE', 'WAIT_SETTLE', 'WAIT_SETTLE']",6.0,120.0,REGIME_A_UNIFORM,FB6_Additive_Cost,29
bench_REGIME_A_UNIFORM_029,FB7_Exposure_Aware_Planner,potato,UNIFORM,0.148,0.116,0.032,MARKDOWN,0.0,0.0,1.0,0.0,0.0,0.0,0.0,0.0,"{0: 0.1674, 1: 0.16, 2: 0.1274, 3: 0.1387, 4: 0.167}",1,['STOP_INSPECTION'],0.0,0.0,REGIME_A_UNIFORM,FB7_Proposed,29
bench_REGIME_A_UNIFORM_030,FB0_Surface_Only,potato,UNIFORM,0.164,0.1144,0.0496,MARKDOWN,0.0,0.0,1.0,0.0,2.0,0.2,2.2,5.0,"{0: 0.1509, 1: 0.1632, 2: 0.1569, 3: 0.1554, 4: 0.1739}",2,"['OBSERVE_STRATUM', 'STOP_INSPECTION']",2.0,5.0,REGIME_A_UNIFORM,FB0_Surface_Only,30
bench_REGIME_A_UNIFORM_030,FB1_Fixed_Sampling,potato,UNIFORM,0.164,0.1249,0.0391,MARKDOWN,0.0,0.0,1.0,0.0,45.0,3.0,48.0,75.0,"{0: 0.1509, 1: 0.1632, 2: 0.1569, 3: 0.1554, 4: 0.1739}",4,"['SAMPLE_UNITS', 'SAMPLE_UNITS', 'SAMPLE_UNITS', 'STOP_INSPECTION']",45.0,75.0,REGIME_A_UNIFORM,FB1_Fixed_Random,30
bench_REGIME_A_UNIFORM_030,FB2_Depth_Stratified,potato,UNIFORM,0.164,0.1342,0.0298,MARKDOWN,0.0,0.0,1.0,0.0,42.0,11.4,53.4,285.0,"{0: 0.1509, 1: 0.1632, 2: 0.1569, 3: 0.1554, 4: 0.1739}",10,"['OBSERVE_STRATUM', 'REMOVE_LAYER', 'OBSERVE_STRATUM', 'REMOVE_LAYER', 'OBSERVE_STRATUM', 'REMOVE_LAYER', 'OBSERVE_STRATUM', 'REMOVE_LAYER', 'OBSERVE_STRATUM', 'STOP_INSPECTION']",42.0,85.0,REGIME_A_UNIFORM,FB2_Depth_Stratified,30
bench_REGIME_A_UNIFORM_030,FB3_Macro_Myopic_VOI,potato,UNIFORM,0.164,0.118,0.046,MARKDOWN,0.0,0.0,1.0,0.0,2.0,0.2,2.2,5.0,"{0: 0.1509, 1: 0.1632, 2: 0.1569, 3: 0.1554, 4: 0.1739}",2,"['OBSERVE_STRATUM', 'STOP_INSPECTION']",2.0,5.0,REGIME_A_UNIFORM,FB3_Macro_Myopic_VOI,30
bench_REGIME_A_UNIFORM_030,FB5_State_Blind_Lookahead,potato,UNIFORM,0.164,0.116,0.048,MARKDOWN,0.0,0.0,1.0,0.0,6.0,4.8,10.8,120.0,"{0: 0.1509, 1: 0.1632, 2: 0.1569, 3: 0.1554, 4: 0.1739}",12,"['WAIT_SETTLE', 'WAIT_SETTLE', 'WAIT_SETTLE', 'WAIT_SETTLE', 'WAIT_SETTLE', 'WAIT_SETTLE', 'WAIT_SETTLE', 'WAIT_SETTLE', 'WAIT_SETTLE', 'WAIT_SETTLE', 'WAIT_SETTLE', 'WAIT_SETTLE']",6.0,120.0,REGIME_A_UNIFORM,FB5_State_Blind,30
bench_REGIME_A_UNIFORM_030,FB6_Additive_Cost_Planner,potato,UNIFORM,0.164,0.116,0.048,MARKDOWN,0.0,0.0,1.0,0.0,6.0,4.8,10.8,120.0,"{0: 0.1509, 1: 0.1632, 2: 0.1569, 3: 0.1554, 4: 0.1739}",12,"['WAIT_SETTLE', 'WAIT_SETTLE', 'WAIT_SETTLE', 'WAIT_SETTLE', 'WAIT_SETTLE', 'WAIT_SETTLE', 'WAIT_SETTLE', 'WAIT_SETTLE', 'WAIT_SETTLE', 'WAIT_SETTLE', 'WAIT_SETTLE', 'WAIT_SETTLE']",6.0,120.0,REGIME_A_UNIFORM,FB6_Additive_Cost,30
bench_REGIME_A_UNIFORM_030,FB7_Exposure_Aware_Planner,potato,UNIFORM,0.164,0.116,0.048,MARKDOWN,0.0,0.0,1.0,0.0,0.0,0.0,0.0,0.0,"{0: 0.1509, 1: 0.1632, 2: 0.1569, 3: 0.1554, 4: 0.1739}",1,['STOP_INSPECTION'],0.0,0.0,REGIME_A_UNIFORM,FB7_Proposed,30
bench_REGIME_A_UNIFORM_031,FB0_Surface_Only,potato,UNIFORM,0.156,0.1165,0.0395,MARKDOWN,0.0,0.0,1.0,0.0,2.0,0.2,2.2,5.0,"{0: 0.155, 1: 0.1218, 2: 0.1505, 3: 0.1719, 4: 0.1519}",2,"['OBSERVE_STRATUM', 'STOP_INSPECTION']",2.0,5.0,REGIME_A_UNIFORM,FB0_Surface_Only,31
bench_REGIME_A_UNIFORM_031,FB1_Fixed_Sampling,potato,UNIFORM,0.156,0.1242,0.0318,MARKDOWN,0.0,0.0,1.0,0.0,45.0,3.0,48.0,75.0,"{0: 0.155, 1: 0.1218, 2: 0.1505, 3: 0.1719, 4: 0.1519}",4,"['SAMPLE_UNITS', 'SAMPLE_UNITS', 'SAMPLE_UNITS', 'STOP_INSPECTION']",45.0,75.0,REGIME_A_UNIFORM,FB1_Fixed_Random,31
bench_REGIME_A_UNIFORM_031,FB2_Depth_Stratified,potato,UNIFORM,0.156,0.1169,0.0391,MARKDOWN,0.0,0.0,1.0,0.0,42.0,11.4,53.4,285.0,"{0: 0.155, 1: 0.1218, 2: 0.1505, 3: 0.1719, 4: 0.1519}",10,"['OBSERVE_STRATUM', 'REMOVE_LAYER', 'OBSERVE_STRATUM', 'REMOVE_LAYER', 'OBSERVE_STRATUM', 'REMOVE_LAYER', 'OBSERVE_STRATUM', 'REMOVE_LAYER', 'OBSERVE_STRATUM', 'STOP_INSPECTION']",42.0,85.0,REGIME_A_UNIFORM,FB2_Depth_Stratified,31
bench_REGIME_A_UNIFORM_031,FB3_Macro_Myopic_VOI,potato,UNIFORM,0.156,0.1219,0.0341,MARKDOWN,0.0,0.0,1.0,0.0,2.0,0.2,2.2,5.0,"{0: 0.155, 1: 0.1218, 2: 0.1505, 3: 0.1719, 4: 0.1519}",2,"['OBSERVE_STRATUM', 'STOP_INSPECTION']",2.0,5.0,REGIME_A_UNIFORM,FB3_Macro_Myopic_VOI,31
bench_REGIME_A_UNIFORM_031,FB5_State_Blind_Lookahead,potato,UNIFORM,0.156,0.116,0.04,MARKDOWN,0.0,0.0,1.0,0.0,6.0,4.8,10.8,120.0,"{0: 0.155, 1: 0.1218, 2: 0.1505, 3: 0.1719, 4: 0.1519}",12,"['WAIT_SETTLE', 'WAIT_SETTLE', 'WAIT_SETTLE', 'WAIT_SETTLE', 'WAIT_SETTLE', 'WAIT_SETTLE', 'WAIT_SETTLE', 'WAIT_SETTLE', 'WAIT_SETTLE', 'WAIT_SETTLE', 'WAIT_SETTLE', 'WAIT_SETTLE']",6.0,120.0,REGIME_A_UNIFORM,FB5_State_Blind,31
bench_REGIME_A_UNIFORM_031,FB6_Additive_Cost_Planner,potato,UNIFORM,0.156,0.116,0.04,MARKDOWN,0.0,0.0,1.0,0.0,6.0,4.8,10.8,120.0,"{0: 0.155, 1: 0.1218, 2: 0.1505, 3: 0.1719, 4: 0.1519}",12,"['WAIT_SETTLE', 'WAIT_SETTLE', 'WAIT_SETTLE', 'WAIT_SETTLE', 'WAIT_SETTLE', 'WAIT_SETTLE', 'WAIT_SETTLE', 'WAIT_SETTLE', 'WAIT_SETTLE', 'WAIT_SETTLE', 'WAIT_SETTLE', 'WAIT_SETTLE']",6.0,120.0,REGIME_A_UNIFORM,FB6_Additive_Cost,31
bench_REGIME_A_UNIFORM_031,FB7_Exposure_Aware_Planner,potato,UNIFORM,0.156,0.116,0.04,MARKDOWN,0.0,0.0,1.0,0.0,0.0,0.0,0.0,0.0,"{0: 0.155, 1: 0.1218, 2: 0.1505, 3: 0.1719, 4: 0.1519}",1,['STOP_INSPECTION'],0.0,0.0,REGIME_A_UNIFORM,FB7_Proposed,31
bench_REGIME_A_UNIFORM_032,FB0_Surface_Only,potato,UNIFORM,0.164,0.1175,0.0465,MARKDOWN,0.0,0.0,1.0,0.0,2.0,0.2,2.2,5.0,"{0: 0.1592, 1: 0.1762, 2: 0.1383, 3: 0.1759, 4: 0.1683}",2,"['OBSERVE_STRATUM', 'STOP_INSPECTION']",2.0,5.0,REGIME_A_UNIFORM,FB0_Surface_Only,32
bench_REGIME_A_UNIFORM_032,FB1_Fixed_Sampling,potato,UNIFORM,0.164,0.1221,0.0419,MARKDOWN,0.0,0.0,1.0,0.0,45.0,3.0,48.0,75.0,"{0: 0.1592, 1: 0.1762, 2: 0.1383, 3: 0.1759, 4: 0.1683}",4,"['SAMPLE_UNITS', 'SAMPLE_UNITS', 'SAMPLE_UNITS', 'STOP_INSPECTION']",45.0,75.0,REGIME_A_UNIFORM,FB1_Fixed_Random,32
bench_REGIME_A_UNIFORM_032,FB2_Depth_Stratified,potato,UNIFORM,0.164,0.1318,0.0322,MARKDOWN,0.0,0.0,1.0,0.0,42.0,11.4,53.4,285.0,"{0: 0.1592, 1: 0.1762, 2: 0.1383, 3: 0.1759, 4: 0.1683}",10,"['OBSERVE_STRATUM', 'REMOVE_LAYER', 'OBSERVE_STRATUM', 'REMOVE_LAYER', 'OBSERVE_STRATUM', 'REMOVE_LAYER', 'OBSERVE_STRATUM', 'REMOVE_LAYER', 'OBSERVE_STRATUM', 'STOP_INSPECTION']",42.0,85.0,REGIME_A_UNIFORM,FB2_Depth_Stratified,32
bench_REGIME_A_UNIFORM_032,FB3_Macro_Myopic_VOI,potato,UNIFORM,0.164,0.1209,0.0431,MARKDOWN,0.0,0.0,1.0,0.0,2.0,0.2,2.2,5.0,"{0: 0.1592, 1: 0.1762, 2: 0.1383, 3: 0.1759, 4: 0.1683}",2,"['OBSERVE_STRATUM', 'STOP_INSPECTION']",2.0,5.0,REGIME_A_UNIFORM,FB3_Macro_Myopic_VOI,32
bench_REGIME_A_UNIFORM_032,FB5_State_Blind_Lookahead,potato,UNIFORM,0.164,0.116,0.048,MARKDOWN,0.0,0.0,1.0,0.0,6.0,4.8,10.8,120.0,"{0: 0.1592, 1: 0.1762, 2: 0.1383, 3: 0.1759, 4: 0.1683}",12,"['WAIT_SETTLE', 'WAIT_SETTLE', 'WAIT_SETTLE', 'WAIT_SETTLE', 'WAIT_SETTLE', 'WAIT_SETTLE', 'WAIT_SETTLE', 'WAIT_SETTLE', 'WAIT_SETTLE', 'WAIT_SETTLE', 'WAIT_SETTLE', 'WAIT_SETTLE']",6.0,120.0,REGIME_A_UNIFORM,FB5_State_Blind,32
bench_REGIME_A_UNIFORM_032,FB6_Additive_Cost_Planner,potato,UNIFORM,0.164,0.116,0.048,MARKDOWN,0.0,0.0,1.0,0.0,6.0,4.8,10.8,120.0,"{0: 0.1592, 1: 0.1762, 2: 0.1383, 3: 0.1759, 4: 0.1683}",12,"['WAIT_SETTLE', 'WAIT_SETTLE', 'WAIT_SETTLE', 'WAIT_SETTLE', 'WAIT_SETTLE', 'WAIT_SETTLE', 'WAIT_SETTLE', 'WAIT_SETTLE', 'WAIT_SETTLE', 'WAIT_SETTLE', 'WAIT_SETTLE', 'WAIT_SETTLE']",6.0,120.0,REGIME_A_UNIFORM,FB6_Additive_Cost,32
bench_REGIME_A_UNIFORM_032,FB7_Exposure_Aware_Planner,potato,UNIFORM,0.164,0.116,0.048,MARKDOWN,0.0,0.0,1.0,0.0,0.0,0.0,0.0,0.0,"{0: 0.1592, 1: 0.1762, 2: 0.1383, 3: 0.1759, 4: 0.1683}",1,['STOP_INSPECTION'],0.0,0.0,REGIME_A_UNIFORM,FB7_Proposed,32
bench_REGIME_A_UNIFORM_033,FB0_Surface_Only,potato,UNIFORM,0.156,0.1226,0.0334,MARKDOWN,0.0,0.0,1.0,0.0,2.0,0.2,2.2,5.0,"{0: 0.1706, 1: 0.153, 2: 0.1381, 3: 0.1309, 4: 0.1611}",2,"['OBSERVE_STRATUM', 'STOP_INSPECTION']",2.0,5.0,REGIME_A_UNIFORM,FB0_Surface_Only,33
bench_REGIME_A_UNIFORM_033,FB1_Fixed_Sampling,potato,UNIFORM,0.156,0.123,0.033,MARKDOWN,0.0,0.0,1.0,0.0,45.0,3.0,48.0,75.0,"{0: 0.1706, 1: 0.153, 2: 0.1381, 3: 0.1309, 4: 0.1611}",4,"['SAMPLE_UNITS', 'SAMPLE_UNITS', 'SAMPLE_UNITS', 'STOP_INSPECTION']",45.0,75.0,REGIME_A_UNIFORM,FB1_Fixed_Random,33
bench_REGIME_A_UNIFORM_033,FB2_Depth_Stratified,potato,UNIFORM,0.156,0.121,0.035,MARKDOWN,0.0,0.0,1.0,0.0,42.0,11.4,53.4,285.0,"{0: 0.1706, 1: 0.153, 2: 0.1381, 3: 0.1309, 4: 0.1611}",10,"['OBSERVE_STRATUM', 'REMOVE_LAYER', 'OBSERVE_STRATUM', 'REMOVE_LAYER', 'OBSERVE_STRATUM', 'REMOVE_LAYER', 'OBSERVE_STRATUM', 'REMOVE_LAYER', 'OBSERVE_STRATUM', 'STOP_INSPECTION']",42.0,85.0,REGIME_A_UNIFORM,FB2_Depth_Stratified,33
bench_REGIME_A_UNIFORM_033,FB3_Macro_Myopic_VOI,potato,UNIFORM,0.156,0.1198,0.0362,MARKDOWN,0.0,0.0,1.0,0.0,2.0,0.2,2.2,5.0,"{0: 0.1706, 1: 0.153, 2: 0.1381, 3: 0.1309, 4: 0.1611}",2,"['OBSERVE_STRATUM', 'STOP_INSPECTION']",2.0,5.0,REGIME_A_UNIFORM,FB3_Macro_Myopic_VOI,33
bench_REGIME_A_UNIFORM_033,FB5_State_Blind_Lookahead,potato,UNIFORM,0.156,0.116,0.04,MARKDOWN,0.0,0.0,1.0,0.0,6.0,4.8,10.8,120.0,"{0: 0.1706, 1: 0.153, 2: 0.1381, 3: 0.1309, 4: 0.1611}",12,"['WAIT_SETTLE', 'WAIT_SETTLE', 'WAIT_SETTLE', 'WAIT_SETTLE', 'WAIT_SETTLE', 'WAIT_SETTLE', 'WAIT_SETTLE', 'WAIT_SETTLE', 'WAIT_SETTLE', 'WAIT_SETTLE', 'WAIT_SETTLE', 'WAIT_SETTLE']",6.0,120.0,REGIME_A_UNIFORM,FB5_State_Blind,33
bench_REGIME_A_UNIFORM_033,FB6_Additive_Cost_Planner,potato,UNIFORM,0.156,0.116,0.04,MARKDOWN,0.0,0.0,1.0,0.0,6.0,4.8,10.8,120.0,"{0: 0.1706, 1: 0.153, 2: 0.1381, 3: 0.1309, 4: 0.1611}",12,"['WAIT_SETTLE', 'WAIT_SETTLE', 'WAIT_SETTLE', 'WAIT_SETTLE', 'WAIT_SETTLE', 'WAIT_SETTLE', 'WAIT_SETTLE', 'WAIT_SETTLE', 'WAIT_SETTLE', 'WAIT_SETTLE', 'WAIT_SETTLE', 'WAIT_SETTLE']",6.0,120.0,REGIME_A_UNIFORM,FB6_Additive_Cost,33
bench_REGIME_A_UNIFORM_033,FB7_Exposure_Aware_Planner,potato,UNIFORM,0.156,0.116,0.04,MARKDOWN,0.0,0.0,1.0,0.0,0.0,0.0,0.0,0.0,"{0: 0.1706, 1: 0.153, 2: 0.1381, 3: 0.1309, 4: 0.1611}",1,['STOP_INSPECTION'],0.0,0.0,REGIME_A_UNIFORM,FB7_Proposed,33
bench_REGIME_A_UNIFORM_034,FB0_Surface_Only,potato,UNIFORM,0.156,0.1179,0.0381,MARKDOWN,0.0,0.0,1.0,0.0,2.0,0.2,2.2,5.0,"{0: 0.1441, 1: 0.1669, 2: 0.1486, 3: 0.1681, 4: 0.1772}",2,"['OBSERVE_STRATUM', 'STOP_INSPECTION']",2.0,5.0,REGIME_A_UNIFORM,FB0_Surface_Only,34
bench_REGIME_A_UNIFORM_034,FB1_Fixed_Sampling,potato,UNIFORM,0.156,0.1183,0.0377,MARKDOWN,0.0,0.0,1.0,0.0,45.0,3.0,48.0,75.0,"{0: 0.1441, 1: 0.1669, 2: 0.1486, 3: 0.1681, 4: 0.1772}",4,"['SAMPLE_UNITS', 'SAMPLE_UNITS', 'SAMPLE_UNITS', 'STOP_INSPECTION']",45.0,75.0,REGIME_A_UNIFORM,FB1_Fixed_Random,34
bench_REGIME_A_UNIFORM_034,FB2_Depth_Stratified,potato,UNIFORM,0.156,0.1308,0.0252,MARKDOWN,0.0,0.0,1.0,0.0,42.0,11.4,53.4,285.0,"{0: 0.1441, 1: 0.1669, 2: 0.1486, 3: 0.1681, 4: 0.1772}",10,"['OBSERVE_STRATUM', 'REMOVE_LAYER', 'OBSERVE_STRATUM', 'REMOVE_LAYER', 'OBSERVE_STRATUM', 'REMOVE_LAYER', 'OBSERVE_STRATUM', 'REMOVE_LAYER', 'OBSERVE_STRATUM', 'STOP_INSPECTION']",42.0,85.0,REGIME_A_UNIFORM,FB2_Depth_Stratified,34
bench_REGIME_A_UNIFORM_034,FB3_Macro_Myopic_VOI,potato,UNIFORM,0.156,0.1169,0.0391,MARKDOWN,0.0,0.0,1.0,0.0,2.0,0.2,2.2,5.0,"{0: 0.1441, 1: 0.1669, 2: 0.1486, 3: 0.1681, 4: 0.1772}",2,"['OBSERVE_STRATUM', 'STOP_INSPECTION']",2.0,5.0,REGIME_A_UNIFORM,FB3_Macro_Myopic_VOI,34
bench_REGIME_A_UNIFORM_034,FB5_State_Blind_Lookahead,potato,UNIFORM,0.156,0.116,0.04,MARKDOWN,0.0,0.0,1.0,0.0,6.0,4.8,10.8,120.0,"{0: 0.1441, 1: 0.1669, 2: 0.1486, 3: 0.1681, 4: 0.1772}",12,"['WAIT_SETTLE', 'WAIT_SETTLE', 'WAIT_SETTLE', 'WAIT_SETTLE', 'WAIT_SETTLE', 'WAIT_SETTLE', 'WAIT_SETTLE', 'WAIT_SETTLE', 'WAIT_SETTLE', 'WAIT_SETTLE', 'WAIT_SETTLE', 'WAIT_SETTLE']",6.0,120.0,REGIME_A_UNIFORM,FB5_State_Blind,34
bench_REGIME_A_UNIFORM_034,FB6_Additive_Cost_Planner,potato,UNIFORM,0.156,0.116,0.04,MARKDOWN,0.0,0.0,1.0,0.0,6.0,4.8,10.8,120.0,"{0: 0.1441, 1: 0.1669, 2: 0.1486, 3: 0.1681, 4: 0.1772}",12,"['WAIT_SETTLE', 'WAIT_SETTLE', 'WAIT_SETTLE', 'WAIT_SETTLE', 'WAIT_SETTLE', 'WAIT_SETTLE', 'WAIT_SETTLE', 'WAIT_SETTLE', 'WAIT_SETTLE', 'WAIT_SETTLE', 'WAIT_SETTLE', 'WAIT_SETTLE']",6.0,120.0,REGIME_A_UNIFORM,FB6_Additive_Cost,34
bench_REGIME_A_UNIFORM_034,FB7_Exposure_Aware_Planner,potato,UNIFORM,0.156,0.116,0.04,MARKDOWN,0.0,0.0,1.0,0.0,0.0,0.0,0.0,0.0,"{0: 0.1441, 1: 0.1669, 2: 0.1486, 3: 0.1681, 4: 0.1772}",1,['STOP_INSPECTION'],0.0,0.0,REGIME_A_UNIFORM,FB7_Proposed,34
bench_REGIME_A_UNIFORM_035,FB0_Surface_Only,potato,UNIFORM,0.144,0.1197,0.0243,MARKDOWN,0.0,0.0,1.0,0.0,2.0,0.2,2.2,5.0,"{0: 0.139, 1: 0.1628, 2: 0.1549, 3: 0.1294, 4: 0.1426}",2,"['OBSERVE_STRATUM', 'STOP_INSPECTION']",2.0,5.0,REGIME_A_UNIFORM,FB0_Surface_Only,35
bench_REGIME_A_UNIFORM_035,FB1_Fixed_Sampling,potato,UNIFORM,0.144,0.1216,0.0224,MARKDOWN,0.0,0.0,1.0,0.0,45.0,3.0,48.0,75.0,"{0: 0.139, 1: 0.1628, 2: 0.1549, 3: 0.1294, 4: 0.1426}",4,"['SAMPLE_UNITS', 'SAMPLE_UNITS', 'SAMPLE_UNITS', 'STOP_INSPECTION']",45.0,75.0,REGIME_A_UNIFORM,FB1_Fixed_Random,35
bench_REGIME_A_UNIFORM_035,FB2_Depth_Stratified,potato,UNIFORM,0.144,0.1269,0.0171,MARKDOWN,0.0,0.0,1.0,0.0,42.0,11.4,53.4,285.0,"{0: 0.139, 1: 0.1628, 2: 0.1549, 3: 0.1294, 4: 0.1426}",10,"['OBSERVE_STRATUM', 'REMOVE_LAYER', 'OBSERVE_STRATUM', 'REMOVE_LAYER', 'OBSERVE_STRATUM', 'REMOVE_LAYER', 'OBSERVE_STRATUM', 'REMOVE_LAYER', 'OBSERVE_STRATUM', 'STOP_INSPECTION']",42.0,85.0,REGIME_A_UNIFORM,FB2_Depth_Stratified,35
bench_REGIME_A_UNIFORM_035,FB3_Macro_Myopic_VOI,potato,UNIFORM,0.144,0.1166,0.0274,MARKDOWN,0.0,0.0,1.0,0.0,2.0,0.2,2.2,5.0,"{0: 0.139, 1: 0.1628, 2: 0.1549, 3: 0.1294, 4: 0.1426}",2,"['OBSERVE_STRATUM', 'STOP_INSPECTION']",2.0,5.0,REGIME_A_UNIFORM,FB3_Macro_Myopic_VOI,35
bench_REGIME_A_UNIFORM_035,FB5_State_Blind_Lookahead,potato,UNIFORM,0.144,0.116,0.028,MARKDOWN,0.0,0.0,1.0,0.0,6.0,4.8,10.8,120.0,"{0: 0.139, 1: 0.1628, 2: 0.1549, 3: 0.1294, 4: 0.1426}",12,"['WAIT_SETTLE', 'WAIT_SETTLE', 'WAIT_SETTLE', 'WAIT_SETTLE', 'WAIT_SETTLE', 'WAIT_SETTLE', 'WAIT_SETTLE', 'WAIT_SETTLE', 'WAIT_SETTLE', 'WAIT_SETTLE', 'WAIT_SETTLE', 'WAIT_SETTLE']",6.0,120.0,REGIME_A_UNIFORM,FB5_State_Blind,35
bench_REGIME_A_UNIFORM_035,FB6_Additive_Cost_Planner,potato,UNIFORM,0.144,0.116,0.028,MARKDOWN,0.0,0.0,1.0,0.0,6.0,4.8,10.8,120.0,"{0: 0.139, 1: 0.1628, 2: 0.1549, 3: 0.1294, 4: 0.1426}",12,"['WAIT_SETTLE', 'WAIT_SETTLE', 'WAIT_SETTLE', 'WAIT_SETTLE', 'WAIT_SETTLE', 'WAIT_SETTLE', 'WAIT_SETTLE', 'WAIT_SETTLE', 'WAIT_SETTLE', 'WAIT_SETTLE', 'WAIT_SETTLE', 'WAIT_SETTLE']",6.0,120.0,REGIME_A_UNIFORM,FB6_Additive_Cost,35
bench_REGIME_A_UNIFORM_035,FB7_Exposure_Aware_Planner,potato,UNIFORM,0.144,0.116,0.028,MARKDOWN,0.0,0.0,1.0,0.0,0.0,0.0,0.0,0.0,"{0: 0.139, 1: 0.1628, 2: 0.1549, 3: 0.1294, 4: 0.1426}",1,['STOP_INSPECTION'],0.0,0.0,REGIME_A_UNIFORM,FB7_Proposed,35
bench_REGIME_A_UNIFORM_036,FB0_Surface_Only,potato,UNIFORM,0.152,0.1194,0.0326,MARKDOWN,0.0,0.0,1.0,0.0,2.0,0.2,2.2,5.0,"{0: 0.1327, 1: 0.133, 2: 0.1525, 3: 0.1789, 4: 0.1494}",2,"['OBSERVE_STRATUM', 'STOP_INSPECTION']",2.0,5.0,REGIME_A_UNIFORM,FB0_Surface_Only,36
bench_REGIME_A_UNIFORM_036,FB1_Fixed_Sampling,potato,UNIFORM,0.152,0.1208,0.0312,MARKDOWN,0.0,0.0,1.0,0.0,45.0,3.0,48.0,75.0,"{0: 0.1327, 1: 0.133, 2: 0.1525, 3: 0.1789, 4: 0.1494}",4,"['SAMPLE_UNITS', 'SAMPLE_UNITS', 'SAMPLE_UNITS', 'STOP_INSPECTION']",45.0,75.0,REGIME_A_UNIFORM,FB1_Fixed_Random,36
bench_REGIME_A_UNIFORM_036,FB2_Depth_Stratified,potato,UNIFORM,0.152,0.1235,0.0285,MARKDOWN,0.0,0.0,1.0,0.0,42.0,11.4,53.4,285.0,"{0: 0.1327, 1: 0.133, 2: 0.1525, 3: 0.1789, 4: 0.1494}",10,"['OBSERVE_STRATUM', 'REMOVE_LAYER', 'OBSERVE_STRATUM', 'REMOVE_LAYER', 'OBSERVE_STRATUM', 'REMOVE_LAYER', 'OBSERVE_STRATUM', 'REMOVE_LAYER', 'OBSERVE_STRATUM', 'STOP_INSPECTION']",42.0,85.0,REGIME_A_UNIFORM,FB2_Depth_Stratified,36
bench_REGIME_A_UNIFORM_036,FB3_Macro_Myopic_VOI,potato,UNIFORM,0.152,0.1151,0.0369,MARKDOWN,0.0,0.0,1.0,0.0,2.0,0.2,2.2,5.0,"{0: 0.1327, 1: 0.133, 2: 0.1525, 3: 0.1789, 4: 0.1494}",2,"['OBSERVE_STRATUM', 'STOP_INSPECTION']",2.0,5.0,REGIME_A_UNIFORM,FB3_Macro_Myopic_VOI,36
bench_REGIME_A_UNIFORM_036,FB5_State_Blind_Lookahead,potato,UNIFORM,0.152,0.116,0.036,MARKDOWN,0.0,0.0,1.0,0.0,6.0,4.8,10.8,120.0,"{0: 0.1327, 1: 0.133, 2: 0.1525, 3: 0.1789, 4: 0.1494}",12,"['WAIT_SETTLE', 'WAIT_SETTLE', 'WAIT_SETTLE', 'WAIT_SETTLE', 'WAIT_SETTLE', 'WAIT_SETTLE', 'WAIT_SETTLE', 'WAIT_SETTLE', 'WAIT_SETTLE', 'WAIT_SETTLE', 'WAIT_SETTLE', 'WAIT_SETTLE']",6.0,120.0,REGIME_A_UNIFORM,FB5_State_Blind,36
bench_REGIME_A_UNIFORM_036,FB6_Additive_Cost_Planner,potato,UNIFORM,0.152,0.116,0.036,MARKDOWN,0.0,0.0,1.0,0.0,6.0,4.8,10.8,120.0,"{0: 0.1327, 1: 0.133, 2: 0.1525, 3: 0.1789, 4: 0.1494}",12,"['WAIT_SETTLE', 'WAIT_SETTLE', 'WAIT_SETTLE', 'WAIT_SETTLE', 'WAIT_SETTLE', 'WAIT_SETTLE', 'WAIT_SETTLE', 'WAIT_SETTLE', 'WAIT_SETTLE', 'WAIT_SETTLE', 'WAIT_SETTLE', 'WAIT_SETTLE']",6.0,120.0,REGIME_A_UNIFORM,FB6_Additive_Cost,36
bench_REGIME_A_UNIFORM_036,FB7_Exposure_Aware_Planner,potato,UNIFORM,0.152,0.116,0.036,MARKDOWN,0.0,0.0,1.0,0.0,0.0,0.0,0.0,0.0,"{0: 0.1327, 1: 0.133, 2: 0.1525, 3: 0.1789, 4: 0.1494}",1,['STOP_INSPECTION'],0.0,0.0,REGIME_A_UNIFORM,FB7_Proposed,36
bench_REGIME_A_UNIFORM_037,FB0_Surface_Only,potato,UNIFORM,0.152,0.1187,0.0333,MARKDOWN,0.0,0.0,1.0,0.0,2.0,0.2,2.2,5.0,"{0: 0.1458, 1: 0.1419, 2: 0.1723, 3: 0.1781, 4: 0.1209}",2,"['OBSERVE_STRATUM', 'STOP_INSPECTION']",2.0,5.0,REGIME_A_UNIFORM,FB0_Surface_Only,37
bench_REGIME_A_UNIFORM_037,FB1_Fixed_Sampling,potato,UNIFORM,0.152,0.1208,0.0312,MARKDOWN,0.0,0.0,1.0,0.0,45.0,3.0,48.0,75.0,"{0: 0.1458, 1: 0.1419, 2: 0.1723, 3: 0.1781, 4: 0.1209}",4,"['SAMPLE_UNITS', 'SAMPLE_UNITS', 'SAMPLE_UNITS', 'STOP_INSPECTION']",45.0,75.0,REGIME_A_UNIFORM,FB1_Fixed_Random,37
bench_REGIME_A_UNIFORM_037,FB2_Depth_Stratified,potato,UNIFORM,0.152,0.1284,0.0236,MARKDOWN,0.0,0.0,1.0,0.0,42.0,11.4,53.4,285.0,"{0: 0.1458, 1: 0.1419, 2: 0.1723, 3: 0.1781, 4: 0.1209}",10,"['OBSERVE_STRATUM', 'REMOVE_LAYER', 'OBSERVE_STRATUM', 'REMOVE_LAYER', 'OBSERVE_STRATUM', 'REMOVE_LAYER', 'OBSERVE_STRATUM', 'REMOVE_LAYER', 'OBSERVE_STRATUM', 'STOP_INSPECTION']",42.0,85.0,REGIME_A_UNIFORM,FB2_Depth_Stratified,37
bench_REGIME_A_UNIFORM_037,FB3_Macro_Myopic_VOI,potato,UNIFORM,0.152,0.1202,0.0318,MARKDOWN,0.0,0.0,1.0,0.0,2.0,0.2,2.2,5.0,"{0: 0.1458, 1: 0.1419, 2: 0.1723, 3: 0.1781, 4: 0.1209}",2,"['OBSERVE_STRATUM', 'STOP_INSPECTION']",2.0,5.0,REGIME_A_UNIFORM,FB3_Macro_Myopic_VOI,37
bench_REGIME_A_UNIFORM_037,FB5_State_Blind_Lookahead,potato,UNIFORM,0.152,0.116,0.036,MARKDOWN,0.0,0.0,1.0,0.0,6.0,4.8,10.8,120.0,"{0: 0.1458, 1: 0.1419, 2: 0.1723, 3: 0.1781, 4: 0.1209}",12,"['WAIT_SETTLE', 'WAIT_SETTLE', 'WAIT_SETTLE', 'WAIT_SETTLE', 'WAIT_SETTLE', 'WAIT_SETTLE', 'WAIT_SETTLE', 'WAIT_SETTLE', 'WAIT_SETTLE', 'WAIT_SETTLE', 'WAIT_SETTLE', 'WAIT_SETTLE']",6.0,120.0,REGIME_A_UNIFORM,FB5_State_Blind,37
bench_REGIME_A_UNIFORM_037,FB6_Additive_Cost_Planner,potato,UNIFORM,0.152,0.116,0.036,MARKDOWN,0.0,0.0,1.0,0.0,6.0,4.8,10.8,120.0,"{0: 0.1458, 1: 0.1419, 2: 0.1723, 3: 0.1781, 4: 0.1209}",12,"['WAIT_SETTLE', 'WAIT_SETTLE', 'WAIT_SETTLE', 'WAIT_SETTLE', 'WAIT_SETTLE', 'WAIT_SETTLE', 'WAIT_SETTLE', 'WAIT_SETTLE', 'WAIT_SETTLE', 'WAIT_SETTLE', 'WAIT_SETTLE', 'WAIT_SETTLE']",6.0,120.0,REGIME_A_UNIFORM,FB6_Additive_Cost,37
bench_REGIME_A_UNIFORM_037,FB7_Exposure_Aware_Planner,potato,UNIFORM,0.152,0.116,0.036,MARKDOWN,0.0,0.0,1.0,0.0,0.0,0.0,0.0,0.0,"{0: 0.1458, 1: 0.1419, 2: 0.1723, 3: 0.1781, 4: 0.1209}",1,['STOP_INSPECTION'],0.0,0.0,REGIME_A_UNIFORM,FB7_Proposed,37
bench_REGIME_A_UNIFORM_038,FB0_Surface_Only,potato,UNIFORM,0.16,0.1215,0.0385,MARKDOWN,0.0,0.0,1.0,0.0,2.0,0.2,2.2,5.0,"{0: 0.1617, 1: 0.1438, 2: 0.1696, 3: 0.1667, 4: 0.1777}",2,"['OBSERVE_STRATUM', 'STOP_INSPECTION']",2.0,5.0,REGIME_A_UNIFORM,FB0_Surface_Only,38
bench_REGIME_A_UNIFORM_038,FB1_Fixed_Sampling,potato,UNIFORM,0.16,0.12,0.04,MARKDOWN,0.0,0.0,1.0,0.0,45.0,3.0,48.0,75.0,"{0: 0.1617, 1: 0.1438, 2: 0.1696, 3: 0.1667, 4: 0.1777}",4,"['SAMPLE_UNITS', 'SAMPLE_UNITS', 'SAMPLE_UNITS', 'STOP_INSPECTION']",45.0,75.0,REGIME_A_UNIFORM,FB1_Fixed_Random,38
bench_REGIME_A_UNIFORM_038,FB2_Depth_Stratified,potato,UNIFORM,0.16,0.1334,0.0266,MARKDOWN,0.0,0.0,1.0,0.0,42.0,11.4,53.4,285.0,"{0: 0.1617, 1: 0.1438, 2: 0.1696, 3: 0.1667, 4: 0.1777}",10,"['OBSERVE_STRATUM', 'REMOVE_LAYER', 'OBSERVE_STRATUM', 'REMOVE_LAYER', 'OBSERVE_STRATUM', 'REMOVE_LAYER', 'OBSERVE_STRATUM', 'REMOVE_LAYER', 'OBSERVE_STRATUM', 'STOP_INSPECTION']",42.0,85.0,REGIME_A_UNIFORM,FB2_Depth_Stratified,38
bench_REGIME_A_UNIFORM_038,FB3_Macro_Myopic_VOI,potato,UNIFORM,0.16,0.1209,0.0391,MARKDOWN,0.0,0.0,1.0,0.0,2.0,0.2,2.2,5.0,"{0: 0.1617, 1: 0.1438, 2: 0.1696, 3: 0.1667, 4: 0.1777}",2,"['OBSERVE_STRATUM', 'STOP_INSPECTION']",2.0,5.0,REGIME_A_UNIFORM,FB3_Macro_Myopic_VOI,38
bench_REGIME_A_UNIFORM_038,FB5_State_Blind_Lookahead,potato,UNIFORM,0.16,0.116,0.044,MARKDOWN,0.0,0.0,1.0,0.0,6.0,4.8,10.8,120.0,"{0: 0.1617, 1: 0.1438, 2: 0.1696, 3: 0.1667, 4: 0.1777}",12,"['WAIT_SETTLE', 'WAIT_SETTLE', 'WAIT_SETTLE', 'WAIT_SETTLE', 'WAIT_SETTLE', 'WAIT_SETTLE', 'WAIT_SETTLE', 'WAIT_SETTLE', 'WAIT_SETTLE', 'WAIT_SETTLE', 'WAIT_SETTLE', 'WAIT_SETTLE']",6.0,120.0,REGIME_A_UNIFORM,FB5_State_Blind,38
bench_REGIME_A_UNIFORM_038,FB6_Additive_Cost_Planner,potato,UNIFORM,0.16,0.116,0.044,MARKDOWN,0.0,0.0,1.0,0.0,6.0,4.8,10.8,120.0,"{0: 0.1617, 1: 0.1438, 2: 0.1696, 3: 0.1667, 4: 0.1777}",12,"['WAIT_SETTLE', 'WAIT_SETTLE', 'WAIT_SETTLE', 'WAIT_SETTLE', 'WAIT_SETTLE', 'WAIT_SETTLE', 'WAIT_SETTLE', 'WAIT_SETTLE', 'WAIT_SETTLE', 'WAIT_SETTLE', 'WAIT_SETTLE', 'WAIT_SETTLE']",6.0,120.0,REGIME_A_UNIFORM,FB6_Additive_Cost,38
bench_REGIME_A_UNIFORM_038,FB7_Exposure_Aware_Planner,potato,UNIFORM,0.16,0.116,0.044,MARKDOWN,0.0,0.0,1.0,0.0,0.0,0.0,0.0,0.0,"{0: 0.1617, 1: 0.1438, 2: 0.1696, 3: 0.1667, 4: 0.1777}",1,['STOP_INSPECTION'],0.0,0.0,REGIME_A_UNIFORM,FB7_Proposed,38
bench_REGIME_A_UNIFORM_039,FB0_Surface_Only,potato,UNIFORM,0.148,0.1249,0.0231,MARKDOWN,0.0,0.0,1.0,0.0,2.0,0.2,2.2,5.0,"{0: 0.1601, 1: 0.1474, 2: 0.1386, 3: 0.174, 4: 0.1261}",2,"['OBSERVE_STRATUM', 'STOP_INSPECTION']",2.0,5.0,REGIME_A_UNIFORM,FB0_Surface_Only,39
bench_REGIME_A_UNIFORM_039,FB1_Fixed_Sampling,potato,UNIFORM,0.148,0.1198,0.0282,MARKDOWN,0.0,0.0,1.0,0.0,45.0,3.0,48.0,75.0,"{0: 0.1601, 1: 0.1474, 2: 0.1386, 3: 0.174, 4: 0.1261}",4,"['SAMPLE_UNITS', 'SAMPLE_UNITS', 'SAMPLE_UNITS', 'STOP_INSPECTION']",45.0,75.0,REGIME_A_UNIFORM,FB1_Fixed_Random,39
bench_REGIME_A_UNIFORM_039,FB2_Depth_Stratified,potato,UNIFORM,0.148,0.1244,0.0236,MARKDOWN,0.0,0.0,1.0,0.0,42.0,11.4,53.4,285.0,"{0: 0.1601, 1: 0.1474, 2: 0.1386, 3: 0.174, 4: 0.1261}",10,"['OBSERVE_STRATUM', 'REMOVE_LAYER', 'OBSERVE_STRATUM', 'REMOVE_LAYER', 'OBSERVE_STRATUM', 'REMOVE_LAYER', 'OBSERVE_STRATUM', 'REMOVE_LAYER', 'OBSERVE_STRATUM', 'STOP_INSPECTION']",42.0,85.0,REGIME_A_UNIFORM,FB2_Depth_Stratified,39
bench_REGIME_A_UNIFORM_039,FB3_Macro_Myopic_VOI,potato,UNIFORM,0.148,0.1193,0.0287,MARKDOWN,0.0,0.0,1.0,0.0,2.0,0.2,2.2,5.0,"{0: 0.1601, 1: 0.1474, 2: 0.1386, 3: 0.174, 4: 0.1261}",2,"['OBSERVE_STRATUM', 'STOP_INSPECTION']",2.0,5.0,REGIME_A_UNIFORM,FB3_Macro_Myopic_VOI,39
bench_REGIME_A_UNIFORM_039,FB5_State_Blind_Lookahead,potato,UNIFORM,0.148,0.116,0.032,MARKDOWN,0.0,0.0,1.0,0.0,6.0,4.8,10.8,120.0,"{0: 0.1601, 1: 0.1474, 2: 0.1386, 3: 0.174, 4: 0.1261}",12,"['WAIT_SETTLE', 'WAIT_SETTLE', 'WAIT_SETTLE', 'WAIT_SETTLE', 'WAIT_SETTLE', 'WAIT_SETTLE', 'WAIT_SETTLE', 'WAIT_SETTLE', 'WAIT_SETTLE', 'WAIT_SETTLE', 'WAIT_SETTLE', 'WAIT_SETTLE']",6.0,120.0,REGIME_A_UNIFORM,FB5_State_Blind,39
bench_REGIME_A_UNIFORM_039,FB6_Additive_Cost_Planner,potato,UNIFORM,0.148,0.116,0.032,MARKDOWN,0.0,0.0,1.0,0.0,6.0,4.8,10.8,120.0,"{0: 0.1601, 1: 0.1474, 2: 0.1386, 3: 0.174, 4: 0.1261}",12,"['WAIT_SETTLE', 'WAIT_SETTLE', 'WAIT_SETTLE', 'WAIT_SETTLE', 'WAIT_SETTLE', 'WAIT_SETTLE', 'WAIT_SETTLE', 'WAIT_SETTLE', 'WAIT_SETTLE', 'WAIT_SETTLE', 'WAIT_SETTLE', 'WAIT_SETTLE']",6.0,120.0,REGIME_A_UNIFORM,FB6_Additive_Cost,39
bench_REGIME_A_UNIFORM_039,FB7_Exposure_Aware_Planner,potato,UNIFORM,0.148,0.116,0.032,MARKDOWN,0.0,0.0,1.0,0.0,0.0,0.0,0.0,0.0,"{0: 0.1601, 1: 0.1474, 2: 0.1386, 3: 0.174, 4: 0.1261}",1,['STOP_INSPECTION'],0.0,0.0,REGIME_A_UNIFORM,FB7_Proposed,39
bench_REGIME_B_DEPTH_CORRELATED_000,FB0_Surface_Only,potato,DEPTH_CORRELATED,0.208,0.1157,0.0923,MARKDOWN,0.0,0.0,1.0,0.0,2.0,0.2,2.2,5.0,"{0: 0.0673, 1: 0.1125, 2: 0.2258, 3: 0.2988, 4: 0.3434}",2,"['OBSERVE_STRATUM', 'STOP_INSPECTION']",2.0,5.0,REGIME_B_DEPTH_CORRELATED,FB0_Surface_Only,0
bench_REGIME_B_DEPTH_CORRELATED_000,FB1_Fixed_Sampling,potato,DEPTH_CORRELATED,0.208,0.1113,0.0967,MARKDOWN,0.0,0.0,1.0,0.0,45.0,3.0,48.0,75.0,"{0: 0.0673, 1: 0.1125, 2: 0.2258, 3: 0.2988, 4: 0.3434}",4,"['SAMPLE_UNITS', 'SAMPLE_UNITS', 'SAMPLE_UNITS', 'STOP_INSPECTION']",45.0,75.0,REGIME_B_DEPTH_CORRELATED,FB1_Fixed_Random,0
bench_REGIME_B_DEPTH_CORRELATED_000,FB2_Depth_Stratified,potato,DEPTH_CORRELATED,0.208,0.1385,0.0695,MARKDOWN,0.0,0.0,1.0,0.0,42.0,11.4,53.4,285.0,"{0: 0.0673, 1: 0.1125, 2: 0.2258, 3: 0.2988, 4: 0.3434}",10,"['OBSERVE_STRATUM', 'REMOVE_LAYER', 'OBSERVE_STRATUM', 'REMOVE_LAYER', 'OBSERVE_STRATUM', 'REMOVE_LAYER', 'OBSERVE_STRATUM', 'REMOVE_LAYER', 'OBSERVE_STRATUM', 'STOP_INSPECTION']",42.0,85.0,REGIME_B_DEPTH_CORRELATED,FB2_Depth_Stratified,0
bench_REGIME_B_DEPTH_CORRELATED_000,FB3_Macro_Myopic_VOI,potato,DEPTH_CORRELATED,0.208,0.1137,0.0943,MARKDOWN,0.0,0.0,1.0,0.0,2.0,0.2,2.2,5.0,"{0: 0.0673, 1: 0.1125, 2: 0.2258, 3: 0.2988, 4: 0.3434}",2,"['OBSERVE_STRATUM', 'STOP_INSPECTION']",2.0,5.0,REGIME_B_DEPTH_CORRELATED,FB3_Macro_Myopic_VOI,0
bench_REGIME_B_DEPTH_CORRELATED_000,FB5_State_Blind_Lookahead,potato,DEPTH_CORRELATED,0.208,0.116,0.092,MARKDOWN,0.0,0.0,1.0,0.0,6.0,4.8,10.8,120.0,"{0: 0.0673, 1: 0.1125, 2: 0.2258, 3: 0.2988, 4: 0.3434}",12,"['WAIT_SETTLE', 'WAIT_SETTLE', 'WAIT_SETTLE', 'WAIT_SETTLE', 'WAIT_SETTLE', 'WAIT_SETTLE', 'WAIT_SETTLE', 'WAIT_SETTLE', 'WAIT_SETTLE', 'WAIT_SETTLE', 'WAIT_SETTLE', 'WAIT_SETTLE']",6.0,120.0,REGIME_B_DEPTH_CORRELATED,FB5_State_Blind,0
bench_REGIME_B_DEPTH_CORRELATED_000,FB6_Additive_Cost_Planner,potato,DEPTH_CORRELATED,0.208,0.116,0.092,MARKDOWN,0.0,0.0,1.0,0.0,6.0,4.8,10.8,120.0,"{0: 0.0673, 1: 0.1125, 2: 0.2258, 3: 0.2988, 4: 0.3434}",12,"['WAIT_SETTLE', 'WAIT_SETTLE', 'WAIT_SETTLE', 'WAIT_SETTLE', 'WAIT_SETTLE', 'WAIT_SETTLE', 'WAIT_SETTLE', 'WAIT_SETTLE', 'WAIT_SETTLE', 'WAIT_SETTLE', 'WAIT_SETTLE', 'WAIT_SETTLE']",6.0,120.0,REGIME_B_DEPTH_CORRELATED,FB6_Additive_Cost,0
bench_REGIME_B_DEPTH_CORRELATED_000,FB7_Exposure_Aware_Planner,potato,DEPTH_CORRELATED,0.208,0.116,0.092,MARKDOWN,0.0,0.0,1.0,0.0,0.0,0.0,0.0,0.0,"{0: 0.0673, 1: 0.1125, 2: 0.2258, 3: 0.2988, 4: 0.3434}",1,['STOP_INSPECTION'],0.0,0.0,REGIME_B_DEPTH_CORRELATED,FB7_Proposed,0
bench_REGIME_B_DEPTH_CORRELATED_001,FB0_Surface_Only,potato,DEPTH_CORRELATED,0.212,0.1107,0.1013,MARKDOWN,0.0,0.0,1.0,0.0,2.0,0.2,2.2,5.0,"{0: 0.0575, 1: 0.1355, 2: 0.1934, 3: 0.2835, 4: 0.3854}",2,"['OBSERVE_STRATUM', 'STOP_INSPECTION']",2.0,5.0,REGIME_B_DEPTH_CORRELATED,FB0_Surface_Only,1
bench_REGIME_B_DEPTH_CORRELATED_001,FB1_Fixed_Sampling,potato,DEPTH_CORRELATED,0.212,0.1126,0.0994,MARKDOWN,0.0,0.0,1.0,0.0,45.0,3.0,48.0,75.0,"{0: 0.0575, 1: 0.1355, 2: 0.1934, 3: 0.2835, 4: 0.3854}",4,"['SAMPLE_UNITS', 'SAMPLE_UNITS', 'SAMPLE_UNITS', 'STOP_INSPECTION']",45.0,75.0,REGIME_B_DEPTH_CORRELATED,FB1_Fixed_Random,1
bench_REGIME_B_DEPTH_CORRELATED_001,FB2_Depth_Stratified,potato,DEPTH_CORRELATED,0.212,0.1498,0.0622,MARKDOWN,0.0,0.0,1.0,0.0,42.0,11.4,53.4,285.0,"{0: 0.0575, 1: 0.1355, 2: 0.1934, 3: 0.2835, 4: 0.3854}",10,"['OBSERVE_STRATUM', 'REMOVE_LAYER', 'OBSERVE_STRATUM', 'REMOVE_LAYER', 'OBSERVE_STRATUM', 'REMOVE_LAYER', 'OBSERVE_STRATUM', 'REMOVE_LAYER', 'OBSERVE_STRATUM', 'STOP_INSPECTION']",42.0,85.0,REGIME_B_DEPTH_CORRELATED,FB2_Depth_Stratified,1
bench_REGIME_B_DEPTH_CORRELATED_001,FB3_Macro_Myopic_VOI,potato,DEPTH_CORRELATED,0.212,0.1145,0.0975,MARKDOWN,0.0,0.0,1.0,0.0,2.0,0.2,2.2,5.0,"{0: 0.0575, 1: 0.1355, 2: 0.1934, 3: 0.2835, 4: 0.3854}",2,"['OBSERVE_STRATUM', 'STOP_INSPECTION']",2.0,5.0,REGIME_B_DEPTH_CORRELATED,FB3_Macro_Myopic_VOI,1
bench_REGIME_B_DEPTH_CORRELATED_001,FB5_State_Blind_Lookahead,potato,DEPTH_CORRELATED,0.212,0.116,0.096,MARKDOWN,0.0,0.0,1.0,0.0,6.0,4.8,10.8,120.0,"{0: 0.0575, 1: 0.1355, 2: 0.1934, 3: 0.2835, 4: 0.3854}",12,"['WAIT_SETTLE', 'WAIT_SETTLE', 'WAIT_SETTLE', 'WAIT_SETTLE', 'WAIT_SETTLE', 'WAIT_SETTLE', 'WAIT_SETTLE', 'WAIT_SETTLE', 'WAIT_SETTLE', 'WAIT_SETTLE', 'WAIT_SETTLE', 'WAIT_SETTLE']",6.0,120.0,REGIME_B_DEPTH_CORRELATED,FB5_State_Blind,1
bench_REGIME_B_DEPTH_CORRELATED_001,FB6_Additive_Cost_Planner,potato,DEPTH_CORRELATED,0.212,0.116,0.096,MARKDOWN,0.0,0.0,1.0,0.0,6.0,4.8,10.8,120.0,"{0: 0.0575, 1: 0.1355, 2: 0.1934, 3: 0.2835, 4: 0.3854}",12,"['WAIT_SETTLE', 'WAIT_SETTLE', 'WAIT_SETTLE', 'WAIT_SETTLE', 'WAIT_SETTLE', 'WAIT_SETTLE', 'WAIT_SETTLE', 'WAIT_SETTLE', 'WAIT_SETTLE', 'WAIT_SETTLE', 'WAIT_SETTLE', 'WAIT_SETTLE']",6.0,120.0,REGIME_B_DEPTH_CORRELATED,FB6_Additive_Cost,1
bench_REGIME_B_DEPTH_CORRELATED_001,FB7_Exposure_Aware_Planner,potato,DEPTH_CORRELATED,0.212,0.116,0.096,MARKDOWN,0.0,0.0,1.0,0.0,0.0,0.0,0.0,0.0,"{0: 0.0575, 1: 0.1355, 2: 0.1934, 3: 0.2835, 4: 0.3854}",1,['STOP_INSPECTION'],0.0,0.0,REGIME_B_DEPTH_CORRELATED,FB7_Proposed,1
bench_REGIME_B_DEPTH_CORRELATED_002,FB0_Surface_Only,potato,DEPTH_CORRELATED,0.204,0.1147,0.0893,MARKDOWN,0.0,0.0,1.0,0.0,2.0,0.2,2.2,5.0,"{0: 0.0233, 1: 0.1233, 2: 0.2111, 3: 0.2783, 4: 0.3835}",2,"['OBSERVE_STRATUM', 'STOP_INSPECTION']",2.0,5.0,REGIME_B_DEPTH_CORRELATED,FB0_Surface_Only,2
bench_REGIME_B_DEPTH_CORRELATED_002,FB1_Fixed_Sampling,potato,DEPTH_CORRELATED,0.204,0.1074,0.0966,MARKDOWN,0.0,0.0,1.0,0.0,45.0,3.0,48.0,75.0,"{0: 0.0233, 1: 0.1233, 2: 0.2111, 3: 0.2783, 4: 0.3835}",4,"['SAMPLE_UNITS', 'SAMPLE_UNITS', 'SAMPLE_UNITS', 'STOP_INSPECTION']",45.0,75.0,REGIME_B_DEPTH_CORRELATED,FB1_Fixed_Random,2
bench_REGIME_B_DEPTH_CORRELATED_002,FB2_Depth_Stratified,potato,DEPTH_CORRELATED,0.204,0.1381,0.0659,MARKDOWN,0.0,0.0,1.0,0.0,42.0,11.4,53.4,285.0,"{0: 0.0233, 1: 0.1233, 2: 0.2111, 3: 0.2783, 4: 0.3835}",10,"['OBSERVE_STRATUM', 'REMOVE_LAYER', 'OBSERVE_STRATUM', 'REMOVE_LAYER', 'OBSERVE_STRATUM', 'REMOVE_LAYER', 'OBSERVE_STRATUM', 'REMOVE_LAYER', 'OBSERVE_STRATUM', 'STOP_INSPECTION']",42.0,85.0,REGIME_B_DEPTH_CORRELATED,FB2_Depth_Stratified,2
bench_REGIME_B_DEPTH_CORRELATED_002,FB3_Macro_Myopic_VOI,potato,DEPTH_CORRELATED,0.204,0.1111,0.0929,MARKDOWN,0.0,0.0,1.0,0.0,2.0,0.2,2.2,5.0,"{0: 0.0233, 1: 0.1233, 2: 0.2111, 3: 0.2783, 4: 0.3835}",2,"['OBSERVE_STRATUM', 'STOP_INSPECTION']",2.0,5.0,REGIME_B_DEPTH_CORRELATED,FB3_Macro_Myopic_VOI,2
bench_REGIME_B_DEPTH_CORRELATED_002,FB5_State_Blind_Lookahead,potato,DEPTH_CORRELATED,0.204,0.116,0.088,MARKDOWN,0.0,0.0,1.0,0.0,6.0,4.8,10.8,120.0,"{0: 0.0233, 1: 0.1233, 2: 0.2111, 3: 0.2783, 4: 0.3835}",12,"['WAIT_SETTLE', 'WAIT_SETTLE', 'WAIT_SETTLE', 'WAIT_SETTLE', 'WAIT_SETTLE', 'WAIT_SETTLE', 'WAIT_SETTLE', 'WAIT_SETTLE', 'WAIT_SETTLE', 'WAIT_SETTLE', 'WAIT_SETTLE', 'WAIT_SETTLE']",6.0,120.0,REGIME_B_DEPTH_CORRELATED,FB5_State_Blind,2
bench_REGIME_B_DEPTH_CORRELATED_002,FB6_Additive_Cost_Planner,potato,DEPTH_CORRELATED,0.204,0.116,0.088,MARKDOWN,0.0,0.0,1.0,0.0,6.0,4.8,10.8,120.0,"{0: 0.0233, 1: 0.1233, 2: 0.2111, 3: 0.2783, 4: 0.3835}",12,"['WAIT_SETTLE', 'WAIT_SETTLE', 'WAIT_SETTLE', 'WAIT_SETTLE', 'WAIT_SETTLE', 'WAIT_SETTLE', 'WAIT_SETTLE', 'WAIT_SETTLE', 'WAIT_SETTLE', 'WAIT_SETTLE', 'WAIT_SETTLE', 'WAIT_SETTLE']",6.0,120.0,REGIME_B_DEPTH_CORRELATED,FB6_Additive_Cost,2
bench_REGIME_B_DEPTH_CORRELATED_002,FB7_Exposure_Aware_Planner,potato,DEPTH_CORRELATED,0.204,0.116,0.088,MARKDOWN,0.0,0.0,1.0,0.0,0.0,0.0,0.0,0.0,"{0: 0.0233, 1: 0.1233, 2: 0.2111, 3: 0.2783, 4: 0.3835}",1,['STOP_INSPECTION'],0.0,0.0,REGIME_B_DEPTH_CORRELATED,FB7_Proposed,2
bench_REGIME_B_DEPTH_CORRELATED_003,FB0_Surface_Only,potato,DEPTH_CORRELATED,0.2,0.1147,0.0853,MARKDOWN,0.0,0.0,1.0,0.0,2.0,0.2,2.2,5.0,"{0: 0.0467, 1: 0.1249, 2: 0.2029, 3: 0.2955, 4: 0.3496}",2,"['OBSERVE_STRATUM', 'STOP_INSPECTION']",2.0,5.0,REGIME_B_DEPTH_CORRELATED,FB0_Surface_Only,3
bench_REGIME_B_DEPTH_CORRELATED_003,FB1_Fixed_Sampling,potato,DEPTH_CORRELATED,0.2,0.1113,0.0887,MARKDOWN,0.0,0.0,1.0,0.0,45.0,3.0,48.0,75.0,"{0: 0.0467, 1: 0.1249, 2: 0.2029, 3: 0.2955, 4: 0.3496}",4,"['SAMPLE_UNITS', 'SAMPLE_UNITS', 'SAMPLE_UNITS', 'STOP_INSPECTION']",45.0,75.0,REGIME_B_DEPTH_CORRELATED,FB1_Fixed_Random,3
bench_REGIME_B_DEPTH_CORRELATED_003,FB2_Depth_Stratified,potato,DEPTH_CORRELATED,0.2,0.1524,0.0476,MARKDOWN,0.0,0.0,1.0,0.0,42.0,11.4,53.4,285.0,"{0: 0.0467, 1: 0.1249, 2: 0.2029, 3: 0.2955, 4: 0.3496}",10,"['OBSERVE_STRATUM', 'REMOVE_LAYER', 'OBSERVE_STRATUM', 'REMOVE_LAYER', 'OBSERVE_STRATUM', 'REMOVE_LAYER', 'OBSERVE_STRATUM', 'REMOVE_LAYER', 'OBSERVE_STRATUM', 'STOP_INSPECTION']",42.0,85.0,REGIME_B_DEPTH_CORRELATED,FB2_Depth_Stratified,3
bench_REGIME_B_DEPTH_CORRELATED_003,FB3_Macro_Myopic_VOI,potato,DEPTH_CORRELATED,0.2,0.1172,0.0828,MARKDOWN,0.0,0.0,1.0,0.0,2.0,0.2,2.2,5.0,"{0: 0.0467, 1: 0.1249, 2: 0.2029, 3: 0.2955, 4: 0.3496}",2,"['OBSERVE_STRATUM', 'STOP_INSPECTION']",2.0,5.0,REGIME_B_DEPTH_CORRELATED,FB3_Macro_Myopic_VOI,3
bench_REGIME_B_DEPTH_CORRELATED_003,FB5_State_Blind_Lookahead,potato,DEPTH_CORRELATED,0.2,0.116,0.084,MARKDOWN,0.0,0.0,1.0,0.0,6.0,4.8,10.8,120.0,"{0: 0.0467, 1: 0.1249, 2: 0.2029, 3: 0.2955, 4: 0.3496}",12,"['WAIT_SETTLE', 'WAIT_SETTLE', 'WAIT_SETTLE', 'WAIT_SETTLE', 'WAIT_SETTLE', 'WAIT_SETTLE', 'WAIT_SETTLE', 'WAIT_SETTLE', 'WAIT_SETTLE', 'WAIT_SETTLE', 'WAIT_SETTLE', 'WAIT_SETTLE']",6.0,120.0,REGIME_B_DEPTH_CORRELATED,FB5_State_Blind,3
bench_REGIME_B_DEPTH_CORRELATED_003,FB6_Additive_Cost_Planner,potato,DEPTH_CORRELATED,0.2,0.116,0.084,MARKDOWN,0.0,0.0,1.0,0.0,6.0,4.8,10.8,120.0,"{0: 0.0467, 1: 0.1249, 2: 0.2029, 3: 0.2955, 4: 0.3496}",12,"['WAIT_SETTLE', 'WAIT_SETTLE', 'WAIT_SETTLE', 'WAIT_SETTLE', 'WAIT_SETTLE', 'WAIT_SETTLE', 'WAIT_SETTLE', 'WAIT_SETTLE', 'WAIT_SETTLE', 'WAIT_SETTLE', 'WAIT_SETTLE', 'WAIT_SETTLE']",6.0,120.0,REGIME_B_DEPTH_CORRELATED,FB6_Additive_Cost,3
bench_REGIME_B_DEPTH_CORRELATED_003,FB7_Exposure_Aware_Planner,potato,DEPTH_CORRELATED,0.2,0.116,0.084,MARKDOWN,0.0,0.0,1.0,0.0,0.0,0.0,0.0,0.0,"{0: 0.0467, 1: 0.1249, 2: 0.2029, 3: 0.2955, 4: 0.3496}",1,['STOP_INSPECTION'],0.0,0.0,REGIME_B_DEPTH_CORRELATED,FB7_Proposed,3
bench_REGIME_B_DEPTH_CORRELATED_004,FB0_Surface_Only,potato,DEPTH_CORRELATED,0.208,0.1116,0.0964,MARKDOWN,0.0,0.0,1.0,0.0,2.0,0.2,2.2,5.0,"{0: 0.0639, 1: 0.1012, 2: 0.2102, 3: 0.2959, 4: 0.367}",2,"['OBSERVE_STRATUM', 'STOP_INSPECTION']",2.0,5.0,REGIME_B_DEPTH_CORRELATED,FB0_Surface_Only,4
bench_REGIME_B_DEPTH_CORRELATED_004,FB1_Fixed_Sampling,potato,DEPTH_CORRELATED,0.208,0.1133,0.0947,MARKDOWN,0.0,0.0,1.0,0.0,45.0,3.0,48.0,75.0,"{0: 0.0639, 1: 0.1012, 2: 0.2102, 3: 0.2959, 4: 0.367}",4,"['SAMPLE_UNITS', 'SAMPLE_UNITS', 'SAMPLE_UNITS', 'STOP_INSPECTION']",45.0,75.0,REGIME_B_DEPTH_CORRELATED,FB1_Fixed_Random,4
bench_REGIME_B_DEPTH_CORRELATED_004,FB2_Depth_Stratified,potato,DEPTH_CORRELATED,0.208,0.1393,0.0687,MARKDOWN,0.0,0.0,1.0,0.0,42.0,11.4,53.4,285.0,"{0: 0.0639, 1: 0.1012, 2: 0.2102, 3: 0.2959, 4: 0.367}",10,"['OBSERVE_STRATUM', 'REMOVE_LAYER', 'OBSERVE_STRATUM', 'REMOVE_LAYER', 'OBSERVE_STRATUM', 'REMOVE_LAYER', 'OBSERVE_STRATUM', 'REMOVE_LAYER', 'OBSERVE_STRATUM', 'STOP_INSPECTION']",42.0,85.0,REGIME_B_DEPTH_CORRELATED,FB2_Depth_Stratified,4
bench_REGIME_B_DEPTH_CORRELATED_004,FB3_Macro_Myopic_VOI,potato,DEPTH_CORRELATED,0.208,0.1152,0.0928,MARKDOWN,0.0,0.0,1.0,0.0,2.0,0.2,2.2,5.0,"{0: 0.0639, 1: 0.1012, 2: 0.2102, 3: 0.2959, 4: 0.367}",2,"['OBSERVE_STRATUM', 'STOP_INSPECTION']",2.0,5.0,REGIME_B_DEPTH_CORRELATED,FB3_Macro_Myopic_VOI,4
bench_REGIME_B_DEPTH_CORRELATED_004,FB5_State_Blind_Lookahead,potato,DEPTH_CORRELATED,0.208,0.116,0.092,MARKDOWN,0.0,0.0,1.0,0.0,6.0,4.8,10.8,120.0,"{0: 0.0639, 1: 0.1012, 2: 0.2102, 3: 0.2959, 4: 0.367}",12,"['WAIT_SETTLE', 'WAIT_SETTLE', 'WAIT_SETTLE', 'WAIT_SETTLE', 'WAIT_SETTLE', 'WAIT_SETTLE', 'WAIT_SETTLE', 'WAIT_SETTLE', 'WAIT_SETTLE', 'WAIT_SETTLE', 'WAIT_SETTLE', 'WAIT_SETTLE']",6.0,120.0,REGIME_B_DEPTH_CORRELATED,FB5_State_Blind,4
bench_REGIME_B_DEPTH_CORRELATED_004,FB6_Additive_Cost_Planner,potato,DEPTH_CORRELATED,0.208,0.116,0.092,MARKDOWN,0.0,0.0,1.0,0.0,6.0,4.8,10.8,120.0,"{0: 0.0639, 1: 0.1012, 2: 0.2102, 3: 0.2959, 4: 0.367}",12,"['WAIT_SETTLE', 'WAIT_SETTLE', 'WAIT_SETTLE', 'WAIT_SETTLE', 'WAIT_SETTLE', 'WAIT_SETTLE', 'WAIT_SETTLE', 'WAIT_SETTLE', 'WAIT_SETTLE', 'WAIT_SETTLE', 'WAIT_SETTLE', 'WAIT_SETTLE']",6.0,120.0,REGIME_B_DEPTH_CORRELATED,FB6_Additive_Cost,4
bench_REGIME_B_DEPTH_CORRELATED_004,FB7_Exposure_Aware_Planner,potato,DEPTH_CORRELATED,0.208,0.116,0.092,MARKDOWN,0.0,0.0,1.0,0.0,0.0,0.0,0.0,0.0,"{0: 0.0639, 1: 0.1012, 2: 0.2102, 3: 0.2959, 4: 0.367}",1,['STOP_INSPECTION'],0.0,0.0,REGIME_B_DEPTH_CORRELATED,FB7_Proposed,4
bench_REGIME_B_DEPTH_CORRELATED_005,FB0_Surface_Only,potato,DEPTH_CORRELATED,0.196,0.1108,0.0852,MARKDOWN,0.0,0.0,1.0,0.0,2.0,0.2,2.2,5.0,"{0: 0.0481, 1: 0.1436, 2: 0.189, 3: 0.2751, 4: 0.3477}",2,"['OBSERVE_STRATUM', 'STOP_INSPECTION']",2.0,5.0,REGIME_B_DEPTH_CORRELATED,FB0_Surface_Only,5
bench_REGIME_B_DEPTH_CORRELATED_005,FB1_Fixed_Sampling,potato,DEPTH_CORRELATED,0.196,0.1116,0.0844,MARKDOWN,0.0,0.0,1.0,0.0,45.0,3.0,48.0,75.0,"{0: 0.0481, 1: 0.1436, 2: 0.189, 3: 0.2751, 4: 0.3477}",4,"['SAMPLE_UNITS', 'SAMPLE_UNITS', 'SAMPLE_UNITS', 'STOP_INSPECTION']",45.0,75.0,REGIME_B_DEPTH_CORRELATED,FB1_Fixed_Random,5
bench_REGIME_B_DEPTH_CORRELATED_005,FB2_Depth_Stratified,potato,DEPTH_CORRELATED,0.196,0.1494,0.0466,MARKDOWN,0.0,0.0,1.0,0.0,42.0,11.4,53.4,285.0,"{0: 0.0481, 1: 0.1436, 2: 0.189, 3: 0.2751, 4: 0.3477}",10,"['OBSERVE_STRATUM', 'REMOVE_LAYER', 'OBSERVE_STRATUM', 'REMOVE_LAYER', 'OBSERVE_STRATUM', 'REMOVE_LAYER', 'OBSERVE_STRATUM', 'REMOVE_LAYER', 'OBSERVE_STRATUM', 'STOP_INSPECTION']",42.0,85.0,REGIME_B_DEPTH_CORRELATED,FB2_Depth_Stratified,5
bench_REGIME_B_DEPTH_CORRELATED_005,FB3_Macro_Myopic_VOI,potato,DEPTH_CORRELATED,0.196,0.1129,0.0831,MARKDOWN,0.0,0.0,1.0,0.0,2.0,0.2,2.2,5.0,"{0: 0.0481, 1: 0.1436, 2: 0.189, 3: 0.2751, 4: 0.3477}",2,"['OBSERVE_STRATUM', 'STOP_INSPECTION']",2.0,5.0,REGIME_B_DEPTH_CORRELATED,FB3_Macro_Myopic_VOI,5
bench_REGIME_B_DEPTH_CORRELATED_005,FB5_State_Blind_Lookahead,potato,DEPTH_CORRELATED,0.196,0.116,0.08,MARKDOWN,0.0,0.0,1.0,0.0,6.0,4.8,10.8,120.0,"{0: 0.0481, 1: 0.1436, 2: 0.189, 3: 0.2751, 4: 0.3477}",12,"['WAIT_SETTLE', 'WAIT_SETTLE', 'WAIT_SETTLE', 'WAIT_SETTLE', 'WAIT_SETTLE', 'WAIT_SETTLE', 'WAIT_SETTLE', 'WAIT_SETTLE', 'WAIT_SETTLE', 'WAIT_SETTLE', 'WAIT_SETTLE', 'WAIT_SETTLE']",6.0,120.0,REGIME_B_DEPTH_CORRELATED,FB5_State_Blind,5
bench_REGIME_B_DEPTH_CORRELATED_005,FB6_Additive_Cost_Planner,potato,DEPTH_CORRELATED,0.196,0.116,0.08,MARKDOWN,0.0,0.0,1.0,0.0,6.0,4.8,10.8,120.0,"{0: 0.0481, 1: 0.1436, 2: 0.189, 3: 0.2751, 4: 0.3477}",12,"['WAIT_SETTLE', 'WAIT_SETTLE', 'WAIT_SETTLE', 'WAIT_SETTLE', 'WAIT_SETTLE', 'WAIT_SETTLE', 'WAIT_SETTLE', 'WAIT_SETTLE', 'WAIT_SETTLE', 'WAIT_SETTLE', 'WAIT_SETTLE', 'WAIT_SETTLE']",6.0,120.0,REGIME_B_DEPTH_CORRELATED,FB6_Additive_Cost,5
bench_REGIME_B_DEPTH_CORRELATED_005,FB7_Exposure_Aware_Planner,potato,DEPTH_CORRELATED,0.196,0.116,0.08,MARKDOWN,0.0,0.0,1.0,0.0,0.0,0.0,0.0,0.0,"{0: 0.0481, 1: 0.1436, 2: 0.189, 3: 0.2751, 4: 0.3477}",1,['STOP_INSPECTION'],0.0,0.0,REGIME_B_DEPTH_CORRELATED,FB7_Proposed,5
bench_REGIME_B_DEPTH_CORRELATED_006,FB0_Surface_Only,potato,DEPTH_CORRELATED,0.204,0.1102,0.0938,MARKDOWN,0.0,0.0,1.0,0.0,2.0,0.2,2.2,5.0,"{0: 0.042, 1: 0.1214, 2: 0.2019, 3: 0.3024, 4: 0.3651}",2,"['OBSERVE_STRATUM', 'STOP_INSPECTION']",2.0,5.0,REGIME_B_DEPTH_CORRELATED,FB0_Surface_Only,6
bench_REGIME_B_DEPTH_CORRELATED_006,FB1_Fixed_Sampling,potato,DEPTH_CORRELATED,0.204,0.1071,0.0969,MARKDOWN,0.0,0.0,1.0,0.0,45.0,3.0,48.0,75.0,"{0: 0.042, 1: 0.1214, 2: 0.2019, 3: 0.3024, 4: 0.3651}",4,"['SAMPLE_UNITS', 'SAMPLE_UNITS', 'SAMPLE_UNITS', 'STOP_INSPECTION']",45.0,75.0,REGIME_B_DEPTH_CORRELATED,FB1_Fixed_Random,6
bench_REGIME_B_DEPTH_CORRELATED_006,FB2_Depth_Stratified,potato,DEPTH_CORRELATED,0.204,0.1377,0.0663,MARKDOWN,0.0,0.0,1.0,0.0,42.0,11.4,53.4,285.0,"{0: 0.042, 1: 0.1214, 2: 0.2019, 3: 0.3024, 4: 0.3651}",10,"['OBSERVE_STRATUM', 'REMOVE_LAYER', 'OBSERVE_STRATUM', 'REMOVE_LAYER', 'OBSERVE_STRATUM', 'REMOVE_LAYER', 'OBSERVE_STRATUM', 'REMOVE_LAYER', 'OBSERVE_STRATUM', 'STOP_INSPECTION']",42.0,85.0,REGIME_B_DEPTH_CORRELATED,FB2_Depth_Stratified,6
bench_REGIME_B_DEPTH_CORRELATED_006,FB3_Macro_Myopic_VOI,potato,DEPTH_CORRELATED,0.204,0.1147,0.0893,MARKDOWN,0.0,0.0,1.0,0.0,2.0,0.2,2.2,5.0,"{0: 0.042, 1: 0.1214, 2: 0.2019, 3: 0.3024, 4: 0.3651}",2,"['OBSERVE_STRATUM', 'STOP_INSPECTION']",2.0,5.0,REGIME_B_DEPTH_CORRELATED,FB3_Macro_Myopic_VOI,6
bench_REGIME_B_DEPTH_CORRELATED_006,FB5_State_Blind_Lookahead,potato,DEPTH_CORRELATED,0.204,0.116,0.088,MARKDOWN,0.0,0.0,1.0,0.0,6.0,4.8,10.8,120.0,"{0: 0.042, 1: 0.1214, 2: 0.2019, 3: 0.3024, 4: 0.3651}",12,"['WAIT_SETTLE', 'WAIT_SETTLE', 'WAIT_SETTLE', 'WAIT_SETTLE', 'WAIT_SETTLE', 'WAIT_SETTLE', 'WAIT_SETTLE', 'WAIT_SETTLE', 'WAIT_SETTLE', 'WAIT_SETTLE', 'WAIT_SETTLE', 'WAIT_SETTLE']",6.0,120.0,REGIME_B_DEPTH_CORRELATED,FB5_State_Blind,6
bench_REGIME_B_DEPTH_CORRELATED_006,FB6_Additive_Cost_Planner,potato,DEPTH_CORRELATED,0.204,0.116,0.088,MARKDOWN,0.0,0.0,1.0,0.0,6.0,4.8,10.8,120.0,"{0: 0.042, 1: 0.1214, 2: 0.2019, 3: 0.3024, 4: 0.3651}",12,"['WAIT_SETTLE', 'WAIT_SETTLE', 'WAIT_SETTLE', 'WAIT_SETTLE', 'WAIT_SETTLE', 'WAIT_SETTLE', 'WAIT_SETTLE', 'WAIT_SETTLE', 'WAIT_SETTLE', 'WAIT_SETTLE', 'WAIT_SETTLE', 'WAIT_SETTLE']",6.0,120.0,REGIME_B_DEPTH_CORRELATED,FB6_Additive_Cost,6
bench_REGIME_B_DEPTH_CORRELATED_006,FB7_Exposure_Aware_Planner,potato,DEPTH_CORRELATED,0.204,0.116,0.088,MARKDOWN,0.0,0.0,1.0,0.0,0.0,0.0,0.0,0.0,"{0: 0.042, 1: 0.1214, 2: 0.2019, 3: 0.3024, 4: 0.3651}",1,['STOP_INSPECTION'],0.0,0.0,REGIME_B_DEPTH_CORRELATED,FB7_Proposed,6
bench_REGIME_B_DEPTH_CORRELATED_007,FB0_Surface_Only,potato,DEPTH_CORRELATED,0.192,0.1092,0.0828,MARKDOWN,0.0,0.0,1.0,0.0,2.0,0.2,2.2,5.0,"{0: 0.0393, 1: 0.1062, 2: 0.1986, 3: 0.2843, 4: 0.3434}",2,"['OBSERVE_STRATUM', 'STOP_INSPECTION']",2.0,5.0,REGIME_B_DEPTH_CORRELATED,FB0_Surface_Only,7
bench_REGIME_B_DEPTH_CORRELATED_007,FB1_Fixed_Sampling,potato,DEPTH_CORRELATED,0.192,0.1078,0.0842,MARKDOWN,0.0,0.0,1.0,0.0,45.0,3.0,48.0,75.0,"{0: 0.0393, 1: 0.1062, 2: 0.1986, 3: 0.2843, 4: 0.3434}",4,"['SAMPLE_UNITS', 'SAMPLE_UNITS', 'SAMPLE_UNITS', 'STOP_INSPECTION']",45.0,75.0,REGIME_B_DEPTH_CORRELATED,FB1_Fixed_Random,7
bench_REGIME_B_DEPTH_CORRELATED_007,FB2_Depth_Stratified,potato,DEPTH_CORRELATED,0.192,0.1441,0.0479,MARKDOWN,0.0,0.0,1.0,0.0,42.0,11.4,53.4,285.0,"{0: 0.0393, 1: 0.1062, 2: 0.1986, 3: 0.2843, 4: 0.3434}",10,"['OBSERVE_STRATUM', 'REMOVE_LAYER', 'OBSERVE_STRATUM', 'REMOVE_LAYER', 'OBSERVE_STRATUM', 'REMOVE_LAYER', 'OBSERVE_STRATUM', 'REMOVE_LAYER', 'OBSERVE_STRATUM', 'STOP_INSPECTION']",42.0,85.0,REGIME_B_DEPTH_CORRELATED,FB2_Depth_Stratified,7
bench_REGIME_B_DEPTH_CORRELATED_007,FB3_Macro_Myopic_VOI,potato,DEPTH_CORRELATED,0.192,0.112,0.08,MARKDOWN,0.0,0.0,1.0,0.0,2.0,0.2,2.2,5.0,"{0: 0.0393, 1: 0.1062, 2: 0.1986, 3: 0.2843, 4: 0.3434}",2,"['OBSERVE_STRATUM', 'STOP_INSPECTION']",2.0,5.0,REGIME_B_DEPTH_CORRELATED,FB3_Macro_Myopic_VOI,7
bench_REGIME_B_DEPTH_CORRELATED_007,FB5_State_Blind_Lookahead,potato,DEPTH_CORRELATED,0.192,0.116,0.076,MARKDOWN,0.0,0.0,1.0,0.0,6.0,4.8,10.8,120.0,"{0: 0.0393, 1: 0.1062, 2: 0.1986, 3: 0.2843, 4: 0.3434}",12,"['WAIT_SETTLE', 'WAIT_SETTLE', 'WAIT_SETTLE', 'WAIT_SETTLE', 'WAIT_SETTLE', 'WAIT_SETTLE', 'WAIT_SETTLE', 'WAIT_SETTLE', 'WAIT_SETTLE', 'WAIT_SETTLE', 'WAIT_SETTLE', 'WAIT_SETTLE']",6.0,120.0,REGIME_B_DEPTH_CORRELATED,FB5_State_Blind,7
bench_REGIME_B_DEPTH_CORRELATED_007,FB6_Additive_Cost_Planner,potato,DEPTH_CORRELATED,0.192,0.116,0.076,MARKDOWN,0.0,0.0,1.0,0.0,6.0,4.8,10.8,120.0,"{0: 0.0393, 1: 0.1062, 2: 0.1986, 3: 0.2843, 4: 0.3434}",12,"['WAIT_SETTLE', 'WAIT_SETTLE', 'WAIT_SETTLE', 'WAIT_SETTLE', 'WAIT_SETTLE', 'WAIT_SETTLE', 'WAIT_SETTLE', 'WAIT_SETTLE', 'WAIT_SETTLE', 'WAIT_SETTLE', 'WAIT_SETTLE', 'WAIT_SETTLE']",6.0,120.0,REGIME_B_DEPTH_CORRELATED,FB6_Additive_Cost,7
bench_REGIME_B_DEPTH_CORRELATED_007,FB7_Exposure_Aware_Planner,potato,DEPTH_CORRELATED,0.192,0.116,0.076,MARKDOWN,0.0,0.0,1.0,0.0,0.0,0.0,0.0,0.0,"{0: 0.0393, 1: 0.1062, 2: 0.1986, 3: 0.2843, 4: 0.3434}",1,['STOP_INSPECTION'],0.0,0.0,REGIME_B_DEPTH_CORRELATED,FB7_Proposed,7
bench_REGIME_B_DEPTH_CORRELATED_008,FB0_Surface_Only,potato,DEPTH_CORRELATED,0.212,0.1108,0.1012,MARKDOWN,0.0,0.0,1.0,0.0,2.0,0.2,2.2,5.0,"{0: 0.0535, 1: 0.1402, 2: 0.2078, 3: 0.3071, 4: 0.3636}",2,"['OBSERVE_STRATUM', 'STOP_INSPECTION']",2.0,5.0,REGIME_B_DEPTH_CORRELATED,FB0_Surface_Only,8
bench_REGIME_B_DEPTH_CORRELATED_008,FB1_Fixed_Sampling,potato,DEPTH_CORRELATED,0.212,0.1112,0.1008,MARKDOWN,0.0,0.0,1.0,0.0,45.0,3.0,48.0,75.0,"{0: 0.0535, 1: 0.1402, 2: 0.2078, 3: 0.3071, 4: 0.3636}",4,"['SAMPLE_UNITS', 'SAMPLE_UNITS', 'SAMPLE_UNITS', 'STOP_INSPECTION']",45.0,75.0,REGIME_B_DEPTH_CORRELATED,FB1_Fixed_Random,8
bench_REGIME_B_DEPTH_CORRELATED_008,FB2_Depth_Stratified,potato,DEPTH_CORRELATED,0.212,0.1498,0.0622,MARKDOWN,0.0,0.0,1.0,0.0,42.0,11.4,53.4,285.0,"{0: 0.0535, 1: 0.1402, 2: 0.2078, 3: 0.3071, 4: 0.3636}",10,"['OBSERVE_STRATUM', 'REMOVE_LAYER', 'OBSERVE_STRATUM', 'REMOVE_LAYER', 'OBSERVE_STRATUM', 'REMOVE_LAYER', 'OBSERVE_STRATUM', 'REMOVE_LAYER', 'OBSERVE_STRATUM', 'STOP_INSPECTION']",42.0,85.0,REGIME_B_DEPTH_CORRELATED,FB2_Depth_Stratified,8
bench_REGIME_B_DEPTH_CORRELATED_008,FB3_Macro_Myopic_VOI,potato,DEPTH_CORRELATED,0.212,0.1114,0.1006,MARKDOWN,0.0,0.0,1.0,0.0,2.0,0.2,2.2,5.0,"{0: 0.0535, 1: 0.1402, 2: 0.2078, 3: 0.3071, 4: 0.3636}",2,"['OBSERVE_STRATUM', 'STOP_INSPECTION']",2.0,5.0,REGIME_B_DEPTH_CORRELATED,FB3_Macro_Myopic_VOI,8
bench_REGIME_B_DEPTH_CORRELATED_008,FB5_State_Blind_Lookahead,potato,DEPTH_CORRELATED,0.212,0.116,0.096,MARKDOWN,0.0,0.0,1.0,0.0,6.0,4.8,10.8,120.0,"{0: 0.0535, 1: 0.1402, 2: 0.2078, 3: 0.3071, 4: 0.3636}",12,"['WAIT_SETTLE', 'WAIT_SETTLE', 'WAIT_SETTLE', 'WAIT_SETTLE', 'WAIT_SETTLE', 'WAIT_SETTLE', 'WAIT_SETTLE', 'WAIT_SETTLE', 'WAIT_SETTLE', 'WAIT_SETTLE', 'WAIT_SETTLE', 'WAIT_SETTLE']",6.0,120.0,REGIME_B_DEPTH_CORRELATED,FB5_State_Blind,8
bench_REGIME_B_DEPTH_CORRELATED_008,FB6_Additive_Cost_Planner,potato,DEPTH_CORRELATED,0.212,0.116,0.096,MARKDOWN,0.0,0.0,1.0,0.0,6.0,4.8,10.8,120.0,"{0: 0.0535, 1: 0.1402, 2: 0.2078, 3: 0.3071, 4: 0.3636}",12,"['WAIT_SETTLE', 'WAIT_SETTLE', 'WAIT_SETTLE', 'WAIT_SETTLE', 'WAIT_SETTLE', 'WAIT_SETTLE', 'WAIT_SETTLE', 'WAIT_SETTLE', 'WAIT_SETTLE', 'WAIT_SETTLE', 'WAIT_SETTLE', 'WAIT_SETTLE']",6.0,120.0,REGIME_B_DEPTH_CORRELATED,FB6_Additive_Cost,8
bench_REGIME_B_DEPTH_CORRELATED_008,FB7_Exposure_Aware_Planner,potato,DEPTH_CORRELATED,0.212,0.116,0.096,MARKDOWN,0.0,0.0,1.0,0.0,0.0,0.0,0.0,0.0,"{0: 0.0535, 1: 0.1402, 2: 0.2078, 3: 0.3071, 4: 0.3636}",1,['STOP_INSPECTION'],0.0,0.0,REGIME_B_DEPTH_CORRELATED,FB7_Proposed,8
bench_REGIME_B_DEPTH_CORRELATED_009,FB0_Surface_Only,potato,DEPTH_CORRELATED,0.196,0.1111,0.0849,MARKDOWN,0.0,0.0,1.0,0.0,2.0,0.2,2.2,5.0,"{0: 0.0451, 1: 0.109, 2: 0.2087, 3: 0.268, 4: 0.3798}",2,"['OBSERVE_STRATUM', 'STOP_INSPECTION']",2.0,5.0,REGIME_B_DEPTH_CORRELATED,FB0_Surface_Only,9
bench_REGIME_B_DEPTH_CORRELATED_009,FB1_Fixed_Sampling,potato,DEPTH_CORRELATED,0.196,0.1118,0.0842,MARKDOWN,0.0,0.0,1.0,0.0,45.0,3.0,48.0,75.0,"{0: 0.0451, 1: 0.109, 2: 0.2087, 3: 0.268, 4: 0.3798}",4,"['SAMPLE_UNITS', 'SAMPLE_UNITS', 'SAMPLE_UNITS', 'STOP_INSPECTION']",45.0,75.0,REGIME_B_DEPTH_CORRELATED,FB1_Fixed_Random,9
bench_REGIME_B_DEPTH_CORRELATED_009,FB2_Depth_Stratified,potato,DEPTH_CORRELATED,0.196,0.1543,0.0417,MARKDOWN,0.0,0.0,1.0,0.0,42.0,11.4,53.4,285.0,"{0: 0.0451, 1: 0.109, 2: 0.2087, 3: 0.268, 4: 0.3798}",10,"['OBSERVE_STRATUM', 'REMOVE_LAYER', 'OBSERVE_STRATUM', 'REMOVE_LAYER', 'OBSERVE_STRATUM', 'REMOVE_LAYER', 'OBSERVE_STRATUM', 'REMOVE_LAYER', 'OBSERVE_STRATUM', 'STOP_INSPECTION']",42.0,85.0,REGIME_B_DEPTH_CORRELATED,FB2_Depth_Stratified,9
bench_REGIME_B_DEPTH_CORRELATED_009,FB3_Macro_Myopic_VOI,potato,DEPTH_CORRELATED,0.196,0.1156,0.0804,MARKDOWN,0.0,0.0,1.0,0.0,2.0,0.2,2.2,5.0,"{0: 0.0451, 1: 0.109, 2: 0.2087, 3: 0.268, 4: 0.3798}",2,"['OBSERVE_STRATUM', 'STOP_INSPECTION']",2.0,5.0,REGIME_B_DEPTH_CORRELATED,FB3_Macro_Myopic_VOI,9
bench_REGIME_B_DEPTH_CORRELATED_009,FB5_State_Blind_Lookahead,potato,DEPTH_CORRELATED,0.196,0.116,0.08,MARKDOWN,0.0,0.0,1.0,0.0,6.0,4.8,10.8,120.0,"{0: 0.0451, 1: 0.109, 2: 0.2087, 3: 0.268, 4: 0.3798}",12,"['WAIT_SETTLE', 'WAIT_SETTLE', 'WAIT_SETTLE', 'WAIT_SETTLE', 'WAIT_SETTLE', 'WAIT_SETTLE', 'WAIT_SETTLE', 'WAIT_SETTLE', 'WAIT_SETTLE', 'WAIT_SETTLE', 'WAIT_SETTLE', 'WAIT_SETTLE']",6.0,120.0,REGIME_B_DEPTH_CORRELATED,FB5_State_Blind,9
bench_REGIME_B_DEPTH_CORRELATED_009,FB6_Additive_Cost_Planner,potato,DEPTH_CORRELATED,0.196,0.116,0.08,MARKDOWN,0.0,0.0,1.0,0.0,6.0,4.8,10.8,120.0,"{0: 0.0451, 1: 0.109, 2: 0.2087, 3: 0.268, 4: 0.3798}",12,"['WAIT_SETTLE', 'WAIT_SETTLE', 'WAIT_SETTLE', 'WAIT_SETTLE', 'WAIT_SETTLE', 'WAIT_SETTLE', 'WAIT_SETTLE', 'WAIT_SETTLE', 'WAIT_SETTLE', 'WAIT_SETTLE', 'WAIT_SETTLE', 'WAIT_SETTLE']",6.0,120.0,REGIME_B_DEPTH_CORRELATED,FB6_Additive_Cost,9
bench_REGIME_B_DEPTH_CORRELATED_009,FB7_Exposure_Aware_Planner,potato,DEPTH_CORRELATED,0.196,0.116,0.08,MARKDOWN,0.0,0.0,1.0,0.0,0.0,0.0,0.0,0.0,"{0: 0.0451, 1: 0.109, 2: 0.2087, 3: 0.268, 4: 0.3798}",1,['STOP_INSPECTION'],0.0,0.0,REGIME_B_DEPTH_CORRELATED,FB7_Proposed,9
bench_REGIME_B_DEPTH_CORRELATED_010,FB0_Surface_Only,potato,DEPTH_CORRELATED,0.208,0.1136,0.0944,MARKDOWN,0.0,0.0,1.0,0.0,2.0,0.2,2.2,5.0,"{0: 0.0632, 1: 0.1351, 2: 0.2077, 3: 0.2767, 4: 0.3677}",2,"['OBSERVE_STRATUM', 'STOP_INSPECTION']",2.0,5.0,REGIME_B_DEPTH_CORRELATED,FB0_Surface_Only,10
bench_REGIME_B_DEPTH_CORRELATED_010,FB1_Fixed_Sampling,potato,DEPTH_CORRELATED,0.208,0.1122,0.0958,MARKDOWN,0.0,0.0,1.0,0.0,45.0,3.0,48.0,75.0,"{0: 0.0632, 1: 0.1351, 2: 0.2077, 3: 0.2767, 4: 0.3677}",4,"['SAMPLE_UNITS', 'SAMPLE_UNITS', 'SAMPLE_UNITS', 'STOP_INSPECTION']",45.0,75.0,REGIME_B_DEPTH_CORRELATED,FB1_Fixed_Random,10
bench_REGIME_B_DEPTH_CORRELATED_010,FB2_Depth_Stratified,potato,DEPTH_CORRELATED,0.208,0.1513,0.0567,MARKDOWN,0.0,0.0,1.0,0.0,42.0,11.4,53.4,285.0,"{0: 0.0632, 1: 0.1351, 2: 0.2077, 3: 0.2767, 4: 0.3677}",10,"['OBSERVE_STRATUM', 'REMOVE_LAYER', 'OBSERVE_STRATUM', 'REMOVE_LAYER', 'OBSERVE_STRATUM', 'REMOVE_LAYER', 'OBSERVE_STRATUM', 'REMOVE_LAYER', 'OBSERVE_STRATUM', 'STOP_INSPECTION']",42.0,85.0,REGIME_B_DEPTH_CORRELATED,FB2_Depth_Stratified,10
bench_REGIME_B_DEPTH_CORRELATED_010,FB3_Macro_Myopic_VOI,potato,DEPTH_CORRELATED,0.208,0.113,0.095,MARKDOWN,0.0,0.0,1.0,0.0,2.0,0.2,2.2,5.0,"{0: 0.0632, 1: 0.1351, 2: 0.2077, 3: 0.2767, 4: 0.3677}",2,"['OBSERVE_STRATUM', 'STOP_INSPECTION']",2.0,5.0,REGIME_B_DEPTH_CORRELATED,FB3_Macro_Myopic_VOI,10
bench_REGIME_B_DEPTH_CORRELATED_010,FB5_State_Blind_Lookahead,potato,DEPTH_CORRELATED,0.208,0.116,0.092,MARKDOWN,0.0,0.0,1.0,0.0,6.0,4.8,10.8,120.0,"{0: 0.0632, 1: 0.1351, 2: 0.2077, 3: 0.2767, 4: 0.3677}",12,"['WAIT_SETTLE', 'WAIT_SETTLE', 'WAIT_SETTLE', 'WAIT_SETTLE', 'WAIT_SETTLE', 'WAIT_SETTLE', 'WAIT_SETTLE', 'WAIT_SETTLE', 'WAIT_SETTLE', 'WAIT_SETTLE', 'WAIT_SETTLE', 'WAIT_SETTLE']",6.0,120.0,REGIME_B_DEPTH_CORRELATED,FB5_State_Blind,10
bench_REGIME_B_DEPTH_CORRELATED_010,FB6_Additive_Cost_Planner,potato,DEPTH_CORRELATED,0.208,0.116,0.092,MARKDOWN,0.0,0.0,1.0,0.0,6.0,4.8,10.8,120.0,"{0: 0.0632, 1: 0.1351, 2: 0.2077, 3: 0.2767, 4: 0.3677}",12,"['WAIT_SETTLE', 'WAIT_SETTLE', 'WAIT_SETTLE', 'WAIT_SETTLE', 'WAIT_SETTLE', 'WAIT_SETTLE', 'WAIT_SETTLE', 'WAIT_SETTLE', 'WAIT_SETTLE', 'WAIT_SETTLE', 'WAIT_SETTLE', 'WAIT_SETTLE']",6.0,120.0,REGIME_B_DEPTH_CORRELATED,FB6_Additive_Cost,10
bench_REGIME_B_DEPTH_CORRELATED_010,FB7_Exposure_Aware_Planner,potato,DEPTH_CORRELATED,0.208,0.116,0.092,MARKDOWN,0.0,0.0,1.0,0.0,0.0,0.0,0.0,0.0,"{0: 0.0632, 1: 0.1351, 2: 0.2077, 3: 0.2767, 4: 0.3677}",1,['STOP_INSPECTION'],0.0,0.0,REGIME_B_DEPTH_CORRELATED,FB7_Proposed,10
bench_REGIME_B_DEPTH_CORRELATED_011,FB0_Surface_Only,potato,DEPTH_CORRELATED,0.204,0.1124,0.0916,MARKDOWN,0.0,0.0,1.0,0.0,2.0,0.2,2.2,5.0,"{0: 0.0317, 1: 0.1101, 2: 0.1992, 3: 0.274, 4: 0.373}",2,"['OBSERVE_STRATUM', 'STOP_INSPECTION']",2.0,5.0,REGIME_B_DEPTH_CORRELATED,FB0_Surface_Only,11
bench_REGIME_B_DEPTH_CORRELATED_011,FB1_Fixed_Sampling,potato,DEPTH_CORRELATED,0.204,0.1062,0.0978,MARKDOWN,0.0,0.0,1.0,0.0,45.0,3.0,48.0,75.0,"{0: 0.0317, 1: 0.1101, 2: 0.1992, 3: 0.274, 4: 0.373}",4,"['SAMPLE_UNITS', 'SAMPLE_UNITS', 'SAMPLE_UNITS', 'STOP_INSPECTION']",45.0,75.0,REGIME_B_DEPTH_CORRELATED,FB1_Fixed_Random,11
bench_REGIME_B_DEPTH_CORRELATED_011,FB2_Depth_Stratified,potato,DEPTH_CORRELATED,0.204,0.1368,0.0672,MARKDOWN,0.0,0.0,1.0,0.0,42.0,11.4,53.4,285.0,"{0: 0.0317, 1: 0.1101, 2: 0.1992, 3: 0.274, 4: 0.373}",10,"['OBSERVE_STRATUM', 'REMOVE_LAYER', 'OBSERVE_STRATUM', 'REMOVE_LAYER', 'OBSERVE_STRATUM', 'REMOVE_LAYER', 'OBSERVE_STRATUM', 'REMOVE_LAYER', 'OBSERVE_STRATUM', 'STOP_INSPECTION']",42.0,85.0,REGIME_B_DEPTH_CORRELATED,FB2_Depth_Stratified,11
bench_REGIME_B_DEPTH_CORRELATED_011,FB3_Macro_Myopic_VOI,potato,DEPTH_CORRELATED,0.204,0.1092,0.0948,MARKDOWN,0.0,0.0,1.0,0.0,2.0,0.2,2.2,5.0,"{0: 0.0317, 1: 0.1101, 2: 0.1992, 3: 0.274, 4: 0.373}",2,"['OBSERVE_STRATUM', 'STOP_INSPECTION']",2.0,5.0,REGIME_B_DEPTH_CORRELATED,FB3_Macro_Myopic_VOI,11
bench_REGIME_B_DEPTH_CORRELATED_011,FB5_State_Blind_Lookahead,potato,DEPTH_CORRELATED,0.204,0.116,0.088,MARKDOWN,0.0,0.0,1.0,0.0,6.0,4.8,10.8,120.0,"{0: 0.0317, 1: 0.1101, 2: 0.1992, 3: 0.274, 4: 0.373}",12,"['WAIT_SETTLE', 'WAIT_SETTLE', 'WAIT_SETTLE', 'WAIT_SETTLE', 'WAIT_SETTLE', 'WAIT_SETTLE', 'WAIT_SETTLE', 'WAIT_SETTLE', 'WAIT_SETTLE', 'WAIT_SETTLE', 'WAIT_SETTLE', 'WAIT_SETTLE']",6.0,120.0,REGIME_B_DEPTH_CORRELATED,FB5_State_Blind,11
bench_REGIME_B_DEPTH_CORRELATED_011,FB6_Additive_Cost_Planner,potato,DEPTH_CORRELATED,0.204,0.116,0.088,MARKDOWN,0.0,0.0,1.0,0.0,6.0,4.8,10.8,120.0,"{0: 0.0317, 1: 0.1101, 2: 0.1992, 3: 0.274, 4: 0.373}",12,"['WAIT_SETTLE', 'WAIT_SETTLE', 'WAIT_SETTLE', 'WAIT_SETTLE', 'WAIT_SETTLE', 'WAIT_SETTLE', 'WAIT_SETTLE', 'WAIT_SETTLE', 'WAIT_SETTLE', 'WAIT_SETTLE', 'WAIT_SETTLE', 'WAIT_SETTLE']",6.0,120.0,REGIME_B_DEPTH_CORRELATED,FB6_Additive_Cost,11
bench_REGIME_B_DEPTH_CORRELATED_011,FB7_Exposure_Aware_Planner,potato,DEPTH_CORRELATED,0.204,0.116,0.088,MARKDOWN,0.0,0.0,1.0,0.0,0.0,0.0,0.0,0.0,"{0: 0.0317, 1: 0.1101, 2: 0.1992, 3: 0.274, 4: 0.373}",1,['STOP_INSPECTION'],0.0,0.0,REGIME_B_DEPTH_CORRELATED,FB7_Proposed,11
bench_REGIME_B_DEPTH_CORRELATED_012,FB0_Surface_Only,potato,DEPTH_CORRELATED,0.208,0.1138,0.0942,MARKDOWN,0.0,0.0,1.0,0.0,2.0,0.2,2.2,5.0,"{0: 0.061, 1: 0.1206, 2: 0.2271, 3: 0.2691, 4: 0.3785}",2,"['OBSERVE_STRATUM', 'STOP_INSPECTION']",2.0,5.0,REGIME_B_DEPTH_CORRELATED,FB0_Surface_Only,12
bench_REGIME_B_DEPTH_CORRELATED_012,FB1_Fixed_Sampling,potato,DEPTH_CORRELATED,0.208,0.1117,0.0963,MARKDOWN,0.0,0.0,1.0,0.0,45.0,3.0,48.0,75.0,"{0: 0.061, 1: 0.1206, 2: 0.2271, 3: 0.2691, 4: 0.3785}",4,"['SAMPLE_UNITS', 'SAMPLE_UNITS', 'SAMPLE_UNITS', 'STOP_INSPECTION']",45.0,75.0,REGIME_B_DEPTH_CORRELATED,FB1_Fixed_Random,12
bench_REGIME_B_DEPTH_CORRELATED_012,FB2_Depth_Stratified,potato,DEPTH_CORRELATED,0.208,0.1554,0.0526,MARKDOWN,0.0,0.0,1.0,0.0,42.0,11.4,53.4,285.0,"{0: 0.061, 1: 0.1206, 2: 0.2271, 3: 0.2691, 4: 0.3785}",10,"['OBSERVE_STRATUM', 'REMOVE_LAYER', 'OBSERVE_STRATUM', 'REMOVE_LAYER', 'OBSERVE_STRATUM', 'REMOVE_LAYER', 'OBSERVE_STRATUM', 'REMOVE_LAYER', 'OBSERVE_STRATUM', 'STOP_INSPECTION']",42.0,85.0,REGIME_B_DEPTH_CORRELATED,FB2_Depth_Stratified,12
bench_REGIME_B_DEPTH_CORRELATED_012,FB3_Macro_Myopic_VOI,potato,DEPTH_CORRELATED,0.208,0.1147,0.0933,MARKDOWN,0.0,0.0,1.0,0.0,2.0,0.2,2.2,5.0,"{0: 0.061, 1: 0.1206, 2: 0.2271, 3: 0.2691, 4: 0.3785}",2,"['OBSERVE_STRATUM', 'STOP_INSPECTION']",2.0,5.0,REGIME_B_DEPTH_CORRELATED,FB3_Macro_Myopic_VOI,12
bench_REGIME_B_DEPTH_CORRELATED_012,FB5_State_Blind_Lookahead,potato,DEPTH_CORRELATED,0.208,0.116,0.092,MARKDOWN,0.0,0.0,1.0,0.0,6.0,4.8,10.8,120.0,"{0: 0.061, 1: 0.1206, 2: 0.2271, 3: 0.2691, 4: 0.3785}",12,"['WAIT_SETTLE', 'WAIT_SETTLE', 'WAIT_SETTLE', 'WAIT_SETTLE', 'WAIT_SETTLE', 'WAIT_SETTLE', 'WAIT_SETTLE', 'WAIT_SETTLE', 'WAIT_SETTLE', 'WAIT_SETTLE', 'WAIT_SETTLE', 'WAIT_SETTLE']",6.0,120.0,REGIME_B_DEPTH_CORRELATED,FB5_State_Blind,12
bench_REGIME_B_DEPTH_CORRELATED_012,FB6_Additive_Cost_Planner,potato,DEPTH_CORRELATED,0.208,0.116,0.092,MARKDOWN,0.0,0.0,1.0,0.0,6.0,4.8,10.8,120.0,"{0: 0.061, 1: 0.1206, 2: 0.2271, 3: 0.2691, 4: 0.3785}",12,"['WAIT_SETTLE', 'WAIT_SETTLE', 'WAIT_SETTLE', 'WAIT_SETTLE', 'WAIT_SETTLE', 'WAIT_SETTLE', 'WAIT_SETTLE', 'WAIT_SETTLE', 'WAIT_SETTLE', 'WAIT_SETTLE', 'WAIT_SETTLE', 'WAIT_SETTLE']",6.0,120.0,REGIME_B_DEPTH_CORRELATED,FB6_Additive_Cost,12
bench_REGIME_B_DEPTH_CORRELATED_012,FB7_Exposure_Aware_Planner,potato,DEPTH_CORRELATED,0.208,0.116,0.092,MARKDOWN,0.0,0.0,1.0,0.0,0.0,0.0,0.0,0.0,"{0: 0.061, 1: 0.1206, 2: 0.2271, 3: 0.2691, 4: 0.3785}",1,['STOP_INSPECTION'],0.0,0.0,REGIME_B_DEPTH_CORRELATED,FB7_Proposed,12
bench_REGIME_B_DEPTH_CORRELATED_013,FB0_Surface_Only,potato,DEPTH_CORRELATED,0.196,0.1133,0.0827,MARKDOWN,0.0,0.0,1.0,0.0,2.0,0.2,2.2,5.0,"{0: 0.051, 1: 0.1221, 2: 0.1918, 3: 0.2651, 4: 0.3451}",2,"['OBSERVE_STRATUM', 'STOP_INSPECTION']",2.0,5.0,REGIME_B_DEPTH_CORRELATED,FB0_Surface_Only,13
bench_REGIME_B_DEPTH_CORRELATED_013,FB1_Fixed_Sampling,potato,DEPTH_CORRELATED,0.196,0.1161,0.0799,MARKDOWN,0.0,0.0,1.0,0.0,45.0,3.0,48.0,75.0,"{0: 0.051, 1: 0.1221, 2: 0.1918, 3: 0.2651, 4: 0.3451}",4,"['SAMPLE_UNITS', 'SAMPLE_UNITS', 'SAMPLE_UNITS', 'STOP_INSPECTION']",45.0,75.0,REGIME_B_DEPTH_CORRELATED,FB1_Fixed_Random,13
bench_REGIME_B_DEPTH_CORRELATED_013,FB2_Depth_Stratified,potato,DEPTH_CORRELATED,0.196,0.1457,0.0503,MARKDOWN,0.0,0.0,1.0,0.0,42.0,11.4,53.4,285.0,"{0: 0.051, 1: 0.1221, 2: 0.1918, 3: 0.2651, 4: 0.3451}",10,"['OBSERVE_STRATUM', 'REMOVE_LAYER', 'OBSERVE_STRATUM', 'REMOVE_LAYER', 'OBSERVE_STRATUM', 'REMOVE_LAYER', 'OBSERVE_STRATUM', 'REMOVE_LAYER', 'OBSERVE_STRATUM', 'STOP_INSPECTION']",42.0,85.0,REGIME_B_DEPTH_CORRELATED,FB2_Depth_Stratified,13
bench_REGIME_B_DEPTH_CORRELATED_013,FB3_Macro_Myopic_VOI,potato,DEPTH_CORRELATED,0.196,0.115,0.081,MARKDOWN,0.0,0.0,1.0,0.0,2.0,0.2,2.2,5.0,"{0: 0.051, 1: 0.1221, 2: 0.1918, 3: 0.2651, 4: 0.3451}",2,"['OBSERVE_STRATUM', 'STOP_INSPECTION']",2.0,5.0,REGIME_B_DEPTH_CORRELATED,FB3_Macro_Myopic_VOI,13
bench_REGIME_B_DEPTH_CORRELATED_013,FB5_State_Blind_Lookahead,potato,DEPTH_CORRELATED,0.196,0.116,0.08,MARKDOWN,0.0,0.0,1.0,0.0,6.0,4.8,10.8,120.0,"{0: 0.051, 1: 0.1221, 2: 0.1918, 3: 0.2651, 4: 0.3451}",12,"['WAIT_SETTLE', 'WAIT_SETTLE', 'WAIT_SETTLE', 'WAIT_SETTLE', 'WAIT_SETTLE', 'WAIT_SETTLE', 'WAIT_SETTLE', 'WAIT_SETTLE', 'WAIT_SETTLE', 'WAIT_SETTLE', 'WAIT_SETTLE', 'WAIT_SETTLE']",6.0,120.0,REGIME_B_DEPTH_CORRELATED,FB5_State_Blind,13
bench_REGIME_B_DEPTH_CORRELATED_013,FB6_Additive_Cost_Planner,potato,DEPTH_CORRELATED,0.196,0.116,0.08,MARKDOWN,0.0,0.0,1.0,0.0,6.0,4.8,10.8,120.0,"{0: 0.051, 1: 0.1221, 2: 0.1918, 3: 0.2651, 4: 0.3451}",12,"['WAIT_SETTLE', 'WAIT_SETTLE', 'WAIT_SETTLE', 'WAIT_SETTLE', 'WAIT_SETTLE', 'WAIT_SETTLE', 'WAIT_SETTLE', 'WAIT_SETTLE', 'WAIT_SETTLE', 'WAIT_SETTLE', 'WAIT_SETTLE', 'WAIT_SETTLE']",6.0,120.0,REGIME_B_DEPTH_CORRELATED,FB6_Additive_Cost,13
bench_REGIME_B_DEPTH_CORRELATED_013,FB7_Exposure_Aware_Planner,potato,DEPTH_CORRELATED,0.196,0.116,0.08,MARKDOWN,0.0,0.0,1.0,0.0,0.0,0.0,0.0,0.0,"{0: 0.051, 1: 0.1221, 2: 0.1918, 3: 0.2651, 4: 0.3451}",1,['STOP_INSPECTION'],0.0,0.0,REGIME_B_DEPTH_CORRELATED,FB7_Proposed,13
bench_REGIME_B_DEPTH_CORRELATED_014,FB0_Surface_Only,potato,DEPTH_CORRELATED,0.204,0.1139,0.0901,MARKDOWN,0.0,0.0,1.0,0.0,2.0,0.2,2.2,5.0,"{0: 0.0363, 1: 0.1144, 2: 0.1994, 3: 0.3074, 4: 0.367}",2,"['OBSERVE_STRATUM', 'STOP_INSPECTION']",2.0,5.0,REGIME_B_DEPTH_CORRELATED,FB0_Surface_Only,14
bench_REGIME_B_DEPTH_CORRELATED_014,FB1_Fixed_Sampling,potato,DEPTH_CORRELATED,0.204,0.1073,0.0967,MARKDOWN,0.0,0.0,1.0,0.0,45.0,3.0,48.0,75.0,"{0: 0.0363, 1: 0.1144, 2: 0.1994, 3: 0.3074, 4: 0.367}",4,"['SAMPLE_UNITS', 'SAMPLE_UNITS', 'SAMPLE_UNITS', 'STOP_INSPECTION']",45.0,75.0,REGIME_B_DEPTH_CORRELATED,FB1_Fixed_Random,14
bench_REGIME_B_DEPTH_CORRELATED_014,FB2_Depth_Stratified,potato,DEPTH_CORRELATED,0.204,0.1491,0.0549,MARKDOWN,0.0,0.0,1.0,0.0,42.0,11.4,53.4,285.0,"{0: 0.0363, 1: 0.1144, 2: 0.1994, 3: 0.3074, 4: 0.367}",10,"['OBSERVE_STRATUM', 'REMOVE_LAYER', 'OBSERVE_STRATUM', 'REMOVE_LAYER', 'OBSERVE_STRATUM', 'REMOVE_LAYER', 'OBSERVE_STRATUM', 'REMOVE_LAYER', 'OBSERVE_STRATUM', 'STOP_INSPECTION']",42.0,85.0,REGIME_B_DEPTH_CORRELATED,FB2_Depth_Stratified,14
bench_REGIME_B_DEPTH_CORRELATED_014,FB3_Macro_Myopic_VOI,potato,DEPTH_CORRELATED,0.204,0.1128,0.0912,MARKDOWN,0.0,0.0,1.0,0.0,2.0,0.2,2.2,5.0,"{0: 0.0363, 1: 0.1144, 2: 0.1994, 3: 0.3074, 4: 0.367}",2,"['OBSERVE_STRATUM', 'STOP_INSPECTION']",2.0,5.0,REGIME_B_DEPTH_CORRELATED,FB3_Macro_Myopic_VOI,14
bench_REGIME_B_DEPTH_CORRELATED_014,FB5_State_Blind_Lookahead,potato,DEPTH_CORRELATED,0.204,0.116,0.088,MARKDOWN,0.0,0.0,1.0,0.0,6.0,4.8,10.8,120.0,"{0: 0.0363, 1: 0.1144, 2: 0.1994, 3: 0.3074, 4: 0.367}",12,"['WAIT_SETTLE', 'WAIT_SETTLE', 'WAIT_SETTLE', 'WAIT_SETTLE', 'WAIT_SETTLE', 'WAIT_SETTLE', 'WAIT_SETTLE', 'WAIT_SETTLE', 'WAIT_SETTLE', 'WAIT_SETTLE', 'WAIT_SETTLE', 'WAIT_SETTLE']",6.0,120.0,REGIME_B_DEPTH_CORRELATED,FB5_State_Blind,14
bench_REGIME_B_DEPTH_CORRELATED_014,FB6_Additive_Cost_Planner,potato,DEPTH_CORRELATED,0.204,0.116,0.088,MARKDOWN,0.0,0.0,1.0,0.0,6.0,4.8,10.8,120.0,"{0: 0.0363, 1: 0.1144, 2: 0.1994, 3: 0.3074, 4: 0.367}",12,"['WAIT_SETTLE', 'WAIT_SETTLE', 'WAIT_SETTLE', 'WAIT_SETTLE', 'WAIT_SETTLE', 'WAIT_SETTLE', 'WAIT_SETTLE', 'WAIT_SETTLE', 'WAIT_SETTLE', 'WAIT_SETTLE', 'WAIT_SETTLE', 'WAIT_SETTLE']",6.0,120.0,REGIME_B_DEPTH_CORRELATED,FB6_Additive_Cost,14
bench_REGIME_B_DEPTH_CORRELATED_014,FB7_Exposure_Aware_Planner,potato,DEPTH_CORRELATED,0.204,0.116,0.088,MARKDOWN,0.0,0.0,1.0,0.0,0.0,0.0,0.0,0.0,"{0: 0.0363, 1: 0.1144, 2: 0.1994, 3: 0.3074, 4: 0.367}",1,['STOP_INSPECTION'],0.0,0.0,REGIME_B_DEPTH_CORRELATED,FB7_Proposed,14
bench_REGIME_B_DEPTH_CORRELATED_015,FB0_Surface_Only,potato,DEPTH_CORRELATED,0.208,0.1136,0.0944,MARKDOWN,0.0,0.0,1.0,0.0,2.0,0.2,2.2,5.0,"{0: 0.0533, 1: 0.1068, 2: 0.2154, 3: 0.3099, 4: 0.3614}",2,"['OBSERVE_STRATUM', 'STOP_INSPECTION']",2.0,5.0,REGIME_B_DEPTH_CORRELATED,FB0_Surface_Only,15
bench_REGIME_B_DEPTH_CORRELATED_015,FB1_Fixed_Sampling,potato,DEPTH_CORRELATED,0.208,0.1117,0.0963,MARKDOWN,0.0,0.0,1.0,0.0,45.0,3.0,48.0,75.0,"{0: 0.0533, 1: 0.1068, 2: 0.2154, 3: 0.3099, 4: 0.3614}",4,"['SAMPLE_UNITS', 'SAMPLE_UNITS', 'SAMPLE_UNITS', 'STOP_INSPECTION']",45.0,75.0,REGIME_B_DEPTH_CORRELATED,FB1_Fixed_Random,15
bench_REGIME_B_DEPTH_CORRELATED_015,FB2_Depth_Stratified,potato,DEPTH_CORRELATED,0.208,0.1556,0.0524,MARKDOWN,0.0,0.0,1.0,0.0,42.0,11.4,53.4,285.0,"{0: 0.0533, 1: 0.1068, 2: 0.2154, 3: 0.3099, 4: 0.3614}",10,"['OBSERVE_STRATUM', 'REMOVE_LAYER', 'OBSERVE_STRATUM', 'REMOVE_LAYER', 'OBSERVE_STRATUM', 'REMOVE_LAYER', 'OBSERVE_STRATUM', 'REMOVE_LAYER', 'OBSERVE_STRATUM', 'STOP_INSPECTION']",42.0,85.0,REGIME_B_DEPTH_CORRELATED,FB2_Depth_Stratified,15
bench_REGIME_B_DEPTH_CORRELATED_015,FB3_Macro_Myopic_VOI,potato,DEPTH_CORRELATED,0.208,0.1122,0.0958,MARKDOWN,0.0,0.0,1.0,0.0,2.0,0.2,2.2,5.0,"{0: 0.0533, 1: 0.1068, 2: 0.2154, 3: 0.3099, 4: 0.3614}",2,"['OBSERVE_STRATUM', 'STOP_INSPECTION']",2.0,5.0,REGIME_B_DEPTH_CORRELATED,FB3_Macro_Myopic_VOI,15
bench_REGIME_B_DEPTH_CORRELATED_015,FB5_State_Blind_Lookahead,potato,DEPTH_CORRELATED,0.208,0.116,0.092,MARKDOWN,0.0,0.0,1.0,0.0,6.0,4.8,10.8,120.0,"{0: 0.0533, 1: 0.1068, 2: 0.2154, 3: 0.3099, 4: 0.3614}",12,"['WAIT_SETTLE', 'WAIT_SETTLE', 'WAIT_SETTLE', 'WAIT_SETTLE', 'WAIT_SETTLE', 'WAIT_SETTLE', 'WAIT_SETTLE', 'WAIT_SETTLE', 'WAIT_SETTLE', 'WAIT_SETTLE', 'WAIT_SETTLE', 'WAIT_SETTLE']",6.0,120.0,REGIME_B_DEPTH_CORRELATED,FB5_State_Blind,15
bench_REGIME_B_DEPTH_CORRELATED_015,FB6_Additive_Cost_Planner,potato,DEPTH_CORRELATED,0.208,0.116,0.092,MARKDOWN,0.0,0.0,1.0,0.0,6.0,4.8,10.8,120.0,"{0: 0.0533, 1: 0.1068, 2: 0.2154, 3: 0.3099, 4: 0.3614}",12,"['WAIT_SETTLE', 'WAIT_SETTLE', 'WAIT_SETTLE', 'WAIT_SETTLE', 'WAIT_SETTLE', 'WAIT_SETTLE', 'WAIT_SETTLE', 'WAIT_SETTLE', 'WAIT_SETTLE', 'WAIT_SETTLE', 'WAIT_SETTLE', 'WAIT_SETTLE']",6.0,120.0,REGIME_B_DEPTH_CORRELATED,FB6_Additive_Cost,15
bench_REGIME_B_DEPTH_CORRELATED_015,FB7_Exposure_Aware_Planner,potato,DEPTH_CORRELATED,0.208,0.116,0.092,MARKDOWN,0.0,0.0,1.0,0.0,0.0,0.0,0.0,0.0,"{0: 0.0533, 1: 0.1068, 2: 0.2154, 3: 0.3099, 4: 0.3614}",1,['STOP_INSPECTION'],0.0,0.0,REGIME_B_DEPTH_CORRELATED,FB7_Proposed,15
bench_REGIME_B_DEPTH_CORRELATED_016,FB0_Surface_Only,potato,DEPTH_CORRELATED,0.212,0.1159,0.0961,MARKDOWN,0.0,0.0,1.0,0.0,2.0,0.2,2.2,5.0,"{0: 0.0636, 1: 0.1159, 2: 0.2159, 3: 0.2736, 4: 0.3799}",2,"['OBSERVE_STRATUM', 'STOP_INSPECTION']",2.0,5.0,REGIME_B_DEPTH_CORRELATED,FB0_Surface_Only,16
bench_REGIME_B_DEPTH_CORRELATED_016,FB1_Fixed_Sampling,potato,DEPTH_CORRELATED,0.212,0.1098,0.1022,MARKDOWN,0.0,0.0,1.0,0.0,45.0,3.0,48.0,75.0,"{0: 0.0636, 1: 0.1159, 2: 0.2159, 3: 0.2736, 4: 0.3799}",4,"['SAMPLE_UNITS', 'SAMPLE_UNITS', 'SAMPLE_UNITS', 'STOP_INSPECTION']",45.0,75.0,REGIME_B_DEPTH_CORRELATED,FB1_Fixed_Random,16
bench_REGIME_B_DEPTH_CORRELATED_016,FB2_Depth_Stratified,potato,DEPTH_CORRELATED,0.212,0.1563,0.0557,MARKDOWN,0.0,0.0,1.0,0.0,42.0,11.4,53.4,285.0,"{0: 0.0636, 1: 0.1159, 2: 0.2159, 3: 0.2736, 4: 0.3799}",10,"['OBSERVE_STRATUM', 'REMOVE_LAYER', 'OBSERVE_STRATUM', 'REMOVE_LAYER', 'OBSERVE_STRATUM', 'REMOVE_LAYER', 'OBSERVE_STRATUM', 'REMOVE_LAYER', 'OBSERVE_STRATUM', 'STOP_INSPECTION']",42.0,85.0,REGIME_B_DEPTH_CORRELATED,FB2_Depth_Stratified,16
bench_REGIME_B_DEPTH_CORRELATED_016,FB3_Macro_Myopic_VOI,potato,DEPTH_CORRELATED,0.212,0.1102,0.1018,MARKDOWN,0.0,0.0,1.0,0.0,2.0,0.2,2.2,5.0,"{0: 0.0636, 1: 0.1159, 2: 0.2159, 3: 0.2736, 4: 0.3799}",2,"['OBSERVE_STRATUM', 'STOP_INSPECTION']",2.0,5.0,REGIME_B_DEPTH_CORRELATED,FB3_Macro_Myopic_VOI,16
bench_REGIME_B_DEPTH_CORRELATED_016,FB5_State_Blind_Lookahead,potato,DEPTH_CORRELATED,0.212,0.116,0.096,MARKDOWN,0.0,0.0,1.0,0.0,6.0,4.8,10.8,120.0,"{0: 0.0636, 1: 0.1159, 2: 0.2159, 3: 0.2736, 4: 0.3799}",12,"['WAIT_SETTLE', 'WAIT_SETTLE', 'WAIT_SETTLE', 'WAIT_SETTLE', 'WAIT_SETTLE', 'WAIT_SETTLE', 'WAIT_SETTLE', 'WAIT_SETTLE', 'WAIT_SETTLE', 'WAIT_SETTLE', 'WAIT_SETTLE', 'WAIT_SETTLE']",6.0,120.0,REGIME_B_DEPTH_CORRELATED,FB5_State_Blind,16
bench_REGIME_B_DEPTH_CORRELATED_016,FB6_Additive_Cost_Planner,potato,DEPTH_CORRELATED,0.212,0.116,0.096,MARKDOWN,0.0,0.0,1.0,0.0,6.0,4.8,10.8,120.0,"{0: 0.0636, 1: 0.1159, 2: 0.2159, 3: 0.2736, 4: 0.3799}",12,"['WAIT_SETTLE', 'WAIT_SETTLE', 'WAIT_SETTLE', 'WAIT_SETTLE', 'WAIT_SETTLE', 'WAIT_SETTLE', 'WAIT_SETTLE', 'WAIT_SETTLE', 'WAIT_SETTLE', 'WAIT_SETTLE', 'WAIT_SETTLE', 'WAIT_SETTLE']",6.0,120.0,REGIME_B_DEPTH_CORRELATED,FB6_Additive_Cost,16
bench_REGIME_B_DEPTH_CORRELATED_016,FB7_Exposure_Aware_Planner,potato,DEPTH_CORRELATED,0.212,0.116,0.096,MARKDOWN,0.0,0.0,1.0,0.0,0.0,0.0,0.0,0.0,"{0: 0.0636, 1: 0.1159, 2: 0.2159, 3: 0.2736, 4: 0.3799}",1,['STOP_INSPECTION'],0.0,0.0,REGIME_B_DEPTH_CORRELATED,FB7_Proposed,16
bench_REGIME_B_DEPTH_CORRELATED_017,FB0_Surface_Only,potato,DEPTH_CORRELATED,0.208,0.1106,0.0974,MARKDOWN,0.0,0.0,1.0,0.0,2.0,0.2,2.2,5.0,"{0: 0.0307, 1: 0.1455, 2: 0.1907, 3: 0.2898, 4: 0.3804}",2,"['OBSERVE_STRATUM', 'STOP_INSPECTION']",2.0,5.0,REGIME_B_DEPTH_CORRELATED,FB0_Surface_Only,17
bench_REGIME_B_DEPTH_CORRELATED_017,FB1_Fixed_Sampling,potato,DEPTH_CORRELATED,0.208,0.1083,0.0997,MARKDOWN,0.0,0.0,1.0,0.0,45.0,3.0,48.0,75.0,"{0: 0.0307, 1: 0.1455, 2: 0.1907, 3: 0.2898, 4: 0.3804}",4,"['SAMPLE_UNITS', 'SAMPLE_UNITS', 'SAMPLE_UNITS', 'STOP_INSPECTION']",45.0,75.0,REGIME_B_DEPTH_CORRELATED,FB1_Fixed_Random,17
bench_REGIME_B_DEPTH_CORRELATED_017,FB2_Depth_Stratified,potato,DEPTH_CORRELATED,0.208,0.142,0.066,MARKDOWN,0.0,0.0,1.0,0.0,42.0,11.4,53.4,285.0,"{0: 0.0307, 1: 0.1455, 2: 0.1907, 3: 0.2898, 4: 0.3804}",10,"['OBSERVE_STRATUM', 'REMOVE_LAYER', 'OBSERVE_STRATUM', 'REMOVE_LAYER', 'OBSERVE_STRATUM', 'REMOVE_LAYER', 'OBSERVE_STRATUM', 'REMOVE_LAYER', 'OBSERVE_STRATUM', 'STOP_INSPECTION']",42.0,85.0,REGIME_B_DEPTH_CORRELATED,FB2_Depth_Stratified,17
bench_REGIME_B_DEPTH_CORRELATED_017,FB3_Macro_Myopic_VOI,potato,DEPTH_CORRELATED,0.208,0.1121,0.0959,MARKDOWN,0.0,0.0,1.0,0.0,2.0,0.2,2.2,5.0,"{0: 0.0307, 1: 0.1455, 2: 0.1907, 3: 0.2898, 4: 0.3804}",2,"['OBSERVE_STRATUM', 'STOP_INSPECTION']",2.0,5.0,REGIME_B_DEPTH_CORRELATED,FB3_Macro_Myopic_VOI,17
bench_REGIME_B_DEPTH_CORRELATED_017,FB5_State_Blind_Lookahead,potato,DEPTH_CORRELATED,0.208,0.116,0.092,MARKDOWN,0.0,0.0,1.0,0.0,6.0,4.8,10.8,120.0,"{0: 0.0307, 1: 0.1455, 2: 0.1907, 3: 0.2898, 4: 0.3804}",12,"['WAIT_SETTLE', 'WAIT_SETTLE', 'WAIT_SETTLE', 'WAIT_SETTLE', 'WAIT_SETTLE', 'WAIT_SETTLE', 'WAIT_SETTLE', 'WAIT_SETTLE', 'WAIT_SETTLE', 'WAIT_SETTLE', 'WAIT_SETTLE', 'WAIT_SETTLE']",6.0,120.0,REGIME_B_DEPTH_CORRELATED,FB5_State_Blind,17
bench_REGIME_B_DEPTH_CORRELATED_017,FB6_Additive_Cost_Planner,potato,DEPTH_CORRELATED,0.208,0.116,0.092,MARKDOWN,0.0,0.0,1.0,0.0,6.0,4.8,10.8,120.0,"{0: 0.0307, 1: 0.1455, 2: 0.1907, 3: 0.2898, 4: 0.3804}",12,"['WAIT_SETTLE', 'WAIT_SETTLE', 'WAIT_SETTLE', 'WAIT_SETTLE', 'WAIT_SETTLE', 'WAIT_SETTLE', 'WAIT_SETTLE', 'WAIT_SETTLE', 'WAIT_SETTLE', 'WAIT_SETTLE', 'WAIT_SETTLE', 'WAIT_SETTLE']",6.0,120.0,REGIME_B_DEPTH_CORRELATED,FB6_Additive_Cost,17
bench_REGIME_B_DEPTH_CORRELATED_017,FB7_Exposure_Aware_Planner,potato,DEPTH_CORRELATED,0.208,0.116,0.092,MARKDOWN,0.0,0.0,1.0,0.0,0.0,0.0,0.0,0.0,"{0: 0.0307, 1: 0.1455, 2: 0.1907, 3: 0.2898, 4: 0.3804}",1,['STOP_INSPECTION'],0.0,0.0,REGIME_B_DEPTH_CORRELATED,FB7_Proposed,17
bench_REGIME_B_DEPTH_CORRELATED_018,FB0_Surface_Only,potato,DEPTH_CORRELATED,0.208,0.1094,0.0986,MARKDOWN,0.0,0.0,1.0,0.0,2.0,0.2,2.2,5.0,"{0: 0.0461, 1: 0.114, 2: 0.1996, 3: 0.2951, 4: 0.3844}",2,"['OBSERVE_STRATUM', 'STOP_INSPECTION']",2.0,5.0,REGIME_B_DEPTH_CORRELATED,FB0_Surface_Only,18
bench_REGIME_B_DEPTH_CORRELATED_018,FB1_Fixed_Sampling,potato,DEPTH_CORRELATED,0.208,0.1089,0.0991,MARKDOWN,0.0,0.0,1.0,0.0,45.0,3.0,48.0,75.0,"{0: 0.0461, 1: 0.114, 2: 0.1996, 3: 0.2951, 4: 0.3844}",4,"['SAMPLE_UNITS', 'SAMPLE_UNITS', 'SAMPLE_UNITS', 'STOP_INSPECTION']",45.0,75.0,REGIME_B_DEPTH_CORRELATED,FB1_Fixed_Random,18
bench_REGIME_B_DEPTH_CORRELATED_018,FB2_Depth_Stratified,potato,DEPTH_CORRELATED,0.208,0.1472,0.0608,MARKDOWN,0.0,0.0,1.0,0.0,42.0,11.4,53.4,285.0,"{0: 0.0461, 1: 0.114, 2: 0.1996, 3: 0.2951, 4: 0.3844}",10,"['OBSERVE_STRATUM', 'REMOVE_LAYER', 'OBSERVE_STRATUM', 'REMOVE_LAYER', 'OBSERVE_STRATUM', 'REMOVE_LAYER', 'OBSERVE_STRATUM', 'REMOVE_LAYER', 'OBSERVE_STRATUM', 'STOP_INSPECTION']",42.0,85.0,REGIME_B_DEPTH_CORRELATED,FB2_Depth_Stratified,18
bench_REGIME_B_DEPTH_CORRELATED_018,FB3_Macro_Myopic_VOI,potato,DEPTH_CORRELATED,0.208,0.117,0.091,MARKDOWN,0.0,0.0,1.0,0.0,2.0,0.2,2.2,5.0,"{0: 0.0461, 1: 0.114, 2: 0.1996, 3: 0.2951, 4: 0.3844}",2,"['OBSERVE_STRATUM', 'STOP_INSPECTION']",2.0,5.0,REGIME_B_DEPTH_CORRELATED,FB3_Macro_Myopic_VOI,18
bench_REGIME_B_DEPTH_CORRELATED_018,FB5_State_Blind_Lookahead,potato,DEPTH_CORRELATED,0.208,0.116,0.092,MARKDOWN,0.0,0.0,1.0,0.0,6.0,4.8,10.8,120.0,"{0: 0.0461, 1: 0.114, 2: 0.1996, 3: 0.2951, 4: 0.3844}",12,"['WAIT_SETTLE', 'WAIT_SETTLE', 'WAIT_SETTLE', 'WAIT_SETTLE', 'WAIT_SETTLE', 'WAIT_SETTLE', 'WAIT_SETTLE', 'WAIT_SETTLE', 'WAIT_SETTLE', 'WAIT_SETTLE', 'WAIT_SETTLE', 'WAIT_SETTLE']",6.0,120.0,REGIME_B_DEPTH_CORRELATED,FB5_State_Blind,18
bench_REGIME_B_DEPTH_CORRELATED_018,FB6_Additive_Cost_Planner,potato,DEPTH_CORRELATED,0.208,0.116,0.092,MARKDOWN,0.0,0.0,1.0,0.0,6.0,4.8,10.8,120.0,"{0: 0.0461, 1: 0.114, 2: 0.1996, 3: 0.2951, 4: 0.3844}",12,"['WAIT_SETTLE', 'WAIT_SETTLE', 'WAIT_SETTLE', 'WAIT_SETTLE', 'WAIT_SETTLE', 'WAIT_SETTLE', 'WAIT_SETTLE', 'WAIT_SETTLE', 'WAIT_SETTLE', 'WAIT_SETTLE', 'WAIT_SETTLE', 'WAIT_SETTLE']",6.0,120.0,REGIME_B_DEPTH_CORRELATED,FB6_Additive_Cost,18
bench_REGIME_B_DEPTH_CORRELATED_018,FB7_Exposure_Aware_Planner,potato,DEPTH_CORRELATED,0.208,0.116,0.092,MARKDOWN,0.0,0.0,1.0,0.0,0.0,0.0,0.0,0.0,"{0: 0.0461, 1: 0.114, 2: 0.1996, 3: 0.2951, 4: 0.3844}",1,['STOP_INSPECTION'],0.0,0.0,REGIME_B_DEPTH_CORRELATED,FB7_Proposed,18
bench_REGIME_B_DEPTH_CORRELATED_019,FB0_Surface_Only,potato,DEPTH_CORRELATED,0.212,0.1176,0.0944,MARKDOWN,0.0,0.0,1.0,0.0,2.0,0.2,2.2,5.0,"{0: 0.064, 1: 0.1163, 2: 0.2063, 3: 0.3096, 4: 0.3788}",2,"['OBSERVE_STRATUM', 'STOP_INSPECTION']",2.0,5.0,REGIME_B_DEPTH_CORRELATED,FB0_Surface_Only,19
bench_REGIME_B_DEPTH_CORRELATED_019,FB1_Fixed_Sampling,potato,DEPTH_CORRELATED,0.212,0.1128,0.0992,MARKDOWN,0.0,0.0,1.0,0.0,45.0,3.0,48.0,75.0,"{0: 0.064, 1: 0.1163, 2: 0.2063, 3: 0.3096, 4: 0.3788}",4,"['SAMPLE_UNITS', 'SAMPLE_UNITS', 'SAMPLE_UNITS', 'STOP_INSPECTION']",45.0,75.0,REGIME_B_DEPTH_CORRELATED,FB1_Fixed_Random,19
bench_REGIME_B_DEPTH_CORRELATED_019,FB2_Depth_Stratified,potato,DEPTH_CORRELATED,0.212,0.148,0.064,MARKDOWN,0.0,0.0,1.0,0.0,42.0,11.4,53.4,285.0,"{0: 0.064, 1: 0.1163, 2: 0.2063, 3: 0.3096, 4: 0.3788}",10,"['OBSERVE_STRATUM', 'REMOVE_LAYER', 'OBSERVE_STRATUM', 'REMOVE_LAYER', 'OBSERVE_STRATUM', 'REMOVE_LAYER', 'OBSERVE_STRATUM', 'REMOVE_LAYER', 'OBSERVE_STRATUM', 'STOP_INSPECTION']",42.0,85.0,REGIME_B_DEPTH_CORRELATED,FB2_Depth_Stratified,19
bench_REGIME_B_DEPTH_CORRELATED_019,FB3_Macro_Myopic_VOI,potato,DEPTH_CORRELATED,0.212,0.111,0.101,MARKDOWN,0.0,0.0,1.0,0.0,2.0,0.2,2.2,5.0,"{0: 0.064, 1: 0.1163, 2: 0.2063, 3: 0.3096, 4: 0.3788}",2,"['OBSERVE_STRATUM', 'STOP_INSPECTION']",2.0,5.0,REGIME_B_DEPTH_CORRELATED,FB3_Macro_Myopic_VOI,19
bench_REGIME_B_DEPTH_CORRELATED_019,FB5_State_Blind_Lookahead,potato,DEPTH_CORRELATED,0.212,0.116,0.096,MARKDOWN,0.0,0.0,1.0,0.0,6.0,4.8,10.8,120.0,"{0: 0.064, 1: 0.1163, 2: 0.2063, 3: 0.3096, 4: 0.3788}",12,"['WAIT_SETTLE', 'WAIT_SETTLE', 'WAIT_SETTLE', 'WAIT_SETTLE', 'WAIT_SETTLE', 'WAIT_SETTLE', 'WAIT_SETTLE', 'WAIT_SETTLE', 'WAIT_SETTLE', 'WAIT_SETTLE', 'WAIT_SETTLE', 'WAIT_SETTLE']",6.0,120.0,REGIME_B_DEPTH_CORRELATED,FB5_State_Blind,19
bench_REGIME_B_DEPTH_CORRELATED_019,FB6_Additive_Cost_Planner,potato,DEPTH_CORRELATED,0.212,0.116,0.096,MARKDOWN,0.0,0.0,1.0,0.0,6.0,4.8,10.8,120.0,"{0: 0.064, 1: 0.1163, 2: 0.2063, 3: 0.3096, 4: 0.3788}",12,"['WAIT_SETTLE', 'WAIT_SETTLE', 'WAIT_SETTLE', 'WAIT_SETTLE', 'WAIT_SETTLE', 'WAIT_SETTLE', 'WAIT_SETTLE', 'WAIT_SETTLE', 'WAIT_SETTLE', 'WAIT_SETTLE', 'WAIT_SETTLE', 'WAIT_SETTLE']",6.0,120.0,REGIME_B_DEPTH_CORRELATED,FB6_Additive_Cost,19
bench_REGIME_B_DEPTH_CORRELATED_019,FB7_Exposure_Aware_Planner,potato,DEPTH_CORRELATED,0.212,0.116,0.096,MARKDOWN,0.0,0.0,1.0,0.0,0.0,0.0,0.0,0.0,"{0: 0.064, 1: 0.1163, 2: 0.2063, 3: 0.3096, 4: 0.3788}",1,['STOP_INSPECTION'],0.0,0.0,REGIME_B_DEPTH_CORRELATED,FB7_Proposed,19
bench_REGIME_B_DEPTH_CORRELATED_020,FB0_Surface_Only,potato,DEPTH_CORRELATED,0.208,0.1154,0.0926,MARKDOWN,0.0,0.0,1.0,0.0,2.0,0.2,2.2,5.0,"{0: 0.0524, 1: 0.1029, 2: 0.2184, 3: 0.2993, 4: 0.3637}",2,"['OBSERVE_STRATUM', 'STOP_INSPECTION']",2.0,5.0,REGIME_B_DEPTH_CORRELATED,FB0_Surface_Only,20
bench_REGIME_B_DEPTH_CORRELATED_020,FB1_Fixed_Sampling,potato,DEPTH_CORRELATED,0.208,0.1094,0.0986,MARKDOWN,0.0,0.0,1.0,0.0,45.0,3.0,48.0,75.0,"{0: 0.0524, 1: 0.1029, 2: 0.2184, 3: 0.2993, 4: 0.3637}",4,"['SAMPLE_UNITS', 'SAMPLE_UNITS', 'SAMPLE_UNITS', 'STOP_INSPECTION']",45.0,75.0,REGIME_B_DEPTH_CORRELATED,FB1_Fixed_Random,20
bench_REGIME_B_DEPTH_CORRELATED_020,FB2_Depth_Stratified,potato,DEPTH_CORRELATED,0.208,0.1454,0.0626,MARKDOWN,0.0,0.0,1.0,0.0,42.0,11.4,53.4,285.0,"{0: 0.0524, 1: 0.1029, 2: 0.2184, 3: 0.2993, 4: 0.3637}",10,"['OBSERVE_STRATUM', 'REMOVE_LAYER', 'OBSERVE_STRATUM', 'REMOVE_LAYER', 'OBSERVE_STRATUM', 'REMOVE_LAYER', 'OBSERVE_STRATUM', 'REMOVE_LAYER', 'OBSERVE_STRATUM', 'STOP_INSPECTION']",42.0,85.0,REGIME_B_DEPTH_CORRELATED,FB2_Depth_Stratified,20
bench_REGIME_B_DEPTH_CORRELATED_020,FB3_Macro_Myopic_VOI,potato,DEPTH_CORRELATED,0.208,0.1115,0.0965,MARKDOWN,0.0,0.0,1.0,0.0,2.0,0.2,2.2,5.0,"{0: 0.0524, 1: 0.1029, 2: 0.2184, 3: 0.2993, 4: 0.3637}",2,"['OBSERVE_STRATUM', 'STOP_INSPECTION']",2.0,5.0,REGIME_B_DEPTH_CORRELATED,FB3_Macro_Myopic_VOI,20
bench_REGIME_B_DEPTH_CORRELATED_020,FB5_State_Blind_Lookahead,potato,DEPTH_CORRELATED,0.208,0.116,0.092,MARKDOWN,0.0,0.0,1.0,0.0,6.0,4.8,10.8,120.0,"{0: 0.0524, 1: 0.1029, 2: 0.2184, 3: 0.2993, 4: 0.3637}",12,"['WAIT_SETTLE', 'WAIT_SETTLE', 'WAIT_SETTLE', 'WAIT_SETTLE', 'WAIT_SETTLE', 'WAIT_SETTLE', 'WAIT_SETTLE', 'WAIT_SETTLE', 'WAIT_SETTLE', 'WAIT_SETTLE', 'WAIT_SETTLE', 'WAIT_SETTLE']",6.0,120.0,REGIME_B_DEPTH_CORRELATED,FB5_State_Blind,20
bench_REGIME_B_DEPTH_CORRELATED_020,FB6_Additive_Cost_Planner,potato,DEPTH_CORRELATED,0.208,0.116,0.092,MARKDOWN,0.0,0.0,1.0,0.0,6.0,4.8,10.8,120.0,"{0: 0.0524, 1: 0.1029, 2: 0.2184, 3: 0.2993, 4: 0.3637}",12,"['WAIT_SETTLE', 'WAIT_SETTLE', 'WAIT_SETTLE', 'WAIT_SETTLE', 'WAIT_SETTLE', 'WAIT_SETTLE', 'WAIT_SETTLE', 'WAIT_SETTLE', 'WAIT_SETTLE', 'WAIT_SETTLE', 'WAIT_SETTLE', 'WAIT_SETTLE']",6.0,120.0,REGIME_B_DEPTH_CORRELATED,FB6_Additive_Cost,20
bench_REGIME_B_DEPTH_CORRELATED_020,FB7_Exposure_Aware_Planner,potato,DEPTH_CORRELATED,0.208,0.116,0.092,MARKDOWN,0.0,0.0,1.0,0.0,0.0,0.0,0.0,0.0,"{0: 0.0524, 1: 0.1029, 2: 0.2184, 3: 0.2993, 4: 0.3637}",1,['STOP_INSPECTION'],0.0,0.0,REGIME_B_DEPTH_CORRELATED,FB7_Proposed,20
bench_REGIME_B_DEPTH_CORRELATED_021,FB0_Surface_Only,potato,DEPTH_CORRELATED,0.208,0.1132,0.0948,MARKDOWN,0.0,0.0,1.0,0.0,2.0,0.2,2.2,5.0,"{0: 0.0588, 1: 0.1434, 2: 0.1898, 3: 0.2904, 4: 0.3639}",2,"['OBSERVE_STRATUM', 'STOP_INSPECTION']",2.0,5.0,REGIME_B_DEPTH_CORRELATED,FB0_Surface_Only,21
bench_REGIME_B_DEPTH_CORRELATED_021,FB1_Fixed_Sampling,potato,DEPTH_CORRELATED,0.208,0.1103,0.0977,MARKDOWN,0.0,0.0,1.0,0.0,45.0,3.0,48.0,75.0,"{0: 0.0588, 1: 0.1434, 2: 0.1898, 3: 0.2904, 4: 0.3639}",4,"['SAMPLE_UNITS', 'SAMPLE_UNITS', 'SAMPLE_UNITS', 'STOP_INSPECTION']",45.0,75.0,REGIME_B_DEPTH_CORRELATED,FB1_Fixed_Random,21
bench_REGIME_B_DEPTH_CORRELATED_021,FB2_Depth_Stratified,potato,DEPTH_CORRELATED,0.208,0.1495,0.0585,MARKDOWN,0.0,0.0,1.0,0.0,42.0,11.4,53.4,285.0,"{0: 0.0588, 1: 0.1434, 2: 0.1898, 3: 0.2904, 4: 0.3639}",10,"['OBSERVE_STRATUM', 'REMOVE_LAYER', 'OBSERVE_STRATUM', 'REMOVE_LAYER', 'OBSERVE_STRATUM', 'REMOVE_LAYER', 'OBSERVE_STRATUM', 'REMOVE_LAYER', 'OBSERVE_STRATUM', 'STOP_INSPECTION']",42.0,85.0,REGIME_B_DEPTH_CORRELATED,FB2_Depth_Stratified,21
bench_REGIME_B_DEPTH_CORRELATED_021,FB3_Macro_Myopic_VOI,potato,DEPTH_CORRELATED,0.208,0.1092,0.0988,MARKDOWN,0.0,0.0,1.0,0.0,2.0,0.2,2.2,5.0,"{0: 0.0588, 1: 0.1434, 2: 0.1898, 3: 0.2904, 4: 0.3639}",2,"['OBSERVE_STRATUM', 'STOP_INSPECTION']",2.0,5.0,REGIME_B_DEPTH_CORRELATED,FB3_Macro_Myopic_VOI,21
bench_REGIME_B_DEPTH_CORRELATED_021,FB5_State_Blind_Lookahead,potato,DEPTH_CORRELATED,0.208,0.116,0.092,MARKDOWN,0.0,0.0,1.0,0.0,6.0,4.8,10.8,120.0,"{0: 0.0588, 1: 0.1434, 2: 0.1898, 3: 0.2904, 4: 0.3639}",12,"['WAIT_SETTLE', 'WAIT_SETTLE', 'WAIT_SETTLE', 'WAIT_SETTLE', 'WAIT_SETTLE', 'WAIT_SETTLE', 'WAIT_SETTLE', 'WAIT_SETTLE', 'WAIT_SETTLE', 'WAIT_SETTLE', 'WAIT_SETTLE', 'WAIT_SETTLE']",6.0,120.0,REGIME_B_DEPTH_CORRELATED,FB5_State_Blind,21
bench_REGIME_B_DEPTH_CORRELATED_021,FB6_Additive_Cost_Planner,potato,DEPTH_CORRELATED,0.208,0.116,0.092,MARKDOWN,0.0,0.0,1.0,0.0,6.0,4.8,10.8,120.0,"{0: 0.0588, 1: 0.1434, 2: 0.1898, 3: 0.2904, 4: 0.3639}",12,"['WAIT_SETTLE', 'WAIT_SETTLE', 'WAIT_SETTLE', 'WAIT_SETTLE', 'WAIT_SETTLE', 'WAIT_SETTLE', 'WAIT_SETTLE', 'WAIT_SETTLE', 'WAIT_SETTLE', 'WAIT_SETTLE', 'WAIT_SETTLE', 'WAIT_SETTLE']",6.0,120.0,REGIME_B_DEPTH_CORRELATED,FB6_Additive_Cost,21
bench_REGIME_B_DEPTH_CORRELATED_021,FB7_Exposure_Aware_Planner,potato,DEPTH_CORRELATED,0.208,0.116,0.092,MARKDOWN,0.0,0.0,1.0,0.0,0.0,0.0,0.0,0.0,"{0: 0.0588, 1: 0.1434, 2: 0.1898, 3: 0.2904, 4: 0.3639}",1,['STOP_INSPECTION'],0.0,0.0,REGIME_B_DEPTH_CORRELATED,FB7_Proposed,21
bench_REGIME_B_DEPTH_CORRELATED_022,FB0_Surface_Only,potato,DEPTH_CORRELATED,0.196,0.113,0.083,MARKDOWN,0.0,0.0,1.0,0.0,2.0,0.2,2.2,5.0,"{0: 0.066, 1: 0.1123, 2: 0.2058, 3: 0.2667, 4: 0.3439}",2,"['OBSERVE_STRATUM', 'STOP_INSPECTION']",2.0,5.0,REGIME_B_DEPTH_CORRELATED,FB0_Surface_Only,22
bench_REGIME_B_DEPTH_CORRELATED_022,FB1_Fixed_Sampling,potato,DEPTH_CORRELATED,0.196,0.1128,0.0832,MARKDOWN,0.0,0.0,1.0,0.0,45.0,3.0,48.0,75.0,"{0: 0.066, 1: 0.1123, 2: 0.2058, 3: 0.2667, 4: 0.3439}",4,"['SAMPLE_UNITS', 'SAMPLE_UNITS', 'SAMPLE_UNITS', 'STOP_INSPECTION']",45.0,75.0,REGIME_B_DEPTH_CORRELATED,FB1_Fixed_Random,22
bench_REGIME_B_DEPTH_CORRELATED_022,FB2_Depth_Stratified,potato,DEPTH_CORRELATED,0.196,0.15,0.046,MARKDOWN,0.0,0.0,1.0,0.0,42.0,11.4,53.4,285.0,"{0: 0.066, 1: 0.1123, 2: 0.2058, 3: 0.2667, 4: 0.3439}",10,"['OBSERVE_STRATUM', 'REMOVE_LAYER', 'OBSERVE_STRATUM', 'REMOVE_LAYER', 'OBSERVE_STRATUM', 'REMOVE_LAYER', 'OBSERVE_STRATUM', 'REMOVE_LAYER', 'OBSERVE_STRATUM', 'STOP_INSPECTION']",42.0,85.0,REGIME_B_DEPTH_CORRELATED,FB2_Depth_Stratified,22
bench_REGIME_B_DEPTH_CORRELATED_022,FB3_Macro_Myopic_VOI,potato,DEPTH_CORRELATED,0.196,0.1142,0.0818,MARKDOWN,0.0,0.0,1.0,0.0,2.0,0.2,2.2,5.0,"{0: 0.066, 1: 0.1123, 2: 0.2058, 3: 0.2667, 4: 0.3439}",2,"['OBSERVE_STRATUM', 'STOP_INSPECTION']",2.0,5.0,REGIME_B_DEPTH_CORRELATED,FB3_Macro_Myopic_VOI,22
bench_REGIME_B_DEPTH_CORRELATED_022,FB5_State_Blind_Lookahead,potato,DEPTH_CORRELATED,0.196,0.116,0.08,MARKDOWN,0.0,0.0,1.0,0.0,6.0,4.8,10.8,120.0,"{0: 0.066, 1: 0.1123, 2: 0.2058, 3: 0.2667, 4: 0.3439}",12,"['WAIT_SETTLE', 'WAIT_SETTLE', 'WAIT_SETTLE', 'WAIT_SETTLE', 'WAIT_SETTLE', 'WAIT_SETTLE', 'WAIT_SETTLE', 'WAIT_SETTLE', 'WAIT_SETTLE', 'WAIT_SETTLE', 'WAIT_SETTLE', 'WAIT_SETTLE']",6.0,120.0,REGIME_B_DEPTH_CORRELATED,FB5_State_Blind,22
bench_REGIME_B_DEPTH_CORRELATED_022,FB6_Additive_Cost_Planner,potato,DEPTH_CORRELATED,0.196,0.116,0.08,MARKDOWN,0.0,0.0,1.0,0.0,6.0,4.8,10.8,120.0,"{0: 0.066, 1: 0.1123, 2: 0.2058, 3: 0.2667, 4: 0.3439}",12,"['WAIT_SETTLE', 'WAIT_SETTLE', 'WAIT_SETTLE', 'WAIT_SETTLE', 'WAIT_SETTLE', 'WAIT_SETTLE', 'WAIT_SETTLE', 'WAIT_SETTLE', 'WAIT_SETTLE', 'WAIT_SETTLE', 'WAIT_SETTLE', 'WAIT_SETTLE']",6.0,120.0,REGIME_B_DEPTH_CORRELATED,FB6_Additive_Cost,22
bench_REGIME_B_DEPTH_CORRELATED_022,FB7_Exposure_Aware_Planner,potato,DEPTH_CORRELATED,0.196,0.116,0.08,MARKDOWN,0.0,0.0,1.0,0.0,0.0,0.0,0.0,0.0,"{0: 0.066, 1: 0.1123, 2: 0.2058, 3: 0.2667, 4: 0.3439}",1,['STOP_INSPECTION'],0.0,0.0,REGIME_B_DEPTH_CORRELATED,FB7_Proposed,22
bench_REGIME_B_DEPTH_CORRELATED_023,FB0_Surface_Only,potato,DEPTH_CORRELATED,0.212,0.1129,0.0991,MARKDOWN,0.0,0.0,1.0,0.0,2.0,0.2,2.2,5.0,"{0: 0.07, 1: 0.1462, 2: 0.2282, 3: 0.2865, 4: 0.3506}",2,"['OBSERVE_STRATUM', 'STOP_INSPECTION']",2.0,5.0,REGIME_B_DEPTH_CORRELATED,FB0_Surface_Only,23
bench_REGIME_B_DEPTH_CORRELATED_023,FB1_Fixed_Sampling,potato,DEPTH_CORRELATED,0.212,0.1131,0.0989,MARKDOWN,0.0,0.0,1.0,0.0,45.0,3.0,48.0,75.0,"{0: 0.07, 1: 0.1462, 2: 0.2282, 3: 0.2865, 4: 0.3506}",4,"['SAMPLE_UNITS', 'SAMPLE_UNITS', 'SAMPLE_UNITS', 'STOP_INSPECTION']",45.0,75.0,REGIME_B_DEPTH_CORRELATED,FB1_Fixed_Random,23
bench_REGIME_B_DEPTH_CORRELATED_023,FB2_Depth_Stratified,potato,DEPTH_CORRELATED,0.212,0.1517,0.0603,MARKDOWN,0.0,0.0,1.0,0.0,42.0,11.4,53.4,285.0,"{0: 0.07, 1: 0.1462, 2: 0.2282, 3: 0.2865, 4: 0.3506}",10,"['OBSERVE_STRATUM', 'REMOVE_LAYER', 'OBSERVE_STRATUM', 'REMOVE_LAYER', 'OBSERVE_STRATUM', 'REMOVE_LAYER', 'OBSERVE_STRATUM', 'REMOVE_LAYER', 'OBSERVE_STRATUM', 'STOP_INSPECTION']",42.0,85.0,REGIME_B_DEPTH_CORRELATED,FB2_Depth_Stratified,23
bench_REGIME_B_DEPTH_CORRELATED_023,FB3_Macro_Myopic_VOI,potato,DEPTH_CORRELATED,0.212,0.1151,0.0969,MARKDOWN,0.0,0.0,1.0,0.0,2.0,0.2,2.2,5.0,"{0: 0.07, 1: 0.1462, 2: 0.2282, 3: 0.2865, 4: 0.3506}",2,"['OBSERVE_STRATUM', 'STOP_INSPECTION']",2.0,5.0,REGIME_B_DEPTH_CORRELATED,FB3_Macro_Myopic_VOI,23
bench_REGIME_B_DEPTH_CORRELATED_023,FB5_State_Blind_Lookahead,potato,DEPTH_CORRELATED,0.212,0.116,0.096,MARKDOWN,0.0,0.0,1.0,0.0,6.0,4.8,10.8,120.0,"{0: 0.07, 1: 0.1462, 2: 0.2282, 3: 0.2865, 4: 0.3506}",12,"['WAIT_SETTLE', 'WAIT_SETTLE', 'WAIT_SETTLE', 'WAIT_SETTLE', 'WAIT_SETTLE', 'WAIT_SETTLE', 'WAIT_SETTLE', 'WAIT_SETTLE', 'WAIT_SETTLE', 'WAIT_SETTLE', 'WAIT_SETTLE', 'WAIT_SETTLE']",6.0,120.0,REGIME_B_DEPTH_CORRELATED,FB5_State_Blind,23
bench_REGIME_B_DEPTH_CORRELATED_023,FB6_Additive_Cost_Planner,potato,DEPTH_CORRELATED,0.212,0.116,0.096,MARKDOWN,0.0,0.0,1.0,0.0,6.0,4.8,10.8,120.0,"{0: 0.07, 1: 0.1462, 2: 0.2282, 3: 0.2865, 4: 0.3506}",12,"['WAIT_SETTLE', 'WAIT_SETTLE', 'WAIT_SETTLE', 'WAIT_SETTLE', 'WAIT_SETTLE', 'WAIT_SETTLE', 'WAIT_SETTLE', 'WAIT_SETTLE', 'WAIT_SETTLE', 'WAIT_SETTLE', 'WAIT_SETTLE', 'WAIT_SETTLE']",6.0,120.0,REGIME_B_DEPTH_CORRELATED,FB6_Additive_Cost,23
bench_REGIME_B_DEPTH_CORRELATED_023,FB7_Exposure_Aware_Planner,potato,DEPTH_CORRELATED,0.212,0.116,0.096,MARKDOWN,0.0,0.0,1.0,0.0,0.0,0.0,0.0,0.0,"{0: 0.07, 1: 0.1462, 2: 0.2282, 3: 0.2865, 4: 0.3506}",1,['STOP_INSPECTION'],0.0,0.0,REGIME_B_DEPTH_CORRELATED,FB7_Proposed,23
bench_REGIME_B_DEPTH_CORRELATED_024,FB0_Surface_Only,potato,DEPTH_CORRELATED,0.212,0.111,0.101,MARKDOWN,0.0,0.0,1.0,0.0,2.0,0.2,2.2,5.0,"{0: 0.0415, 1: 0.1333, 2: 0.204, 3: 0.2968, 4: 0.3859}",2,"['OBSERVE_STRATUM', 'STOP_INSPECTION']",2.0,5.0,REGIME_B_DEPTH_CORRELATED,FB0_Surface_Only,24
bench_REGIME_B_DEPTH_CORRELATED_024,FB1_Fixed_Sampling,potato,DEPTH_CORRELATED,0.212,0.114,0.098,MARKDOWN,0.0,0.0,1.0,0.0,45.0,3.0,48.0,75.0,"{0: 0.0415, 1: 0.1333, 2: 0.204, 3: 0.2968, 4: 0.3859}",4,"['SAMPLE_UNITS', 'SAMPLE_UNITS', 'SAMPLE_UNITS', 'STOP_INSPECTION']",45.0,75.0,REGIME_B_DEPTH_CORRELATED,FB1_Fixed_Random,24
bench_REGIME_B_DEPTH_CORRELATED_024,FB2_Depth_Stratified,potato,DEPTH_CORRELATED,0.212,0.1489,0.0631,MARKDOWN,0.0,0.0,1.0,0.0,42.0,11.4,53.4,285.0,"{0: 0.0415, 1: 0.1333, 2: 0.204, 3: 0.2968, 4: 0.3859}",10,"['OBSERVE_STRATUM', 'REMOVE_LAYER', 'OBSERVE_STRATUM', 'REMOVE_LAYER', 'OBSERVE_STRATUM', 'REMOVE_LAYER', 'OBSERVE_STRATUM', 'REMOVE_LAYER', 'OBSERVE_STRATUM', 'STOP_INSPECTION']",42.0,85.0,REGIME_B_DEPTH_CORRELATED,FB2_Depth_Stratified,24
bench_REGIME_B_DEPTH_CORRELATED_024,FB3_Macro_Myopic_VOI,potato,DEPTH_CORRELATED,0.212,0.1115,0.1005,MARKDOWN,0.0,0.0,1.0,0.0,2.0,0.2,2.2,5.0,"{0: 0.0415, 1: 0.1333, 2: 0.204, 3: 0.2968, 4: 0.3859}",2,"['OBSERVE_STRATUM', 'STOP_INSPECTION']",2.0,5.0,REGIME_B_DEPTH_CORRELATED,FB3_Macro_Myopic_VOI,24
bench_REGIME_B_DEPTH_CORRELATED_024,FB5_State_Blind_Lookahead,potato,DEPTH_CORRELATED,0.212,0.116,0.096,MARKDOWN,0.0,0.0,1.0,0.0,6.0,4.8,10.8,120.0,"{0: 0.0415, 1: 0.1333, 2: 0.204, 3: 0.2968, 4: 0.3859}",12,"['WAIT_SETTLE', 'WAIT_SETTLE', 'WAIT_SETTLE', 'WAIT_SETTLE', 'WAIT_SETTLE', 'WAIT_SETTLE', 'WAIT_SETTLE', 'WAIT_SETTLE', 'WAIT_SETTLE', 'WAIT_SETTLE', 'WAIT_SETTLE', 'WAIT_SETTLE']",6.0,120.0,REGIME_B_DEPTH_CORRELATED,FB5_State_Blind,24
bench_REGIME_B_DEPTH_CORRELATED_024,FB6_Additive_Cost_Planner,potato,DEPTH_CORRELATED,0.212,0.116,0.096,MARKDOWN,0.0,0.0,1.0,0.0,6.0,4.8,10.8,120.0,"{0: 0.0415, 1: 0.1333, 2: 0.204, 3: 0.2968, 4: 0.3859}",12,"['WAIT_SETTLE', 'WAIT_SETTLE', 'WAIT_SETTLE', 'WAIT_SETTLE', 'WAIT_SETTLE', 'WAIT_SETTLE', 'WAIT_SETTLE', 'WAIT_SETTLE', 'WAIT_SETTLE', 'WAIT_SETTLE', 'WAIT_SETTLE', 'WAIT_SETTLE']",6.0,120.0,REGIME_B_DEPTH_CORRELATED,FB6_Additive_Cost,24
bench_REGIME_B_DEPTH_CORRELATED_024,FB7_Exposure_Aware_Planner,potato,DEPTH_CORRELATED,0.212,0.116,0.096,MARKDOWN,0.0,0.0,1.0,0.0,0.0,0.0,0.0,0.0,"{0: 0.0415, 1: 0.1333, 2: 0.204, 3: 0.2968, 4: 0.3859}",1,['STOP_INSPECTION'],0.0,0.0,REGIME_B_DEPTH_CORRELATED,FB7_Proposed,24
bench_REGIME_B_DEPTH_CORRELATED_025,FB0_Surface_Only,potato,DEPTH_CORRELATED,0.204,0.1119,0.0921,MARKDOWN,0.0,0.0,1.0,0.0,2.0,0.2,2.2,5.0,"{0: 0.0615, 1: 0.1221, 2: 0.2122, 3: 0.2895, 4: 0.3402}",2,"['OBSERVE_STRATUM', 'STOP_INSPECTION']",2.0,5.0,REGIME_B_DEPTH_CORRELATED,FB0_Surface_Only,25
bench_REGIME_B_DEPTH_CORRELATED_025,FB1_Fixed_Sampling,potato,DEPTH_CORRELATED,0.204,0.1131,0.0909,MARKDOWN,0.0,0.0,1.0,0.0,45.0,3.0,48.0,75.0,"{0: 0.0615, 1: 0.1221, 2: 0.2122, 3: 0.2895, 4: 0.3402}",4,"['SAMPLE_UNITS', 'SAMPLE_UNITS', 'SAMPLE_UNITS', 'STOP_INSPECTION']",45.0,75.0,REGIME_B_DEPTH_CORRELATED,FB1_Fixed_Random,25
bench_REGIME_B_DEPTH_CORRELATED_025,FB2_Depth_Stratified,potato,DEPTH_CORRELATED,0.204,0.1492,0.0548,MARKDOWN,0.0,0.0,1.0,0.0,42.0,11.4,53.4,285.0,"{0: 0.0615, 1: 0.1221, 2: 0.2122, 3: 0.2895, 4: 0.3402}",10,"['OBSERVE_STRATUM', 'REMOVE_LAYER', 'OBSERVE_STRATUM', 'REMOVE_LAYER', 'OBSERVE_STRATUM', 'REMOVE_LAYER', 'OBSERVE_STRATUM', 'REMOVE_LAYER', 'OBSERVE_STRATUM', 'STOP_INSPECTION']",42.0,85.0,REGIME_B_DEPTH_CORRELATED,FB2_Depth_Stratified,25
bench_REGIME_B_DEPTH_CORRELATED_025,FB3_Macro_Myopic_VOI,potato,DEPTH_CORRELATED,0.204,0.1118,0.0922,MARKDOWN,0.0,0.0,1.0,0.0,2.0,0.2,2.2,5.0,"{0: 0.0615, 1: 0.1221, 2: 0.2122, 3: 0.2895, 4: 0.3402}",2,"['OBSERVE_STRATUM', 'STOP_INSPECTION']",2.0,5.0,REGIME_B_DEPTH_CORRELATED,FB3_Macro_Myopic_VOI,25
bench_REGIME_B_DEPTH_CORRELATED_025,FB5_State_Blind_Lookahead,potato,DEPTH_CORRELATED,0.204,0.116,0.088,MARKDOWN,0.0,0.0,1.0,0.0,6.0,4.8,10.8,120.0,"{0: 0.0615, 1: 0.1221, 2: 0.2122, 3: 0.2895, 4: 0.3402}",12,"['WAIT_SETTLE', 'WAIT_SETTLE', 'WAIT_SETTLE', 'WAIT_SETTLE', 'WAIT_SETTLE', 'WAIT_SETTLE', 'WAIT_SETTLE', 'WAIT_SETTLE', 'WAIT_SETTLE', 'WAIT_SETTLE', 'WAIT_SETTLE', 'WAIT_SETTLE']",6.0,120.0,REGIME_B_DEPTH_CORRELATED,FB5_State_Blind,25
bench_REGIME_B_DEPTH_CORRELATED_025,FB6_Additive_Cost_Planner,potato,DEPTH_CORRELATED,0.204,0.116,0.088,MARKDOWN,0.0,0.0,1.0,0.0,6.0,4.8,10.8,120.0,"{0: 0.0615, 1: 0.1221, 2: 0.2122, 3: 0.2895, 4: 0.3402}",12,"['WAIT_SETTLE', 'WAIT_SETTLE', 'WAIT_SETTLE', 'WAIT_SETTLE', 'WAIT_SETTLE', 'WAIT_SETTLE', 'WAIT_SETTLE', 'WAIT_SETTLE', 'WAIT_SETTLE', 'WAIT_SETTLE', 'WAIT_SETTLE', 'WAIT_SETTLE']",6.0,120.0,REGIME_B_DEPTH_CORRELATED,FB6_Additive_Cost,25
bench_REGIME_B_DEPTH_CORRELATED_025,FB7_Exposure_Aware_Planner,potato,DEPTH_CORRELATED,0.204,0.116,0.088,MARKDOWN,0.0,0.0,1.0,0.0,0.0,0.0,0.0,0.0,"{0: 0.0615, 1: 0.1221, 2: 0.2122, 3: 0.2895, 4: 0.3402}",1,['STOP_INSPECTION'],0.0,0.0,REGIME_B_DEPTH_CORRELATED,FB7_Proposed,25
bench_REGIME_B_DEPTH_CORRELATED_026,FB0_Surface_Only,potato,DEPTH_CORRELATED,0.204,0.1095,0.0945,MARKDOWN,0.0,0.0,1.0,0.0,2.0,0.2,2.2,5.0,"{0: 0.0695, 1: 0.1114, 2: 0.2169, 3: 0.2746, 4: 0.3479}",2,"['OBSERVE_STRATUM', 'STOP_INSPECTION']",2.0,5.0,REGIME_B_DEPTH_CORRELATED,FB0_Surface_Only,26
bench_REGIME_B_DEPTH_CORRELATED_026,FB1_Fixed_Sampling,potato,DEPTH_CORRELATED,0.204,0.1113,0.0927,MARKDOWN,0.0,0.0,1.0,0.0,45.0,3.0,48.0,75.0,"{0: 0.0695, 1: 0.1114, 2: 0.2169, 3: 0.2746, 4: 0.3479}",4,"['SAMPLE_UNITS', 'SAMPLE_UNITS', 'SAMPLE_UNITS', 'STOP_INSPECTION']",45.0,75.0,REGIME_B_DEPTH_CORRELATED,FB1_Fixed_Random,26
bench_REGIME_B_DEPTH_CORRELATED_026,FB2_Depth_Stratified,potato,DEPTH_CORRELATED,0.204,0.1455,0.0585,MARKDOWN,0.0,0.0,1.0,0.0,42.0,11.4,53.4,285.0,"{0: 0.0695, 1: 0.1114, 2: 0.2169, 3: 0.2746, 4: 0.3479}",10,"['OBSERVE_STRATUM', 'REMOVE_LAYER', 'OBSERVE_STRATUM', 'REMOVE_LAYER', 'OBSERVE_STRATUM', 'REMOVE_LAYER', 'OBSERVE_STRATUM', 'REMOVE_LAYER', 'OBSERVE_STRATUM', 'STOP_INSPECTION']",42.0,85.0,REGIME_B_DEPTH_CORRELATED,FB2_Depth_Stratified,26
bench_REGIME_B_DEPTH_CORRELATED_026,FB3_Macro_Myopic_VOI,potato,DEPTH_CORRELATED,0.204,0.1176,0.0864,MARKDOWN,0.0,0.0,1.0,0.0,2.0,0.2,2.2,5.0,"{0: 0.0695, 1: 0.1114, 2: 0.2169, 3: 0.2746, 4: 0.3479}",2,"['OBSERVE_STRATUM', 'STOP_INSPECTION']",2.0,5.0,REGIME_B_DEPTH_CORRELATED,FB3_Macro_Myopic_VOI,26
bench_REGIME_B_DEPTH_CORRELATED_026,FB5_State_Blind_Lookahead,potato,DEPTH_CORRELATED,0.204,0.116,0.088,MARKDOWN,0.0,0.0,1.0,0.0,6.0,4.8,10.8,120.0,"{0: 0.0695, 1: 0.1114, 2: 0.2169, 3: 0.2746, 4: 0.3479}",12,"['WAIT_SETTLE', 'WAIT_SETTLE', 'WAIT_SETTLE', 'WAIT_SETTLE', 'WAIT_SETTLE', 'WAIT_SETTLE', 'WAIT_SETTLE', 'WAIT_SETTLE', 'WAIT_SETTLE', 'WAIT_SETTLE', 'WAIT_SETTLE', 'WAIT_SETTLE']",6.0,120.0,REGIME_B_DEPTH_CORRELATED,FB5_State_Blind,26
bench_REGIME_B_DEPTH_CORRELATED_026,FB6_Additive_Cost_Planner,potato,DEPTH_CORRELATED,0.204,0.116,0.088,MARKDOWN,0.0,0.0,1.0,0.0,6.0,4.8,10.8,120.0,"{0: 0.0695, 1: 0.1114, 2: 0.2169, 3: 0.2746, 4: 0.3479}",12,"['WAIT_SETTLE', 'WAIT_SETTLE', 'WAIT_SETTLE', 'WAIT_SETTLE', 'WAIT_SETTLE', 'WAIT_SETTLE', 'WAIT_SETTLE', 'WAIT_SETTLE', 'WAIT_SETTLE', 'WAIT_SETTLE', 'WAIT_SETTLE', 'WAIT_SETTLE']",6.0,120.0,REGIME_B_DEPTH_CORRELATED,FB6_Additive_Cost,26
bench_REGIME_B_DEPTH_CORRELATED_026,FB7_Exposure_Aware_Planner,potato,DEPTH_CORRELATED,0.204,0.116,0.088,MARKDOWN,0.0,0.0,1.0,0.0,0.0,0.0,0.0,0.0,"{0: 0.0695, 1: 0.1114, 2: 0.2169, 3: 0.2746, 4: 0.3479}",1,['STOP_INSPECTION'],0.0,0.0,REGIME_B_DEPTH_CORRELATED,FB7_Proposed,26
bench_REGIME_B_DEPTH_CORRELATED_027,FB0_Surface_Only,potato,DEPTH_CORRELATED,0.208,0.117,0.091,MARKDOWN,0.0,0.0,1.0,0.0,2.0,0.2,2.2,5.0,"{0: 0.0441, 1: 0.1425, 2: 0.2116, 3: 0.2738, 4: 0.3653}",2,"['OBSERVE_STRATUM', 'STOP_INSPECTION']",2.0,5.0,REGIME_B_DEPTH_CORRELATED,FB0_Surface_Only,27
bench_REGIME_B_DEPTH_CORRELATED_027,FB1_Fixed_Sampling,potato,DEPTH_CORRELATED,0.208,0.1058,0.1022,MARKDOWN,0.0,0.0,1.0,0.0,45.0,3.0,48.0,75.0,"{0: 0.0441, 1: 0.1425, 2: 0.2116, 3: 0.2738, 4: 0.3653}",4,"['SAMPLE_UNITS', 'SAMPLE_UNITS', 'SAMPLE_UNITS', 'STOP_INSPECTION']",45.0,75.0,REGIME_B_DEPTH_CORRELATED,FB1_Fixed_Random,27
bench_REGIME_B_DEPTH_CORRELATED_027,FB2_Depth_Stratified,potato,DEPTH_CORRELATED,0.208,0.1471,0.0609,MARKDOWN,0.0,0.0,1.0,0.0,42.0,11.4,53.4,285.0,"{0: 0.0441, 1: 0.1425, 2: 0.2116, 3: 0.2738, 4: 0.3653}",10,"['OBSERVE_STRATUM', 'REMOVE_LAYER', 'OBSERVE_STRATUM', 'REMOVE_LAYER', 'OBSERVE_STRATUM', 'REMOVE_LAYER', 'OBSERVE_STRATUM', 'REMOVE_LAYER', 'OBSERVE_STRATUM', 'STOP_INSPECTION']",42.0,85.0,REGIME_B_DEPTH_CORRELATED,FB2_Depth_Stratified,27
bench_REGIME_B_DEPTH_CORRELATED_027,FB3_Macro_Myopic_VOI,potato,DEPTH_CORRELATED,0.208,0.1098,0.0982,MARKDOWN,0.0,0.0,1.0,0.0,2.0,0.2,2.2,5.0,"{0: 0.0441, 1: 0.1425, 2: 0.2116, 3: 0.2738, 4: 0.3653}",2,"['OBSERVE_STRATUM', 'STOP_INSPECTION']",2.0,5.0,REGIME_B_DEPTH_CORRELATED,FB3_Macro_Myopic_VOI,27
bench_REGIME_B_DEPTH_CORRELATED_027,FB5_State_Blind_Lookahead,potato,DEPTH_CORRELATED,0.208,0.116,0.092,MARKDOWN,0.0,0.0,1.0,0.0,6.0,4.8,10.8,120.0,"{0: 0.0441, 1: 0.1425, 2: 0.2116, 3: 0.2738, 4: 0.3653}",12,"['WAIT_SETTLE', 'WAIT_SETTLE', 'WAIT_SETTLE', 'WAIT_SETTLE', 'WAIT_SETTLE', 'WAIT_SETTLE', 'WAIT_SETTLE', 'WAIT_SETTLE', 'WAIT_SETTLE', 'WAIT_SETTLE', 'WAIT_SETTLE', 'WAIT_SETTLE']",6.0,120.0,REGIME_B_DEPTH_CORRELATED,FB5_State_Blind,27
bench_REGIME_B_DEPTH_CORRELATED_027,FB6_Additive_Cost_Planner,potato,DEPTH_CORRELATED,0.208,0.116,0.092,MARKDOWN,0.0,0.0,1.0,0.0,6.0,4.8,10.8,120.0,"{0: 0.0441, 1: 0.1425, 2: 0.2116, 3: 0.2738, 4: 0.3653}",12,"['WAIT_SETTLE', 'WAIT_SETTLE', 'WAIT_SETTLE', 'WAIT_SETTLE', 'WAIT_SETTLE', 'WAIT_SETTLE', 'WAIT_SETTLE', 'WAIT_SETTLE', 'WAIT_SETTLE', 'WAIT_SETTLE', 'WAIT_SETTLE', 'WAIT_SETTLE']",6.0,120.0,REGIME_B_DEPTH_CORRELATED,FB6_Additive_Cost,27
bench_REGIME_B_DEPTH_CORRELATED_027,FB7_Exposure_Aware_Planner,potato,DEPTH_CORRELATED,0.208,0.116,0.092,MARKDOWN,0.0,0.0,1.0,0.0,0.0,0.0,0.0,0.0,"{0: 0.0441, 1: 0.1425, 2: 0.2116, 3: 0.2738, 4: 0.3653}",1,['STOP_INSPECTION'],0.0,0.0,REGIME_B_DEPTH_CORRELATED,FB7_Proposed,27
bench_REGIME_B_DEPTH_CORRELATED_028,FB0_Surface_Only,potato,DEPTH_CORRELATED,0.204,0.1133,0.0907,MARKDOWN,0.0,0.0,1.0,0.0,2.0,0.2,2.2,5.0,"{0: 0.0516, 1: 0.1066, 2: 0.2271, 3: 0.2662, 4: 0.3842}",2,"['OBSERVE_STRATUM', 'STOP_INSPECTION']",2.0,5.0,REGIME_B_DEPTH_CORRELATED,FB0_Surface_Only,28
bench_REGIME_B_DEPTH_CORRELATED_028,FB1_Fixed_Sampling,potato,DEPTH_CORRELATED,0.204,0.1081,0.0959,MARKDOWN,0.0,0.0,1.0,0.0,45.0,3.0,48.0,75.0,"{0: 0.0516, 1: 0.1066, 2: 0.2271, 3: 0.2662, 4: 0.3842}",4,"['SAMPLE_UNITS', 'SAMPLE_UNITS', 'SAMPLE_UNITS', 'STOP_INSPECTION']",45.0,75.0,REGIME_B_DEPTH_CORRELATED,FB1_Fixed_Random,28
bench_REGIME_B_DEPTH_CORRELATED_028,FB2_Depth_Stratified,potato,DEPTH_CORRELATED,0.204,0.1446,0.0594,MARKDOWN,0.0,0.0,1.0,0.0,42.0,11.4,53.4,285.0,"{0: 0.0516, 1: 0.1066, 2: 0.2271, 3: 0.2662, 4: 0.3842}",10,"['OBSERVE_STRATUM', 'REMOVE_LAYER', 'OBSERVE_STRATUM', 'REMOVE_LAYER', 'OBSERVE_STRATUM', 'REMOVE_LAYER', 'OBSERVE_STRATUM', 'REMOVE_LAYER', 'OBSERVE_STRATUM', 'STOP_INSPECTION']",42.0,85.0,REGIME_B_DEPTH_CORRELATED,FB2_Depth_Stratified,28
bench_REGIME_B_DEPTH_CORRELATED_028,FB3_Macro_Myopic_VOI,potato,DEPTH_CORRELATED,0.204,0.1097,0.0943,MARKDOWN,0.0,0.0,1.0,0.0,2.0,0.2,2.2,5.0,"{0: 0.0516, 1: 0.1066, 2: 0.2271, 3: 0.2662, 4: 0.3842}",2,"['OBSERVE_STRATUM', 'STOP_INSPECTION']",2.0,5.0,REGIME_B_DEPTH_CORRELATED,FB3_Macro_Myopic_VOI,28
bench_REGIME_B_DEPTH_CORRELATED_028,FB5_State_Blind_Lookahead,potato,DEPTH_CORRELATED,0.204,0.116,0.088,MARKDOWN,0.0,0.0,1.0,0.0,6.0,4.8,10.8,120.0,"{0: 0.0516, 1: 0.1066, 2: 0.2271, 3: 0.2662, 4: 0.3842}",12,"['WAIT_SETTLE', 'WAIT_SETTLE', 'WAIT_SETTLE', 'WAIT_SETTLE', 'WAIT_SETTLE', 'WAIT_SETTLE', 'WAIT_SETTLE', 'WAIT_SETTLE', 'WAIT_SETTLE', 'WAIT_SETTLE', 'WAIT_SETTLE', 'WAIT_SETTLE']",6.0,120.0,REGIME_B_DEPTH_CORRELATED,FB5_State_Blind,28
bench_REGIME_B_DEPTH_CORRELATED_028,FB6_Additive_Cost_Planner,potato,DEPTH_CORRELATED,0.204,0.116,0.088,MARKDOWN,0.0,0.0,1.0,0.0,6.0,4.8,10.8,120.0,"{0: 0.0516, 1: 0.1066, 2: 0.2271, 3: 0.2662, 4: 0.3842}",12,"['WAIT_SETTLE', 'WAIT_SETTLE', 'WAIT_SETTLE', 'WAIT_SETTLE', 'WAIT_SETTLE', 'WAIT_SETTLE', 'WAIT_SETTLE', 'WAIT_SETTLE', 'WAIT_SETTLE', 'WAIT_SETTLE', 'WAIT_SETTLE', 'WAIT_SETTLE']",6.0,120.0,REGIME_B_DEPTH_CORRELATED,FB6_Additive_Cost,28
bench_REGIME_B_DEPTH_CORRELATED_028,FB7_Exposure_Aware_Planner,potato,DEPTH_CORRELATED,0.204,0.116,0.088,MARKDOWN,0.0,0.0,1.0,0.0,0.0,0.0,0.0,0.0,"{0: 0.0516, 1: 0.1066, 2: 0.2271, 3: 0.2662, 4: 0.3842}",1,['STOP_INSPECTION'],0.0,0.0,REGIME_B_DEPTH_CORRELATED,FB7_Proposed,28
bench_REGIME_B_DEPTH_CORRELATED_029,FB0_Surface_Only,potato,DEPTH_CORRELATED,0.2,0.1133,0.0867,MARKDOWN,0.0,0.0,1.0,0.0,2.0,0.2,2.2,5.0,"{0: 0.0441, 1: 0.1189, 2: 0.2031, 3: 0.2883, 4: 0.3626}",2,"['OBSERVE_STRATUM', 'STOP_INSPECTION']",2.0,5.0,REGIME_B_DEPTH_CORRELATED,FB0_Surface_Only,29
bench_REGIME_B_DEPTH_CORRELATED_029,FB1_Fixed_Sampling,potato,DEPTH_CORRELATED,0.2,0.1085,0.0915,MARKDOWN,0.0,0.0,1.0,0.0,45.0,3.0,48.0,75.0,"{0: 0.0441, 1: 0.1189, 2: 0.2031, 3: 0.2883, 4: 0.3626}",4,"['SAMPLE_UNITS', 'SAMPLE_UNITS', 'SAMPLE_UNITS', 'STOP_INSPECTION']",45.0,75.0,REGIME_B_DEPTH_CORRELATED,FB1_Fixed_Random,29
bench_REGIME_B_DEPTH_CORRELATED_029,FB2_Depth_Stratified,potato,DEPTH_CORRELATED,0.2,0.1539,0.0461,MARKDOWN,0.0,0.0,1.0,0.0,42.0,11.4,53.4,285.0,"{0: 0.0441, 1: 0.1189, 2: 0.2031, 3: 0.2883, 4: 0.3626}",10,"['OBSERVE_STRATUM', 'REMOVE_LAYER', 'OBSERVE_STRATUM', 'REMOVE_LAYER', 'OBSERVE_STRATUM', 'REMOVE_LAYER', 'OBSERVE_STRATUM', 'REMOVE_LAYER', 'OBSERVE_STRATUM', 'STOP_INSPECTION']",42.0,85.0,REGIME_B_DEPTH_CORRELATED,FB2_Depth_Stratified,29
bench_REGIME_B_DEPTH_CORRELATED_029,FB3_Macro_Myopic_VOI,potato,DEPTH_CORRELATED,0.2,0.1172,0.0828,MARKDOWN,0.0,0.0,1.0,0.0,2.0,0.2,2.2,5.0,"{0: 0.0441, 1: 0.1189, 2: 0.2031, 3: 0.2883, 4: 0.3626}",2,"['OBSERVE_STRATUM', 'STOP_INSPECTION']",2.0,5.0,REGIME_B_DEPTH_CORRELATED,FB3_Macro_Myopic_VOI,29
bench_REGIME_B_DEPTH_CORRELATED_029,FB5_State_Blind_Lookahead,potato,DEPTH_CORRELATED,0.2,0.116,0.084,MARKDOWN,0.0,0.0,1.0,0.0,6.0,4.8,10.8,120.0,"{0: 0.0441, 1: 0.1189, 2: 0.2031, 3: 0.2883, 4: 0.3626}",12,"['WAIT_SETTLE', 'WAIT_SETTLE', 'WAIT_SETTLE', 'WAIT_SETTLE', 'WAIT_SETTLE', 'WAIT_SETTLE', 'WAIT_SETTLE', 'WAIT_SETTLE', 'WAIT_SETTLE', 'WAIT_SETTLE', 'WAIT_SETTLE', 'WAIT_SETTLE']",6.0,120.0,REGIME_B_DEPTH_CORRELATED,FB5_State_Blind,29
bench_REGIME_B_DEPTH_CORRELATED_029,FB6_Additive_Cost_Planner,potato,DEPTH_CORRELATED,0.2,0.116,0.084,MARKDOWN,0.0,0.0,1.0,0.0,6.0,4.8,10.8,120.0,"{0: 0.0441, 1: 0.1189, 2: 0.2031, 3: 0.2883, 4: 0.3626}",12,"['WAIT_SETTLE', 'WAIT_SETTLE', 'WAIT_SETTLE', 'WAIT_SETTLE', 'WAIT_SETTLE', 'WAIT_SETTLE', 'WAIT_SETTLE', 'WAIT_SETTLE', 'WAIT_SETTLE', 'WAIT_SETTLE', 'WAIT_SETTLE', 'WAIT_SETTLE']",6.0,120.0,REGIME_B_DEPTH_CORRELATED,FB6_Additive_Cost,29
bench_REGIME_B_DEPTH_CORRELATED_029,FB7_Exposure_Aware_Planner,potato,DEPTH_CORRELATED,0.2,0.116,0.084,MARKDOWN,0.0,0.0,1.0,0.0,0.0,0.0,0.0,0.0,"{0: 0.0441, 1: 0.1189, 2: 0.2031, 3: 0.2883, 4: 0.3626}",1,['STOP_INSPECTION'],0.0,0.0,REGIME_B_DEPTH_CORRELATED,FB7_Proposed,29
bench_REGIME_B_DEPTH_CORRELATED_030,FB0_Surface_Only,potato,DEPTH_CORRELATED,0.208,0.1098,0.0982,MARKDOWN,0.0,0.0,1.0,0.0,2.0,0.2,2.2,5.0,"{0: 0.0311, 1: 0.1194, 2: 0.2248, 3: 0.2985, 4: 0.3677}",2,"['OBSERVE_STRATUM', 'STOP_INSPECTION']",2.0,5.0,REGIME_B_DEPTH_CORRELATED,FB0_Surface_Only,30
bench_REGIME_B_DEPTH_CORRELATED_030,FB1_Fixed_Sampling,potato,DEPTH_CORRELATED,0.208,0.1059,0.1021,MARKDOWN,0.0,0.0,1.0,0.0,45.0,3.0,48.0,75.0,"{0: 0.0311, 1: 0.1194, 2: 0.2248, 3: 0.2985, 4: 0.3677}",4,"['SAMPLE_UNITS', 'SAMPLE_UNITS', 'SAMPLE_UNITS', 'STOP_INSPECTION']",45.0,75.0,REGIME_B_DEPTH_CORRELATED,FB1_Fixed_Random,30
bench_REGIME_B_DEPTH_CORRELATED_030,FB2_Depth_Stratified,potato,DEPTH_CORRELATED,0.208,0.143,0.065,MARKDOWN,0.0,0.0,1.0,0.0,42.0,11.4,53.4,285.0,"{0: 0.0311, 1: 0.1194, 2: 0.2248, 3: 0.2985, 4: 0.3677}",10,"['OBSERVE_STRATUM', 'REMOVE_LAYER', 'OBSERVE_STRATUM', 'REMOVE_LAYER', 'OBSERVE_STRATUM', 'REMOVE_LAYER', 'OBSERVE_STRATUM', 'REMOVE_LAYER', 'OBSERVE_STRATUM', 'STOP_INSPECTION']",42.0,85.0,REGIME_B_DEPTH_CORRELATED,FB2_Depth_Stratified,30
bench_REGIME_B_DEPTH_CORRELATED_030,FB3_Macro_Myopic_VOI,potato,DEPTH_CORRELATED,0.208,0.1095,0.0985,MARKDOWN,0.0,0.0,1.0,0.0,2.0,0.2,2.2,5.0,"{0: 0.0311, 1: 0.1194, 2: 0.2248, 3: 0.2985, 4: 0.3677}",2,"['OBSERVE_STRATUM', 'STOP_INSPECTION']",2.0,5.0,REGIME_B_DEPTH_CORRELATED,FB3_Macro_Myopic_VOI,30
bench_REGIME_B_DEPTH_CORRELATED_030,FB5_State_Blind_Lookahead,potato,DEPTH_CORRELATED,0.208,0.116,0.092,MARKDOWN,0.0,0.0,1.0,0.0,6.0,4.8,10.8,120.0,"{0: 0.0311, 1: 0.1194, 2: 0.2248, 3: 0.2985, 4: 0.3677}",12,"['WAIT_SETTLE', 'WAIT_SETTLE', 'WAIT_SETTLE', 'WAIT_SETTLE', 'WAIT_SETTLE', 'WAIT_SETTLE', 'WAIT_SETTLE', 'WAIT_SETTLE', 'WAIT_SETTLE', 'WAIT_SETTLE', 'WAIT_SETTLE', 'WAIT_SETTLE']",6.0,120.0,REGIME_B_DEPTH_CORRELATED,FB5_State_Blind,30
bench_REGIME_B_DEPTH_CORRELATED_030,FB6_Additive_Cost_Planner,potato,DEPTH_CORRELATED,0.208,0.116,0.092,MARKDOWN,0.0,0.0,1.0,0.0,6.0,4.8,10.8,120.0,"{0: 0.0311, 1: 0.1194, 2: 0.2248, 3: 0.2985, 4: 0.3677}",12,"['WAIT_SETTLE', 'WAIT_SETTLE', 'WAIT_SETTLE', 'WAIT_SETTLE', 'WAIT_SETTLE', 'WAIT_SETTLE', 'WAIT_SETTLE', 'WAIT_SETTLE', 'WAIT_SETTLE', 'WAIT_SETTLE', 'WAIT_SETTLE', 'WAIT_SETTLE']",6.0,120.0,REGIME_B_DEPTH_CORRELATED,FB6_Additive_Cost,30
bench_REGIME_B_DEPTH_CORRELATED_030,FB7_Exposure_Aware_Planner,potato,DEPTH_CORRELATED,0.208,0.116,0.092,MARKDOWN,0.0,0.0,1.0,0.0,0.0,0.0,0.0,0.0,"{0: 0.0311, 1: 0.1194, 2: 0.2248, 3: 0.2985, 4: 0.3677}",1,['STOP_INSPECTION'],0.0,0.0,REGIME_B_DEPTH_CORRELATED,FB7_Proposed,30
bench_REGIME_B_DEPTH_CORRELATED_031,FB0_Surface_Only,potato,DEPTH_CORRELATED,0.204,0.1092,0.0948,MARKDOWN,0.0,0.0,1.0,0.0,2.0,0.2,2.2,5.0,"{0: 0.0357, 1: 0.1048, 2: 0.2191, 3: 0.2717, 4: 0.3722}",2,"['OBSERVE_STRATUM', 'STOP_INSPECTION']",2.0,5.0,REGIME_B_DEPTH_CORRELATED,FB0_Surface_Only,31
bench_REGIME_B_DEPTH_CORRELATED_031,FB1_Fixed_Sampling,potato,DEPTH_CORRELATED,0.204,0.1094,0.0946,MARKDOWN,0.0,0.0,1.0,0.0,45.0,3.0,48.0,75.0,"{0: 0.0357, 1: 0.1048, 2: 0.2191, 3: 0.2717, 4: 0.3722}",4,"['SAMPLE_UNITS', 'SAMPLE_UNITS', 'SAMPLE_UNITS', 'STOP_INSPECTION']",45.0,75.0,REGIME_B_DEPTH_CORRELATED,FB1_Fixed_Random,31
bench_REGIME_B_DEPTH_CORRELATED_031,FB2_Depth_Stratified,potato,DEPTH_CORRELATED,0.204,0.1398,0.0642,MARKDOWN,0.0,0.0,1.0,0.0,42.0,11.4,53.4,285.0,"{0: 0.0357, 1: 0.1048, 2: 0.2191, 3: 0.2717, 4: 0.3722}",10,"['OBSERVE_STRATUM', 'REMOVE_LAYER', 'OBSERVE_STRATUM', 'REMOVE_LAYER', 'OBSERVE_STRATUM', 'REMOVE_LAYER', 'OBSERVE_STRATUM', 'REMOVE_LAYER', 'OBSERVE_STRATUM', 'STOP_INSPECTION']",42.0,85.0,REGIME_B_DEPTH_CORRELATED,FB2_Depth_Stratified,31
bench_REGIME_B_DEPTH_CORRELATED_031,FB3_Macro_Myopic_VOI,potato,DEPTH_CORRELATED,0.204,0.1162,0.0878,MARKDOWN,0.0,0.0,1.0,0.0,2.0,0.2,2.2,5.0,"{0: 0.0357, 1: 0.1048, 2: 0.2191, 3: 0.2717, 4: 0.3722}",2,"['OBSERVE_STRATUM', 'STOP_INSPECTION']",2.0,5.0,REGIME_B_DEPTH_CORRELATED,FB3_Macro_Myopic_VOI,31
bench_REGIME_B_DEPTH_CORRELATED_031,FB5_State_Blind_Lookahead,potato,DEPTH_CORRELATED,0.204,0.116,0.088,MARKDOWN,0.0,0.0,1.0,0.0,6.0,4.8,10.8,120.0,"{0: 0.0357, 1: 0.1048, 2: 0.2191, 3: 0.2717, 4: 0.3722}",12,"['WAIT_SETTLE', 'WAIT_SETTLE', 'WAIT_SETTLE', 'WAIT_SETTLE', 'WAIT_SETTLE', 'WAIT_SETTLE', 'WAIT_SETTLE', 'WAIT_SETTLE', 'WAIT_SETTLE', 'WAIT_SETTLE', 'WAIT_SETTLE', 'WAIT_SETTLE']",6.0,120.0,REGIME_B_DEPTH_CORRELATED,FB5_State_Blind,31
bench_REGIME_B_DEPTH_CORRELATED_031,FB6_Additive_Cost_Planner,potato,DEPTH_CORRELATED,0.204,0.116,0.088,MARKDOWN,0.0,0.0,1.0,0.0,6.0,4.8,10.8,120.0,"{0: 0.0357, 1: 0.1048, 2: 0.2191, 3: 0.2717, 4: 0.3722}",12,"['WAIT_SETTLE', 'WAIT_SETTLE', 'WAIT_SETTLE', 'WAIT_SETTLE', 'WAIT_SETTLE', 'WAIT_SETTLE', 'WAIT_SETTLE', 'WAIT_SETTLE', 'WAIT_SETTLE', 'WAIT_SETTLE', 'WAIT_SETTLE', 'WAIT_SETTLE']",6.0,120.0,REGIME_B_DEPTH_CORRELATED,FB6_Additive_Cost,31
bench_REGIME_B_DEPTH_CORRELATED_031,FB7_Exposure_Aware_Planner,potato,DEPTH_CORRELATED,0.204,0.116,0.088,MARKDOWN,0.0,0.0,1.0,0.0,0.0,0.0,0.0,0.0,"{0: 0.0357, 1: 0.1048, 2: 0.2191, 3: 0.2717, 4: 0.3722}",1,['STOP_INSPECTION'],0.0,0.0,REGIME_B_DEPTH_CORRELATED,FB7_Proposed,31
bench_REGIME_B_DEPTH_CORRELATED_032,FB0_Surface_Only,potato,DEPTH_CORRELATED,0.192,0.1119,0.0801,MARKDOWN,0.0,0.0,1.0,0.0,2.0,0.2,2.2,5.0,"{0: 0.0417, 1: 0.1176, 2: 0.1895, 3: 0.2684, 4: 0.3511}",2,"['OBSERVE_STRATUM', 'STOP_INSPECTION']",2.0,5.0,REGIME_B_DEPTH_CORRELATED,FB0_Surface_Only,32
bench_REGIME_B_DEPTH_CORRELATED_032,FB1_Fixed_Sampling,potato,DEPTH_CORRELATED,0.192,0.1085,0.0835,MARKDOWN,0.0,0.0,1.0,0.0,45.0,3.0,48.0,75.0,"{0: 0.0417, 1: 0.1176, 2: 0.1895, 3: 0.2684, 4: 0.3511}",4,"['SAMPLE_UNITS', 'SAMPLE_UNITS', 'SAMPLE_UNITS', 'STOP_INSPECTION']",45.0,75.0,REGIME_B_DEPTH_CORRELATED,FB1_Fixed_Random,32
bench_REGIME_B_DEPTH_CORRELATED_032,FB2_Depth_Stratified,potato,DEPTH_CORRELATED,0.192,0.1494,0.0426,MARKDOWN,0.0,0.0,1.0,0.0,42.0,11.4,53.4,285.0,"{0: 0.0417, 1: 0.1176, 2: 0.1895, 3: 0.2684, 4: 0.3511}",10,"['OBSERVE_STRATUM', 'REMOVE_LAYER', 'OBSERVE_STRATUM', 'REMOVE_LAYER', 'OBSERVE_STRATUM', 'REMOVE_LAYER', 'OBSERVE_STRATUM', 'REMOVE_LAYER', 'OBSERVE_STRATUM', 'STOP_INSPECTION']",42.0,85.0,REGIME_B_DEPTH_CORRELATED,FB2_Depth_Stratified,32
bench_REGIME_B_DEPTH_CORRELATED_032,FB3_Macro_Myopic_VOI,potato,DEPTH_CORRELATED,0.192,0.1121,0.0799,MARKDOWN,0.0,0.0,1.0,0.0,2.0,0.2,2.2,5.0,"{0: 0.0417, 1: 0.1176, 2: 0.1895, 3: 0.2684, 4: 0.3511}",2,"['OBSERVE_STRATUM', 'STOP_INSPECTION']",2.0,5.0,REGIME_B_DEPTH_CORRELATED,FB3_Macro_Myopic_VOI,32
bench_REGIME_B_DEPTH_CORRELATED_032,FB5_State_Blind_Lookahead,potato,DEPTH_CORRELATED,0.192,0.116,0.076,MARKDOWN,0.0,0.0,1.0,0.0,6.0,4.8,10.8,120.0,"{0: 0.0417, 1: 0.1176, 2: 0.1895, 3: 0.2684, 4: 0.3511}",12,"['WAIT_SETTLE', 'WAIT_SETTLE', 'WAIT_SETTLE', 'WAIT_SETTLE', 'WAIT_SETTLE', 'WAIT_SETTLE', 'WAIT_SETTLE', 'WAIT_SETTLE', 'WAIT_SETTLE', 'WAIT_SETTLE', 'WAIT_SETTLE', 'WAIT_SETTLE']",6.0,120.0,REGIME_B_DEPTH_CORRELATED,FB5_State_Blind,32
bench_REGIME_B_DEPTH_CORRELATED_032,FB6_Additive_Cost_Planner,potato,DEPTH_CORRELATED,0.192,0.116,0.076,MARKDOWN,0.0,0.0,1.0,0.0,6.0,4.8,10.8,120.0,"{0: 0.0417, 1: 0.1176, 2: 0.1895, 3: 0.2684, 4: 0.3511}",12,"['WAIT_SETTLE', 'WAIT_SETTLE', 'WAIT_SETTLE', 'WAIT_SETTLE', 'WAIT_SETTLE', 'WAIT_SETTLE', 'WAIT_SETTLE', 'WAIT_SETTLE', 'WAIT_SETTLE', 'WAIT_SETTLE', 'WAIT_SETTLE', 'WAIT_SETTLE']",6.0,120.0,REGIME_B_DEPTH_CORRELATED,FB6_Additive_Cost,32
bench_REGIME_B_DEPTH_CORRELATED_032,FB7_Exposure_Aware_Planner,potato,DEPTH_CORRELATED,0.192,0.116,0.076,MARKDOWN,0.0,0.0,1.0,0.0,0.0,0.0,0.0,0.0,"{0: 0.0417, 1: 0.1176, 2: 0.1895, 3: 0.2684, 4: 0.3511}",1,['STOP_INSPECTION'],0.0,0.0,REGIME_B_DEPTH_CORRELATED,FB7_Proposed,32
bench_REGIME_B_DEPTH_CORRELATED_033,FB0_Surface_Only,potato,DEPTH_CORRELATED,0.216,0.1123,0.1037,MARKDOWN,0.0,0.0,1.0,0.0,2.0,0.2,2.2,5.0,"{0: 0.0521, 1: 0.1383, 2: 0.2296, 3: 0.273, 4: 0.379}",2,"['OBSERVE_STRATUM', 'STOP_INSPECTION']",2.0,5.0,REGIME_B_DEPTH_CORRELATED,FB0_Surface_Only,33
bench_REGIME_B_DEPTH_CORRELATED_033,FB1_Fixed_Sampling,potato,DEPTH_CORRELATED,0.216,0.1115,0.1045,MARKDOWN,0.0,0.0,1.0,0.0,45.0,3.0,48.0,75.0,"{0: 0.0521, 1: 0.1383, 2: 0.2296, 3: 0.273, 4: 0.379}",4,"['SAMPLE_UNITS', 'SAMPLE_UNITS', 'SAMPLE_UNITS', 'STOP_INSPECTION']",45.0,75.0,REGIME_B_DEPTH_CORRELATED,FB1_Fixed_Random,33
bench_REGIME_B_DEPTH_CORRELATED_033,FB2_Depth_Stratified,potato,DEPTH_CORRELATED,0.216,0.1418,0.0742,MARKDOWN,0.0,0.0,1.0,0.0,42.0,11.4,53.4,285.0,"{0: 0.0521, 1: 0.1383, 2: 0.2296, 3: 0.273, 4: 0.379}",10,"['OBSERVE_STRATUM', 'REMOVE_LAYER', 'OBSERVE_STRATUM', 'REMOVE_LAYER', 'OBSERVE_STRATUM', 'REMOVE_LAYER', 'OBSERVE_STRATUM', 'REMOVE_LAYER', 'OBSERVE_STRATUM', 'STOP_INSPECTION']",42.0,85.0,REGIME_B_DEPTH_CORRELATED,FB2_Depth_Stratified,33
bench_REGIME_B_DEPTH_CORRELATED_033,FB3_Macro_Myopic_VOI,potato,DEPTH_CORRELATED,0.216,0.1165,0.0995,MARKDOWN,0.0,0.0,1.0,0.0,2.0,0.2,2.2,5.0,"{0: 0.0521, 1: 0.1383, 2: 0.2296, 3: 0.273, 4: 0.379}",2,"['OBSERVE_STRATUM', 'STOP_INSPECTION']",2.0,5.0,REGIME_B_DEPTH_CORRELATED,FB3_Macro_Myopic_VOI,33
bench_REGIME_B_DEPTH_CORRELATED_033,FB5_State_Blind_Lookahead,potato,DEPTH_CORRELATED,0.216,0.116,0.1,MARKDOWN,0.0,0.0,1.0,0.0,6.0,4.8,10.8,120.0,"{0: 0.0521, 1: 0.1383, 2: 0.2296, 3: 0.273, 4: 0.379}",12,"['WAIT_SETTLE', 'WAIT_SETTLE', 'WAIT_SETTLE', 'WAIT_SETTLE', 'WAIT_SETTLE', 'WAIT_SETTLE', 'WAIT_SETTLE', 'WAIT_SETTLE', 'WAIT_SETTLE', 'WAIT_SETTLE', 'WAIT_SETTLE', 'WAIT_SETTLE']",6.0,120.0,REGIME_B_DEPTH_CORRELATED,FB5_State_Blind,33
bench_REGIME_B_DEPTH_CORRELATED_033,FB6_Additive_Cost_Planner,potato,DEPTH_CORRELATED,0.216,0.116,0.1,MARKDOWN,0.0,0.0,1.0,0.0,6.0,4.8,10.8,120.0,"{0: 0.0521, 1: 0.1383, 2: 0.2296, 3: 0.273, 4: 0.379}",12,"['WAIT_SETTLE', 'WAIT_SETTLE', 'WAIT_SETTLE', 'WAIT_SETTLE', 'WAIT_SETTLE', 'WAIT_SETTLE', 'WAIT_SETTLE', 'WAIT_SETTLE', 'WAIT_SETTLE', 'WAIT_SETTLE', 'WAIT_SETTLE', 'WAIT_SETTLE']",6.0,120.0,REGIME_B_DEPTH_CORRELATED,FB6_Additive_Cost,33
bench_REGIME_B_DEPTH_CORRELATED_033,FB7_Exposure_Aware_Planner,potato,DEPTH_CORRELATED,0.216,0.116,0.1,MARKDOWN,0.0,0.0,1.0,0.0,0.0,0.0,0.0,0.0,"{0: 0.0521, 1: 0.1383, 2: 0.2296, 3: 0.273, 4: 0.379}",1,['STOP_INSPECTION'],0.0,0.0,REGIME_B_DEPTH_CORRELATED,FB7_Proposed,33
bench_REGIME_B_DEPTH_CORRELATED_034,FB0_Surface_Only,potato,DEPTH_CORRELATED,0.2,0.1127,0.0873,MARKDOWN,0.0,0.0,1.0,0.0,2.0,0.2,2.2,5.0,"{0: 0.0398, 1: 0.1427, 2: 0.1867, 3: 0.2865, 4: 0.3655}",2,"['OBSERVE_STRATUM', 'STOP_INSPECTION']",2.0,5.0,REGIME_B_DEPTH_CORRELATED,FB0_Surface_Only,34
bench_REGIME_B_DEPTH_CORRELATED_034,FB1_Fixed_Sampling,potato,DEPTH_CORRELATED,0.2,0.1072,0.0928,MARKDOWN,0.0,0.0,1.0,0.0,45.0,3.0,48.0,75.0,"{0: 0.0398, 1: 0.1427, 2: 0.1867, 3: 0.2865, 4: 0.3655}",4,"['SAMPLE_UNITS', 'SAMPLE_UNITS', 'SAMPLE_UNITS', 'STOP_INSPECTION']",45.0,75.0,REGIME_B_DEPTH_CORRELATED,FB1_Fixed_Random,34
bench_REGIME_B_DEPTH_CORRELATED_034,FB2_Depth_Stratified,potato,DEPTH_CORRELATED,0.2,0.1425,0.0575,MARKDOWN,0.0,0.0,1.0,0.0,42.0,11.4,53.4,285.0,"{0: 0.0398, 1: 0.1427, 2: 0.1867, 3: 0.2865, 4: 0.3655}",10,"['OBSERVE_STRATUM', 'REMOVE_LAYER', 'OBSERVE_STRATUM', 'REMOVE_LAYER', 'OBSERVE_STRATUM', 'REMOVE_LAYER', 'OBSERVE_STRATUM', 'REMOVE_LAYER', 'OBSERVE_STRATUM', 'STOP_INSPECTION']",42.0,85.0,REGIME_B_DEPTH_CORRELATED,FB2_Depth_Stratified,34
bench_REGIME_B_DEPTH_CORRELATED_034,FB3_Macro_Myopic_VOI,potato,DEPTH_CORRELATED,0.2,0.1169,0.0831,MARKDOWN,0.0,0.0,1.0,0.0,2.0,0.2,2.2,5.0,"{0: 0.0398, 1: 0.1427, 2: 0.1867, 3: 0.2865, 4: 0.3655}",2,"['OBSERVE_STRATUM', 'STOP_INSPECTION']",2.0,5.0,REGIME_B_DEPTH_CORRELATED,FB3_Macro_Myopic_VOI,34
bench_REGIME_B_DEPTH_CORRELATED_034,FB5_State_Blind_Lookahead,potato,DEPTH_CORRELATED,0.2,0.116,0.084,MARKDOWN,0.0,0.0,1.0,0.0,6.0,4.8,10.8,120.0,"{0: 0.0398, 1: 0.1427, 2: 0.1867, 3: 0.2865, 4: 0.3655}",12,"['WAIT_SETTLE', 'WAIT_SETTLE', 'WAIT_SETTLE', 'WAIT_SETTLE', 'WAIT_SETTLE', 'WAIT_SETTLE', 'WAIT_SETTLE', 'WAIT_SETTLE', 'WAIT_SETTLE', 'WAIT_SETTLE', 'WAIT_SETTLE', 'WAIT_SETTLE']",6.0,120.0,REGIME_B_DEPTH_CORRELATED,FB5_State_Blind,34
bench_REGIME_B_DEPTH_CORRELATED_034,FB6_Additive_Cost_Planner,potato,DEPTH_CORRELATED,0.2,0.116,0.084,MARKDOWN,0.0,0.0,1.0,0.0,6.0,4.8,10.8,120.0,"{0: 0.0398, 1: 0.1427, 2: 0.1867, 3: 0.2865, 4: 0.3655}",12,"['WAIT_SETTLE', 'WAIT_SETTLE', 'WAIT_SETTLE', 'WAIT_SETTLE', 'WAIT_SETTLE', 'WAIT_SETTLE', 'WAIT_SETTLE', 'WAIT_SETTLE', 'WAIT_SETTLE', 'WAIT_SETTLE', 'WAIT_SETTLE', 'WAIT_SETTLE']",6.0,120.0,REGIME_B_DEPTH_CORRELATED,FB6_Additive_Cost,34
bench_REGIME_B_DEPTH_CORRELATED_034,FB7_Exposure_Aware_Planner,potato,DEPTH_CORRELATED,0.2,0.116,0.084,MARKDOWN,0.0,0.0,1.0,0.0,0.0,0.0,0.0,0.0,"{0: 0.0398, 1: 0.1427, 2: 0.1867, 3: 0.2865, 4: 0.3655}",1,['STOP_INSPECTION'],0.0,0.0,REGIME_B_DEPTH_CORRELATED,FB7_Proposed,34
bench_REGIME_B_DEPTH_CORRELATED_035,FB0_Surface_Only,potato,DEPTH_CORRELATED,0.204,0.1127,0.0913,MARKDOWN,0.0,0.0,1.0,0.0,2.0,0.2,2.2,5.0,"{0: 0.0538, 1: 0.1197, 2: 0.2052, 3: 0.2871, 4: 0.3629}",2,"['OBSERVE_STRATUM', 'STOP_INSPECTION']",2.0,5.0,REGIME_B_DEPTH_CORRELATED,FB0_Surface_Only,35
bench_REGIME_B_DEPTH_CORRELATED_035,FB1_Fixed_Sampling,potato,DEPTH_CORRELATED,0.204,0.1089,0.0951,MARKDOWN,0.0,0.0,1.0,0.0,45.0,3.0,48.0,75.0,"{0: 0.0538, 1: 0.1197, 2: 0.2052, 3: 0.2871, 4: 0.3629}",4,"['SAMPLE_UNITS', 'SAMPLE_UNITS', 'SAMPLE_UNITS', 'STOP_INSPECTION']",45.0,75.0,REGIME_B_DEPTH_CORRELATED,FB1_Fixed_Random,35
bench_REGIME_B_DEPTH_CORRELATED_035,FB2_Depth_Stratified,potato,DEPTH_CORRELATED,0.204,0.1432,0.0608,MARKDOWN,0.0,0.0,1.0,0.0,42.0,11.4,53.4,285.0,"{0: 0.0538, 1: 0.1197, 2: 0.2052, 3: 0.2871, 4: 0.3629}",10,"['OBSERVE_STRATUM', 'REMOVE_LAYER', 'OBSERVE_STRATUM', 'REMOVE_LAYER', 'OBSERVE_STRATUM', 'REMOVE_LAYER', 'OBSERVE_STRATUM', 'REMOVE_LAYER', 'OBSERVE_STRATUM', 'STOP_INSPECTION']",42.0,85.0,REGIME_B_DEPTH_CORRELATED,FB2_Depth_Stratified,35
bench_REGIME_B_DEPTH_CORRELATED_035,FB3_Macro_Myopic_VOI,potato,DEPTH_CORRELATED,0.204,0.1104,0.0936,MARKDOWN,0.0,0.0,1.0,0.0,2.0,0.2,2.2,5.0,"{0: 0.0538, 1: 0.1197, 2: 0.2052, 3: 0.2871, 4: 0.3629}",2,"['OBSERVE_STRATUM', 'STOP_INSPECTION']",2.0,5.0,REGIME_B_DEPTH_CORRELATED,FB3_Macro_Myopic_VOI,35
bench_REGIME_B_DEPTH_CORRELATED_035,FB5_State_Blind_Lookahead,potato,DEPTH_CORRELATED,0.204,0.116,0.088,MARKDOWN,0.0,0.0,1.0,0.0,6.0,4.8,10.8,120.0,"{0: 0.0538, 1: 0.1197, 2: 0.2052, 3: 0.2871, 4: 0.3629}",12,"['WAIT_SETTLE', 'WAIT_SETTLE', 'WAIT_SETTLE', 'WAIT_SETTLE', 'WAIT_SETTLE', 'WAIT_SETTLE', 'WAIT_SETTLE', 'WAIT_SETTLE', 'WAIT_SETTLE', 'WAIT_SETTLE', 'WAIT_SETTLE', 'WAIT_SETTLE']",6.0,120.0,REGIME_B_DEPTH_CORRELATED,FB5_State_Blind,35
bench_REGIME_B_DEPTH_CORRELATED_035,FB6_Additive_Cost_Planner,potato,DEPTH_CORRELATED,0.204,0.116,0.088,MARKDOWN,0.0,0.0,1.0,0.0,6.0,4.8,10.8,120.0,"{0: 0.0538, 1: 0.1197, 2: 0.2052, 3: 0.2871, 4: 0.3629}",12,"['WAIT_SETTLE', 'WAIT_SETTLE', 'WAIT_SETTLE', 'WAIT_SETTLE', 'WAIT_SETTLE', 'WAIT_SETTLE', 'WAIT_SETTLE', 'WAIT_SETTLE', 'WAIT_SETTLE', 'WAIT_SETTLE', 'WAIT_SETTLE', 'WAIT_SETTLE']",6.0,120.0,REGIME_B_DEPTH_CORRELATED,FB6_Additive_Cost,35
bench_REGIME_B_DEPTH_CORRELATED_035,FB7_Exposure_Aware_Planner,potato,DEPTH_CORRELATED,0.204,0.116,0.088,MARKDOWN,0.0,0.0,1.0,0.0,0.0,0.0,0.0,0.0,"{0: 0.0538, 1: 0.1197, 2: 0.2052, 3: 0.2871, 4: 0.3629}",1,['STOP_INSPECTION'],0.0,0.0,REGIME_B_DEPTH_CORRELATED,FB7_Proposed,35
bench_REGIME_B_DEPTH_CORRELATED_036,FB0_Surface_Only,potato,DEPTH_CORRELATED,0.208,0.1134,0.0946,MARKDOWN,0.0,0.0,1.0,0.0,2.0,0.2,2.2,5.0,"{0: 0.0272, 1: 0.1419, 2: 0.2044, 3: 0.297, 4: 0.3732}",2,"['OBSERVE_STRATUM', 'STOP_INSPECTION']",2.0,5.0,REGIME_B_DEPTH_CORRELATED,FB0_Surface_Only,36
bench_REGIME_B_DEPTH_CORRELATED_036,FB1_Fixed_Sampling,potato,DEPTH_CORRELATED,0.208,0.1132,0.0948,MARKDOWN,0.0,0.0,1.0,0.0,45.0,3.0,48.0,75.0,"{0: 0.0272, 1: 0.1419, 2: 0.2044, 3: 0.297, 4: 0.3732}",4,"['SAMPLE_UNITS', 'SAMPLE_UNITS', 'SAMPLE_UNITS', 'STOP_INSPECTION']",45.0,75.0,REGIME_B_DEPTH_CORRELATED,FB1_Fixed_Random,36
bench_REGIME_B_DEPTH_CORRELATED_036,FB2_Depth_Stratified,potato,DEPTH_CORRELATED,0.208,0.145,0.063,MARKDOWN,0.0,0.0,1.0,0.0,42.0,11.4,53.4,285.0,"{0: 0.0272, 1: 0.1419, 2: 0.2044, 3: 0.297, 4: 0.3732}",10,"['OBSERVE_STRATUM', 'REMOVE_LAYER', 'OBSERVE_STRATUM', 'REMOVE_LAYER', 'OBSERVE_STRATUM', 'REMOVE_LAYER', 'OBSERVE_STRATUM', 'REMOVE_LAYER', 'OBSERVE_STRATUM', 'STOP_INSPECTION']",42.0,85.0,REGIME_B_DEPTH_CORRELATED,FB2_Depth_Stratified,36
bench_REGIME_B_DEPTH_CORRELATED_036,FB3_Macro_Myopic_VOI,potato,DEPTH_CORRELATED,0.208,0.1145,0.0935,MARKDOWN,0.0,0.0,1.0,0.0,2.0,0.2,2.2,5.0,"{0: 0.0272, 1: 0.1419, 2: 0.2044, 3: 0.297, 4: 0.3732}",2,"['OBSERVE_STRATUM', 'STOP_INSPECTION']",2.0,5.0,REGIME_B_DEPTH_CORRELATED,FB3_Macro_Myopic_VOI,36
bench_REGIME_B_DEPTH_CORRELATED_036,FB5_State_Blind_Lookahead,potato,DEPTH_CORRELATED,0.208,0.116,0.092,MARKDOWN,0.0,0.0,1.0,0.0,6.0,4.8,10.8,120.0,"{0: 0.0272, 1: 0.1419, 2: 0.2044, 3: 0.297, 4: 0.3732}",12,"['WAIT_SETTLE', 'WAIT_SETTLE', 'WAIT_SETTLE', 'WAIT_SETTLE', 'WAIT_SETTLE', 'WAIT_SETTLE', 'WAIT_SETTLE', 'WAIT_SETTLE', 'WAIT_SETTLE', 'WAIT_SETTLE', 'WAIT_SETTLE', 'WAIT_SETTLE']",6.0,120.0,REGIME_B_DEPTH_CORRELATED,FB5_State_Blind,36
bench_REGIME_B_DEPTH_CORRELATED_036,FB6_Additive_Cost_Planner,potato,DEPTH_CORRELATED,0.208,0.116,0.092,MARKDOWN,0.0,0.0,1.0,0.0,6.0,4.8,10.8,120.0,"{0: 0.0272, 1: 0.1419, 2: 0.2044, 3: 0.297, 4: 0.3732}",12,"['WAIT_SETTLE', 'WAIT_SETTLE', 'WAIT_SETTLE', 'WAIT_SETTLE', 'WAIT_SETTLE', 'WAIT_SETTLE', 'WAIT_SETTLE', 'WAIT_SETTLE', 'WAIT_SETTLE', 'WAIT_SETTLE', 'WAIT_SETTLE', 'WAIT_SETTLE']",6.0,120.0,REGIME_B_DEPTH_CORRELATED,FB6_Additive_Cost,36
bench_REGIME_B_DEPTH_CORRELATED_036,FB7_Exposure_Aware_Planner,potato,DEPTH_CORRELATED,0.208,0.116,0.092,MARKDOWN,0.0,0.0,1.0,0.0,0.0,0.0,0.0,0.0,"{0: 0.0272, 1: 0.1419, 2: 0.2044, 3: 0.297, 4: 0.3732}",1,['STOP_INSPECTION'],0.0,0.0,REGIME_B_DEPTH_CORRELATED,FB7_Proposed,36
bench_REGIME_B_DEPTH_CORRELATED_037,FB0_Surface_Only,potato,DEPTH_CORRELATED,0.204,0.1092,0.0948,MARKDOWN,0.0,0.0,1.0,0.0,2.0,0.2,2.2,5.0,"{0: 0.0575, 1: 0.1096, 2: 0.2298, 3: 0.2798, 4: 0.3603}",2,"['OBSERVE_STRATUM', 'STOP_INSPECTION']",2.0,5.0,REGIME_B_DEPTH_CORRELATED,FB0_Surface_Only,37
bench_REGIME_B_DEPTH_CORRELATED_037,FB1_Fixed_Sampling,potato,DEPTH_CORRELATED,0.204,0.11,0.094,MARKDOWN,0.0,0.0,1.0,0.0,45.0,3.0,48.0,75.0,"{0: 0.0575, 1: 0.1096, 2: 0.2298, 3: 0.2798, 4: 0.3603}",4,"['SAMPLE_UNITS', 'SAMPLE_UNITS', 'SAMPLE_UNITS', 'STOP_INSPECTION']",45.0,75.0,REGIME_B_DEPTH_CORRELATED,FB1_Fixed_Random,37
bench_REGIME_B_DEPTH_CORRELATED_037,FB2_Depth_Stratified,potato,DEPTH_CORRELATED,0.204,0.1508,0.0532,MARKDOWN,0.0,0.0,1.0,0.0,42.0,11.4,53.4,285.0,"{0: 0.0575, 1: 0.1096, 2: 0.2298, 3: 0.2798, 4: 0.3603}",10,"['OBSERVE_STRATUM', 'REMOVE_LAYER', 'OBSERVE_STRATUM', 'REMOVE_LAYER', 'OBSERVE_STRATUM', 'REMOVE_LAYER', 'OBSERVE_STRATUM', 'REMOVE_LAYER', 'OBSERVE_STRATUM', 'STOP_INSPECTION']",42.0,85.0,REGIME_B_DEPTH_CORRELATED,FB2_Depth_Stratified,37
bench_REGIME_B_DEPTH_CORRELATED_037,FB3_Macro_Myopic_VOI,potato,DEPTH_CORRELATED,0.204,0.1104,0.0936,MARKDOWN,0.0,0.0,1.0,0.0,2.0,0.2,2.2,5.0,"{0: 0.0575, 1: 0.1096, 2: 0.2298, 3: 0.2798, 4: 0.3603}",2,"['OBSERVE_STRATUM', 'STOP_INSPECTION']",2.0,5.0,REGIME_B_DEPTH_CORRELATED,FB3_Macro_Myopic_VOI,37
bench_REGIME_B_DEPTH_CORRELATED_037,FB5_State_Blind_Lookahead,potato,DEPTH_CORRELATED,0.204,0.116,0.088,MARKDOWN,0.0,0.0,1.0,0.0,6.0,4.8,10.8,120.0,"{0: 0.0575, 1: 0.1096, 2: 0.2298, 3: 0.2798, 4: 0.3603}",12,"['WAIT_SETTLE', 'WAIT_SETTLE', 'WAIT_SETTLE', 'WAIT_SETTLE', 'WAIT_SETTLE', 'WAIT_SETTLE', 'WAIT_SETTLE', 'WAIT_SETTLE', 'WAIT_SETTLE', 'WAIT_SETTLE', 'WAIT_SETTLE', 'WAIT_SETTLE']",6.0,120.0,REGIME_B_DEPTH_CORRELATED,FB5_State_Blind,37
bench_REGIME_B_DEPTH_CORRELATED_037,FB6_Additive_Cost_Planner,potato,DEPTH_CORRELATED,0.204,0.116,0.088,MARKDOWN,0.0,0.0,1.0,0.0,6.0,4.8,10.8,120.0,"{0: 0.0575, 1: 0.1096, 2: 0.2298, 3: 0.2798, 4: 0.3603}",12,"['WAIT_SETTLE', 'WAIT_SETTLE', 'WAIT_SETTLE', 'WAIT_SETTLE', 'WAIT_SETTLE', 'WAIT_SETTLE', 'WAIT_SETTLE', 'WAIT_SETTLE', 'WAIT_SETTLE', 'WAIT_SETTLE', 'WAIT_SETTLE', 'WAIT_SETTLE']",6.0,120.0,REGIME_B_DEPTH_CORRELATED,FB6_Additive_Cost,37
bench_REGIME_B_DEPTH_CORRELATED_037,FB7_Exposure_Aware_Planner,potato,DEPTH_CORRELATED,0.204,0.116,0.088,MARKDOWN,0.0,0.0,1.0,0.0,0.0,0.0,0.0,0.0,"{0: 0.0575, 1: 0.1096, 2: 0.2298, 3: 0.2798, 4: 0.3603}",1,['STOP_INSPECTION'],0.0,0.0,REGIME_B_DEPTH_CORRELATED,FB7_Proposed,37
bench_REGIME_B_DEPTH_CORRELATED_038,FB0_Surface_Only,potato,DEPTH_CORRELATED,0.204,0.1128,0.0912,MARKDOWN,0.0,0.0,1.0,0.0,2.0,0.2,2.2,5.0,"{0: 0.0375, 1: 0.1344, 2: 0.1937, 3: 0.2634, 4: 0.3835}",2,"['OBSERVE_STRATUM', 'STOP_INSPECTION']",2.0,5.0,REGIME_B_DEPTH_CORRELATED,FB0_Surface_Only,38
bench_REGIME_B_DEPTH_CORRELATED_038,FB1_Fixed_Sampling,potato,DEPTH_CORRELATED,0.204,0.1063,0.0977,MARKDOWN,0.0,0.0,1.0,0.0,45.0,3.0,48.0,75.0,"{0: 0.0375, 1: 0.1344, 2: 0.1937, 3: 0.2634, 4: 0.3835}",4,"['SAMPLE_UNITS', 'SAMPLE_UNITS', 'SAMPLE_UNITS', 'STOP_INSPECTION']",45.0,75.0,REGIME_B_DEPTH_CORRELATED,FB1_Fixed_Random,38
bench_REGIME_B_DEPTH_CORRELATED_038,FB2_Depth_Stratified,potato,DEPTH_CORRELATED,0.204,0.1508,0.0532,MARKDOWN,0.0,0.0,1.0,0.0,42.0,11.4,53.4,285.0,"{0: 0.0375, 1: 0.1344, 2: 0.1937, 3: 0.2634, 4: 0.3835}",10,"['OBSERVE_STRATUM', 'REMOVE_LAYER', 'OBSERVE_STRATUM', 'REMOVE_LAYER', 'OBSERVE_STRATUM', 'REMOVE_LAYER', 'OBSERVE_STRATUM', 'REMOVE_LAYER', 'OBSERVE_STRATUM', 'STOP_INSPECTION']",42.0,85.0,REGIME_B_DEPTH_CORRELATED,FB2_Depth_Stratified,38
bench_REGIME_B_DEPTH_CORRELATED_038,FB3_Macro_Myopic_VOI,potato,DEPTH_CORRELATED,0.204,0.1132,0.0908,MARKDOWN,0.0,0.0,1.0,0.0,2.0,0.2,2.2,5.0,"{0: 0.0375, 1: 0.1344, 2: 0.1937, 3: 0.2634, 4: 0.3835}",2,"['OBSERVE_STRATUM', 'STOP_INSPECTION']",2.0,5.0,REGIME_B_DEPTH_CORRELATED,FB3_Macro_Myopic_VOI,38
bench_REGIME_B_DEPTH_CORRELATED_038,FB5_State_Blind_Lookahead,potato,DEPTH_CORRELATED,0.204,0.116,0.088,MARKDOWN,0.0,0.0,1.0,0.0,6.0,4.8,10.8,120.0,"{0: 0.0375, 1: 0.1344, 2: 0.1937, 3: 0.2634, 4: 0.3835}",12,"['WAIT_SETTLE', 'WAIT_SETTLE', 'WAIT_SETTLE', 'WAIT_SETTLE', 'WAIT_SETTLE', 'WAIT_SETTLE', 'WAIT_SETTLE', 'WAIT_SETTLE', 'WAIT_SETTLE', 'WAIT_SETTLE', 'WAIT_SETTLE', 'WAIT_SETTLE']",6.0,120.0,REGIME_B_DEPTH_CORRELATED,FB5_State_Blind,38
bench_REGIME_B_DEPTH_CORRELATED_038,FB6_Additive_Cost_Planner,potato,DEPTH_CORRELATED,0.204,0.116,0.088,MARKDOWN,0.0,0.0,1.0,0.0,6.0,4.8,10.8,120.0,"{0: 0.0375, 1: 0.1344, 2: 0.1937, 3: 0.2634, 4: 0.3835}",12,"['WAIT_SETTLE', 'WAIT_SETTLE', 'WAIT_SETTLE', 'WAIT_SETTLE', 'WAIT_SETTLE', 'WAIT_SETTLE', 'WAIT_SETTLE', 'WAIT_SETTLE', 'WAIT_SETTLE', 'WAIT_SETTLE', 'WAIT_SETTLE', 'WAIT_SETTLE']",6.0,120.0,REGIME_B_DEPTH_CORRELATED,FB6_Additive_Cost,38
bench_REGIME_B_DEPTH_CORRELATED_038,FB7_Exposure_Aware_Planner,potato,DEPTH_CORRELATED,0.204,0.116,0.088,MARKDOWN,0.0,0.0,1.0,0.0,0.0,0.0,0.0,0.0,"{0: 0.0375, 1: 0.1344, 2: 0.1937, 3: 0.2634, 4: 0.3835}",1,['STOP_INSPECTION'],0.0,0.0,REGIME_B_DEPTH_CORRELATED,FB7_Proposed,38
bench_REGIME_B_DEPTH_CORRELATED_039,FB0_Surface_Only,potato,DEPTH_CORRELATED,0.2,0.1129,0.0871,MARKDOWN,0.0,0.0,1.0,0.0,2.0,0.2,2.2,5.0,"{0: 0.0387, 1: 0.13, 2: 0.2257, 3: 0.2738, 4: 0.3486}",2,"['OBSERVE_STRATUM', 'STOP_INSPECTION']",2.0,5.0,REGIME_B_DEPTH_CORRELATED,FB0_Surface_Only,39
bench_REGIME_B_DEPTH_CORRELATED_039,FB1_Fixed_Sampling,potato,DEPTH_CORRELATED,0.2,0.1104,0.0896,MARKDOWN,0.0,0.0,1.0,0.0,45.0,3.0,48.0,75.0,"{0: 0.0387, 1: 0.13, 2: 0.2257, 3: 0.2738, 4: 0.3486}",4,"['SAMPLE_UNITS', 'SAMPLE_UNITS', 'SAMPLE_UNITS', 'STOP_INSPECTION']",45.0,75.0,REGIME_B_DEPTH_CORRELATED,FB1_Fixed_Random,39
bench_REGIME_B_DEPTH_CORRELATED_039,FB2_Depth_Stratified,potato,DEPTH_CORRELATED,0.2,0.1448,0.0552,MARKDOWN,0.0,0.0,1.0,0.0,42.0,11.4,53.4,285.0,"{0: 0.0387, 1: 0.13, 2: 0.2257, 3: 0.2738, 4: 0.3486}",10,"['OBSERVE_STRATUM', 'REMOVE_LAYER', 'OBSERVE_STRATUM', 'REMOVE_LAYER', 'OBSERVE_STRATUM', 'REMOVE_LAYER', 'OBSERVE_STRATUM', 'REMOVE_LAYER', 'OBSERVE_STRATUM', 'STOP_INSPECTION']",42.0,85.0,REGIME_B_DEPTH_CORRELATED,FB2_Depth_Stratified,39
bench_REGIME_B_DEPTH_CORRELATED_039,FB3_Macro_Myopic_VOI,potato,DEPTH_CORRELATED,0.2,0.1135,0.0865,MARKDOWN,0.0,0.0,1.0,0.0,2.0,0.2,2.2,5.0,"{0: 0.0387, 1: 0.13, 2: 0.2257, 3: 0.2738, 4: 0.3486}",2,"['OBSERVE_STRATUM', 'STOP_INSPECTION']",2.0,5.0,REGIME_B_DEPTH_CORRELATED,FB3_Macro_Myopic_VOI,39
bench_REGIME_B_DEPTH_CORRELATED_039,FB5_State_Blind_Lookahead,potato,DEPTH_CORRELATED,0.2,0.116,0.084,MARKDOWN,0.0,0.0,1.0,0.0,6.0,4.8,10.8,120.0,"{0: 0.0387, 1: 0.13, 2: 0.2257, 3: 0.2738, 4: 0.3486}",12,"['WAIT_SETTLE', 'WAIT_SETTLE', 'WAIT_SETTLE', 'WAIT_SETTLE', 'WAIT_SETTLE', 'WAIT_SETTLE', 'WAIT_SETTLE', 'WAIT_SETTLE', 'WAIT_SETTLE', 'WAIT_SETTLE', 'WAIT_SETTLE', 'WAIT_SETTLE']",6.0,120.0,REGIME_B_DEPTH_CORRELATED,FB5_State_Blind,39
bench_REGIME_B_DEPTH_CORRELATED_039,FB6_Additive_Cost_Planner,potato,DEPTH_CORRELATED,0.2,0.116,0.084,MARKDOWN,0.0,0.0,1.0,0.0,6.0,4.8,10.8,120.0,"{0: 0.0387, 1: 0.13, 2: 0.2257, 3: 0.2738, 4: 0.3486}",12,"['WAIT_SETTLE', 'WAIT_SETTLE', 'WAIT_SETTLE', 'WAIT_SETTLE', 'WAIT_SETTLE', 'WAIT_SETTLE', 'WAIT_SETTLE', 'WAIT_SETTLE', 'WAIT_SETTLE', 'WAIT_SETTLE', 'WAIT_SETTLE', 'WAIT_SETTLE']",6.0,120.0,REGIME_B_DEPTH_CORRELATED,FB6_Additive_Cost,39
bench_REGIME_B_DEPTH_CORRELATED_039,FB7_Exposure_Aware_Planner,potato,DEPTH_CORRELATED,0.2,0.116,0.084,MARKDOWN,0.0,0.0,1.0,0.0,0.0,0.0,0.0,0.0,"{0: 0.0387, 1: 0.13, 2: 0.2257, 3: 0.2738, 4: 0.3486}",1,['STOP_INSPECTION'],0.0,0.0,REGIME_B_DEPTH_CORRELATED,FB7_Proposed,39
bench_REGIME_C_HIDDEN_BOTTOM_000,FB0_Surface_Only,potato,HIDDEN_BOTTOM,0.136,0.1122,0.0238,MARKDOWN,0.0,0.0,1.0,0.0,2.0,0.2,2.2,5.0,"{0: 0.03, 1: 0.03, 2: 0.03, 3: 0.03, 4: 0.5178}",2,"['OBSERVE_STRATUM', 'STOP_INSPECTION']",2.0,5.0,REGIME_C_HIDDEN_BOTTOM,FB0_Surface_Only,0
bench_REGIME_C_HIDDEN_BOTTOM_000,FB1_Fixed_Sampling,potato,HIDDEN_BOTTOM,0.136,0.106,0.03,MARKDOWN,0.0,0.0,1.0,0.0,45.0,3.0,48.0,75.0,"{0: 0.03, 1: 0.03, 2: 0.03, 3: 0.03, 4: 0.5178}",4,"['SAMPLE_UNITS', 'SAMPLE_UNITS', 'SAMPLE_UNITS', 'STOP_INSPECTION']",45.0,75.0,REGIME_C_HIDDEN_BOTTOM,FB1_Fixed_Random,0
bench_REGIME_C_HIDDEN_BOTTOM_000,FB2_Depth_Stratified,potato,HIDDEN_BOTTOM,0.136,0.1185,0.0175,MARKDOWN,0.0,0.0,1.0,0.0,42.0,11.4,53.4,285.0,"{0: 0.03, 1: 0.03, 2: 0.03, 3: 0.03, 4: 0.5178}",10,"['OBSERVE_STRATUM', 'REMOVE_LAYER', 'OBSERVE_STRATUM', 'REMOVE_LAYER', 'OBSERVE_STRATUM', 'REMOVE_LAYER', 'OBSERVE_STRATUM', 'REMOVE_LAYER', 'OBSERVE_STRATUM', 'STOP_INSPECTION']",42.0,85.0,REGIME_C_HIDDEN_BOTTOM,FB2_Depth_Stratified,0
bench_REGIME_C_HIDDEN_BOTTOM_000,FB3_Macro_Myopic_VOI,potato,HIDDEN_BOTTOM,0.136,0.111,0.025,MARKDOWN,0.0,0.0,1.0,0.0,2.0,0.2,2.2,5.0,"{0: 0.03, 1: 0.03, 2: 0.03, 3: 0.03, 4: 0.5178}",2,"['OBSERVE_STRATUM', 'STOP_INSPECTION']",2.0,5.0,REGIME_C_HIDDEN_BOTTOM,FB3_Macro_Myopic_VOI,0
bench_REGIME_C_HIDDEN_BOTTOM_000,FB5_State_Blind_Lookahead,potato,HIDDEN_BOTTOM,0.136,0.116,0.02,MARKDOWN,0.0,0.0,1.0,0.0,6.0,4.8,10.8,120.0,"{0: 0.03, 1: 0.03, 2: 0.03, 3: 0.03, 4: 0.5178}",12,"['WAIT_SETTLE', 'WAIT_SETTLE', 'WAIT_SETTLE', 'WAIT_SETTLE', 'WAIT_SETTLE', 'WAIT_SETTLE', 'WAIT_SETTLE', 'WAIT_SETTLE', 'WAIT_SETTLE', 'WAIT_SETTLE', 'WAIT_SETTLE', 'WAIT_SETTLE']",6.0,120.0,REGIME_C_HIDDEN_BOTTOM,FB5_State_Blind,0
bench_REGIME_C_HIDDEN_BOTTOM_000,FB6_Additive_Cost_Planner,potato,HIDDEN_BOTTOM,0.136,0.116,0.02,MARKDOWN,0.0,0.0,1.0,0.0,6.0,4.8,10.8,120.0,"{0: 0.03, 1: 0.03, 2: 0.03, 3: 0.03, 4: 0.5178}",12,"['WAIT_SETTLE', 'WAIT_SETTLE', 'WAIT_SETTLE', 'WAIT_SETTLE', 'WAIT_SETTLE', 'WAIT_SETTLE', 'WAIT_SETTLE', 'WAIT_SETTLE', 'WAIT_SETTLE', 'WAIT_SETTLE', 'WAIT_SETTLE', 'WAIT_SETTLE']",6.0,120.0,REGIME_C_HIDDEN_BOTTOM,FB6_Additive_Cost,0
bench_REGIME_C_HIDDEN_BOTTOM_000,FB7_Exposure_Aware_Planner,potato,HIDDEN_BOTTOM,0.136,0.116,0.02,MARKDOWN,0.0,0.0,1.0,0.0,0.0,0.0,0.0,0.0,"{0: 0.03, 1: 0.03, 2: 0.03, 3: 0.03, 4: 0.5178}",1,['STOP_INSPECTION'],0.0,0.0,REGIME_C_HIDDEN_BOTTOM,FB7_Proposed,0
bench_REGIME_C_HIDDEN_BOTTOM_001,FB0_Surface_Only,potato,HIDDEN_BOTTOM,0.156,0.1125,0.0435,MARKDOWN,0.0,0.0,1.0,0.0,2.0,0.2,2.2,5.0,"{0: 0.03, 1: 0.03, 2: 0.03, 3: 0.03, 4: 0.6258}",2,"['OBSERVE_STRATUM', 'STOP_INSPECTION']",2.0,5.0,REGIME_C_HIDDEN_BOTTOM,FB0_Surface_Only,1
bench_REGIME_C_HIDDEN_BOTTOM_001,FB1_Fixed_Sampling,potato,HIDDEN_BOTTOM,0.156,0.1078,0.0482,MARKDOWN,0.0,0.0,1.0,0.0,45.0,3.0,48.0,75.0,"{0: 0.03, 1: 0.03, 2: 0.03, 3: 0.03, 4: 0.6258}",4,"['SAMPLE_UNITS', 'SAMPLE_UNITS', 'SAMPLE_UNITS', 'STOP_INSPECTION']",45.0,75.0,REGIME_C_HIDDEN_BOTTOM,FB1_Fixed_Random,1
bench_REGIME_C_HIDDEN_BOTTOM_001,FB2_Depth_Stratified,potato,HIDDEN_BOTTOM,0.156,0.1284,0.0276,MARKDOWN,0.0,0.0,1.0,0.0,42.0,11.4,53.4,285.0,"{0: 0.03, 1: 0.03, 2: 0.03, 3: 0.03, 4: 0.6258}",10,"['OBSERVE_STRATUM', 'REMOVE_LAYER', 'OBSERVE_STRATUM', 'REMOVE_LAYER', 'OBSERVE_STRATUM', 'REMOVE_LAYER', 'OBSERVE_STRATUM', 'REMOVE_LAYER', 'OBSERVE_STRATUM', 'STOP_INSPECTION']",42.0,85.0,REGIME_C_HIDDEN_BOTTOM,FB2_Depth_Stratified,1
bench_REGIME_C_HIDDEN_BOTTOM_001,FB3_Macro_Myopic_VOI,potato,HIDDEN_BOTTOM,0.156,0.1097,0.0463,MARKDOWN,0.0,0.0,1.0,0.0,2.0,0.2,2.2,5.0,"{0: 0.03, 1: 0.03, 2: 0.03, 3: 0.03, 4: 0.6258}",2,"['OBSERVE_STRATUM', 'STOP_INSPECTION']",2.0,5.0,REGIME_C_HIDDEN_BOTTOM,FB3_Macro_Myopic_VOI,1
bench_REGIME_C_HIDDEN_BOTTOM_001,FB5_State_Blind_Lookahead,potato,HIDDEN_BOTTOM,0.156,0.116,0.04,MARKDOWN,0.0,0.0,1.0,0.0,6.0,4.8,10.8,120.0,"{0: 0.03, 1: 0.03, 2: 0.03, 3: 0.03, 4: 0.6258}",12,"['WAIT_SETTLE', 'WAIT_SETTLE', 'WAIT_SETTLE', 'WAIT_SETTLE', 'WAIT_SETTLE', 'WAIT_SETTLE', 'WAIT_SETTLE', 'WAIT_SETTLE', 'WAIT_SETTLE', 'WAIT_SETTLE', 'WAIT_SETTLE', 'WAIT_SETTLE']",6.0,120.0,REGIME_C_HIDDEN_BOTTOM,FB5_State_Blind,1
bench_REGIME_C_HIDDEN_BOTTOM_001,FB6_Additive_Cost_Planner,potato,HIDDEN_BOTTOM,0.156,0.116,0.04,MARKDOWN,0.0,0.0,1.0,0.0,6.0,4.8,10.8,120.0,"{0: 0.03, 1: 0.03, 2: 0.03, 3: 0.03, 4: 0.6258}",12,"['WAIT_SETTLE', 'WAIT_SETTLE', 'WAIT_SETTLE', 'WAIT_SETTLE', 'WAIT_SETTLE', 'WAIT_SETTLE', 'WAIT_SETTLE', 'WAIT_SETTLE', 'WAIT_SETTLE', 'WAIT_SETTLE', 'WAIT_SETTLE', 'WAIT_SETTLE']",6.0,120.0,REGIME_C_HIDDEN_BOTTOM,FB6_Additive_Cost,1
bench_REGIME_C_HIDDEN_BOTTOM_001,FB7_Exposure_Aware_Planner,potato,HIDDEN_BOTTOM,0.156,0.116,0.04,MARKDOWN,0.0,0.0,1.0,0.0,0.0,0.0,0.0,0.0,"{0: 0.03, 1: 0.03, 2: 0.03, 3: 0.03, 4: 0.6258}",1,['STOP_INSPECTION'],0.0,0.0,REGIME_C_HIDDEN_BOTTOM,FB7_Proposed,1
bench_REGIME_C_HIDDEN_BOTTOM_002,FB0_Surface_Only,potato,HIDDEN_BOTTOM,0.156,0.112,0.044,MARKDOWN,0.0,0.0,1.0,0.0,2.0,0.2,2.2,5.0,"{0: 0.03, 1: 0.03, 2: 0.03, 3: 0.03, 4: 0.6206}",2,"['OBSERVE_STRATUM', 'STOP_INSPECTION']",2.0,5.0,REGIME_C_HIDDEN_BOTTOM,FB0_Surface_Only,2
bench_REGIME_C_HIDDEN_BOTTOM_002,FB1_Fixed_Sampling,potato,HIDDEN_BOTTOM,0.156,0.1082,0.0478,MARKDOWN,0.0,0.0,1.0,0.0,45.0,3.0,48.0,75.0,"{0: 0.03, 1: 0.03, 2: 0.03, 3: 0.03, 4: 0.6206}",4,"['SAMPLE_UNITS', 'SAMPLE_UNITS', 'SAMPLE_UNITS', 'STOP_INSPECTION']",45.0,75.0,REGIME_C_HIDDEN_BOTTOM,FB1_Fixed_Random,2
bench_REGIME_C_HIDDEN_BOTTOM_002,FB2_Depth_Stratified,potato,HIDDEN_BOTTOM,0.156,0.1248,0.0312,MARKDOWN,0.0,0.0,1.0,0.0,42.0,11.4,53.4,285.0,"{0: 0.03, 1: 0.03, 2: 0.03, 3: 0.03, 4: 0.6206}",10,"['OBSERVE_STRATUM', 'REMOVE_LAYER', 'OBSERVE_STRATUM', 'REMOVE_LAYER', 'OBSERVE_STRATUM', 'REMOVE_LAYER', 'OBSERVE_STRATUM', 'REMOVE_LAYER', 'OBSERVE_STRATUM', 'STOP_INSPECTION']",42.0,85.0,REGIME_C_HIDDEN_BOTTOM,FB2_Depth_Stratified,2
bench_REGIME_C_HIDDEN_BOTTOM_002,FB3_Macro_Myopic_VOI,potato,HIDDEN_BOTTOM,0.156,0.116,0.04,MARKDOWN,0.0,0.0,1.0,0.0,2.0,0.2,2.2,5.0,"{0: 0.03, 1: 0.03, 2: 0.03, 3: 0.03, 4: 0.6206}",2,"['OBSERVE_STRATUM', 'STOP_INSPECTION']",2.0,5.0,REGIME_C_HIDDEN_BOTTOM,FB3_Macro_Myopic_VOI,2
bench_REGIME_C_HIDDEN_BOTTOM_002,FB5_State_Blind_Lookahead,potato,HIDDEN_BOTTOM,0.156,0.116,0.04,MARKDOWN,0.0,0.0,1.0,0.0,6.0,4.8,10.8,120.0,"{0: 0.03, 1: 0.03, 2: 0.03, 3: 0.03, 4: 0.6206}",12,"['WAIT_SETTLE', 'WAIT_SETTLE', 'WAIT_SETTLE', 'WAIT_SETTLE', 'WAIT_SETTLE', 'WAIT_SETTLE', 'WAIT_SETTLE', 'WAIT_SETTLE', 'WAIT_SETTLE', 'WAIT_SETTLE', 'WAIT_SETTLE', 'WAIT_SETTLE']",6.0,120.0,REGIME_C_HIDDEN_BOTTOM,FB5_State_Blind,2
bench_REGIME_C_HIDDEN_BOTTOM_002,FB6_Additive_Cost_Planner,potato,HIDDEN_BOTTOM,0.156,0.116,0.04,MARKDOWN,0.0,0.0,1.0,0.0,6.0,4.8,10.8,120.0,"{0: 0.03, 1: 0.03, 2: 0.03, 3: 0.03, 4: 0.6206}",12,"['WAIT_SETTLE', 'WAIT_SETTLE', 'WAIT_SETTLE', 'WAIT_SETTLE', 'WAIT_SETTLE', 'WAIT_SETTLE', 'WAIT_SETTLE', 'WAIT_SETTLE', 'WAIT_SETTLE', 'WAIT_SETTLE', 'WAIT_SETTLE', 'WAIT_SETTLE']",6.0,120.0,REGIME_C_HIDDEN_BOTTOM,FB6_Additive_Cost,2
bench_REGIME_C_HIDDEN_BOTTOM_002,FB7_Exposure_Aware_Planner,potato,HIDDEN_BOTTOM,0.156,0.116,0.04,MARKDOWN,0.0,0.0,1.0,0.0,0.0,0.0,0.0,0.0,"{0: 0.03, 1: 0.03, 2: 0.03, 3: 0.03, 4: 0.6206}",1,['STOP_INSPECTION'],0.0,0.0,REGIME_C_HIDDEN_BOTTOM,FB7_Proposed,2
bench_REGIME_C_HIDDEN_BOTTOM_003,FB0_Surface_Only,potato,HIDDEN_BOTTOM,0.144,0.1123,0.0317,MARKDOWN,0.0,0.0,1.0,0.0,2.0,0.2,2.2,5.0,"{0: 0.03, 1: 0.03, 2: 0.03, 3: 0.03, 4: 0.5692}",2,"['OBSERVE_STRATUM', 'STOP_INSPECTION']",2.0,5.0,REGIME_C_HIDDEN_BOTTOM,FB0_Surface_Only,3
bench_REGIME_C_HIDDEN_BOTTOM_003,FB1_Fixed_Sampling,potato,HIDDEN_BOTTOM,0.144,0.1089,0.0351,MARKDOWN,0.0,0.0,1.0,0.0,45.0,3.0,48.0,75.0,"{0: 0.03, 1: 0.03, 2: 0.03, 3: 0.03, 4: 0.5692}",4,"['SAMPLE_UNITS', 'SAMPLE_UNITS', 'SAMPLE_UNITS', 'STOP_INSPECTION']",45.0,75.0,REGIME_C_HIDDEN_BOTTOM,FB1_Fixed_Random,3
bench_REGIME_C_HIDDEN_BOTTOM_003,FB2_Depth_Stratified,potato,HIDDEN_BOTTOM,0.144,0.1294,0.0146,MARKDOWN,0.0,0.0,1.0,0.0,42.0,11.4,53.4,285.0,"{0: 0.03, 1: 0.03, 2: 0.03, 3: 0.03, 4: 0.5692}",10,"['OBSERVE_STRATUM', 'REMOVE_LAYER', 'OBSERVE_STRATUM', 'REMOVE_LAYER', 'OBSERVE_STRATUM', 'REMOVE_LAYER', 'OBSERVE_STRATUM', 'REMOVE_LAYER', 'OBSERVE_STRATUM', 'STOP_INSPECTION']",42.0,85.0,REGIME_C_HIDDEN_BOTTOM,FB2_Depth_Stratified,3
bench_REGIME_C_HIDDEN_BOTTOM_003,FB3_Macro_Myopic_VOI,potato,HIDDEN_BOTTOM,0.144,0.1125,0.0315,MARKDOWN,0.0,0.0,1.0,0.0,2.0,0.2,2.2,5.0,"{0: 0.03, 1: 0.03, 2: 0.03, 3: 0.03, 4: 0.5692}",2,"['OBSERVE_STRATUM', 'STOP_INSPECTION']",2.0,5.0,REGIME_C_HIDDEN_BOTTOM,FB3_Macro_Myopic_VOI,3
bench_REGIME_C_HIDDEN_BOTTOM_003,FB5_State_Blind_Lookahead,potato,HIDDEN_BOTTOM,0.144,0.116,0.028,MARKDOWN,0.0,0.0,1.0,0.0,6.0,4.8,10.8,120.0,"{0: 0.03, 1: 0.03, 2: 0.03, 3: 0.03, 4: 0.5692}",12,"['WAIT_SETTLE', 'WAIT_SETTLE', 'WAIT_SETTLE', 'WAIT_SETTLE', 'WAIT_SETTLE', 'WAIT_SETTLE', 'WAIT_SETTLE', 'WAIT_SETTLE', 'WAIT_SETTLE', 'WAIT_SETTLE', 'WAIT_SETTLE', 'WAIT_SETTLE']",6.0,120.0,REGIME_C_HIDDEN_BOTTOM,FB5_State_Blind,3
bench_REGIME_C_HIDDEN_BOTTOM_003,FB6_Additive_Cost_Planner,potato,HIDDEN_BOTTOM,0.144,0.116,0.028,MARKDOWN,0.0,0.0,1.0,0.0,6.0,4.8,10.8,120.0,"{0: 0.03, 1: 0.03, 2: 0.03, 3: 0.03, 4: 0.5692}",12,"['WAIT_SETTLE', 'WAIT_SETTLE', 'WAIT_SETTLE', 'WAIT_SETTLE', 'WAIT_SETTLE', 'WAIT_SETTLE', 'WAIT_SETTLE', 'WAIT_SETTLE', 'WAIT_SETTLE', 'WAIT_SETTLE', 'WAIT_SETTLE', 'WAIT_SETTLE']",6.0,120.0,REGIME_C_HIDDEN_BOTTOM,FB6_Additive_Cost,3
bench_REGIME_C_HIDDEN_BOTTOM_003,FB7_Exposure_Aware_Planner,potato,HIDDEN_BOTTOM,0.144,0.116,0.028,MARKDOWN,0.0,0.0,1.0,0.0,0.0,0.0,0.0,0.0,"{0: 0.03, 1: 0.03, 2: 0.03, 3: 0.03, 4: 0.5692}",1,['STOP_INSPECTION'],0.0,0.0,REGIME_C_HIDDEN_BOTTOM,FB7_Proposed,3
bench_REGIME_C_HIDDEN_BOTTOM_004,FB0_Surface_Only,potato,HIDDEN_BOTTOM,0.128,0.1122,0.0158,MARKDOWN,0.0,0.0,1.0,0.0,2.0,0.2,2.2,5.0,"{0: 0.03, 1: 0.03, 2: 0.03, 3: 0.03, 4: 0.4826}",2,"['OBSERVE_STRATUM', 'STOP_INSPECTION']",2.0,5.0,REGIME_C_HIDDEN_BOTTOM,FB0_Surface_Only,4
bench_REGIME_C_HIDDEN_BOTTOM_004,FB1_Fixed_Sampling,potato,HIDDEN_BOTTOM,0.128,0.1064,0.0216,MARKDOWN,0.0,0.0,1.0,0.0,45.0,3.0,48.0,75.0,"{0: 0.03, 1: 0.03, 2: 0.03, 3: 0.03, 4: 0.4826}",4,"['SAMPLE_UNITS', 'SAMPLE_UNITS', 'SAMPLE_UNITS', 'STOP_INSPECTION']",45.0,75.0,REGIME_C_HIDDEN_BOTTOM,FB1_Fixed_Random,4
bench_REGIME_C_HIDDEN_BOTTOM_004,FB2_Depth_Stratified,potato,HIDDEN_BOTTOM,0.128,0.1271,0.0009,MARKDOWN,0.0,0.0,1.0,0.0,42.0,11.4,53.4,285.0,"{0: 0.03, 1: 0.03, 2: 0.03, 3: 0.03, 4: 0.4826}",10,"['OBSERVE_STRATUM', 'REMOVE_LAYER', 'OBSERVE_STRATUM', 'REMOVE_LAYER', 'OBSERVE_STRATUM', 'REMOVE_LAYER', 'OBSERVE_STRATUM', 'REMOVE_LAYER', 'OBSERVE_STRATUM', 'STOP_INSPECTION']",42.0,85.0,REGIME_C_HIDDEN_BOTTOM,FB2_Depth_Stratified,4
bench_REGIME_C_HIDDEN_BOTTOM_004,FB3_Macro_Myopic_VOI,potato,HIDDEN_BOTTOM,0.128,0.1144,0.0136,MARKDOWN,0.0,0.0,1.0,0.0,2.0,0.2,2.2,5.0,"{0: 0.03, 1: 0.03, 2: 0.03, 3: 0.03, 4: 0.4826}",2,"['OBSERVE_STRATUM', 'STOP_INSPECTION']",2.0,5.0,REGIME_C_HIDDEN_BOTTOM,FB3_Macro_Myopic_VOI,4
bench_REGIME_C_HIDDEN_BOTTOM_004,FB5_State_Blind_Lookahead,potato,HIDDEN_BOTTOM,0.128,0.116,0.012,MARKDOWN,0.0,0.0,1.0,0.0,6.0,4.8,10.8,120.0,"{0: 0.03, 1: 0.03, 2: 0.03, 3: 0.03, 4: 0.4826}",12,"['WAIT_SETTLE', 'WAIT_SETTLE', 'WAIT_SETTLE', 'WAIT_SETTLE', 'WAIT_SETTLE', 'WAIT_SETTLE', 'WAIT_SETTLE', 'WAIT_SETTLE', 'WAIT_SETTLE', 'WAIT_SETTLE', 'WAIT_SETTLE', 'WAIT_SETTLE']",6.0,120.0,REGIME_C_HIDDEN_BOTTOM,FB5_State_Blind,4
bench_REGIME_C_HIDDEN_BOTTOM_004,FB6_Additive_Cost_Planner,potato,HIDDEN_BOTTOM,0.128,0.116,0.012,MARKDOWN,0.0,0.0,1.0,0.0,6.0,4.8,10.8,120.0,"{0: 0.03, 1: 0.03, 2: 0.03, 3: 0.03, 4: 0.4826}",12,"['WAIT_SETTLE', 'WAIT_SETTLE', 'WAIT_SETTLE', 'WAIT_SETTLE', 'WAIT_SETTLE', 'WAIT_SETTLE', 'WAIT_SETTLE', 'WAIT_SETTLE', 'WAIT_SETTLE', 'WAIT_SETTLE', 'WAIT_SETTLE', 'WAIT_SETTLE']",6.0,120.0,REGIME_C_HIDDEN_BOTTOM,FB6_Additive_Cost,4
bench_REGIME_C_HIDDEN_BOTTOM_004,FB7_Exposure_Aware_Planner,potato,HIDDEN_BOTTOM,0.128,0.116,0.012,MARKDOWN,0.0,0.0,1.0,0.0,0.0,0.0,0.0,0.0,"{0: 0.03, 1: 0.03, 2: 0.03, 3: 0.03, 4: 0.4826}",1,['STOP_INSPECTION'],0.0,0.0,REGIME_C_HIDDEN_BOTTOM,FB7_Proposed,4
bench_REGIME_C_HIDDEN_BOTTOM_005,FB0_Surface_Only,potato,HIDDEN_BOTTOM,0.16,0.111,0.049,MARKDOWN,0.0,0.0,1.0,0.0,2.0,0.2,2.2,5.0,"{0: 0.03, 1: 0.03, 2: 0.03, 3: 0.03, 4: 0.6415}",2,"['OBSERVE_STRATUM', 'STOP_INSPECTION']",2.0,5.0,REGIME_C_HIDDEN_BOTTOM,FB0_Surface_Only,5
bench_REGIME_C_HIDDEN_BOTTOM_005,FB1_Fixed_Sampling,potato,HIDDEN_BOTTOM,0.16,0.1072,0.0528,MARKDOWN,0.0,0.0,1.0,0.0,45.0,3.0,48.0,75.0,"{0: 0.03, 1: 0.03, 2: 0.03, 3: 0.03, 4: 0.6415}",4,"['SAMPLE_UNITS', 'SAMPLE_UNITS', 'SAMPLE_UNITS', 'STOP_INSPECTION']",45.0,75.0,REGIME_C_HIDDEN_BOTTOM,FB1_Fixed_Random,5
bench_REGIME_C_HIDDEN_BOTTOM_005,FB2_Depth_Stratified,potato,HIDDEN_BOTTOM,0.16,0.1343,0.0257,MARKDOWN,0.0,0.0,1.0,0.0,42.0,11.4,53.4,285.0,"{0: 0.03, 1: 0.03, 2: 0.03, 3: 0.03, 4: 0.6415}",10,"['OBSERVE_STRATUM', 'REMOVE_LAYER', 'OBSERVE_STRATUM', 'REMOVE_LAYER', 'OBSERVE_STRATUM', 'REMOVE_LAYER', 'OBSERVE_STRATUM', 'REMOVE_LAYER', 'OBSERVE_STRATUM', 'STOP_INSPECTION']",42.0,85.0,REGIME_C_HIDDEN_BOTTOM,FB2_Depth_Stratified,5
bench_REGIME_C_HIDDEN_BOTTOM_005,FB3_Macro_Myopic_VOI,potato,HIDDEN_BOTTOM,0.16,0.1131,0.0469,MARKDOWN,0.0,0.0,1.0,0.0,2.0,0.2,2.2,5.0,"{0: 0.03, 1: 0.03, 2: 0.03, 3: 0.03, 4: 0.6415}",2,"['OBSERVE_STRATUM', 'STOP_INSPECTION']",2.0,5.0,REGIME_C_HIDDEN_BOTTOM,FB3_Macro_Myopic_VOI,5
bench_REGIME_C_HIDDEN_BOTTOM_005,FB5_State_Blind_Lookahead,potato,HIDDEN_BOTTOM,0.16,0.116,0.044,MARKDOWN,0.0,0.0,1.0,0.0,6.0,4.8,10.8,120.0,"{0: 0.03, 1: 0.03, 2: 0.03, 3: 0.03, 4: 0.6415}",12,"['WAIT_SETTLE', 'WAIT_SETTLE', 'WAIT_SETTLE', 'WAIT_SETTLE', 'WAIT_SETTLE', 'WAIT_SETTLE', 'WAIT_SETTLE', 'WAIT_SETTLE', 'WAIT_SETTLE', 'WAIT_SETTLE', 'WAIT_SETTLE', 'WAIT_SETTLE']",6.0,120.0,REGIME_C_HIDDEN_BOTTOM,FB5_State_Blind,5
bench_REGIME_C_HIDDEN_BOTTOM_005,FB6_Additive_Cost_Planner,potato,HIDDEN_BOTTOM,0.16,0.116,0.044,MARKDOWN,0.0,0.0,1.0,0.0,6.0,4.8,10.8,120.0,"{0: 0.03, 1: 0.03, 2: 0.03, 3: 0.03, 4: 0.6415}",12,"['WAIT_SETTLE', 'WAIT_SETTLE', 'WAIT_SETTLE', 'WAIT_SETTLE', 'WAIT_SETTLE', 'WAIT_SETTLE', 'WAIT_SETTLE', 'WAIT_SETTLE', 'WAIT_SETTLE', 'WAIT_SETTLE', 'WAIT_SETTLE', 'WAIT_SETTLE']",6.0,120.0,REGIME_C_HIDDEN_BOTTOM,FB6_Additive_Cost,5
bench_REGIME_C_HIDDEN_BOTTOM_005,FB7_Exposure_Aware_Planner,potato,HIDDEN_BOTTOM,0.16,0.116,0.044,MARKDOWN,0.0,0.0,1.0,0.0,0.0,0.0,0.0,0.0,"{0: 0.03, 1: 0.03, 2: 0.03, 3: 0.03, 4: 0.6415}",1,['STOP_INSPECTION'],0.0,0.0,REGIME_C_HIDDEN_BOTTOM,FB7_Proposed,5
bench_REGIME_C_HIDDEN_BOTTOM_006,FB0_Surface_Only,potato,HIDDEN_BOTTOM,0.152,0.1094,0.0426,MARKDOWN,0.0,0.0,1.0,0.0,2.0,0.2,2.2,5.0,"{0: 0.03, 1: 0.03, 2: 0.03, 3: 0.03, 4: 0.5915}",2,"['OBSERVE_STRATUM', 'STOP_INSPECTION']",2.0,5.0,REGIME_C_HIDDEN_BOTTOM,FB0_Surface_Only,6
bench_REGIME_C_HIDDEN_BOTTOM_006,FB1_Fixed_Sampling,potato,HIDDEN_BOTTOM,0.152,0.1101,0.0419,MARKDOWN,0.0,0.0,1.0,0.0,45.0,3.0,48.0,75.0,"{0: 0.03, 1: 0.03, 2: 0.03, 3: 0.03, 4: 0.5915}",4,"['SAMPLE_UNITS', 'SAMPLE_UNITS', 'SAMPLE_UNITS', 'STOP_INSPECTION']",45.0,75.0,REGIME_C_HIDDEN_BOTTOM,FB1_Fixed_Random,6
bench_REGIME_C_HIDDEN_BOTTOM_006,FB2_Depth_Stratified,potato,HIDDEN_BOTTOM,0.152,0.1241,0.0279,MARKDOWN,0.0,0.0,1.0,0.0,42.0,11.4,53.4,285.0,"{0: 0.03, 1: 0.03, 2: 0.03, 3: 0.03, 4: 0.5915}",10,"['OBSERVE_STRATUM', 'REMOVE_LAYER', 'OBSERVE_STRATUM', 'REMOVE_LAYER', 'OBSERVE_STRATUM', 'REMOVE_LAYER', 'OBSERVE_STRATUM', 'REMOVE_LAYER', 'OBSERVE_STRATUM', 'STOP_INSPECTION']",42.0,85.0,REGIME_C_HIDDEN_BOTTOM,FB2_Depth_Stratified,6
bench_REGIME_C_HIDDEN_BOTTOM_006,FB3_Macro_Myopic_VOI,potato,HIDDEN_BOTTOM,0.152,0.1109,0.0411,MARKDOWN,0.0,0.0,1.0,0.0,2.0,0.2,2.2,5.0,"{0: 0.03, 1: 0.03, 2: 0.03, 3: 0.03, 4: 0.5915}",2,"['OBSERVE_STRATUM', 'STOP_INSPECTION']",2.0,5.0,REGIME_C_HIDDEN_BOTTOM,FB3_Macro_Myopic_VOI,6
bench_REGIME_C_HIDDEN_BOTTOM_006,FB5_State_Blind_Lookahead,potato,HIDDEN_BOTTOM,0.152,0.116,0.036,MARKDOWN,0.0,0.0,1.0,0.0,6.0,4.8,10.8,120.0,"{0: 0.03, 1: 0.03, 2: 0.03, 3: 0.03, 4: 0.5915}",12,"['WAIT_SETTLE', 'WAIT_SETTLE', 'WAIT_SETTLE', 'WAIT_SETTLE', 'WAIT_SETTLE', 'WAIT_SETTLE', 'WAIT_SETTLE', 'WAIT_SETTLE', 'WAIT_SETTLE', 'WAIT_SETTLE', 'WAIT_SETTLE', 'WAIT_SETTLE']",6.0,120.0,REGIME_C_HIDDEN_BOTTOM,FB5_State_Blind,6
bench_REGIME_C_HIDDEN_BOTTOM_006,FB6_Additive_Cost_Planner,potato,HIDDEN_BOTTOM,0.152,0.116,0.036,MARKDOWN,0.0,0.0,1.0,0.0,6.0,4.8,10.8,120.0,"{0: 0.03, 1: 0.03, 2: 0.03, 3: 0.03, 4: 0.5915}",12,"['WAIT_SETTLE', 'WAIT_SETTLE', 'WAIT_SETTLE', 'WAIT_SETTLE', 'WAIT_SETTLE', 'WAIT_SETTLE', 'WAIT_SETTLE', 'WAIT_SETTLE', 'WAIT_SETTLE', 'WAIT_SETTLE', 'WAIT_SETTLE', 'WAIT_SETTLE']",6.0,120.0,REGIME_C_HIDDEN_BOTTOM,FB6_Additive_Cost,6
bench_REGIME_C_HIDDEN_BOTTOM_006,FB7_Exposure_Aware_Planner,potato,HIDDEN_BOTTOM,0.152,0.116,0.036,MARKDOWN,0.0,0.0,1.0,0.0,0.0,0.0,0.0,0.0,"{0: 0.03, 1: 0.03, 2: 0.03, 3: 0.03, 4: 0.5915}",1,['STOP_INSPECTION'],0.0,0.0,REGIME_C_HIDDEN_BOTTOM,FB7_Proposed,6
bench_REGIME_C_HIDDEN_BOTTOM_007,FB0_Surface_Only,potato,HIDDEN_BOTTOM,0.132,0.1109,0.0211,MARKDOWN,0.0,0.0,1.0,0.0,2.0,0.2,2.2,5.0,"{0: 0.03, 1: 0.03, 2: 0.03, 3: 0.03, 4: 0.5001}",2,"['OBSERVE_STRATUM', 'STOP_INSPECTION']",2.0,5.0,REGIME_C_HIDDEN_BOTTOM,FB0_Surface_Only,7
bench_REGIME_C_HIDDEN_BOTTOM_007,FB1_Fixed_Sampling,potato,HIDDEN_BOTTOM,0.132,0.1075,0.0245,MARKDOWN,0.0,0.0,1.0,0.0,45.0,3.0,48.0,75.0,"{0: 0.03, 1: 0.03, 2: 0.03, 3: 0.03, 4: 0.5001}",4,"['SAMPLE_UNITS', 'SAMPLE_UNITS', 'SAMPLE_UNITS', 'STOP_INSPECTION']",45.0,75.0,REGIME_C_HIDDEN_BOTTOM,FB1_Fixed_Random,7
bench_REGIME_C_HIDDEN_BOTTOM_007,FB2_Depth_Stratified,potato,HIDDEN_BOTTOM,0.132,0.1294,0.0026,MARKDOWN,0.0,0.0,1.0,0.0,42.0,11.4,53.4,285.0,"{0: 0.03, 1: 0.03, 2: 0.03, 3: 0.03, 4: 0.5001}",10,"['OBSERVE_STRATUM', 'REMOVE_LAYER', 'OBSERVE_STRATUM', 'REMOVE_LAYER', 'OBSERVE_STRATUM', 'REMOVE_LAYER', 'OBSERVE_STRATUM', 'REMOVE_LAYER', 'OBSERVE_STRATUM', 'STOP_INSPECTION']",42.0,85.0,REGIME_C_HIDDEN_BOTTOM,FB2_Depth_Stratified,7
bench_REGIME_C_HIDDEN_BOTTOM_007,FB3_Macro_Myopic_VOI,potato,HIDDEN_BOTTOM,0.132,0.1095,0.0225,MARKDOWN,0.0,0.0,1.0,0.0,2.0,0.2,2.2,5.0,"{0: 0.03, 1: 0.03, 2: 0.03, 3: 0.03, 4: 0.5001}",2,"['OBSERVE_STRATUM', 'STOP_INSPECTION']",2.0,5.0,REGIME_C_HIDDEN_BOTTOM,FB3_Macro_Myopic_VOI,7
bench_REGIME_C_HIDDEN_BOTTOM_007,FB5_State_Blind_Lookahead,potato,HIDDEN_BOTTOM,0.132,0.116,0.016,MARKDOWN,0.0,0.0,1.0,0.0,6.0,4.8,10.8,120.0,"{0: 0.03, 1: 0.03, 2: 0.03, 3: 0.03, 4: 0.5001}",12,"['WAIT_SETTLE', 'WAIT_SETTLE', 'WAIT_SETTLE', 'WAIT_SETTLE', 'WAIT_SETTLE', 'WAIT_SETTLE', 'WAIT_SETTLE', 'WAIT_SETTLE', 'WAIT_SETTLE', 'WAIT_SETTLE', 'WAIT_SETTLE', 'WAIT_SETTLE']",6.0,120.0,REGIME_C_HIDDEN_BOTTOM,FB5_State_Blind,7
bench_REGIME_C_HIDDEN_BOTTOM_007,FB6_Additive_Cost_Planner,potato,HIDDEN_BOTTOM,0.132,0.116,0.016,MARKDOWN,0.0,0.0,1.0,0.0,6.0,4.8,10.8,120.0,"{0: 0.03, 1: 0.03, 2: 0.03, 3: 0.03, 4: 0.5001}",12,"['WAIT_SETTLE', 'WAIT_SETTLE', 'WAIT_SETTLE', 'WAIT_SETTLE', 'WAIT_SETTLE', 'WAIT_SETTLE', 'WAIT_SETTLE', 'WAIT_SETTLE', 'WAIT_SETTLE', 'WAIT_SETTLE', 'WAIT_SETTLE', 'WAIT_SETTLE']",6.0,120.0,REGIME_C_HIDDEN_BOTTOM,FB6_Additive_Cost,7
bench_REGIME_C_HIDDEN_BOTTOM_007,FB7_Exposure_Aware_Planner,potato,HIDDEN_BOTTOM,0.132,0.116,0.016,MARKDOWN,0.0,0.0,1.0,0.0,0.0,0.0,0.0,0.0,"{0: 0.03, 1: 0.03, 2: 0.03, 3: 0.03, 4: 0.5001}",1,['STOP_INSPECTION'],0.0,0.0,REGIME_C_HIDDEN_BOTTOM,FB7_Proposed,7
bench_REGIME_C_HIDDEN_BOTTOM_008,FB0_Surface_Only,potato,HIDDEN_BOTTOM,0.116,0.1092,0.0068,MARKDOWN,0.0,0.0,1.0,0.0,2.0,0.2,2.2,5.0,"{0: 0.03, 1: 0.03, 2: 0.03, 3: 0.03, 4: 0.4283}",2,"['OBSERVE_STRATUM', 'STOP_INSPECTION']",2.0,5.0,REGIME_C_HIDDEN_BOTTOM,FB0_Surface_Only,8
bench_REGIME_C_HIDDEN_BOTTOM_008,FB1_Fixed_Sampling,potato,HIDDEN_BOTTOM,0.116,0.1077,0.0083,MARKDOWN,0.0,0.0,1.0,0.0,45.0,3.0,48.0,75.0,"{0: 0.03, 1: 0.03, 2: 0.03, 3: 0.03, 4: 0.4283}",4,"['SAMPLE_UNITS', 'SAMPLE_UNITS', 'SAMPLE_UNITS', 'STOP_INSPECTION']",45.0,75.0,REGIME_C_HIDDEN_BOTTOM,FB1_Fixed_Random,8
bench_REGIME_C_HIDDEN_BOTTOM_008,FB2_Depth_Stratified,potato,HIDDEN_BOTTOM,0.116,0.122,0.006,MARKDOWN,0.0,0.0,1.0,0.0,42.0,11.4,53.4,285.0,"{0: 0.03, 1: 0.03, 2: 0.03, 3: 0.03, 4: 0.4283}",10,"['OBSERVE_STRATUM', 'REMOVE_LAYER', 'OBSERVE_STRATUM', 'REMOVE_LAYER', 'OBSERVE_STRATUM', 'REMOVE_LAYER', 'OBSERVE_STRATUM', 'REMOVE_LAYER', 'OBSERVE_STRATUM', 'STOP_INSPECTION']",42.0,85.0,REGIME_C_HIDDEN_BOTTOM,FB2_Depth_Stratified,8
bench_REGIME_C_HIDDEN_BOTTOM_008,FB3_Macro_Myopic_VOI,potato,HIDDEN_BOTTOM,0.116,0.114,0.002,MARKDOWN,0.0,0.0,1.0,0.0,2.0,0.2,2.2,5.0,"{0: 0.03, 1: 0.03, 2: 0.03, 3: 0.03, 4: 0.4283}",2,"['OBSERVE_STRATUM', 'STOP_INSPECTION']",2.0,5.0,REGIME_C_HIDDEN_BOTTOM,FB3_Macro_Myopic_VOI,8
bench_REGIME_C_HIDDEN_BOTTOM_008,FB5_State_Blind_Lookahead,potato,HIDDEN_BOTTOM,0.116,0.116,0.0,MARKDOWN,0.0,0.0,1.0,0.0,6.0,4.8,10.8,120.0,"{0: 0.03, 1: 0.03, 2: 0.03, 3: 0.03, 4: 0.4283}",12,"['WAIT_SETTLE', 'WAIT_SETTLE', 'WAIT_SETTLE', 'WAIT_SETTLE', 'WAIT_SETTLE', 'WAIT_SETTLE', 'WAIT_SETTLE', 'WAIT_SETTLE', 'WAIT_SETTLE', 'WAIT_SETTLE', 'WAIT_SETTLE', 'WAIT_SETTLE']",6.0,120.0,REGIME_C_HIDDEN_BOTTOM,FB5_State_Blind,8
bench_REGIME_C_HIDDEN_BOTTOM_008,FB6_Additive_Cost_Planner,potato,HIDDEN_BOTTOM,0.116,0.116,0.0,MARKDOWN,0.0,0.0,1.0,0.0,6.0,4.8,10.8,120.0,"{0: 0.03, 1: 0.03, 2: 0.03, 3: 0.03, 4: 0.4283}",12,"['WAIT_SETTLE', 'WAIT_SETTLE', 'WAIT_SETTLE', 'WAIT_SETTLE', 'WAIT_SETTLE', 'WAIT_SETTLE', 'WAIT_SETTLE', 'WAIT_SETTLE', 'WAIT_SETTLE', 'WAIT_SETTLE', 'WAIT_SETTLE', 'WAIT_SETTLE']",6.0,120.0,REGIME_C_HIDDEN_BOTTOM,FB6_Additive_Cost,8
bench_REGIME_C_HIDDEN_BOTTOM_008,FB7_Exposure_Aware_Planner,potato,HIDDEN_BOTTOM,0.116,0.116,0.0,MARKDOWN,0.0,0.0,1.0,0.0,0.0,0.0,0.0,0.0,"{0: 0.03, 1: 0.03, 2: 0.03, 3: 0.03, 4: 0.4283}",1,['STOP_INSPECTION'],0.0,0.0,REGIME_C_HIDDEN_BOTTOM,FB7_Proposed,8
bench_REGIME_C_HIDDEN_BOTTOM_009,FB0_Surface_Only,potato,HIDDEN_BOTTOM,0.12,0.1129,0.0071,MARKDOWN,0.0,0.0,1.0,0.0,2.0,0.2,2.2,5.0,"{0: 0.03, 1: 0.03, 2: 0.03, 3: 0.03, 4: 0.4456}",2,"['OBSERVE_STRATUM', 'STOP_INSPECTION']",2.0,5.0,REGIME_C_HIDDEN_BOTTOM,FB0_Surface_Only,9
bench_REGIME_C_HIDDEN_BOTTOM_009,FB1_Fixed_Sampling,potato,HIDDEN_BOTTOM,0.12,0.1089,0.0111,MARKDOWN,0.0,0.0,1.0,0.0,45.0,3.0,48.0,75.0,"{0: 0.03, 1: 0.03, 2: 0.03, 3: 0.03, 4: 0.4456}",4,"['SAMPLE_UNITS', 'SAMPLE_UNITS', 'SAMPLE_UNITS', 'STOP_INSPECTION']",45.0,75.0,REGIME_C_HIDDEN_BOTTOM,FB1_Fixed_Random,9
bench_REGIME_C_HIDDEN_BOTTOM_009,FB2_Depth_Stratified,potato,HIDDEN_BOTTOM,0.12,0.1201,0.0001,MARKDOWN,0.0,0.0,1.0,0.0,42.0,11.4,53.4,285.0,"{0: 0.03, 1: 0.03, 2: 0.03, 3: 0.03, 4: 0.4456}",10,"['OBSERVE_STRATUM', 'REMOVE_LAYER', 'OBSERVE_STRATUM', 'REMOVE_LAYER', 'OBSERVE_STRATUM', 'REMOVE_LAYER', 'OBSERVE_STRATUM', 'REMOVE_LAYER', 'OBSERVE_STRATUM', 'STOP_INSPECTION']",42.0,85.0,REGIME_C_HIDDEN_BOTTOM,FB2_Depth_Stratified,9
bench_REGIME_C_HIDDEN_BOTTOM_009,FB3_Macro_Myopic_VOI,potato,HIDDEN_BOTTOM,0.12,0.1111,0.0089,MARKDOWN,0.0,0.0,1.0,0.0,2.0,0.2,2.2,5.0,"{0: 0.03, 1: 0.03, 2: 0.03, 3: 0.03, 4: 0.4456}",2,"['OBSERVE_STRATUM', 'STOP_INSPECTION']",2.0,5.0,REGIME_C_HIDDEN_BOTTOM,FB3_Macro_Myopic_VOI,9
bench_REGIME_C_HIDDEN_BOTTOM_009,FB5_State_Blind_Lookahead,potato,HIDDEN_BOTTOM,0.12,0.116,0.004,MARKDOWN,0.0,0.0,1.0,0.0,6.0,4.8,10.8,120.0,"{0: 0.03, 1: 0.03, 2: 0.03, 3: 0.03, 4: 0.4456}",12,"['WAIT_SETTLE', 'WAIT_SETTLE', 'WAIT_SETTLE', 'WAIT_SETTLE', 'WAIT_SETTLE', 'WAIT_SETTLE', 'WAIT_SETTLE', 'WAIT_SETTLE', 'WAIT_SETTLE', 'WAIT_SETTLE', 'WAIT_SETTLE', 'WAIT_SETTLE']",6.0,120.0,REGIME_C_HIDDEN_BOTTOM,FB5_State_Blind,9
bench_REGIME_C_HIDDEN_BOTTOM_009,FB6_Additive_Cost_Planner,potato,HIDDEN_BOTTOM,0.12,0.116,0.004,MARKDOWN,0.0,0.0,1.0,0.0,6.0,4.8,10.8,120.0,"{0: 0.03, 1: 0.03, 2: 0.03, 3: 0.03, 4: 0.4456}",12,"['WAIT_SETTLE', 'WAIT_SETTLE', 'WAIT_SETTLE', 'WAIT_SETTLE', 'WAIT_SETTLE', 'WAIT_SETTLE', 'WAIT_SETTLE', 'WAIT_SETTLE', 'WAIT_SETTLE', 'WAIT_SETTLE', 'WAIT_SETTLE', 'WAIT_SETTLE']",6.0,120.0,REGIME_C_HIDDEN_BOTTOM,FB6_Additive_Cost,9
bench_REGIME_C_HIDDEN_BOTTOM_009,FB7_Exposure_Aware_Planner,potato,HIDDEN_BOTTOM,0.12,0.116,0.004,MARKDOWN,0.0,0.0,1.0,0.0,0.0,0.0,0.0,0.0,"{0: 0.03, 1: 0.03, 2: 0.03, 3: 0.03, 4: 0.4456}",1,['STOP_INSPECTION'],0.0,0.0,REGIME_C_HIDDEN_BOTTOM,FB7_Proposed,9
bench_REGIME_C_HIDDEN_BOTTOM_010,FB0_Surface_Only,potato,HIDDEN_BOTTOM,0.132,0.1149,0.0171,MARKDOWN,0.0,0.0,1.0,0.0,2.0,0.2,2.2,5.0,"{0: 0.03, 1: 0.03, 2: 0.03, 3: 0.03, 4: 0.4906}",2,"['OBSERVE_STRATUM', 'STOP_INSPECTION']",2.0,5.0,REGIME_C_HIDDEN_BOTTOM,FB0_Surface_Only,10
bench_REGIME_C_HIDDEN_BOTTOM_010,FB1_Fixed_Sampling,potato,HIDDEN_BOTTOM,0.132,0.1083,0.0237,MARKDOWN,0.0,0.0,1.0,0.0,45.0,3.0,48.0,75.0,"{0: 0.03, 1: 0.03, 2: 0.03, 3: 0.03, 4: 0.4906}",4,"['SAMPLE_UNITS', 'SAMPLE_UNITS', 'SAMPLE_UNITS', 'STOP_INSPECTION']",45.0,75.0,REGIME_C_HIDDEN_BOTTOM,FB1_Fixed_Random,10
bench_REGIME_C_HIDDEN_BOTTOM_010,FB2_Depth_Stratified,potato,HIDDEN_BOTTOM,0.132,0.1171,0.0149,MARKDOWN,0.0,0.0,1.0,0.0,42.0,11.4,53.4,285.0,"{0: 0.03, 1: 0.03, 2: 0.03, 3: 0.03, 4: 0.4906}",10,"['OBSERVE_STRATUM', 'REMOVE_LAYER', 'OBSERVE_STRATUM', 'REMOVE_LAYER', 'OBSERVE_STRATUM', 'REMOVE_LAYER', 'OBSERVE_STRATUM', 'REMOVE_LAYER', 'OBSERVE_STRATUM', 'STOP_INSPECTION']",42.0,85.0,REGIME_C_HIDDEN_BOTTOM,FB2_Depth_Stratified,10
bench_REGIME_C_HIDDEN_BOTTOM_010,FB3_Macro_Myopic_VOI,potato,HIDDEN_BOTTOM,0.132,0.1133,0.0187,MARKDOWN,0.0,0.0,1.0,0.0,2.0,0.2,2.2,5.0,"{0: 0.03, 1: 0.03, 2: 0.03, 3: 0.03, 4: 0.4906}",2,"['OBSERVE_STRATUM', 'STOP_INSPECTION']",2.0,5.0,REGIME_C_HIDDEN_BOTTOM,FB3_Macro_Myopic_VOI,10
bench_REGIME_C_HIDDEN_BOTTOM_010,FB5_State_Blind_Lookahead,potato,HIDDEN_BOTTOM,0.132,0.116,0.016,MARKDOWN,0.0,0.0,1.0,0.0,6.0,4.8,10.8,120.0,"{0: 0.03, 1: 0.03, 2: 0.03, 3: 0.03, 4: 0.4906}",12,"['WAIT_SETTLE', 'WAIT_SETTLE', 'WAIT_SETTLE', 'WAIT_SETTLE', 'WAIT_SETTLE', 'WAIT_SETTLE', 'WAIT_SETTLE', 'WAIT_SETTLE', 'WAIT_SETTLE', 'WAIT_SETTLE', 'WAIT_SETTLE', 'WAIT_SETTLE']",6.0,120.0,REGIME_C_HIDDEN_BOTTOM,FB5_State_Blind,10
bench_REGIME_C_HIDDEN_BOTTOM_010,FB6_Additive_Cost_Planner,potato,HIDDEN_BOTTOM,0.132,0.116,0.016,MARKDOWN,0.0,0.0,1.0,0.0,6.0,4.8,10.8,120.0,"{0: 0.03, 1: 0.03, 2: 0.03, 3: 0.03, 4: 0.4906}",12,"['WAIT_SETTLE', 'WAIT_SETTLE', 'WAIT_SETTLE', 'WAIT_SETTLE', 'WAIT_SETTLE', 'WAIT_SETTLE', 'WAIT_SETTLE', 'WAIT_SETTLE', 'WAIT_SETTLE', 'WAIT_SETTLE', 'WAIT_SETTLE', 'WAIT_SETTLE']",6.0,120.0,REGIME_C_HIDDEN_BOTTOM,FB6_Additive_Cost,10
bench_REGIME_C_HIDDEN_BOTTOM_010,FB7_Exposure_Aware_Planner,potato,HIDDEN_BOTTOM,0.132,0.116,0.016,MARKDOWN,0.0,0.0,1.0,0.0,0.0,0.0,0.0,0.0,"{0: 0.03, 1: 0.03, 2: 0.03, 3: 0.03, 4: 0.4906}",1,['STOP_INSPECTION'],0.0,0.0,REGIME_C_HIDDEN_BOTTOM,FB7_Proposed,10
bench_REGIME_C_HIDDEN_BOTTOM_011,FB0_Surface_Only,potato,HIDDEN_BOTTOM,0.132,0.1114,0.0206,MARKDOWN,0.0,0.0,1.0,0.0,2.0,0.2,2.2,5.0,"{0: 0.03, 1: 0.03, 2: 0.03, 3: 0.03, 4: 0.5037}",2,"['OBSERVE_STRATUM', 'STOP_INSPECTION']",2.0,5.0,REGIME_C_HIDDEN_BOTTOM,FB0_Surface_Only,11
bench_REGIME_C_HIDDEN_BOTTOM_011,FB1_Fixed_Sampling,potato,HIDDEN_BOTTOM,0.132,0.1094,0.0226,MARKDOWN,0.0,0.0,1.0,0.0,45.0,3.0,48.0,75.0,"{0: 0.03, 1: 0.03, 2: 0.03, 3: 0.03, 4: 0.5037}",4,"['SAMPLE_UNITS', 'SAMPLE_UNITS', 'SAMPLE_UNITS', 'STOP_INSPECTION']",45.0,75.0,REGIME_C_HIDDEN_BOTTOM,FB1_Fixed_Random,11
bench_REGIME_C_HIDDEN_BOTTOM_011,FB2_Depth_Stratified,potato,HIDDEN_BOTTOM,0.132,0.1216,0.0104,MARKDOWN,0.0,0.0,1.0,0.0,42.0,11.4,53.4,285.0,"{0: 0.03, 1: 0.03, 2: 0.03, 3: 0.03, 4: 0.5037}",10,"['OBSERVE_STRATUM', 'REMOVE_LAYER', 'OBSERVE_STRATUM', 'REMOVE_LAYER', 'OBSERVE_STRATUM', 'REMOVE_LAYER', 'OBSERVE_STRATUM', 'REMOVE_LAYER', 'OBSERVE_STRATUM', 'STOP_INSPECTION']",42.0,85.0,REGIME_C_HIDDEN_BOTTOM,FB2_Depth_Stratified,11
bench_REGIME_C_HIDDEN_BOTTOM_011,FB3_Macro_Myopic_VOI,potato,HIDDEN_BOTTOM,0.132,0.1093,0.0227,MARKDOWN,0.0,0.0,1.0,0.0,2.0,0.2,2.2,5.0,"{0: 0.03, 1: 0.03, 2: 0.03, 3: 0.03, 4: 0.5037}",2,"['OBSERVE_STRATUM', 'STOP_INSPECTION']",2.0,5.0,REGIME_C_HIDDEN_BOTTOM,FB3_Macro_Myopic_VOI,11
bench_REGIME_C_HIDDEN_BOTTOM_011,FB5_State_Blind_Lookahead,potato,HIDDEN_BOTTOM,0.132,0.116,0.016,MARKDOWN,0.0,0.0,1.0,0.0,6.0,4.8,10.8,120.0,"{0: 0.03, 1: 0.03, 2: 0.03, 3: 0.03, 4: 0.5037}",12,"['WAIT_SETTLE', 'WAIT_SETTLE', 'WAIT_SETTLE', 'WAIT_SETTLE', 'WAIT_SETTLE', 'WAIT_SETTLE', 'WAIT_SETTLE', 'WAIT_SETTLE', 'WAIT_SETTLE', 'WAIT_SETTLE', 'WAIT_SETTLE', 'WAIT_SETTLE']",6.0,120.0,REGIME_C_HIDDEN_BOTTOM,FB5_State_Blind,11
bench_REGIME_C_HIDDEN_BOTTOM_011,FB6_Additive_Cost_Planner,potato,HIDDEN_BOTTOM,0.132,0.116,0.016,MARKDOWN,0.0,0.0,1.0,0.0,6.0,4.8,10.8,120.0,"{0: 0.03, 1: 0.03, 2: 0.03, 3: 0.03, 4: 0.5037}",12,"['WAIT_SETTLE', 'WAIT_SETTLE', 'WAIT_SETTLE', 'WAIT_SETTLE', 'WAIT_SETTLE', 'WAIT_SETTLE', 'WAIT_SETTLE', 'WAIT_SETTLE', 'WAIT_SETTLE', 'WAIT_SETTLE', 'WAIT_SETTLE', 'WAIT_SETTLE']",6.0,120.0,REGIME_C_HIDDEN_BOTTOM,FB6_Additive_Cost,11
bench_REGIME_C_HIDDEN_BOTTOM_011,FB7_Exposure_Aware_Planner,potato,HIDDEN_BOTTOM,0.132,0.116,0.016,MARKDOWN,0.0,0.0,1.0,0.0,0.0,0.0,0.0,0.0,"{0: 0.03, 1: 0.03, 2: 0.03, 3: 0.03, 4: 0.5037}",1,['STOP_INSPECTION'],0.0,0.0,REGIME_C_HIDDEN_BOTTOM,FB7_Proposed,11
bench_REGIME_C_HIDDEN_BOTTOM_012,FB0_Surface_Only,potato,HIDDEN_BOTTOM,0.132,0.1133,0.0187,MARKDOWN,0.0,0.0,1.0,0.0,2.0,0.2,2.2,5.0,"{0: 0.03, 1: 0.03, 2: 0.03, 3: 0.03, 4: 0.5081}",2,"['OBSERVE_STRATUM', 'STOP_INSPECTION']",2.0,5.0,REGIME_C_HIDDEN_BOTTOM,FB0_Surface_Only,12
bench_REGIME_C_HIDDEN_BOTTOM_012,FB1_Fixed_Sampling,potato,HIDDEN_BOTTOM,0.132,0.1058,0.0262,MARKDOWN,0.0,0.0,1.0,0.0,45.0,3.0,48.0,75.0,"{0: 0.03, 1: 0.03, 2: 0.03, 3: 0.03, 4: 0.5081}",4,"['SAMPLE_UNITS', 'SAMPLE_UNITS', 'SAMPLE_UNITS', 'STOP_INSPECTION']",45.0,75.0,REGIME_C_HIDDEN_BOTTOM,FB1_Fixed_Random,12
bench_REGIME_C_HIDDEN_BOTTOM_012,FB2_Depth_Stratified,potato,HIDDEN_BOTTOM,0.132,0.1218,0.0102,MARKDOWN,0.0,0.0,1.0,0.0,42.0,11.4,53.4,285.0,"{0: 0.03, 1: 0.03, 2: 0.03, 3: 0.03, 4: 0.5081}",10,"['OBSERVE_STRATUM', 'REMOVE_LAYER', 'OBSERVE_STRATUM', 'REMOVE_LAYER', 'OBSERVE_STRATUM', 'REMOVE_LAYER', 'OBSERVE_STRATUM', 'REMOVE_LAYER', 'OBSERVE_STRATUM', 'STOP_INSPECTION']",42.0,85.0,REGIME_C_HIDDEN_BOTTOM,FB2_Depth_Stratified,12
bench_REGIME_C_HIDDEN_BOTTOM_012,FB3_Macro_Myopic_VOI,potato,HIDDEN_BOTTOM,0.132,0.1126,0.0194,MARKDOWN,0.0,0.0,1.0,0.0,2.0,0.2,2.2,5.0,"{0: 0.03, 1: 0.03, 2: 0.03, 3: 0.03, 4: 0.5081}",2,"['OBSERVE_STRATUM', 'STOP_INSPECTION']",2.0,5.0,REGIME_C_HIDDEN_BOTTOM,FB3_Macro_Myopic_VOI,12
bench_REGIME_C_HIDDEN_BOTTOM_012,FB5_State_Blind_Lookahead,potato,HIDDEN_BOTTOM,0.132,0.116,0.016,MARKDOWN,0.0,0.0,1.0,0.0,6.0,4.8,10.8,120.0,"{0: 0.03, 1: 0.03, 2: 0.03, 3: 0.03, 4: 0.5081}",12,"['WAIT_SETTLE', 'WAIT_SETTLE', 'WAIT_SETTLE', 'WAIT_SETTLE', 'WAIT_SETTLE', 'WAIT_SETTLE', 'WAIT_SETTLE', 'WAIT_SETTLE', 'WAIT_SETTLE', 'WAIT_SETTLE', 'WAIT_SETTLE', 'WAIT_SETTLE']",6.0,120.0,REGIME_C_HIDDEN_BOTTOM,FB5_State_Blind,12
bench_REGIME_C_HIDDEN_BOTTOM_012,FB6_Additive_Cost_Planner,potato,HIDDEN_BOTTOM,0.132,0.116,0.016,MARKDOWN,0.0,0.0,1.0,0.0,6.0,4.8,10.8,120.0,"{0: 0.03, 1: 0.03, 2: 0.03, 3: 0.03, 4: 0.5081}",12,"['WAIT_SETTLE', 'WAIT_SETTLE', 'WAIT_SETTLE', 'WAIT_SETTLE', 'WAIT_SETTLE', 'WAIT_SETTLE', 'WAIT_SETTLE', 'WAIT_SETTLE', 'WAIT_SETTLE', 'WAIT_SETTLE', 'WAIT_SETTLE', 'WAIT_SETTLE']",6.0,120.0,REGIME_C_HIDDEN_BOTTOM,FB6_Additive_Cost,12
bench_REGIME_C_HIDDEN_BOTTOM_012,FB7_Exposure_Aware_Planner,potato,HIDDEN_BOTTOM,0.132,0.116,0.016,MARKDOWN,0.0,0.0,1.0,0.0,0.0,0.0,0.0,0.0,"{0: 0.03, 1: 0.03, 2: 0.03, 3: 0.03, 4: 0.5081}",1,['STOP_INSPECTION'],0.0,0.0,REGIME_C_HIDDEN_BOTTOM,FB7_Proposed,12
bench_REGIME_C_HIDDEN_BOTTOM_013,FB0_Surface_Only,potato,HIDDEN_BOTTOM,0.128,0.1138,0.0142,MARKDOWN,0.0,0.0,1.0,0.0,2.0,0.2,2.2,5.0,"{0: 0.03, 1: 0.03, 2: 0.03, 3: 0.03, 4: 0.4815}",2,"['OBSERVE_STRATUM', 'STOP_INSPECTION']",2.0,5.0,REGIME_C_HIDDEN_BOTTOM,FB0_Surface_Only,13
bench_REGIME_C_HIDDEN_BOTTOM_013,FB1_Fixed_Sampling,potato,HIDDEN_BOTTOM,0.128,0.109,0.019,MARKDOWN,0.0,0.0,1.0,0.0,45.0,3.0,48.0,75.0,"{0: 0.03, 1: 0.03, 2: 0.03, 3: 0.03, 4: 0.4815}",4,"['SAMPLE_UNITS', 'SAMPLE_UNITS', 'SAMPLE_UNITS', 'STOP_INSPECTION']",45.0,75.0,REGIME_C_HIDDEN_BOTTOM,FB1_Fixed_Random,13
bench_REGIME_C_HIDDEN_BOTTOM_013,FB2_Depth_Stratified,potato,HIDDEN_BOTTOM,0.128,0.1195,0.0085,MARKDOWN,0.0,0.0,1.0,0.0,42.0,11.4,53.4,285.0,"{0: 0.03, 1: 0.03, 2: 0.03, 3: 0.03, 4: 0.4815}",10,"['OBSERVE_STRATUM', 'REMOVE_LAYER', 'OBSERVE_STRATUM', 'REMOVE_LAYER', 'OBSERVE_STRATUM', 'REMOVE_LAYER', 'OBSERVE_STRATUM', 'REMOVE_LAYER', 'OBSERVE_STRATUM', 'STOP_INSPECTION']",42.0,85.0,REGIME_C_HIDDEN_BOTTOM,FB2_Depth_Stratified,13
bench_REGIME_C_HIDDEN_BOTTOM_013,FB3_Macro_Myopic_VOI,potato,HIDDEN_BOTTOM,0.128,0.1092,0.0188,MARKDOWN,0.0,0.0,1.0,0.0,2.0,0.2,2.2,5.0,"{0: 0.03, 1: 0.03, 2: 0.03, 3: 0.03, 4: 0.4815}",2,"['OBSERVE_STRATUM', 'STOP_INSPECTION']",2.0,5.0,REGIME_C_HIDDEN_BOTTOM,FB3_Macro_Myopic_VOI,13
bench_REGIME_C_HIDDEN_BOTTOM_013,FB5_State_Blind_Lookahead,potato,HIDDEN_BOTTOM,0.128,0.116,0.012,MARKDOWN,0.0,0.0,1.0,0.0,6.0,4.8,10.8,120.0,"{0: 0.03, 1: 0.03, 2: 0.03, 3: 0.03, 4: 0.4815}",12,"['WAIT_SETTLE', 'WAIT_SETTLE', 'WAIT_SETTLE', 'WAIT_SETTLE', 'WAIT_SETTLE', 'WAIT_SETTLE', 'WAIT_SETTLE', 'WAIT_SETTLE', 'WAIT_SETTLE', 'WAIT_SETTLE', 'WAIT_SETTLE', 'WAIT_SETTLE']",6.0,120.0,REGIME_C_HIDDEN_BOTTOM,FB5_State_Blind,13
bench_REGIME_C_HIDDEN_BOTTOM_013,FB6_Additive_Cost_Planner,potato,HIDDEN_BOTTOM,0.128,0.116,0.012,MARKDOWN,0.0,0.0,1.0,0.0,6.0,4.8,10.8,120.0,"{0: 0.03, 1: 0.03, 2: 0.03, 3: 0.03, 4: 0.4815}",12,"['WAIT_SETTLE', 'WAIT_SETTLE', 'WAIT_SETTLE', 'WAIT_SETTLE', 'WAIT_SETTLE', 'WAIT_SETTLE', 'WAIT_SETTLE', 'WAIT_SETTLE', 'WAIT_SETTLE', 'WAIT_SETTLE', 'WAIT_SETTLE', 'WAIT_SETTLE']",6.0,120.0,REGIME_C_HIDDEN_BOTTOM,FB6_Additive_Cost,13
bench_REGIME_C_HIDDEN_BOTTOM_013,FB7_Exposure_Aware_Planner,potato,HIDDEN_BOTTOM,0.128,0.116,0.012,MARKDOWN,0.0,0.0,1.0,0.0,0.0,0.0,0.0,0.0,"{0: 0.03, 1: 0.03, 2: 0.03, 3: 0.03, 4: 0.4815}",1,['STOP_INSPECTION'],0.0,0.0,REGIME_C_HIDDEN_BOTTOM,FB7_Proposed,13
bench_REGIME_C_HIDDEN_BOTTOM_014,FB0_Surface_Only,potato,HIDDEN_BOTTOM,0.144,0.1137,0.0303,MARKDOWN,0.0,0.0,1.0,0.0,2.0,0.2,2.2,5.0,"{0: 0.03, 1: 0.03, 2: 0.03, 3: 0.03, 4: 0.5597}",2,"['OBSERVE_STRATUM', 'STOP_INSPECTION']",2.0,5.0,REGIME_C_HIDDEN_BOTTOM,FB0_Surface_Only,14
bench_REGIME_C_HIDDEN_BOTTOM_014,FB1_Fixed_Sampling,potato,HIDDEN_BOTTOM,0.144,0.1084,0.0356,MARKDOWN,0.0,0.0,1.0,0.0,45.0,3.0,48.0,75.0,"{0: 0.03, 1: 0.03, 2: 0.03, 3: 0.03, 4: 0.5597}",4,"['SAMPLE_UNITS', 'SAMPLE_UNITS', 'SAMPLE_UNITS', 'STOP_INSPECTION']",45.0,75.0,REGIME_C_HIDDEN_BOTTOM,FB1_Fixed_Random,14
bench_REGIME_C_HIDDEN_BOTTOM_014,FB2_Depth_Stratified,potato,HIDDEN_BOTTOM,0.144,0.123,0.021,MARKDOWN,0.0,0.0,1.0,0.0,42.0,11.4,53.4,285.0,"{0: 0.03, 1: 0.03, 2: 0.03, 3: 0.03, 4: 0.5597}",10,"['OBSERVE_STRATUM', 'REMOVE_LAYER', 'OBSERVE_STRATUM', 'REMOVE_LAYER', 'OBSERVE_STRATUM', 'REMOVE_LAYER', 'OBSERVE_STRATUM', 'REMOVE_LAYER', 'OBSERVE_STRATUM', 'STOP_INSPECTION']",42.0,85.0,REGIME_C_HIDDEN_BOTTOM,FB2_Depth_Stratified,14
bench_REGIME_C_HIDDEN_BOTTOM_014,FB3_Macro_Myopic_VOI,potato,HIDDEN_BOTTOM,0.144,0.1152,0.0288,MARKDOWN,0.0,0.0,1.0,0.0,2.0,0.2,2.2,5.0,"{0: 0.03, 1: 0.03, 2: 0.03, 3: 0.03, 4: 0.5597}",2,"['OBSERVE_STRATUM', 'STOP_INSPECTION']",2.0,5.0,REGIME_C_HIDDEN_BOTTOM,FB3_Macro_Myopic_VOI,14
bench_REGIME_C_HIDDEN_BOTTOM_014,FB5_State_Blind_Lookahead,potato,HIDDEN_BOTTOM,0.144,0.116,0.028,MARKDOWN,0.0,0.0,1.0,0.0,6.0,4.8,10.8,120.0,"{0: 0.03, 1: 0.03, 2: 0.03, 3: 0.03, 4: 0.5597}",12,"['WAIT_SETTLE', 'WAIT_SETTLE', 'WAIT_SETTLE', 'WAIT_SETTLE', 'WAIT_SETTLE', 'WAIT_SETTLE', 'WAIT_SETTLE', 'WAIT_SETTLE', 'WAIT_SETTLE', 'WAIT_SETTLE', 'WAIT_SETTLE', 'WAIT_SETTLE']",6.0,120.0,REGIME_C_HIDDEN_BOTTOM,FB5_State_Blind,14
bench_REGIME_C_HIDDEN_BOTTOM_014,FB6_Additive_Cost_Planner,potato,HIDDEN_BOTTOM,0.144,0.116,0.028,MARKDOWN,0.0,0.0,1.0,0.0,6.0,4.8,10.8,120.0,"{0: 0.03, 1: 0.03, 2: 0.03, 3: 0.03, 4: 0.5597}",12,"['WAIT_SETTLE', 'WAIT_SETTLE', 'WAIT_SETTLE', 'WAIT_SETTLE', 'WAIT_SETTLE', 'WAIT_SETTLE', 'WAIT_SETTLE', 'WAIT_SETTLE', 'WAIT_SETTLE', 'WAIT_SETTLE', 'WAIT_SETTLE', 'WAIT_SETTLE']",6.0,120.0,REGIME_C_HIDDEN_BOTTOM,FB6_Additive_Cost,14
bench_REGIME_C_HIDDEN_BOTTOM_014,FB7_Exposure_Aware_Planner,potato,HIDDEN_BOTTOM,0.144,0.116,0.028,MARKDOWN,0.0,0.0,1.0,0.0,0.0,0.0,0.0,0.0,"{0: 0.03, 1: 0.03, 2: 0.03, 3: 0.03, 4: 0.5597}",1,['STOP_INSPECTION'],0.0,0.0,REGIME_C_HIDDEN_BOTTOM,FB7_Proposed,14
bench_REGIME_C_HIDDEN_BOTTOM_015,FB0_Surface_Only,potato,HIDDEN_BOTTOM,0.152,0.1143,0.0377,MARKDOWN,0.0,0.0,1.0,0.0,2.0,0.2,2.2,5.0,"{0: 0.03, 1: 0.03, 2: 0.03, 3: 0.03, 4: 0.6064}",2,"['OBSERVE_STRATUM', 'STOP_INSPECTION']",2.0,5.0,REGIME_C_HIDDEN_BOTTOM,FB0_Surface_Only,15
bench_REGIME_C_HIDDEN_BOTTOM_015,FB1_Fixed_Sampling,potato,HIDDEN_BOTTOM,0.152,0.1098,0.0422,MARKDOWN,0.0,0.0,1.0,0.0,45.0,3.0,48.0,75.0,"{0: 0.03, 1: 0.03, 2: 0.03, 3: 0.03, 4: 0.6064}",4,"['SAMPLE_UNITS', 'SAMPLE_UNITS', 'SAMPLE_UNITS', 'STOP_INSPECTION']",45.0,75.0,REGIME_C_HIDDEN_BOTTOM,FB1_Fixed_Random,15
bench_REGIME_C_HIDDEN_BOTTOM_015,FB2_Depth_Stratified,potato,HIDDEN_BOTTOM,0.152,0.1295,0.0225,MARKDOWN,0.0,0.0,1.0,0.0,42.0,11.4,53.4,285.0,"{0: 0.03, 1: 0.03, 2: 0.03, 3: 0.03, 4: 0.6064}",10,"['OBSERVE_STRATUM', 'REMOVE_LAYER', 'OBSERVE_STRATUM', 'REMOVE_LAYER', 'OBSERVE_STRATUM', 'REMOVE_LAYER', 'OBSERVE_STRATUM', 'REMOVE_LAYER', 'OBSERVE_STRATUM', 'STOP_INSPECTION']",42.0,85.0,REGIME_C_HIDDEN_BOTTOM,FB2_Depth_Stratified,15
bench_REGIME_C_HIDDEN_BOTTOM_015,FB3_Macro_Myopic_VOI,potato,HIDDEN_BOTTOM,0.152,0.1142,0.0378,MARKDOWN,0.0,0.0,1.0,0.0,2.0,0.2,2.2,5.0,"{0: 0.03, 1: 0.03, 2: 0.03, 3: 0.03, 4: 0.6064}",2,"['OBSERVE_STRATUM', 'STOP_INSPECTION']",2.0,5.0,REGIME_C_HIDDEN_BOTTOM,FB3_Macro_Myopic_VOI,15
bench_REGIME_C_HIDDEN_BOTTOM_015,FB5_State_Blind_Lookahead,potato,HIDDEN_BOTTOM,0.152,0.116,0.036,MARKDOWN,0.0,0.0,1.0,0.0,6.0,4.8,10.8,120.0,"{0: 0.03, 1: 0.03, 2: 0.03, 3: 0.03, 4: 0.6064}",12,"['WAIT_SETTLE', 'WAIT_SETTLE', 'WAIT_SETTLE', 'WAIT_SETTLE', 'WAIT_SETTLE', 'WAIT_SETTLE', 'WAIT_SETTLE', 'WAIT_SETTLE', 'WAIT_SETTLE', 'WAIT_SETTLE', 'WAIT_SETTLE', 'WAIT_SETTLE']",6.0,120.0,REGIME_C_HIDDEN_BOTTOM,FB5_State_Blind,15
bench_REGIME_C_HIDDEN_BOTTOM_015,FB6_Additive_Cost_Planner,potato,HIDDEN_BOTTOM,0.152,0.116,0.036,MARKDOWN,0.0,0.0,1.0,0.0,6.0,4.8,10.8,120.0,"{0: 0.03, 1: 0.03, 2: 0.03, 3: 0.03, 4: 0.6064}",12,"['WAIT_SETTLE', 'WAIT_SETTLE', 'WAIT_SETTLE', 'WAIT_SETTLE', 'WAIT_SETTLE', 'WAIT_SETTLE', 'WAIT_SETTLE', 'WAIT_SETTLE', 'WAIT_SETTLE', 'WAIT_SETTLE', 'WAIT_SETTLE', 'WAIT_SETTLE']",6.0,120.0,REGIME_C_HIDDEN_BOTTOM,FB6_Additive_Cost,15
bench_REGIME_C_HIDDEN_BOTTOM_015,FB7_Exposure_Aware_Planner,potato,HIDDEN_BOTTOM,0.152,0.116,0.036,MARKDOWN,0.0,0.0,1.0,0.0,0.0,0.0,0.0,0.0,"{0: 0.03, 1: 0.03, 2: 0.03, 3: 0.03, 4: 0.6064}",1,['STOP_INSPECTION'],0.0,0.0,REGIME_C_HIDDEN_BOTTOM,FB7_Proposed,15
bench_REGIME_C_HIDDEN_BOTTOM_016,FB0_Surface_Only,potato,HIDDEN_BOTTOM,0.16,0.1098,0.0502,MARKDOWN,0.0,0.0,1.0,0.0,2.0,0.2,2.2,5.0,"{0: 0.03, 1: 0.03, 2: 0.03, 3: 0.03, 4: 0.6349}",2,"['OBSERVE_STRATUM', 'STOP_INSPECTION']",2.0,5.0,REGIME_C_HIDDEN_BOTTOM,FB0_Surface_Only,16
bench_REGIME_C_HIDDEN_BOTTOM_016,FB1_Fixed_Sampling,potato,HIDDEN_BOTTOM,0.16,0.1049,0.0551,MARKDOWN,0.0,0.0,1.0,0.0,45.0,3.0,48.0,75.0,"{0: 0.03, 1: 0.03, 2: 0.03, 3: 0.03, 4: 0.6349}",4,"['SAMPLE_UNITS', 'SAMPLE_UNITS', 'SAMPLE_UNITS', 'STOP_INSPECTION']",45.0,75.0,REGIME_C_HIDDEN_BOTTOM,FB1_Fixed_Random,16
bench_REGIME_C_HIDDEN_BOTTOM_016,FB2_Depth_Stratified,potato,HIDDEN_BOTTOM,0.16,0.1244,0.0356,MARKDOWN,0.0,0.0,1.0,0.0,42.0,11.4,53.4,285.0,"{0: 0.03, 1: 0.03, 2: 0.03, 3: 0.03, 4: 0.6349}",10,"['OBSERVE_STRATUM', 'REMOVE_LAYER', 'OBSERVE_STRATUM', 'REMOVE_LAYER', 'OBSERVE_STRATUM', 'REMOVE_LAYER', 'OBSERVE_STRATUM', 'REMOVE_LAYER', 'OBSERVE_STRATUM', 'STOP_INSPECTION']",42.0,85.0,REGIME_C_HIDDEN_BOTTOM,FB2_Depth_Stratified,16
bench_REGIME_C_HIDDEN_BOTTOM_016,FB3_Macro_Myopic_VOI,potato,HIDDEN_BOTTOM,0.16,0.1138,0.0462,MARKDOWN,0.0,0.0,1.0,0.0,2.0,0.2,2.2,5.0,"{0: 0.03, 1: 0.03, 2: 0.03, 3: 0.03, 4: 0.6349}",2,"['OBSERVE_STRATUM', 'STOP_INSPECTION']",2.0,5.0,REGIME_C_HIDDEN_BOTTOM,FB3_Macro_Myopic_VOI,16
bench_REGIME_C_HIDDEN_BOTTOM_016,FB5_State_Blind_Lookahead,potato,HIDDEN_BOTTOM,0.16,0.116,0.044,MARKDOWN,0.0,0.0,1.0,0.0,6.0,4.8,10.8,120.0,"{0: 0.03, 1: 0.03, 2: 0.03, 3: 0.03, 4: 0.6349}",12,"['WAIT_SETTLE', 'WAIT_SETTLE', 'WAIT_SETTLE', 'WAIT_SETTLE', 'WAIT_SETTLE', 'WAIT_SETTLE', 'WAIT_SETTLE', 'WAIT_SETTLE', 'WAIT_SETTLE', 'WAIT_SETTLE', 'WAIT_SETTLE', 'WAIT_SETTLE']",6.0,120.0,REGIME_C_HIDDEN_BOTTOM,FB5_State_Blind,16
bench_REGIME_C_HIDDEN_BOTTOM_016,FB6_Additive_Cost_Planner,potato,HIDDEN_BOTTOM,0.16,0.116,0.044,MARKDOWN,0.0,0.0,1.0,0.0,6.0,4.8,10.8,120.0,"{0: 0.03, 1: 0.03, 2: 0.03, 3: 0.03, 4: 0.6349}",12,"['WAIT_SETTLE', 'WAIT_SETTLE', 'WAIT_SETTLE', 'WAIT_SETTLE', 'WAIT_SETTLE', 'WAIT_SETTLE', 'WAIT_SETTLE', 'WAIT_SETTLE', 'WAIT_SETTLE', 'WAIT_SETTLE', 'WAIT_SETTLE', 'WAIT_SETTLE']",6.0,120.0,REGIME_C_HIDDEN_BOTTOM,FB6_Additive_Cost,16
bench_REGIME_C_HIDDEN_BOTTOM_016,FB7_Exposure_Aware_Planner,potato,HIDDEN_BOTTOM,0.16,0.116,0.044,MARKDOWN,0.0,0.0,1.0,0.0,0.0,0.0,0.0,0.0,"{0: 0.03, 1: 0.03, 2: 0.03, 3: 0.03, 4: 0.6349}",1,['STOP_INSPECTION'],0.0,0.0,REGIME_C_HIDDEN_BOTTOM,FB7_Proposed,16
bench_REGIME_C_HIDDEN_BOTTOM_017,FB0_Surface_Only,potato,HIDDEN_BOTTOM,0.152,0.1092,0.0428,MARKDOWN,0.0,0.0,1.0,0.0,2.0,0.2,2.2,5.0,"{0: 0.03, 1: 0.03, 2: 0.03, 3: 0.03, 4: 0.5961}",2,"['OBSERVE_STRATUM', 'STOP_INSPECTION']",2.0,5.0,REGIME_C_HIDDEN_BOTTOM,FB0_Surface_Only,17
bench_REGIME_C_HIDDEN_BOTTOM_017,FB1_Fixed_Sampling,potato,HIDDEN_BOTTOM,0.152,0.1101,0.0419,MARKDOWN,0.0,0.0,1.0,0.0,45.0,3.0,48.0,75.0,"{0: 0.03, 1: 0.03, 2: 0.03, 3: 0.03, 4: 0.5961}",4,"['SAMPLE_UNITS', 'SAMPLE_UNITS', 'SAMPLE_UNITS', 'STOP_INSPECTION']",45.0,75.0,REGIME_C_HIDDEN_BOTTOM,FB1_Fixed_Random,17
bench_REGIME_C_HIDDEN_BOTTOM_017,FB2_Depth_Stratified,potato,HIDDEN_BOTTOM,0.152,0.1229,0.0291,MARKDOWN,0.0,0.0,1.0,0.0,42.0,11.4,53.4,285.0,"{0: 0.03, 1: 0.03, 2: 0.03, 3: 0.03, 4: 0.5961}",10,"['OBSERVE_STRATUM', 'REMOVE_LAYER', 'OBSERVE_STRATUM', 'REMOVE_LAYER', 'OBSERVE_STRATUM', 'REMOVE_LAYER', 'OBSERVE_STRATUM', 'REMOVE_LAYER', 'OBSERVE_STRATUM', 'STOP_INSPECTION']",42.0,85.0,REGIME_C_HIDDEN_BOTTOM,FB2_Depth_Stratified,17
bench_REGIME_C_HIDDEN_BOTTOM_017,FB3_Macro_Myopic_VOI,potato,HIDDEN_BOTTOM,0.152,0.1147,0.0373,MARKDOWN,0.0,0.0,1.0,0.0,2.0,0.2,2.2,5.0,"{0: 0.03, 1: 0.03, 2: 0.03, 3: 0.03, 4: 0.5961}",2,"['OBSERVE_STRATUM', 'STOP_INSPECTION']",2.0,5.0,REGIME_C_HIDDEN_BOTTOM,FB3_Macro_Myopic_VOI,17
bench_REGIME_C_HIDDEN_BOTTOM_017,FB5_State_Blind_Lookahead,potato,HIDDEN_BOTTOM,0.152,0.116,0.036,MARKDOWN,0.0,0.0,1.0,0.0,6.0,4.8,10.8,120.0,"{0: 0.03, 1: 0.03, 2: 0.03, 3: 0.03, 4: 0.5961}",12,"['WAIT_SETTLE', 'WAIT_SETTLE', 'WAIT_SETTLE', 'WAIT_SETTLE', 'WAIT_SETTLE', 'WAIT_SETTLE', 'WAIT_SETTLE', 'WAIT_SETTLE', 'WAIT_SETTLE', 'WAIT_SETTLE', 'WAIT_SETTLE', 'WAIT_SETTLE']",6.0,120.0,REGIME_C_HIDDEN_BOTTOM,FB5_State_Blind,17
bench_REGIME_C_HIDDEN_BOTTOM_017,FB6_Additive_Cost_Planner,potato,HIDDEN_BOTTOM,0.152,0.116,0.036,MARKDOWN,0.0,0.0,1.0,0.0,6.0,4.8,10.8,120.0,"{0: 0.03, 1: 0.03, 2: 0.03, 3: 0.03, 4: 0.5961}",12,"['WAIT_SETTLE', 'WAIT_SETTLE', 'WAIT_SETTLE', 'WAIT_SETTLE', 'WAIT_SETTLE', 'WAIT_SETTLE', 'WAIT_SETTLE', 'WAIT_SETTLE', 'WAIT_SETTLE', 'WAIT_SETTLE', 'WAIT_SETTLE', 'WAIT_SETTLE']",6.0,120.0,REGIME_C_HIDDEN_BOTTOM,FB6_Additive_Cost,17
bench_REGIME_C_HIDDEN_BOTTOM_017,FB7_Exposure_Aware_Planner,potato,HIDDEN_BOTTOM,0.152,0.116,0.036,MARKDOWN,0.0,0.0,1.0,0.0,0.0,0.0,0.0,0.0,"{0: 0.03, 1: 0.03, 2: 0.03, 3: 0.03, 4: 0.5961}",1,['STOP_INSPECTION'],0.0,0.0,REGIME_C_HIDDEN_BOTTOM,FB7_Proposed,17
bench_REGIME_C_HIDDEN_BOTTOM_018,FB0_Surface_Only,potato,HIDDEN_BOTTOM,0.112,0.115,0.003,MARKDOWN,0.0,0.0,1.0,0.0,2.0,0.2,2.2,5.0,"{0: 0.03, 1: 0.03, 2: 0.03, 3: 0.03, 4: 0.4094}",2,"['OBSERVE_STRATUM', 'STOP_INSPECTION']",2.0,5.0,REGIME_C_HIDDEN_BOTTOM,FB0_Surface_Only,18
bench_REGIME_C_HIDDEN_BOTTOM_018,FB1_Fixed_Sampling,potato,HIDDEN_BOTTOM,0.112,0.1077,0.0043,MARKDOWN,0.0,0.0,1.0,0.0,45.0,3.0,48.0,75.0,"{0: 0.03, 1: 0.03, 2: 0.03, 3: 0.03, 4: 0.4094}",4,"['SAMPLE_UNITS', 'SAMPLE_UNITS', 'SAMPLE_UNITS', 'STOP_INSPECTION']",45.0,75.0,REGIME_C_HIDDEN_BOTTOM,FB1_Fixed_Random,18
bench_REGIME_C_HIDDEN_BOTTOM_018,FB2_Depth_Stratified,potato,HIDDEN_BOTTOM,0.112,0.1089,0.0031,MARKDOWN,0.0,0.0,1.0,0.0,42.0,11.4,53.4,285.0,"{0: 0.03, 1: 0.03, 2: 0.03, 3: 0.03, 4: 0.4094}",10,"['OBSERVE_STRATUM', 'REMOVE_LAYER', 'OBSERVE_STRATUM', 'REMOVE_LAYER', 'OBSERVE_STRATUM', 'REMOVE_LAYER', 'OBSERVE_STRATUM', 'REMOVE_LAYER', 'OBSERVE_STRATUM', 'STOP_INSPECTION']",42.0,85.0,REGIME_C_HIDDEN_BOTTOM,FB2_Depth_Stratified,18
bench_REGIME_C_HIDDEN_BOTTOM_018,FB3_Macro_Myopic_VOI,potato,HIDDEN_BOTTOM,0.112,0.1143,0.0023,MARKDOWN,0.0,0.0,1.0,0.0,2.0,0.2,2.2,5.0,"{0: 0.03, 1: 0.03, 2: 0.03, 3: 0.03, 4: 0.4094}",2,"['OBSERVE_STRATUM', 'STOP_INSPECTION']",2.0,5.0,REGIME_C_HIDDEN_BOTTOM,FB3_Macro_Myopic_VOI,18
bench_REGIME_C_HIDDEN_BOTTOM_018,FB5_State_Blind_Lookahead,potato,HIDDEN_BOTTOM,0.112,0.116,0.004,MARKDOWN,0.0,0.0,1.0,0.0,6.0,4.8,10.8,120.0,"{0: 0.03, 1: 0.03, 2: 0.03, 3: 0.03, 4: 0.4094}",12,"['WAIT_SETTLE', 'WAIT_SETTLE', 'WAIT_SETTLE', 'WAIT_SETTLE', 'WAIT_SETTLE', 'WAIT_SETTLE', 'WAIT_SETTLE', 'WAIT_SETTLE', 'WAIT_SETTLE', 'WAIT_SETTLE', 'WAIT_SETTLE', 'WAIT_SETTLE']",6.0,120.0,REGIME_C_HIDDEN_BOTTOM,FB5_State_Blind,18
bench_REGIME_C_HIDDEN_BOTTOM_018,FB6_Additive_Cost_Planner,potato,HIDDEN_BOTTOM,0.112,0.116,0.004,MARKDOWN,0.0,0.0,1.0,0.0,6.0,4.8,10.8,120.0,"{0: 0.03, 1: 0.03, 2: 0.03, 3: 0.03, 4: 0.4094}",12,"['WAIT_SETTLE', 'WAIT_SETTLE', 'WAIT_SETTLE', 'WAIT_SETTLE', 'WAIT_SETTLE', 'WAIT_SETTLE', 'WAIT_SETTLE', 'WAIT_SETTLE', 'WAIT_SETTLE', 'WAIT_SETTLE', 'WAIT_SETTLE', 'WAIT_SETTLE']",6.0,120.0,REGIME_C_HIDDEN_BOTTOM,FB6_Additive_Cost,18
bench_REGIME_C_HIDDEN_BOTTOM_018,FB7_Exposure_Aware_Planner,potato,HIDDEN_BOTTOM,0.112,0.116,0.004,MARKDOWN,0.0,0.0,1.0,0.0,0.0,0.0,0.0,0.0,"{0: 0.03, 1: 0.03, 2: 0.03, 3: 0.03, 4: 0.4094}",1,['STOP_INSPECTION'],0.0,0.0,REGIME_C_HIDDEN_BOTTOM,FB7_Proposed,18
bench_REGIME_C_HIDDEN_BOTTOM_019,FB0_Surface_Only,potato,HIDDEN_BOTTOM,0.12,0.1114,0.0086,MARKDOWN,0.0,0.0,1.0,0.0,2.0,0.2,2.2,5.0,"{0: 0.03, 1: 0.03, 2: 0.03, 3: 0.03, 4: 0.4419}",2,"['OBSERVE_STRATUM', 'STOP_INSPECTION']",2.0,5.0,REGIME_C_HIDDEN_BOTTOM,FB0_Surface_Only,19
bench_REGIME_C_HIDDEN_BOTTOM_019,FB1_Fixed_Sampling,potato,HIDDEN_BOTTOM,0.12,0.1075,0.0125,MARKDOWN,0.0,0.0,1.0,0.0,45.0,3.0,48.0,75.0,"{0: 0.03, 1: 0.03, 2: 0.03, 3: 0.03, 4: 0.4419}",4,"['SAMPLE_UNITS', 'SAMPLE_UNITS', 'SAMPLE_UNITS', 'STOP_INSPECTION']",45.0,75.0,REGIME_C_HIDDEN_BOTTOM,FB1_Fixed_Random,19
bench_REGIME_C_HIDDEN_BOTTOM_019,FB2_Depth_Stratified,potato,HIDDEN_BOTTOM,0.12,0.1165,0.0035,MARKDOWN,0.0,0.0,1.0,0.0,42.0,11.4,53.4,285.0,"{0: 0.03, 1: 0.03, 2: 0.03, 3: 0.03, 4: 0.4419}",10,"['OBSERVE_STRATUM', 'REMOVE_LAYER', 'OBSERVE_STRATUM', 'REMOVE_LAYER', 'OBSERVE_STRATUM', 'REMOVE_LAYER', 'OBSERVE_STRATUM', 'REMOVE_LAYER', 'OBSERVE_STRATUM', 'STOP_INSPECTION']",42.0,85.0,REGIME_C_HIDDEN_BOTTOM,FB2_Depth_Stratified,19
bench_REGIME_C_HIDDEN_BOTTOM_019,FB3_Macro_Myopic_VOI,potato,HIDDEN_BOTTOM,0.12,0.1103,0.0097,MARKDOWN,0.0,0.0,1.0,0.0,2.0,0.2,2.2,5.0,"{0: 0.03, 1: 0.03, 2: 0.03, 3: 0.03, 4: 0.4419}",2,"['OBSERVE_STRATUM', 'STOP_INSPECTION']",2.0,5.0,REGIME_C_HIDDEN_BOTTOM,FB3_Macro_Myopic_VOI,19
bench_REGIME_C_HIDDEN_BOTTOM_019,FB5_State_Blind_Lookahead,potato,HIDDEN_BOTTOM,0.12,0.116,0.004,MARKDOWN,0.0,0.0,1.0,0.0,6.0,4.8,10.8,120.0,"{0: 0.03, 1: 0.03, 2: 0.03, 3: 0.03, 4: 0.4419}",12,"['WAIT_SETTLE', 'WAIT_SETTLE', 'WAIT_SETTLE', 'WAIT_SETTLE', 'WAIT_SETTLE', 'WAIT_SETTLE', 'WAIT_SETTLE', 'WAIT_SETTLE', 'WAIT_SETTLE', 'WAIT_SETTLE', 'WAIT_SETTLE', 'WAIT_SETTLE']",6.0,120.0,REGIME_C_HIDDEN_BOTTOM,FB5_State_Blind,19
bench_REGIME_C_HIDDEN_BOTTOM_019,FB6_Additive_Cost_Planner,potato,HIDDEN_BOTTOM,0.12,0.116,0.004,MARKDOWN,0.0,0.0,1.0,0.0,6.0,4.8,10.8,120.0,"{0: 0.03, 1: 0.03, 2: 0.03, 3: 0.03, 4: 0.4419}",12,"['WAIT_SETTLE', 'WAIT_SETTLE', 'WAIT_SETTLE', 'WAIT_SETTLE', 'WAIT_SETTLE', 'WAIT_SETTLE', 'WAIT_SETTLE', 'WAIT_SETTLE', 'WAIT_SETTLE', 'WAIT_SETTLE', 'WAIT_SETTLE', 'WAIT_SETTLE']",6.0,120.0,REGIME_C_HIDDEN_BOTTOM,FB6_Additive_Cost,19
bench_REGIME_C_HIDDEN_BOTTOM_019,FB7_Exposure_Aware_Planner,potato,HIDDEN_BOTTOM,0.12,0.116,0.004,MARKDOWN,0.0,0.0,1.0,0.0,0.0,0.0,0.0,0.0,"{0: 0.03, 1: 0.03, 2: 0.03, 3: 0.03, 4: 0.4419}",1,['STOP_INSPECTION'],0.0,0.0,REGIME_C_HIDDEN_BOTTOM,FB7_Proposed,19
bench_REGIME_C_HIDDEN_BOTTOM_020,FB0_Surface_Only,potato,HIDDEN_BOTTOM,0.156,0.1135,0.0425,MARKDOWN,0.0,0.0,1.0,0.0,2.0,0.2,2.2,5.0,"{0: 0.03, 1: 0.03, 2: 0.03, 3: 0.03, 4: 0.6211}",2,"['OBSERVE_STRATUM', 'STOP_INSPECTION']",2.0,5.0,REGIME_C_HIDDEN_BOTTOM,FB0_Surface_Only,20
bench_REGIME_C_HIDDEN_BOTTOM_020,FB1_Fixed_Sampling,potato,HIDDEN_BOTTOM,0.156,0.1076,0.0484,MARKDOWN,0.0,0.0,1.0,0.0,45.0,3.0,48.0,75.0,"{0: 0.03, 1: 0.03, 2: 0.03, 3: 0.03, 4: 0.6211}",4,"['SAMPLE_UNITS', 'SAMPLE_UNITS', 'SAMPLE_UNITS', 'STOP_INSPECTION']",45.0,75.0,REGIME_C_HIDDEN_BOTTOM,FB1_Fixed_Random,20
bench_REGIME_C_HIDDEN_BOTTOM_020,FB2_Depth_Stratified,potato,HIDDEN_BOTTOM,0.156,0.1299,0.0261,MARKDOWN,0.0,0.0,1.0,0.0,42.0,11.4,53.4,285.0,"{0: 0.03, 1: 0.03, 2: 0.03, 3: 0.03, 4: 0.6211}",10,"['OBSERVE_STRATUM', 'REMOVE_LAYER', 'OBSERVE_STRATUM', 'REMOVE_LAYER', 'OBSERVE_STRATUM', 'REMOVE_LAYER', 'OBSERVE_STRATUM', 'REMOVE_LAYER', 'OBSERVE_STRATUM', 'STOP_INSPECTION']",42.0,85.0,REGIME_C_HIDDEN_BOTTOM,FB2_Depth_Stratified,20
bench_REGIME_C_HIDDEN_BOTTOM_020,FB3_Macro_Myopic_VOI,potato,HIDDEN_BOTTOM,0.156,0.1092,0.0468,MARKDOWN,0.0,0.0,1.0,0.0,2.0,0.2,2.2,5.0,"{0: 0.03, 1: 0.03, 2: 0.03, 3: 0.03, 4: 0.6211}",2,"['OBSERVE_STRATUM', 'STOP_INSPECTION']",2.0,5.0,REGIME_C_HIDDEN_BOTTOM,FB3_Macro_Myopic_VOI,20
bench_REGIME_C_HIDDEN_BOTTOM_020,FB5_State_Blind_Lookahead,potato,HIDDEN_BOTTOM,0.156,0.116,0.04,MARKDOWN,0.0,0.0,1.0,0.0,6.0,4.8,10.8,120.0,"{0: 0.03, 1: 0.03, 2: 0.03, 3: 0.03, 4: 0.6211}",12,"['WAIT_SETTLE', 'WAIT_SETTLE', 'WAIT_SETTLE', 'WAIT_SETTLE', 'WAIT_SETTLE', 'WAIT_SETTLE', 'WAIT_SETTLE', 'WAIT_SETTLE', 'WAIT_SETTLE', 'WAIT_SETTLE', 'WAIT_SETTLE', 'WAIT_SETTLE']",6.0,120.0,REGIME_C_HIDDEN_BOTTOM,FB5_State_Blind,20
bench_REGIME_C_HIDDEN_BOTTOM_020,FB6_Additive_Cost_Planner,potato,HIDDEN_BOTTOM,0.156,0.116,0.04,MARKDOWN,0.0,0.0,1.0,0.0,6.0,4.8,10.8,120.0,"{0: 0.03, 1: 0.03, 2: 0.03, 3: 0.03, 4: 0.6211}",12,"['WAIT_SETTLE', 'WAIT_SETTLE', 'WAIT_SETTLE', 'WAIT_SETTLE', 'WAIT_SETTLE', 'WAIT_SETTLE', 'WAIT_SETTLE', 'WAIT_SETTLE', 'WAIT_SETTLE', 'WAIT_SETTLE', 'WAIT_SETTLE', 'WAIT_SETTLE']",6.0,120.0,REGIME_C_HIDDEN_BOTTOM,FB6_Additive_Cost,20
bench_REGIME_C_HIDDEN_BOTTOM_020,FB7_Exposure_Aware_Planner,potato,HIDDEN_BOTTOM,0.156,0.116,0.04,MARKDOWN,0.0,0.0,1.0,0.0,0.0,0.0,0.0,0.0,"{0: 0.03, 1: 0.03, 2: 0.03, 3: 0.03, 4: 0.6211}",1,['STOP_INSPECTION'],0.0,0.0,REGIME_C_HIDDEN_BOTTOM,FB7_Proposed,20
bench_REGIME_C_HIDDEN_BOTTOM_021,FB0_Surface_Only,potato,HIDDEN_BOTTOM,0.128,0.1105,0.0175,MARKDOWN,0.0,0.0,1.0,0.0,2.0,0.2,2.2,5.0,"{0: 0.03, 1: 0.03, 2: 0.03, 3: 0.03, 4: 0.4821}",2,"['OBSERVE_STRATUM', 'STOP_INSPECTION']",2.0,5.0,REGIME_C_HIDDEN_BOTTOM,FB0_Surface_Only,21
bench_REGIME_C_HIDDEN_BOTTOM_021,FB1_Fixed_Sampling,potato,HIDDEN_BOTTOM,0.128,0.1085,0.0195,MARKDOWN,0.0,0.0,1.0,0.0,45.0,3.0,48.0,75.0,"{0: 0.03, 1: 0.03, 2: 0.03, 3: 0.03, 4: 0.4821}",4,"['SAMPLE_UNITS', 'SAMPLE_UNITS', 'SAMPLE_UNITS', 'STOP_INSPECTION']",45.0,75.0,REGIME_C_HIDDEN_BOTTOM,FB1_Fixed_Random,21
bench_REGIME_C_HIDDEN_BOTTOM_021,FB2_Depth_Stratified,potato,HIDDEN_BOTTOM,0.128,0.1202,0.0078,MARKDOWN,0.0,0.0,1.0,0.0,42.0,11.4,53.4,285.0,"{0: 0.03, 1: 0.03, 2: 0.03, 3: 0.03, 4: 0.4821}",10,"['OBSERVE_STRATUM', 'REMOVE_LAYER', 'OBSERVE_STRATUM', 'REMOVE_LAYER', 'OBSERVE_STRATUM', 'REMOVE_LAYER', 'OBSERVE_STRATUM', 'REMOVE_LAYER', 'OBSERVE_STRATUM', 'STOP_INSPECTION']",42.0,85.0,REGIME_C_HIDDEN_BOTTOM,FB2_Depth_Stratified,21
bench_REGIME_C_HIDDEN_BOTTOM_021,FB3_Macro_Myopic_VOI,potato,HIDDEN_BOTTOM,0.128,0.1132,0.0148,MARKDOWN,0.0,0.0,1.0,0.0,2.0,0.2,2.2,5.0,"{0: 0.03, 1: 0.03, 2: 0.03, 3: 0.03, 4: 0.4821}",2,"['OBSERVE_STRATUM', 'STOP_INSPECTION']",2.0,5.0,REGIME_C_HIDDEN_BOTTOM,FB3_Macro_Myopic_VOI,21
bench_REGIME_C_HIDDEN_BOTTOM_021,FB5_State_Blind_Lookahead,potato,HIDDEN_BOTTOM,0.128,0.116,0.012,MARKDOWN,0.0,0.0,1.0,0.0,6.0,4.8,10.8,120.0,"{0: 0.03, 1: 0.03, 2: 0.03, 3: 0.03, 4: 0.4821}",12,"['WAIT_SETTLE', 'WAIT_SETTLE', 'WAIT_SETTLE', 'WAIT_SETTLE', 'WAIT_SETTLE', 'WAIT_SETTLE', 'WAIT_SETTLE', 'WAIT_SETTLE', 'WAIT_SETTLE', 'WAIT_SETTLE', 'WAIT_SETTLE', 'WAIT_SETTLE']",6.0,120.0,REGIME_C_HIDDEN_BOTTOM,FB5_State_Blind,21
bench_REGIME_C_HIDDEN_BOTTOM_021,FB6_Additive_Cost_Planner,potato,HIDDEN_BOTTOM,0.128,0.116,0.012,MARKDOWN,0.0,0.0,1.0,0.0,6.0,4.8,10.8,120.0,"{0: 0.03, 1: 0.03, 2: 0.03, 3: 0.03, 4: 0.4821}",12,"['WAIT_SETTLE', 'WAIT_SETTLE', 'WAIT_SETTLE', 'WAIT_SETTLE', 'WAIT_SETTLE', 'WAIT_SETTLE', 'WAIT_SETTLE', 'WAIT_SETTLE', 'WAIT_SETTLE', 'WAIT_SETTLE', 'WAIT_SETTLE', 'WAIT_SETTLE']",6.0,120.0,REGIME_C_HIDDEN_BOTTOM,FB6_Additive_Cost,21
bench_REGIME_C_HIDDEN_BOTTOM_021,FB7_Exposure_Aware_Planner,potato,HIDDEN_BOTTOM,0.128,0.116,0.012,MARKDOWN,0.0,0.0,1.0,0.0,0.0,0.0,0.0,0.0,"{0: 0.03, 1: 0.03, 2: 0.03, 3: 0.03, 4: 0.4821}",1,['STOP_INSPECTION'],0.0,0.0,REGIME_C_HIDDEN_BOTTOM,FB7_Proposed,21
bench_REGIME_C_HIDDEN_BOTTOM_022,FB0_Surface_Only,potato,HIDDEN_BOTTOM,0.136,0.1092,0.0268,MARKDOWN,0.0,0.0,1.0,0.0,2.0,0.2,2.2,5.0,"{0: 0.03, 1: 0.03, 2: 0.03, 3: 0.03, 4: 0.5207}",2,"['OBSERVE_STRATUM', 'STOP_INSPECTION']",2.0,5.0,REGIME_C_HIDDEN_BOTTOM,FB0_Surface_Only,22
bench_REGIME_C_HIDDEN_BOTTOM_022,FB1_Fixed_Sampling,potato,HIDDEN_BOTTOM,0.136,0.1105,0.0255,MARKDOWN,0.0,0.0,1.0,0.0,45.0,3.0,48.0,75.0,"{0: 0.03, 1: 0.03, 2: 0.03, 3: 0.03, 4: 0.5207}",4,"['SAMPLE_UNITS', 'SAMPLE_UNITS', 'SAMPLE_UNITS', 'STOP_INSPECTION']",45.0,75.0,REGIME_C_HIDDEN_BOTTOM,FB1_Fixed_Random,22
bench_REGIME_C_HIDDEN_BOTTOM_022,FB2_Depth_Stratified,potato,HIDDEN_BOTTOM,0.136,0.1248,0.0112,MARKDOWN,0.0,0.0,1.0,0.0,42.0,11.4,53.4,285.0,"{0: 0.03, 1: 0.03, 2: 0.03, 3: 0.03, 4: 0.5207}",10,"['OBSERVE_STRATUM', 'REMOVE_LAYER', 'OBSERVE_STRATUM', 'REMOVE_LAYER', 'OBSERVE_STRATUM', 'REMOVE_LAYER', 'OBSERVE_STRATUM', 'REMOVE_LAYER', 'OBSERVE_STRATUM', 'STOP_INSPECTION']",42.0,85.0,REGIME_C_HIDDEN_BOTTOM,FB2_Depth_Stratified,22
bench_REGIME_C_HIDDEN_BOTTOM_022,FB3_Macro_Myopic_VOI,potato,HIDDEN_BOTTOM,0.136,0.1138,0.0222,MARKDOWN,0.0,0.0,1.0,0.0,2.0,0.2,2.2,5.0,"{0: 0.03, 1: 0.03, 2: 0.03, 3: 0.03, 4: 0.5207}",2,"['OBSERVE_STRATUM', 'STOP_INSPECTION']",2.0,5.0,REGIME_C_HIDDEN_BOTTOM,FB3_Macro_Myopic_VOI,22
bench_REGIME_C_HIDDEN_BOTTOM_022,FB5_State_Blind_Lookahead,potato,HIDDEN_BOTTOM,0.136,0.116,0.02,MARKDOWN,0.0,0.0,1.0,0.0,6.0,4.8,10.8,120.0,"{0: 0.03, 1: 0.03, 2: 0.03, 3: 0.03, 4: 0.5207}",12,"['WAIT_SETTLE', 'WAIT_SETTLE', 'WAIT_SETTLE', 'WAIT_SETTLE', 'WAIT_SETTLE', 'WAIT_SETTLE', 'WAIT_SETTLE', 'WAIT_SETTLE', 'WAIT_SETTLE', 'WAIT_SETTLE', 'WAIT_SETTLE', 'WAIT_SETTLE']",6.0,120.0,REGIME_C_HIDDEN_BOTTOM,FB5_State_Blind,22
bench_REGIME_C_HIDDEN_BOTTOM_022,FB6_Additive_Cost_Planner,potato,HIDDEN_BOTTOM,0.136,0.116,0.02,MARKDOWN,0.0,0.0,1.0,0.0,6.0,4.8,10.8,120.0,"{0: 0.03, 1: 0.03, 2: 0.03, 3: 0.03, 4: 0.5207}",12,"['WAIT_SETTLE', 'WAIT_SETTLE', 'WAIT_SETTLE', 'WAIT_SETTLE', 'WAIT_SETTLE', 'WAIT_SETTLE', 'WAIT_SETTLE', 'WAIT_SETTLE', 'WAIT_SETTLE', 'WAIT_SETTLE', 'WAIT_SETTLE', 'WAIT_SETTLE']",6.0,120.0,REGIME_C_HIDDEN_BOTTOM,FB6_Additive_Cost,22
bench_REGIME_C_HIDDEN_BOTTOM_022,FB7_Exposure_Aware_Planner,potato,HIDDEN_BOTTOM,0.136,0.116,0.02,MARKDOWN,0.0,0.0,1.0,0.0,0.0,0.0,0.0,0.0,"{0: 0.03, 1: 0.03, 2: 0.03, 3: 0.03, 4: 0.5207}",1,['STOP_INSPECTION'],0.0,0.0,REGIME_C_HIDDEN_BOTTOM,FB7_Proposed,22
bench_REGIME_C_HIDDEN_BOTTOM_023,FB0_Surface_Only,potato,HIDDEN_BOTTOM,0.152,0.1165,0.0355,MARKDOWN,0.0,0.0,1.0,0.0,2.0,0.2,2.2,5.0,"{0: 0.03, 1: 0.03, 2: 0.03, 3: 0.03, 4: 0.6049}",2,"['OBSERVE_STRATUM', 'STOP_INSPECTION']",2.0,5.0,REGIME_C_HIDDEN_BOTTOM,FB0_Surface_Only,23
bench_REGIME_C_HIDDEN_BOTTOM_023,FB1_Fixed_Sampling,potato,HIDDEN_BOTTOM,0.152,0.1095,0.0425,MARKDOWN,0.0,0.0,1.0,0.0,45.0,3.0,48.0,75.0,"{0: 0.03, 1: 0.03, 2: 0.03, 3: 0.03, 4: 0.6049}",4,"['SAMPLE_UNITS', 'SAMPLE_UNITS', 'SAMPLE_UNITS', 'STOP_INSPECTION']",45.0,75.0,REGIME_C_HIDDEN_BOTTOM,FB1_Fixed_Random,23
bench_REGIME_C_HIDDEN_BOTTOM_023,FB2_Depth_Stratified,potato,HIDDEN_BOTTOM,0.152,0.1253,0.0267,MARKDOWN,0.0,0.0,1.0,0.0,42.0,11.4,53.4,285.0,"{0: 0.03, 1: 0.03, 2: 0.03, 3: 0.03, 4: 0.6049}",10,"['OBSERVE_STRATUM', 'REMOVE_LAYER', 'OBSERVE_STRATUM', 'REMOVE_LAYER', 'OBSERVE_STRATUM', 'REMOVE_LAYER', 'OBSERVE_STRATUM', 'REMOVE_LAYER', 'OBSERVE_STRATUM', 'STOP_INSPECTION']",42.0,85.0,REGIME_C_HIDDEN_BOTTOM,FB2_Depth_Stratified,23
bench_REGIME_C_HIDDEN_BOTTOM_023,FB3_Macro_Myopic_VOI,potato,HIDDEN_BOTTOM,0.152,0.1106,0.0414,MARKDOWN,0.0,0.0,1.0,0.0,2.0,0.2,2.2,5.0,"{0: 0.03, 1: 0.03, 2: 0.03, 3: 0.03, 4: 0.6049}",2,"['OBSERVE_STRATUM', 'STOP_INSPECTION']",2.0,5.0,REGIME_C_HIDDEN_BOTTOM,FB3_Macro_Myopic_VOI,23
bench_REGIME_C_HIDDEN_BOTTOM_023,FB5_State_Blind_Lookahead,potato,HIDDEN_BOTTOM,0.152,0.116,0.036,MARKDOWN,0.0,0.0,1.0,0.0,6.0,4.8,10.8,120.0,"{0: 0.03, 1: 0.03, 2: 0.03, 3: 0.03, 4: 0.6049}",12,"['WAIT_SETTLE', 'WAIT_SETTLE', 'WAIT_SETTLE', 'WAIT_SETTLE', 'WAIT_SETTLE', 'WAIT_SETTLE', 'WAIT_SETTLE', 'WAIT_SETTLE', 'WAIT_SETTLE', 'WAIT_SETTLE', 'WAIT_SETTLE', 'WAIT_SETTLE']",6.0,120.0,REGIME_C_HIDDEN_BOTTOM,FB5_State_Blind,23
bench_REGIME_C_HIDDEN_BOTTOM_023,FB6_Additive_Cost_Planner,potato,HIDDEN_BOTTOM,0.152,0.116,0.036,MARKDOWN,0.0,0.0,1.0,0.0,6.0,4.8,10.8,120.0,"{0: 0.03, 1: 0.03, 2: 0.03, 3: 0.03, 4: 0.6049}",12,"['WAIT_SETTLE', 'WAIT_SETTLE', 'WAIT_SETTLE', 'WAIT_SETTLE', 'WAIT_SETTLE', 'WAIT_SETTLE', 'WAIT_SETTLE', 'WAIT_SETTLE', 'WAIT_SETTLE', 'WAIT_SETTLE', 'WAIT_SETTLE', 'WAIT_SETTLE']",6.0,120.0,REGIME_C_HIDDEN_BOTTOM,FB6_Additive_Cost,23
bench_REGIME_C_HIDDEN_BOTTOM_023,FB7_Exposure_Aware_Planner,potato,HIDDEN_BOTTOM,0.152,0.116,0.036,MARKDOWN,0.0,0.0,1.0,0.0,0.0,0.0,0.0,0.0,"{0: 0.03, 1: 0.03, 2: 0.03, 3: 0.03, 4: 0.6049}",1,['STOP_INSPECTION'],0.0,0.0,REGIME_C_HIDDEN_BOTTOM,FB7_Proposed,23
bench_REGIME_C_HIDDEN_BOTTOM_024,FB0_Surface_Only,potato,HIDDEN_BOTTOM,0.116,0.1093,0.0067,MARKDOWN,0.0,0.0,1.0,0.0,2.0,0.2,2.2,5.0,"{0: 0.03, 1: 0.03, 2: 0.03, 3: 0.03, 4: 0.4103}",2,"['OBSERVE_STRATUM', 'STOP_INSPECTION']",2.0,5.0,REGIME_C_HIDDEN_BOTTOM,FB0_Surface_Only,24
bench_REGIME_C_HIDDEN_BOTTOM_024,FB1_Fixed_Sampling,potato,HIDDEN_BOTTOM,0.116,0.1098,0.0062,MARKDOWN,0.0,0.0,1.0,0.0,45.0,3.0,48.0,75.0,"{0: 0.03, 1: 0.03, 2: 0.03, 3: 0.03, 4: 0.4103}",4,"['SAMPLE_UNITS', 'SAMPLE_UNITS', 'SAMPLE_UNITS', 'STOP_INSPECTION']",45.0,75.0,REGIME_C_HIDDEN_BOTTOM,FB1_Fixed_Random,24
bench_REGIME_C_HIDDEN_BOTTOM_024,FB2_Depth_Stratified,potato,HIDDEN_BOTTOM,0.116,0.1208,0.0048,MARKDOWN,0.0,0.0,1.0,0.0,42.0,11.4,53.4,285.0,"{0: 0.03, 1: 0.03, 2: 0.03, 3: 0.03, 4: 0.4103}",10,"['OBSERVE_STRATUM', 'REMOVE_LAYER', 'OBSERVE_STRATUM', 'REMOVE_LAYER', 'OBSERVE_STRATUM', 'REMOVE_LAYER', 'OBSERVE_STRATUM', 'REMOVE_LAYER', 'OBSERVE_STRATUM', 'STOP_INSPECTION']",42.0,85.0,REGIME_C_HIDDEN_BOTTOM,FB2_Depth_Stratified,24
bench_REGIME_C_HIDDEN_BOTTOM_024,FB3_Macro_Myopic_VOI,potato,HIDDEN_BOTTOM,0.116,0.1092,0.0068,MARKDOWN,0.0,0.0,1.0,0.0,2.0,0.2,2.2,5.0,"{0: 0.03, 1: 0.03, 2: 0.03, 3: 0.03, 4: 0.4103}",2,"['OBSERVE_STRATUM', 'STOP_INSPECTION']",2.0,5.0,REGIME_C_HIDDEN_BOTTOM,FB3_Macro_Myopic_VOI,24
bench_REGIME_C_HIDDEN_BOTTOM_024,FB5_State_Blind_Lookahead,potato,HIDDEN_BOTTOM,0.116,0.116,0.0,MARKDOWN,0.0,0.0,1.0,0.0,6.0,4.8,10.8,120.0,"{0: 0.03, 1: 0.03, 2: 0.03, 3: 0.03, 4: 0.4103}",12,"['WAIT_SETTLE', 'WAIT_SETTLE', 'WAIT_SETTLE', 'WAIT_SETTLE', 'WAIT_SETTLE', 'WAIT_SETTLE', 'WAIT_SETTLE', 'WAIT_SETTLE', 'WAIT_SETTLE', 'WAIT_SETTLE', 'WAIT_SETTLE', 'WAIT_SETTLE']",6.0,120.0,REGIME_C_HIDDEN_BOTTOM,FB5_State_Blind,24
bench_REGIME_C_HIDDEN_BOTTOM_024,FB6_Additive_Cost_Planner,potato,HIDDEN_BOTTOM,0.116,0.116,0.0,MARKDOWN,0.0,0.0,1.0,0.0,6.0,4.8,10.8,120.0,"{0: 0.03, 1: 0.03, 2: 0.03, 3: 0.03, 4: 0.4103}",12,"['WAIT_SETTLE', 'WAIT_SETTLE', 'WAIT_SETTLE', 'WAIT_SETTLE', 'WAIT_SETTLE', 'WAIT_SETTLE', 'WAIT_SETTLE', 'WAIT_SETTLE', 'WAIT_SETTLE', 'WAIT_SETTLE', 'WAIT_SETTLE', 'WAIT_SETTLE']",6.0,120.0,REGIME_C_HIDDEN_BOTTOM,FB6_Additive_Cost,24
bench_REGIME_C_HIDDEN_BOTTOM_024,FB7_Exposure_Aware_Planner,potato,HIDDEN_BOTTOM,0.116,0.116,0.0,MARKDOWN,0.0,0.0,1.0,0.0,0.0,0.0,0.0,0.0,"{0: 0.03, 1: 0.03, 2: 0.03, 3: 0.03, 4: 0.4103}",1,['STOP_INSPECTION'],0.0,0.0,REGIME_C_HIDDEN_BOTTOM,FB7_Proposed,24
bench_REGIME_C_HIDDEN_BOTTOM_025,FB0_Surface_Only,potato,HIDDEN_BOTTOM,0.128,0.1092,0.0188,MARKDOWN,0.0,0.0,1.0,0.0,2.0,0.2,2.2,5.0,"{0: 0.03, 1: 0.03, 2: 0.03, 3: 0.03, 4: 0.4814}",2,"['OBSERVE_STRATUM', 'STOP_INSPECTION']",2.0,5.0,REGIME_C_HIDDEN_BOTTOM,FB0_Surface_Only,25
bench_REGIME_C_HIDDEN_BOTTOM_025,FB1_Fixed_Sampling,potato,HIDDEN_BOTTOM,0.128,0.1082,0.0198,MARKDOWN,0.0,0.0,1.0,0.0,45.0,3.0,48.0,75.0,"{0: 0.03, 1: 0.03, 2: 0.03, 3: 0.03, 4: 0.4814}",4,"['SAMPLE_UNITS', 'SAMPLE_UNITS', 'SAMPLE_UNITS', 'STOP_INSPECTION']",45.0,75.0,REGIME_C_HIDDEN_BOTTOM,FB1_Fixed_Random,25
bench_REGIME_C_HIDDEN_BOTTOM_025,FB2_Depth_Stratified,potato,HIDDEN_BOTTOM,0.128,0.1116,0.0164,MARKDOWN,0.0,0.0,1.0,0.0,42.0,11.4,53.4,285.0,"{0: 0.03, 1: 0.03, 2: 0.03, 3: 0.03, 4: 0.4814}",10,"['OBSERVE_STRATUM', 'REMOVE_LAYER', 'OBSERVE_STRATUM', 'REMOVE_LAYER', 'OBSERVE_STRATUM', 'REMOVE_LAYER', 'OBSERVE_STRATUM', 'REMOVE_LAYER', 'OBSERVE_STRATUM', 'STOP_INSPECTION']",42.0,85.0,REGIME_C_HIDDEN_BOTTOM,FB2_Depth_Stratified,25
bench_REGIME_C_HIDDEN_BOTTOM_025,FB3_Macro_Myopic_VOI,potato,HIDDEN_BOTTOM,0.128,0.1127,0.0153,MARKDOWN,0.0,0.0,1.0,0.0,2.0,0.2,2.2,5.0,"{0: 0.03, 1: 0.03, 2: 0.03, 3: 0.03, 4: 0.4814}",2,"['OBSERVE_STRATUM', 'STOP_INSPECTION']",2.0,5.0,REGIME_C_HIDDEN_BOTTOM,FB3_Macro_Myopic_VOI,25
bench_REGIME_C_HIDDEN_BOTTOM_025,FB5_State_Blind_Lookahead,potato,HIDDEN_BOTTOM,0.128,0.116,0.012,MARKDOWN,0.0,0.0,1.0,0.0,6.0,4.8,10.8,120.0,"{0: 0.03, 1: 0.03, 2: 0.03, 3: 0.03, 4: 0.4814}",12,"['WAIT_SETTLE', 'WAIT_SETTLE', 'WAIT_SETTLE', 'WAIT_SETTLE', 'WAIT_SETTLE', 'WAIT_SETTLE', 'WAIT_SETTLE', 'WAIT_SETTLE', 'WAIT_SETTLE', 'WAIT_SETTLE', 'WAIT_SETTLE', 'WAIT_SETTLE']",6.0,120.0,REGIME_C_HIDDEN_BOTTOM,FB5_State_Blind,25
bench_REGIME_C_HIDDEN_BOTTOM_025,FB6_Additive_Cost_Planner,potato,HIDDEN_BOTTOM,0.128,0.116,0.012,MARKDOWN,0.0,0.0,1.0,0.0,6.0,4.8,10.8,120.0,"{0: 0.03, 1: 0.03, 2: 0.03, 3: 0.03, 4: 0.4814}",12,"['WAIT_SETTLE', 'WAIT_SETTLE', 'WAIT_SETTLE', 'WAIT_SETTLE', 'WAIT_SETTLE', 'WAIT_SETTLE', 'WAIT_SETTLE', 'WAIT_SETTLE', 'WAIT_SETTLE', 'WAIT_SETTLE', 'WAIT_SETTLE', 'WAIT_SETTLE']",6.0,120.0,REGIME_C_HIDDEN_BOTTOM,FB6_Additive_Cost,25
bench_REGIME_C_HIDDEN_BOTTOM_025,FB7_Exposure_Aware_Planner,potato,HIDDEN_BOTTOM,0.128,0.116,0.012,MARKDOWN,0.0,0.0,1.0,0.0,0.0,0.0,0.0,0.0,"{0: 0.03, 1: 0.03, 2: 0.03, 3: 0.03, 4: 0.4814}",1,['STOP_INSPECTION'],0.0,0.0,REGIME_C_HIDDEN_BOTTOM,FB7_Proposed,25
bench_REGIME_C_HIDDEN_BOTTOM_026,FB0_Surface_Only,potato,HIDDEN_BOTTOM,0.112,0.1112,0.0008,MARKDOWN,0.0,0.0,1.0,0.0,2.0,0.2,2.2,5.0,"{0: 0.03, 1: 0.03, 2: 0.03, 3: 0.03, 4: 0.4094}",2,"['OBSERVE_STRATUM', 'STOP_INSPECTION']",2.0,5.0,REGIME_C_HIDDEN_BOTTOM,FB0_Surface_Only,26
bench_REGIME_C_HIDDEN_BOTTOM_026,FB1_Fixed_Sampling,potato,HIDDEN_BOTTOM,0.112,0.1121,0.0001,MARKDOWN,0.0,0.0,1.0,0.0,45.0,3.0,48.0,75.0,"{0: 0.03, 1: 0.03, 2: 0.03, 3: 0.03, 4: 0.4094}",4,"['SAMPLE_UNITS', 'SAMPLE_UNITS', 'SAMPLE_UNITS', 'STOP_INSPECTION']",45.0,75.0,REGIME_C_HIDDEN_BOTTOM,FB1_Fixed_Random,26
bench_REGIME_C_HIDDEN_BOTTOM_026,FB2_Depth_Stratified,potato,HIDDEN_BOTTOM,0.112,0.1066,0.0054,MARKDOWN,0.0,0.0,1.0,0.0,42.0,11.4,53.4,285.0,"{0: 0.03, 1: 0.03, 2: 0.03, 3: 0.03, 4: 0.4094}",10,"['OBSERVE_STRATUM', 'REMOVE_LAYER', 'OBSERVE_STRATUM', 'REMOVE_LAYER', 'OBSERVE_STRATUM', 'REMOVE_LAYER', 'OBSERVE_STRATUM', 'REMOVE_LAYER', 'OBSERVE_STRATUM', 'STOP_INSPECTION']",42.0,85.0,REGIME_C_HIDDEN_BOTTOM,FB2_Depth_Stratified,26
bench_REGIME_C_HIDDEN_BOTTOM_026,FB3_Macro_Myopic_VOI,potato,HIDDEN_BOTTOM,0.112,0.111,0.001,MARKDOWN,0.0,0.0,1.0,0.0,2.0,0.2,2.2,5.0,"{0: 0.03, 1: 0.03, 2: 0.03, 3: 0.03, 4: 0.4094}",2,"['OBSERVE_STRATUM', 'STOP_INSPECTION']",2.0,5.0,REGIME_C_HIDDEN_BOTTOM,FB3_Macro_Myopic_VOI,26
bench_REGIME_C_HIDDEN_BOTTOM_026,FB5_State_Blind_Lookahead,potato,HIDDEN_BOTTOM,0.112,0.116,0.004,MARKDOWN,0.0,0.0,1.0,0.0,6.0,4.8,10.8,120.0,"{0: 0.03, 1: 0.03, 2: 0.03, 3: 0.03, 4: 0.4094}",12,"['WAIT_SETTLE', 'WAIT_SETTLE', 'WAIT_SETTLE', 'WAIT_SETTLE', 'WAIT_SETTLE', 'WAIT_SETTLE', 'WAIT_SETTLE', 'WAIT_SETTLE', 'WAIT_SETTLE', 'WAIT_SETTLE', 'WAIT_SETTLE', 'WAIT_SETTLE']",6.0,120.0,REGIME_C_HIDDEN_BOTTOM,FB5_State_Blind,26
bench_REGIME_C_HIDDEN_BOTTOM_026,FB6_Additive_Cost_Planner,potato,HIDDEN_BOTTOM,0.112,0.116,0.004,MARKDOWN,0.0,0.0,1.0,0.0,6.0,4.8,10.8,120.0,"{0: 0.03, 1: 0.03, 2: 0.03, 3: 0.03, 4: 0.4094}",12,"['WAIT_SETTLE', 'WAIT_SETTLE', 'WAIT_SETTLE', 'WAIT_SETTLE', 'WAIT_SETTLE', 'WAIT_SETTLE', 'WAIT_SETTLE', 'WAIT_SETTLE', 'WAIT_SETTLE', 'WAIT_SETTLE', 'WAIT_SETTLE', 'WAIT_SETTLE']",6.0,120.0,REGIME_C_HIDDEN_BOTTOM,FB6_Additive_Cost,26
bench_REGIME_C_HIDDEN_BOTTOM_026,FB7_Exposure_Aware_Planner,potato,HIDDEN_BOTTOM,0.112,0.116,0.004,MARKDOWN,0.0,0.0,1.0,0.0,0.0,0.0,0.0,0.0,"{0: 0.03, 1: 0.03, 2: 0.03, 3: 0.03, 4: 0.4094}",1,['STOP_INSPECTION'],0.0,0.0,REGIME_C_HIDDEN_BOTTOM,FB7_Proposed,26
bench_REGIME_C_HIDDEN_BOTTOM_027,FB0_Surface_Only,potato,HIDDEN_BOTTOM,0.14,0.1127,0.0273,MARKDOWN,0.0,0.0,1.0,0.0,2.0,0.2,2.2,5.0,"{0: 0.03, 1: 0.03, 2: 0.03, 3: 0.03, 4: 0.5414}",2,"['OBSERVE_STRATUM', 'STOP_INSPECTION']",2.0,5.0,REGIME_C_HIDDEN_BOTTOM,FB0_Surface_Only,27
bench_REGIME_C_HIDDEN_BOTTOM_027,FB1_Fixed_Sampling,potato,HIDDEN_BOTTOM,0.14,0.1093,0.0307,MARKDOWN,0.0,0.0,1.0,0.0,45.0,3.0,48.0,75.0,"{0: 0.03, 1: 0.03, 2: 0.03, 3: 0.03, 4: 0.5414}",4,"['SAMPLE_UNITS', 'SAMPLE_UNITS', 'SAMPLE_UNITS', 'STOP_INSPECTION']",45.0,75.0,REGIME_C_HIDDEN_BOTTOM,FB1_Fixed_Random,27
bench_REGIME_C_HIDDEN_BOTTOM_027,FB2_Depth_Stratified,potato,HIDDEN_BOTTOM,0.14,0.1191,0.0209,MARKDOWN,0.0,0.0,1.0,0.0,42.0,11.4,53.4,285.0,"{0: 0.03, 1: 0.03, 2: 0.03, 3: 0.03, 4: 0.5414}",10,"['OBSERVE_STRATUM', 'REMOVE_LAYER', 'OBSERVE_STRATUM', 'REMOVE_LAYER', 'OBSERVE_STRATUM', 'REMOVE_LAYER', 'OBSERVE_STRATUM', 'REMOVE_LAYER', 'OBSERVE_STRATUM', 'STOP_INSPECTION']",42.0,85.0,REGIME_C_HIDDEN_BOTTOM,FB2_Depth_Stratified,27
bench_REGIME_C_HIDDEN_BOTTOM_027,FB3_Macro_Myopic_VOI,potato,HIDDEN_BOTTOM,0.14,0.1133,0.0267,MARKDOWN,0.0,0.0,1.0,0.0,2.0,0.2,2.2,5.0,"{0: 0.03, 1: 0.03, 2: 0.03, 3: 0.03, 4: 0.5414}",2,"['OBSERVE_STRATUM', 'STOP_INSPECTION']",2.0,5.0,REGIME_C_HIDDEN_BOTTOM,FB3_Macro_Myopic_VOI,27
bench_REGIME_C_HIDDEN_BOTTOM_027,FB5_State_Blind_Lookahead,potato,HIDDEN_BOTTOM,0.14,0.116,0.024,MARKDOWN,0.0,0.0,1.0,0.0,6.0,4.8,10.8,120.0,"{0: 0.03, 1: 0.03, 2: 0.03, 3: 0.03, 4: 0.5414}",12,"['WAIT_SETTLE', 'WAIT_SETTLE', 'WAIT_SETTLE', 'WAIT_SETTLE', 'WAIT_SETTLE', 'WAIT_SETTLE', 'WAIT_SETTLE', 'WAIT_SETTLE', 'WAIT_SETTLE', 'WAIT_SETTLE', 'WAIT_SETTLE', 'WAIT_SETTLE']",6.0,120.0,REGIME_C_HIDDEN_BOTTOM,FB5_State_Blind,27
bench_REGIME_C_HIDDEN_BOTTOM_027,FB6_Additive_Cost_Planner,potato,HIDDEN_BOTTOM,0.14,0.116,0.024,MARKDOWN,0.0,0.0,1.0,0.0,6.0,4.8,10.8,120.0,"{0: 0.03, 1: 0.03, 2: 0.03, 3: 0.03, 4: 0.5414}",12,"['WAIT_SETTLE', 'WAIT_SETTLE', 'WAIT_SETTLE', 'WAIT_SETTLE', 'WAIT_SETTLE', 'WAIT_SETTLE', 'WAIT_SETTLE', 'WAIT_SETTLE', 'WAIT_SETTLE', 'WAIT_SETTLE', 'WAIT_SETTLE', 'WAIT_SETTLE']",6.0,120.0,REGIME_C_HIDDEN_BOTTOM,FB6_Additive_Cost,27
bench_REGIME_C_HIDDEN_BOTTOM_027,FB7_Exposure_Aware_Planner,potato,HIDDEN_BOTTOM,0.14,0.116,0.024,MARKDOWN,0.0,0.0,1.0,0.0,0.0,0.0,0.0,0.0,"{0: 0.03, 1: 0.03, 2: 0.03, 3: 0.03, 4: 0.5414}",1,['STOP_INSPECTION'],0.0,0.0,REGIME_C_HIDDEN_BOTTOM,FB7_Proposed,27
bench_REGIME_C_HIDDEN_BOTTOM_028,FB0_Surface_Only,potato,HIDDEN_BOTTOM,0.12,0.1116,0.0084,MARKDOWN,0.0,0.0,1.0,0.0,2.0,0.2,2.2,5.0,"{0: 0.03, 1: 0.03, 2: 0.03, 3: 0.03, 4: 0.4485}",2,"['OBSERVE_STRATUM', 'STOP_INSPECTION']",2.0,5.0,REGIME_C_HIDDEN_BOTTOM,FB0_Surface_Only,28
bench_REGIME_C_HIDDEN_BOTTOM_028,FB1_Fixed_Sampling,potato,HIDDEN_BOTTOM,0.12,0.1104,0.0096,MARKDOWN,0.0,0.0,1.0,0.0,45.0,3.0,48.0,75.0,"{0: 0.03, 1: 0.03, 2: 0.03, 3: 0.03, 4: 0.4485}",4,"['SAMPLE_UNITS', 'SAMPLE_UNITS', 'SAMPLE_UNITS', 'STOP_INSPECTION']",45.0,75.0,REGIME_C_HIDDEN_BOTTOM,FB1_Fixed_Random,28
bench_REGIME_C_HIDDEN_BOTTOM_028,FB2_Depth_Stratified,potato,HIDDEN_BOTTOM,0.12,0.1085,0.0115,MARKDOWN,0.0,0.0,1.0,0.0,42.0,11.4,53.4,285.0,"{0: 0.03, 1: 0.03, 2: 0.03, 3: 0.03, 4: 0.4485}",10,"['OBSERVE_STRATUM', 'REMOVE_LAYER', 'OBSERVE_STRATUM', 'REMOVE_LAYER', 'OBSERVE_STRATUM', 'REMOVE_LAYER', 'OBSERVE_STRATUM', 'REMOVE_LAYER', 'OBSERVE_STRATUM', 'STOP_INSPECTION']",42.0,85.0,REGIME_C_HIDDEN_BOTTOM,FB2_Depth_Stratified,28
bench_REGIME_C_HIDDEN_BOTTOM_028,FB3_Macro_Myopic_VOI,potato,HIDDEN_BOTTOM,0.12,0.1174,0.0026,MARKDOWN,0.0,0.0,1.0,0.0,2.0,0.2,2.2,5.0,"{0: 0.03, 1: 0.03, 2: 0.03, 3: 0.03, 4: 0.4485}",2,"['OBSERVE_STRATUM', 'STOP_INSPECTION']",2.0,5.0,REGIME_C_HIDDEN_BOTTOM,FB3_Macro_Myopic_VOI,28
bench_REGIME_C_HIDDEN_BOTTOM_028,FB5_State_Blind_Lookahead,potato,HIDDEN_BOTTOM,0.12,0.116,0.004,MARKDOWN,0.0,0.0,1.0,0.0,6.0,4.8,10.8,120.0,"{0: 0.03, 1: 0.03, 2: 0.03, 3: 0.03, 4: 0.4485}",12,"['WAIT_SETTLE', 'WAIT_SETTLE', 'WAIT_SETTLE', 'WAIT_SETTLE', 'WAIT_SETTLE', 'WAIT_SETTLE', 'WAIT_SETTLE', 'WAIT_SETTLE', 'WAIT_SETTLE', 'WAIT_SETTLE', 'WAIT_SETTLE', 'WAIT_SETTLE']",6.0,120.0,REGIME_C_HIDDEN_BOTTOM,FB5_State_Blind,28
bench_REGIME_C_HIDDEN_BOTTOM_028,FB6_Additive_Cost_Planner,potato,HIDDEN_BOTTOM,0.12,0.116,0.004,MARKDOWN,0.0,0.0,1.0,0.0,6.0,4.8,10.8,120.0,"{0: 0.03, 1: 0.03, 2: 0.03, 3: 0.03, 4: 0.4485}",12,"['WAIT_SETTLE', 'WAIT_SETTLE', 'WAIT_SETTLE', 'WAIT_SETTLE', 'WAIT_SETTLE', 'WAIT_SETTLE', 'WAIT_SETTLE', 'WAIT_SETTLE', 'WAIT_SETTLE', 'WAIT_SETTLE', 'WAIT_SETTLE', 'WAIT_SETTLE']",6.0,120.0,REGIME_C_HIDDEN_BOTTOM,FB6_Additive_Cost,28
bench_REGIME_C_HIDDEN_BOTTOM_028,FB7_Exposure_Aware_Planner,potato,HIDDEN_BOTTOM,0.12,0.116,0.004,MARKDOWN,0.0,0.0,1.0,0.0,0.0,0.0,0.0,0.0,"{0: 0.03, 1: 0.03, 2: 0.03, 3: 0.03, 4: 0.4485}",1,['STOP_INSPECTION'],0.0,0.0,REGIME_C_HIDDEN_BOTTOM,FB7_Proposed,28
bench_REGIME_C_HIDDEN_BOTTOM_029,FB0_Surface_Only,potato,HIDDEN_BOTTOM,0.156,0.1133,0.0427,MARKDOWN,0.0,0.0,1.0,0.0,2.0,0.2,2.2,5.0,"{0: 0.03, 1: 0.03, 2: 0.03, 3: 0.03, 4: 0.6253}",2,"['OBSERVE_STRATUM', 'STOP_INSPECTION']",2.0,5.0,REGIME_C_HIDDEN_BOTTOM,FB0_Surface_Only,29
bench_REGIME_C_HIDDEN_BOTTOM_029,FB1_Fixed_Sampling,potato,HIDDEN_BOTTOM,0.156,0.1102,0.0458,MARKDOWN,0.0,0.0,1.0,0.0,45.0,3.0,48.0,75.0,"{0: 0.03, 1: 0.03, 2: 0.03, 3: 0.03, 4: 0.6253}",4,"['SAMPLE_UNITS', 'SAMPLE_UNITS', 'SAMPLE_UNITS', 'STOP_INSPECTION']",45.0,75.0,REGIME_C_HIDDEN_BOTTOM,FB1_Fixed_Random,29
bench_REGIME_C_HIDDEN_BOTTOM_029,FB2_Depth_Stratified,potato,HIDDEN_BOTTOM,0.156,0.1285,0.0275,MARKDOWN,0.0,0.0,1.0,0.0,42.0,11.4,53.4,285.0,"{0: 0.03, 1: 0.03, 2: 0.03, 3: 0.03, 4: 0.6253}",10,"['OBSERVE_STRATUM', 'REMOVE_LAYER', 'OBSERVE_STRATUM', 'REMOVE_LAYER', 'OBSERVE_STRATUM', 'REMOVE_LAYER', 'OBSERVE_STRATUM', 'REMOVE_LAYER', 'OBSERVE_STRATUM', 'STOP_INSPECTION']",42.0,85.0,REGIME_C_HIDDEN_BOTTOM,FB2_Depth_Stratified,29
bench_REGIME_C_HIDDEN_BOTTOM_029,FB3_Macro_Myopic_VOI,potato,HIDDEN_BOTTOM,0.156,0.1113,0.0447,MARKDOWN,0.0,0.0,1.0,0.0,2.0,0.2,2.2,5.0,"{0: 0.03, 1: 0.03, 2: 0.03, 3: 0.03, 4: 0.6253}",2,"['OBSERVE_STRATUM', 'STOP_INSPECTION']",2.0,5.0,REGIME_C_HIDDEN_BOTTOM,FB3_Macro_Myopic_VOI,29
bench_REGIME_C_HIDDEN_BOTTOM_029,FB5_State_Blind_Lookahead,potato,HIDDEN_BOTTOM,0.156,0.116,0.04,MARKDOWN,0.0,0.0,1.0,0.0,6.0,4.8,10.8,120.0,"{0: 0.03, 1: 0.03, 2: 0.03, 3: 0.03, 4: 0.6253}",12,"['WAIT_SETTLE', 'WAIT_SETTLE', 'WAIT_SETTLE', 'WAIT_SETTLE', 'WAIT_SETTLE', 'WAIT_SETTLE', 'WAIT_SETTLE', 'WAIT_SETTLE', 'WAIT_SETTLE', 'WAIT_SETTLE', 'WAIT_SETTLE', 'WAIT_SETTLE']",6.0,120.0,REGIME_C_HIDDEN_BOTTOM,FB5_State_Blind,29
bench_REGIME_C_HIDDEN_BOTTOM_029,FB6_Additive_Cost_Planner,potato,HIDDEN_BOTTOM,0.156,0.116,0.04,MARKDOWN,0.0,0.0,1.0,0.0,6.0,4.8,10.8,120.0,"{0: 0.03, 1: 0.03, 2: 0.03, 3: 0.03, 4: 0.6253}",12,"['WAIT_SETTLE', 'WAIT_SETTLE', 'WAIT_SETTLE', 'WAIT_SETTLE', 'WAIT_SETTLE', 'WAIT_SETTLE', 'WAIT_SETTLE', 'WAIT_SETTLE', 'WAIT_SETTLE', 'WAIT_SETTLE', 'WAIT_SETTLE', 'WAIT_SETTLE']",6.0,120.0,REGIME_C_HIDDEN_BOTTOM,FB6_Additive_Cost,29
bench_REGIME_C_HIDDEN_BOTTOM_029,FB7_Exposure_Aware_Planner,potato,HIDDEN_BOTTOM,0.156,0.116,0.04,MARKDOWN,0.0,0.0,1.0,0.0,0.0,0.0,0.0,0.0,"{0: 0.03, 1: 0.03, 2: 0.03, 3: 0.03, 4: 0.6253}",1,['STOP_INSPECTION'],0.0,0.0,REGIME_C_HIDDEN_BOTTOM,FB7_Proposed,29
bench_REGIME_C_HIDDEN_BOTTOM_030,FB0_Surface_Only,potato,HIDDEN_BOTTOM,0.128,0.114,0.014,MARKDOWN,0.0,0.0,1.0,0.0,2.0,0.2,2.2,5.0,"{0: 0.03, 1: 0.03, 2: 0.03, 3: 0.03, 4: 0.4797}",2,"['OBSERVE_STRATUM', 'STOP_INSPECTION']",2.0,5.0,REGIME_C_HIDDEN_BOTTOM,FB0_Surface_Only,30
bench_REGIME_C_HIDDEN_BOTTOM_030,FB1_Fixed_Sampling,potato,HIDDEN_BOTTOM,0.128,0.1087,0.0193,MARKDOWN,0.0,0.0,1.0,0.0,45.0,3.0,48.0,75.0,"{0: 0.03, 1: 0.03, 2: 0.03, 3: 0.03, 4: 0.4797}",4,"['SAMPLE_UNITS', 'SAMPLE_UNITS', 'SAMPLE_UNITS', 'STOP_INSPECTION']",45.0,75.0,REGIME_C_HIDDEN_BOTTOM,FB1_Fixed_Random,30
bench_REGIME_C_HIDDEN_BOTTOM_030,FB2_Depth_Stratified,potato,HIDDEN_BOTTOM,0.128,0.1173,0.0107,MARKDOWN,0.0,0.0,1.0,0.0,42.0,11.4,53.4,285.0,"{0: 0.03, 1: 0.03, 2: 0.03, 3: 0.03, 4: 0.4797}",10,"['OBSERVE_STRATUM', 'REMOVE_LAYER', 'OBSERVE_STRATUM', 'REMOVE_LAYER', 'OBSERVE_STRATUM', 'REMOVE_LAYER', 'OBSERVE_STRATUM', 'REMOVE_LAYER', 'OBSERVE_STRATUM', 'STOP_INSPECTION']",42.0,85.0,REGIME_C_HIDDEN_BOTTOM,FB2_Depth_Stratified,30
bench_REGIME_C_HIDDEN_BOTTOM_030,FB3_Macro_Myopic_VOI,potato,HIDDEN_BOTTOM,0.128,0.1129,0.0151,MARKDOWN,0.0,0.0,1.0,0.0,2.0,0.2,2.2,5.0,"{0: 0.03, 1: 0.03, 2: 0.03, 3: 0.03, 4: 0.4797}",2,"['OBSERVE_STRATUM', 'STOP_INSPECTION']",2.0,5.0,REGIME_C_HIDDEN_BOTTOM,FB3_Macro_Myopic_VOI,30
bench_REGIME_C_HIDDEN_BOTTOM_030,FB5_State_Blind_Lookahead,potato,HIDDEN_BOTTOM,0.128,0.116,0.012,MARKDOWN,0.0,0.0,1.0,0.0,6.0,4.8,10.8,120.0,"{0: 0.03, 1: 0.03, 2: 0.03, 3: 0.03, 4: 0.4797}",12,"['WAIT_SETTLE', 'WAIT_SETTLE', 'WAIT_SETTLE', 'WAIT_SETTLE', 'WAIT_SETTLE', 'WAIT_SETTLE', 'WAIT_SETTLE', 'WAIT_SETTLE', 'WAIT_SETTLE', 'WAIT_SETTLE', 'WAIT_SETTLE', 'WAIT_SETTLE']",6.0,120.0,REGIME_C_HIDDEN_BOTTOM,FB5_State_Blind,30
bench_REGIME_C_HIDDEN_BOTTOM_030,FB6_Additive_Cost_Planner,potato,HIDDEN_BOTTOM,0.128,0.116,0.012,MARKDOWN,0.0,0.0,1.0,0.0,6.0,4.8,10.8,120.0,"{0: 0.03, 1: 0.03, 2: 0.03, 3: 0.03, 4: 0.4797}",12,"['WAIT_SETTLE', 'WAIT_SETTLE', 'WAIT_SETTLE', 'WAIT_SETTLE', 'WAIT_SETTLE', 'WAIT_SETTLE', 'WAIT_SETTLE', 'WAIT_SETTLE', 'WAIT_SETTLE', 'WAIT_SETTLE', 'WAIT_SETTLE', 'WAIT_SETTLE']",6.0,120.0,REGIME_C_HIDDEN_BOTTOM,FB6_Additive_Cost,30
bench_REGIME_C_HIDDEN_BOTTOM_030,FB7_Exposure_Aware_Planner,potato,HIDDEN_BOTTOM,0.128,0.116,0.012,MARKDOWN,0.0,0.0,1.0,0.0,0.0,0.0,0.0,0.0,"{0: 0.03, 1: 0.03, 2: 0.03, 3: 0.03, 4: 0.4797}",1,['STOP_INSPECTION'],0.0,0.0,REGIME_C_HIDDEN_BOTTOM,FB7_Proposed,30
bench_REGIME_C_HIDDEN_BOTTOM_031,FB0_Surface_Only,potato,HIDDEN_BOTTOM,0.132,0.1116,0.0204,MARKDOWN,0.0,0.0,1.0,0.0,2.0,0.2,2.2,5.0,"{0: 0.03, 1: 0.03, 2: 0.03, 3: 0.03, 4: 0.5046}",2,"['OBSERVE_STRATUM', 'STOP_INSPECTION']",2.0,5.0,REGIME_C_HIDDEN_BOTTOM,FB0_Surface_Only,31
bench_REGIME_C_HIDDEN_BOTTOM_031,FB1_Fixed_Sampling,potato,HIDDEN_BOTTOM,0.132,0.1069,0.0251,MARKDOWN,0.0,0.0,1.0,0.0,45.0,3.0,48.0,75.0,"{0: 0.03, 1: 0.03, 2: 0.03, 3: 0.03, 4: 0.5046}",4,"['SAMPLE_UNITS', 'SAMPLE_UNITS', 'SAMPLE_UNITS', 'STOP_INSPECTION']",45.0,75.0,REGIME_C_HIDDEN_BOTTOM,FB1_Fixed_Random,31
bench_REGIME_C_HIDDEN_BOTTOM_031,FB2_Depth_Stratified,potato,HIDDEN_BOTTOM,0.132,0.1225,0.0095,MARKDOWN,0.0,0.0,1.0,0.0,42.0,11.4,53.4,285.0,"{0: 0.03, 1: 0.03, 2: 0.03, 3: 0.03, 4: 0.5046}",10,"['OBSERVE_STRATUM', 'REMOVE_LAYER', 'OBSERVE_STRATUM', 'REMOVE_LAYER', 'OBSERVE_STRATUM', 'REMOVE_LAYER', 'OBSERVE_STRATUM', 'REMOVE_LAYER', 'OBSERVE_STRATUM', 'STOP_INSPECTION']",42.0,85.0,REGIME_C_HIDDEN_BOTTOM,FB2_Depth_Stratified,31
bench_REGIME_C_HIDDEN_BOTTOM_031,FB3_Macro_Myopic_VOI,potato,HIDDEN_BOTTOM,0.132,0.1147,0.0173,MARKDOWN,0.0,0.0,1.0,0.0,2.0,0.2,2.2,5.0,"{0: 0.03, 1: 0.03, 2: 0.03, 3: 0.03, 4: 0.5046}",2,"['OBSERVE_STRATUM', 'STOP_INSPECTION']",2.0,5.0,REGIME_C_HIDDEN_BOTTOM,FB3_Macro_Myopic_VOI,31
bench_REGIME_C_HIDDEN_BOTTOM_031,FB5_State_Blind_Lookahead,potato,HIDDEN_BOTTOM,0.132,0.116,0.016,MARKDOWN,0.0,0.0,1.0,0.0,6.0,4.8,10.8,120.0,"{0: 0.03, 1: 0.03, 2: 0.03, 3: 0.03, 4: 0.5046}",12,"['WAIT_SETTLE', 'WAIT_SETTLE', 'WAIT_SETTLE', 'WAIT_SETTLE', 'WAIT_SETTLE', 'WAIT_SETTLE', 'WAIT_SETTLE', 'WAIT_SETTLE', 'WAIT_SETTLE', 'WAIT_SETTLE', 'WAIT_SETTLE', 'WAIT_SETTLE']",6.0,120.0,REGIME_C_HIDDEN_BOTTOM,FB5_State_Blind,31
bench_REGIME_C_HIDDEN_BOTTOM_031,FB6_Additive_Cost_Planner,potato,HIDDEN_BOTTOM,0.132,0.116,0.016,MARKDOWN,0.0,0.0,1.0,0.0,6.0,4.8,10.8,120.0,"{0: 0.03, 1: 0.03, 2: 0.03, 3: 0.03, 4: 0.5046}",12,"['WAIT_SETTLE', 'WAIT_SETTLE', 'WAIT_SETTLE', 'WAIT_SETTLE', 'WAIT_SETTLE', 'WAIT_SETTLE', 'WAIT_SETTLE', 'WAIT_SETTLE', 'WAIT_SETTLE', 'WAIT_SETTLE', 'WAIT_SETTLE', 'WAIT_SETTLE']",6.0,120.0,REGIME_C_HIDDEN_BOTTOM,FB6_Additive_Cost,31
bench_REGIME_C_HIDDEN_BOTTOM_031,FB7_Exposure_Aware_Planner,potato,HIDDEN_BOTTOM,0.132,0.116,0.016,MARKDOWN,0.0,0.0,1.0,0.0,0.0,0.0,0.0,0.0,"{0: 0.03, 1: 0.03, 2: 0.03, 3: 0.03, 4: 0.5046}",1,['STOP_INSPECTION'],0.0,0.0,REGIME_C_HIDDEN_BOTTOM,FB7_Proposed,31
bench_REGIME_C_HIDDEN_BOTTOM_032,FB0_Surface_Only,potato,HIDDEN_BOTTOM,0.132,0.1137,0.0183,MARKDOWN,0.0,0.0,1.0,0.0,2.0,0.2,2.2,5.0,"{0: 0.03, 1: 0.03, 2: 0.03, 3: 0.03, 4: 0.4917}",2,"['OBSERVE_STRATUM', 'STOP_INSPECTION']",2.0,5.0,REGIME_C_HIDDEN_BOTTOM,FB0_Surface_Only,32
bench_REGIME_C_HIDDEN_BOTTOM_032,FB1_Fixed_Sampling,potato,HIDDEN_BOTTOM,0.132,0.1103,0.0217,MARKDOWN,0.0,0.0,1.0,0.0,45.0,3.0,48.0,75.0,"{0: 0.03, 1: 0.03, 2: 0.03, 3: 0.03, 4: 0.4917}",4,"['SAMPLE_UNITS', 'SAMPLE_UNITS', 'SAMPLE_UNITS', 'STOP_INSPECTION']",45.0,75.0,REGIME_C_HIDDEN_BOTTOM,FB1_Fixed_Random,32
bench_REGIME_C_HIDDEN_BOTTOM_032,FB2_Depth_Stratified,potato,HIDDEN_BOTTOM,0.132,0.1164,0.0156,MARKDOWN,0.0,0.0,1.0,0.0,42.0,11.4,53.4,285.0,"{0: 0.03, 1: 0.03, 2: 0.03, 3: 0.03, 4: 0.4917}",10,"['OBSERVE_STRATUM', 'REMOVE_LAYER', 'OBSERVE_STRATUM', 'REMOVE_LAYER', 'OBSERVE_STRATUM', 'REMOVE_LAYER', 'OBSERVE_STRATUM', 'REMOVE_LAYER', 'OBSERVE_STRATUM', 'STOP_INSPECTION']",42.0,85.0,REGIME_C_HIDDEN_BOTTOM,FB2_Depth_Stratified,32
bench_REGIME_C_HIDDEN_BOTTOM_032,FB3_Macro_Myopic_VOI,potato,HIDDEN_BOTTOM,0.132,0.1131,0.0189,MARKDOWN,0.0,0.0,1.0,0.0,2.0,0.2,2.2,5.0,"{0: 0.03, 1: 0.03, 2: 0.03, 3: 0.03, 4: 0.4917}",2,"['OBSERVE_STRATUM', 'STOP_INSPECTION']",2.0,5.0,REGIME_C_HIDDEN_BOTTOM,FB3_Macro_Myopic_VOI,32
bench_REGIME_C_HIDDEN_BOTTOM_032,FB5_State_Blind_Lookahead,potato,HIDDEN_BOTTOM,0.132,0.116,0.016,MARKDOWN,0.0,0.0,1.0,0.0,6.0,4.8,10.8,120.0,"{0: 0.03, 1: 0.03, 2: 0.03, 3: 0.03, 4: 0.4917}",12,"['WAIT_SETTLE', 'WAIT_SETTLE', 'WAIT_SETTLE', 'WAIT_SETTLE', 'WAIT_SETTLE', 'WAIT_SETTLE', 'WAIT_SETTLE', 'WAIT_SETTLE', 'WAIT_SETTLE', 'WAIT_SETTLE', 'WAIT_SETTLE', 'WAIT_SETTLE']",6.0,120.0,REGIME_C_HIDDEN_BOTTOM,FB5_State_Blind,32
bench_REGIME_C_HIDDEN_BOTTOM_032,FB6_Additive_Cost_Planner,potato,HIDDEN_BOTTOM,0.132,0.116,0.016,MARKDOWN,0.0,0.0,1.0,0.0,6.0,4.8,10.8,120.0,"{0: 0.03, 1: 0.03, 2: 0.03, 3: 0.03, 4: 0.4917}",12,"['WAIT_SETTLE', 'WAIT_SETTLE', 'WAIT_SETTLE', 'WAIT_SETTLE', 'WAIT_SETTLE', 'WAIT_SETTLE', 'WAIT_SETTLE', 'WAIT_SETTLE', 'WAIT_SETTLE', 'WAIT_SETTLE', 'WAIT_SETTLE', 'WAIT_SETTLE']",6.0,120.0,REGIME_C_HIDDEN_BOTTOM,FB6_Additive_Cost,32
bench_REGIME_C_HIDDEN_BOTTOM_032,FB7_Exposure_Aware_Planner,potato,HIDDEN_BOTTOM,0.132,0.116,0.016,MARKDOWN,0.0,0.0,1.0,0.0,0.0,0.0,0.0,0.0,"{0: 0.03, 1: 0.03, 2: 0.03, 3: 0.03, 4: 0.4917}",1,['STOP_INSPECTION'],0.0,0.0,REGIME_C_HIDDEN_BOTTOM,FB7_Proposed,32
bench_REGIME_C_HIDDEN_BOTTOM_033,FB0_Surface_Only,potato,HIDDEN_BOTTOM,0.144,0.1093,0.0347,MARKDOWN,0.0,0.0,1.0,0.0,2.0,0.2,2.2,5.0,"{0: 0.03, 1: 0.03, 2: 0.03, 3: 0.03, 4: 0.5628}",2,"['OBSERVE_STRATUM', 'STOP_INSPECTION']",2.0,5.0,REGIME_C_HIDDEN_BOTTOM,FB0_Surface_Only,33
bench_REGIME_C_HIDDEN_BOTTOM_033,FB1_Fixed_Sampling,potato,HIDDEN_BOTTOM,0.144,0.1067,0.0373,MARKDOWN,0.0,0.0,1.0,0.0,45.0,3.0,48.0,75.0,"{0: 0.03, 1: 0.03, 2: 0.03, 3: 0.03, 4: 0.5628}",4,"['SAMPLE_UNITS', 'SAMPLE_UNITS', 'SAMPLE_UNITS', 'STOP_INSPECTION']",45.0,75.0,REGIME_C_HIDDEN_BOTTOM,FB1_Fixed_Random,33
bench_REGIME_C_HIDDEN_BOTTOM_033,FB2_Depth_Stratified,potato,HIDDEN_BOTTOM,0.144,0.1255,0.0185,MARKDOWN,0.0,0.0,1.0,0.0,42.0,11.4,53.4,285.0,"{0: 0.03, 1: 0.03, 2: 0.03, 3: 0.03, 4: 0.5628}",10,"['OBSERVE_STRATUM', 'REMOVE_LAYER', 'OBSERVE_STRATUM', 'REMOVE_LAYER', 'OBSERVE_STRATUM', 'REMOVE_LAYER', 'OBSERVE_STRATUM', 'REMOVE_LAYER', 'OBSERVE_STRATUM', 'STOP_INSPECTION']",42.0,85.0,REGIME_C_HIDDEN_BOTTOM,FB2_Depth_Stratified,33
bench_REGIME_C_HIDDEN_BOTTOM_033,FB3_Macro_Myopic_VOI,potato,HIDDEN_BOTTOM,0.144,0.1131,0.0309,MARKDOWN,0.0,0.0,1.0,0.0,2.0,0.2,2.2,5.0,"{0: 0.03, 1: 0.03, 2: 0.03, 3: 0.03, 4: 0.5628}",2,"['OBSERVE_STRATUM', 'STOP_INSPECTION']",2.0,5.0,REGIME_C_HIDDEN_BOTTOM,FB3_Macro_Myopic_VOI,33
bench_REGIME_C_HIDDEN_BOTTOM_033,FB5_State_Blind_Lookahead,potato,HIDDEN_BOTTOM,0.144,0.116,0.028,MARKDOWN,0.0,0.0,1.0,0.0,6.0,4.8,10.8,120.0,"{0: 0.03, 1: 0.03, 2: 0.03, 3: 0.03, 4: 0.5628}",12,"['WAIT_SETTLE', 'WAIT_SETTLE', 'WAIT_SETTLE', 'WAIT_SETTLE', 'WAIT_SETTLE', 'WAIT_SETTLE', 'WAIT_SETTLE', 'WAIT_SETTLE', 'WAIT_SETTLE', 'WAIT_SETTLE', 'WAIT_SETTLE', 'WAIT_SETTLE']",6.0,120.0,REGIME_C_HIDDEN_BOTTOM,FB5_State_Blind,33
bench_REGIME_C_HIDDEN_BOTTOM_033,FB6_Additive_Cost_Planner,potato,HIDDEN_BOTTOM,0.144,0.116,0.028,MARKDOWN,0.0,0.0,1.0,0.0,6.0,4.8,10.8,120.0,"{0: 0.03, 1: 0.03, 2: 0.03, 3: 0.03, 4: 0.5628}",12,"['WAIT_SETTLE', 'WAIT_SETTLE', 'WAIT_SETTLE', 'WAIT_SETTLE', 'WAIT_SETTLE', 'WAIT_SETTLE', 'WAIT_SETTLE', 'WAIT_SETTLE', 'WAIT_SETTLE', 'WAIT_SETTLE', 'WAIT_SETTLE', 'WAIT_SETTLE']",6.0,120.0,REGIME_C_HIDDEN_BOTTOM,FB6_Additive_Cost,33
bench_REGIME_C_HIDDEN_BOTTOM_033,FB7_Exposure_Aware_Planner,potato,HIDDEN_BOTTOM,0.144,0.116,0.028,MARKDOWN,0.0,0.0,1.0,0.0,0.0,0.0,0.0,0.0,"{0: 0.03, 1: 0.03, 2: 0.03, 3: 0.03, 4: 0.5628}",1,['STOP_INSPECTION'],0.0,0.0,REGIME_C_HIDDEN_BOTTOM,FB7_Proposed,33
bench_REGIME_C_HIDDEN_BOTTOM_034,FB0_Surface_Only,potato,HIDDEN_BOTTOM,0.148,0.1127,0.0353,MARKDOWN,0.0,0.0,1.0,0.0,2.0,0.2,2.2,5.0,"{0: 0.03, 1: 0.03, 2: 0.03, 3: 0.03, 4: 0.5836}",2,"['OBSERVE_STRATUM', 'STOP_INSPECTION']",2.0,5.0,REGIME_C_HIDDEN_BOTTOM,FB0_Surface_Only,34
bench_REGIME_C_HIDDEN_BOTTOM_034,FB1_Fixed_Sampling,potato,HIDDEN_BOTTOM,0.148,0.1055,0.0425,MARKDOWN,0.0,0.0,1.0,0.0,45.0,3.0,48.0,75.0,"{0: 0.03, 1: 0.03, 2: 0.03, 3: 0.03, 4: 0.5836}",4,"['SAMPLE_UNITS', 'SAMPLE_UNITS', 'SAMPLE_UNITS', 'STOP_INSPECTION']",45.0,75.0,REGIME_C_HIDDEN_BOTTOM,FB1_Fixed_Random,34
bench_REGIME_C_HIDDEN_BOTTOM_034,FB2_Depth_Stratified,potato,HIDDEN_BOTTOM,0.148,0.1281,0.0199,MARKDOWN,0.0,0.0,1.0,0.0,42.0,11.4,53.4,285.0,"{0: 0.03, 1: 0.03, 2: 0.03, 3: 0.03, 4: 0.5836}",10,"['OBSERVE_STRATUM', 'REMOVE_LAYER', 'OBSERVE_STRATUM', 'REMOVE_LAYER', 'OBSERVE_STRATUM', 'REMOVE_LAYER', 'OBSERVE_STRATUM', 'REMOVE_LAYER', 'OBSERVE_STRATUM', 'STOP_INSPECTION']",42.0,85.0,REGIME_C_HIDDEN_BOTTOM,FB2_Depth_Stratified,34
bench_REGIME_C_HIDDEN_BOTTOM_034,FB3_Macro_Myopic_VOI,potato,HIDDEN_BOTTOM,0.148,0.1092,0.0388,MARKDOWN,0.0,0.0,1.0,0.0,2.0,0.2,2.2,5.0,"{0: 0.03, 1: 0.03, 2: 0.03, 3: 0.03, 4: 0.5836}",2,"['OBSERVE_STRATUM', 'STOP_INSPECTION']",2.0,5.0,REGIME_C_HIDDEN_BOTTOM,FB3_Macro_Myopic_VOI,34
bench_REGIME_C_HIDDEN_BOTTOM_034,FB5_State_Blind_Lookahead,potato,HIDDEN_BOTTOM,0.148,0.116,0.032,MARKDOWN,0.0,0.0,1.0,0.0,6.0,4.8,10.8,120.0,"{0: 0.03, 1: 0.03, 2: 0.03, 3: 0.03, 4: 0.5836}",12,"['WAIT_SETTLE', 'WAIT_SETTLE', 'WAIT_SETTLE', 'WAIT_SETTLE', 'WAIT_SETTLE', 'WAIT_SETTLE', 'WAIT_SETTLE', 'WAIT_SETTLE', 'WAIT_SETTLE', 'WAIT_SETTLE', 'WAIT_SETTLE', 'WAIT_SETTLE']",6.0,120.0,REGIME_C_HIDDEN_BOTTOM,FB5_State_Blind,34
bench_REGIME_C_HIDDEN_BOTTOM_034,FB6_Additive_Cost_Planner,potato,HIDDEN_BOTTOM,0.148,0.116,0.032,MARKDOWN,0.0,0.0,1.0,0.0,6.0,4.8,10.8,120.0,"{0: 0.03, 1: 0.03, 2: 0.03, 3: 0.03, 4: 0.5836}",12,"['WAIT_SETTLE', 'WAIT_SETTLE', 'WAIT_SETTLE', 'WAIT_SETTLE', 'WAIT_SETTLE', 'WAIT_SETTLE', 'WAIT_SETTLE', 'WAIT_SETTLE', 'WAIT_SETTLE', 'WAIT_SETTLE', 'WAIT_SETTLE', 'WAIT_SETTLE']",6.0,120.0,REGIME_C_HIDDEN_BOTTOM,FB6_Additive_Cost,34
bench_REGIME_C_HIDDEN_BOTTOM_034,FB7_Exposure_Aware_Planner,potato,HIDDEN_BOTTOM,0.148,0.116,0.032,MARKDOWN,0.0,0.0,1.0,0.0,0.0,0.0,0.0,0.0,"{0: 0.03, 1: 0.03, 2: 0.03, 3: 0.03, 4: 0.5836}",1,['STOP_INSPECTION'],0.0,0.0,REGIME_C_HIDDEN_BOTTOM,FB7_Proposed,34
bench_REGIME_C_HIDDEN_BOTTOM_035,FB0_Surface_Only,potato,HIDDEN_BOTTOM,0.144,0.1108,0.0332,MARKDOWN,0.0,0.0,1.0,0.0,2.0,0.2,2.2,5.0,"{0: 0.03, 1: 0.03, 2: 0.03, 3: 0.03, 4: 0.5685}",2,"['OBSERVE_STRATUM', 'STOP_INSPECTION']",2.0,5.0,REGIME_C_HIDDEN_BOTTOM,FB0_Surface_Only,35
bench_REGIME_C_HIDDEN_BOTTOM_035,FB1_Fixed_Sampling,potato,HIDDEN_BOTTOM,0.144,0.1092,0.0348,MARKDOWN,0.0,0.0,1.0,0.0,45.0,3.0,48.0,75.0,"{0: 0.03, 1: 0.03, 2: 0.03, 3: 0.03, 4: 0.5685}",4,"['SAMPLE_UNITS', 'SAMPLE_UNITS', 'SAMPLE_UNITS', 'STOP_INSPECTION']",45.0,75.0,REGIME_C_HIDDEN_BOTTOM,FB1_Fixed_Random,35
bench_REGIME_C_HIDDEN_BOTTOM_035,FB2_Depth_Stratified,potato,HIDDEN_BOTTOM,0.144,0.1229,0.0211,MARKDOWN,0.0,0.0,1.0,0.0,42.0,11.4,53.4,285.0,"{0: 0.03, 1: 0.03, 2: 0.03, 3: 0.03, 4: 0.5685}",10,"['OBSERVE_STRATUM', 'REMOVE_LAYER', 'OBSERVE_STRATUM', 'REMOVE_LAYER', 'OBSERVE_STRATUM', 'REMOVE_LAYER', 'OBSERVE_STRATUM', 'REMOVE_LAYER', 'OBSERVE_STRATUM', 'STOP_INSPECTION']",42.0,85.0,REGIME_C_HIDDEN_BOTTOM,FB2_Depth_Stratified,35
bench_REGIME_C_HIDDEN_BOTTOM_035,FB3_Macro_Myopic_VOI,potato,HIDDEN_BOTTOM,0.144,0.1092,0.0348,MARKDOWN,0.0,0.0,1.0,0.0,2.0,0.2,2.2,5.0,"{0: 0.03, 1: 0.03, 2: 0.03, 3: 0.03, 4: 0.5685}",2,"['OBSERVE_STRATUM', 'STOP_INSPECTION']",2.0,5.0,REGIME_C_HIDDEN_BOTTOM,FB3_Macro_Myopic_VOI,35
bench_REGIME_C_HIDDEN_BOTTOM_035,FB5_State_Blind_Lookahead,potato,HIDDEN_BOTTOM,0.144,0.116,0.028,MARKDOWN,0.0,0.0,1.0,0.0,6.0,4.8,10.8,120.0,"{0: 0.03, 1: 0.03, 2: 0.03, 3: 0.03, 4: 0.5685}",12,"['WAIT_SETTLE', 'WAIT_SETTLE', 'WAIT_SETTLE', 'WAIT_SETTLE', 'WAIT_SETTLE', 'WAIT_SETTLE', 'WAIT_SETTLE', 'WAIT_SETTLE', 'WAIT_SETTLE', 'WAIT_SETTLE', 'WAIT_SETTLE', 'WAIT_SETTLE']",6.0,120.0,REGIME_C_HIDDEN_BOTTOM,FB5_State_Blind,35
bench_REGIME_C_HIDDEN_BOTTOM_035,FB6_Additive_Cost_Planner,potato,HIDDEN_BOTTOM,0.144,0.116,0.028,MARKDOWN,0.0,0.0,1.0,0.0,6.0,4.8,10.8,120.0,"{0: 0.03, 1: 0.03, 2: 0.03, 3: 0.03, 4: 0.5685}",12,"['WAIT_SETTLE', 'WAIT_SETTLE', 'WAIT_SETTLE', 'WAIT_SETTLE', 'WAIT_SETTLE', 'WAIT_SETTLE', 'WAIT_SETTLE', 'WAIT_SETTLE', 'WAIT_SETTLE', 'WAIT_SETTLE', 'WAIT_SETTLE', 'WAIT_SETTLE']",6.0,120.0,REGIME_C_HIDDEN_BOTTOM,FB6_Additive_Cost,35
bench_REGIME_C_HIDDEN_BOTTOM_035,FB7_Exposure_Aware_Planner,potato,HIDDEN_BOTTOM,0.144,0.116,0.028,MARKDOWN,0.0,0.0,1.0,0.0,0.0,0.0,0.0,0.0,"{0: 0.03, 1: 0.03, 2: 0.03, 3: 0.03, 4: 0.5685}",1,['STOP_INSPECTION'],0.0,0.0,REGIME_C_HIDDEN_BOTTOM,FB7_Proposed,35
bench_REGIME_C_HIDDEN_BOTTOM_036,FB0_Surface_Only,potato,HIDDEN_BOTTOM,0.12,0.1092,0.0108,MARKDOWN,0.0,0.0,1.0,0.0,2.0,0.2,2.2,5.0,"{0: 0.03, 1: 0.03, 2: 0.03, 3: 0.03, 4: 0.4353}",2,"['OBSERVE_STRATUM', 'STOP_INSPECTION']",2.0,5.0,REGIME_C_HIDDEN_BOTTOM,FB0_Surface_Only,36
bench_REGIME_C_HIDDEN_BOTTOM_036,FB1_Fixed_Sampling,potato,HIDDEN_BOTTOM,0.12,0.1136,0.0064,MARKDOWN,0.0,0.0,1.0,0.0,45.0,3.0,48.0,75.0,"{0: 0.03, 1: 0.03, 2: 0.03, 3: 0.03, 4: 0.4353}",4,"['SAMPLE_UNITS', 'SAMPLE_UNITS', 'SAMPLE_UNITS', 'STOP_INSPECTION']",45.0,75.0,REGIME_C_HIDDEN_BOTTOM,FB1_Fixed_Random,36
bench_REGIME_C_HIDDEN_BOTTOM_036,FB2_Depth_Stratified,potato,HIDDEN_BOTTOM,0.12,0.1117,0.0083,MARKDOWN,0.0,0.0,1.0,0.0,42.0,11.4,53.4,285.0,"{0: 0.03, 1: 0.03, 2: 0.03, 3: 0.03, 4: 0.4353}",10,"['OBSERVE_STRATUM', 'REMOVE_LAYER', 'OBSERVE_STRATUM', 'REMOVE_LAYER', 'OBSERVE_STRATUM', 'REMOVE_LAYER', 'OBSERVE_STRATUM', 'REMOVE_LAYER', 'OBSERVE_STRATUM', 'STOP_INSPECTION']",42.0,85.0,REGIME_C_HIDDEN_BOTTOM,FB2_Depth_Stratified,36
bench_REGIME_C_HIDDEN_BOTTOM_036,FB3_Macro_Myopic_VOI,potato,HIDDEN_BOTTOM,0.12,0.1094,0.0106,MARKDOWN,0.0,0.0,1.0,0.0,2.0,0.2,2.2,5.0,"{0: 0.03, 1: 0.03, 2: 0.03, 3: 0.03, 4: 0.4353}",2,"['OBSERVE_STRATUM', 'STOP_INSPECTION']",2.0,5.0,REGIME_C_HIDDEN_BOTTOM,FB3_Macro_Myopic_VOI,36
bench_REGIME_C_HIDDEN_BOTTOM_036,FB5_State_Blind_Lookahead,potato,HIDDEN_BOTTOM,0.12,0.116,0.004,MARKDOWN,0.0,0.0,1.0,0.0,6.0,4.8,10.8,120.0,"{0: 0.03, 1: 0.03, 2: 0.03, 3: 0.03, 4: 0.4353}",12,"['WAIT_SETTLE', 'WAIT_SETTLE', 'WAIT_SETTLE', 'WAIT_SETTLE', 'WAIT_SETTLE', 'WAIT_SETTLE', 'WAIT_SETTLE', 'WAIT_SETTLE', 'WAIT_SETTLE', 'WAIT_SETTLE', 'WAIT_SETTLE', 'WAIT_SETTLE']",6.0,120.0,REGIME_C_HIDDEN_BOTTOM,FB5_State_Blind,36
bench_REGIME_C_HIDDEN_BOTTOM_036,FB6_Additive_Cost_Planner,potato,HIDDEN_BOTTOM,0.12,0.116,0.004,MARKDOWN,0.0,0.0,1.0,0.0,6.0,4.8,10.8,120.0,"{0: 0.03, 1: 0.03, 2: 0.03, 3: 0.03, 4: 0.4353}",12,"['WAIT_SETTLE', 'WAIT_SETTLE', 'WAIT_SETTLE', 'WAIT_SETTLE', 'WAIT_SETTLE', 'WAIT_SETTLE', 'WAIT_SETTLE', 'WAIT_SETTLE', 'WAIT_SETTLE', 'WAIT_SETTLE', 'WAIT_SETTLE', 'WAIT_SETTLE']",6.0,120.0,REGIME_C_HIDDEN_BOTTOM,FB6_Additive_Cost,36
bench_REGIME_C_HIDDEN_BOTTOM_036,FB7_Exposure_Aware_Planner,potato,HIDDEN_BOTTOM,0.12,0.116,0.004,MARKDOWN,0.0,0.0,1.0,0.0,0.0,0.0,0.0,0.0,"{0: 0.03, 1: 0.03, 2: 0.03, 3: 0.03, 4: 0.4353}",1,['STOP_INSPECTION'],0.0,0.0,REGIME_C_HIDDEN_BOTTOM,FB7_Proposed,36
bench_REGIME_C_HIDDEN_BOTTOM_037,FB0_Surface_Only,potato,HIDDEN_BOTTOM,0.132,0.1099,0.0221,MARKDOWN,0.0,0.0,1.0,0.0,2.0,0.2,2.2,5.0,"{0: 0.03, 1: 0.03, 2: 0.03, 3: 0.03, 4: 0.5041}",2,"['OBSERVE_STRATUM', 'STOP_INSPECTION']",2.0,5.0,REGIME_C_HIDDEN_BOTTOM,FB0_Surface_Only,37
bench_REGIME_C_HIDDEN_BOTTOM_037,FB1_Fixed_Sampling,potato,HIDDEN_BOTTOM,0.132,0.1086,0.0234,MARKDOWN,0.0,0.0,1.0,0.0,45.0,3.0,48.0,75.0,"{0: 0.03, 1: 0.03, 2: 0.03, 3: 0.03, 4: 0.5041}",4,"['SAMPLE_UNITS', 'SAMPLE_UNITS', 'SAMPLE_UNITS', 'STOP_INSPECTION']",45.0,75.0,REGIME_C_HIDDEN_BOTTOM,FB1_Fixed_Random,37
bench_REGIME_C_HIDDEN_BOTTOM_037,FB2_Depth_Stratified,potato,HIDDEN_BOTTOM,0.132,0.1233,0.0087,MARKDOWN,0.0,0.0,1.0,0.0,42.0,11.4,53.4,285.0,"{0: 0.03, 1: 0.03, 2: 0.03, 3: 0.03, 4: 0.5041}",10,"['OBSERVE_STRATUM', 'REMOVE_LAYER', 'OBSERVE_STRATUM', 'REMOVE_LAYER', 'OBSERVE_STRATUM', 'REMOVE_LAYER', 'OBSERVE_STRATUM', 'REMOVE_LAYER', 'OBSERVE_STRATUM', 'STOP_INSPECTION']",42.0,85.0,REGIME_C_HIDDEN_BOTTOM,FB2_Depth_Stratified,37
bench_REGIME_C_HIDDEN_BOTTOM_037,FB3_Macro_Myopic_VOI,potato,HIDDEN_BOTTOM,0.132,0.1092,0.0228,MARKDOWN,0.0,0.0,1.0,0.0,2.0,0.2,2.2,5.0,"{0: 0.03, 1: 0.03, 2: 0.03, 3: 0.03, 4: 0.5041}",2,"['OBSERVE_STRATUM', 'STOP_INSPECTION']",2.0,5.0,REGIME_C_HIDDEN_BOTTOM,FB3_Macro_Myopic_VOI,37
bench_REGIME_C_HIDDEN_BOTTOM_037,FB5_State_Blind_Lookahead,potato,HIDDEN_BOTTOM,0.132,0.116,0.016,MARKDOWN,0.0,0.0,1.0,0.0,6.0,4.8,10.8,120.0,"{0: 0.03, 1: 0.03, 2: 0.03, 3: 0.03, 4: 0.5041}",12,"['WAIT_SETTLE', 'WAIT_SETTLE', 'WAIT_SETTLE', 'WAIT_SETTLE', 'WAIT_SETTLE', 'WAIT_SETTLE', 'WAIT_SETTLE', 'WAIT_SETTLE', 'WAIT_SETTLE', 'WAIT_SETTLE', 'WAIT_SETTLE', 'WAIT_SETTLE']",6.0,120.0,REGIME_C_HIDDEN_BOTTOM,FB5_State_Blind,37
bench_REGIME_C_HIDDEN_BOTTOM_037,FB6_Additive_Cost_Planner,potato,HIDDEN_BOTTOM,0.132,0.116,0.016,MARKDOWN,0.0,0.0,1.0,0.0,6.0,4.8,10.8,120.0,"{0: 0.03, 1: 0.03, 2: 0.03, 3: 0.03, 4: 0.5041}",12,"['WAIT_SETTLE', 'WAIT_SETTLE', 'WAIT_SETTLE', 'WAIT_SETTLE', 'WAIT_SETTLE', 'WAIT_SETTLE', 'WAIT_SETTLE', 'WAIT_SETTLE', 'WAIT_SETTLE', 'WAIT_SETTLE', 'WAIT_SETTLE', 'WAIT_SETTLE']",6.0,120.0,REGIME_C_HIDDEN_BOTTOM,FB6_Additive_Cost,37
bench_REGIME_C_HIDDEN_BOTTOM_037,FB7_Exposure_Aware_Planner,potato,HIDDEN_BOTTOM,0.132,0.116,0.016,MARKDOWN,0.0,0.0,1.0,0.0,0.0,0.0,0.0,0.0,"{0: 0.03, 1: 0.03, 2: 0.03, 3: 0.03, 4: 0.5041}",1,['STOP_INSPECTION'],0.0,0.0,REGIME_C_HIDDEN_BOTTOM,FB7_Proposed,37
bench_REGIME_C_HIDDEN_BOTTOM_038,FB0_Surface_Only,potato,HIDDEN_BOTTOM,0.152,0.1132,0.0388,MARKDOWN,0.0,0.0,1.0,0.0,2.0,0.2,2.2,5.0,"{0: 0.03, 1: 0.03, 2: 0.03, 3: 0.03, 4: 0.6069}",2,"['OBSERVE_STRATUM', 'STOP_INSPECTION']",2.0,5.0,REGIME_C_HIDDEN_BOTTOM,FB0_Surface_Only,38
bench_REGIME_C_HIDDEN_BOTTOM_038,FB1_Fixed_Sampling,potato,HIDDEN_BOTTOM,0.152,0.1141,0.0379,MARKDOWN,0.0,0.0,1.0,0.0,45.0,3.0,48.0,75.0,"{0: 0.03, 1: 0.03, 2: 0.03, 3: 0.03, 4: 0.6069}",4,"['SAMPLE_UNITS', 'SAMPLE_UNITS', 'SAMPLE_UNITS', 'STOP_INSPECTION']",45.0,75.0,REGIME_C_HIDDEN_BOTTOM,FB1_Fixed_Random,38
bench_REGIME_C_HIDDEN_BOTTOM_038,FB2_Depth_Stratified,potato,HIDDEN_BOTTOM,0.152,0.1365,0.0155,MARKDOWN,0.0,0.0,1.0,0.0,42.0,11.4,53.4,285.0,"{0: 0.03, 1: 0.03, 2: 0.03, 3: 0.03, 4: 0.6069}",10,"['OBSERVE_STRATUM', 'REMOVE_LAYER', 'OBSERVE_STRATUM', 'REMOVE_LAYER', 'OBSERVE_STRATUM', 'REMOVE_LAYER', 'OBSERVE_STRATUM', 'REMOVE_LAYER', 'OBSERVE_STRATUM', 'STOP_INSPECTION']",42.0,85.0,REGIME_C_HIDDEN_BOTTOM,FB2_Depth_Stratified,38
bench_REGIME_C_HIDDEN_BOTTOM_038,FB3_Macro_Myopic_VOI,potato,HIDDEN_BOTTOM,0.152,0.1092,0.0428,MARKDOWN,0.0,0.0,1.0,0.0,2.0,0.2,2.2,5.0,"{0: 0.03, 1: 0.03, 2: 0.03, 3: 0.03, 4: 0.6069}",2,"['OBSERVE_STRATUM', 'STOP_INSPECTION']",2.0,5.0,REGIME_C_HIDDEN_BOTTOM,FB3_Macro_Myopic_VOI,38
bench_REGIME_C_HIDDEN_BOTTOM_038,FB5_State_Blind_Lookahead,potato,HIDDEN_BOTTOM,0.152,0.116,0.036,MARKDOWN,0.0,0.0,1.0,0.0,6.0,4.8,10.8,120.0,"{0: 0.03, 1: 0.03, 2: 0.03, 3: 0.03, 4: 0.6069}",12,"['WAIT_SETTLE', 'WAIT_SETTLE', 'WAIT_SETTLE', 'WAIT_SETTLE', 'WAIT_SETTLE', 'WAIT_SETTLE', 'WAIT_SETTLE', 'WAIT_SETTLE', 'WAIT_SETTLE', 'WAIT_SETTLE', 'WAIT_SETTLE', 'WAIT_SETTLE']",6.0,120.0,REGIME_C_HIDDEN_BOTTOM,FB5_State_Blind,38
bench_REGIME_C_HIDDEN_BOTTOM_038,FB6_Additive_Cost_Planner,potato,HIDDEN_BOTTOM,0.152,0.116,0.036,MARKDOWN,0.0,0.0,1.0,0.0,6.0,4.8,10.8,120.0,"{0: 0.03, 1: 0.03, 2: 0.03, 3: 0.03, 4: 0.6069}",12,"['WAIT_SETTLE', 'WAIT_SETTLE', 'WAIT_SETTLE', 'WAIT_SETTLE', 'WAIT_SETTLE', 'WAIT_SETTLE', 'WAIT_SETTLE', 'WAIT_SETTLE', 'WAIT_SETTLE', 'WAIT_SETTLE', 'WAIT_SETTLE', 'WAIT_SETTLE']",6.0,120.0,REGIME_C_HIDDEN_BOTTOM,FB6_Additive_Cost,38
bench_REGIME_C_HIDDEN_BOTTOM_038,FB7_Exposure_Aware_Planner,potato,HIDDEN_BOTTOM,0.152,0.116,0.036,MARKDOWN,0.0,0.0,1.0,0.0,0.0,0.0,0.0,0.0,"{0: 0.03, 1: 0.03, 2: 0.03, 3: 0.03, 4: 0.6069}",1,['STOP_INSPECTION'],0.0,0.0,REGIME_C_HIDDEN_BOTTOM,FB7_Proposed,38
bench_REGIME_C_HIDDEN_BOTTOM_039,FB0_Surface_Only,potato,HIDDEN_BOTTOM,0.128,0.1093,0.0187,MARKDOWN,0.0,0.0,1.0,0.0,2.0,0.2,2.2,5.0,"{0: 0.03, 1: 0.03, 2: 0.03, 3: 0.03, 4: 0.4891}",2,"['OBSERVE_STRATUM', 'STOP_INSPECTION']",2.0,5.0,REGIME_C_HIDDEN_BOTTOM,FB0_Surface_Only,39
bench_REGIME_C_HIDDEN_BOTTOM_039,FB1_Fixed_Sampling,potato,HIDDEN_BOTTOM,0.128,0.1105,0.0175,MARKDOWN,0.0,0.0,1.0,0.0,45.0,3.0,48.0,75.0,"{0: 0.03, 1: 0.03, 2: 0.03, 3: 0.03, 4: 0.4891}",4,"['SAMPLE_UNITS', 'SAMPLE_UNITS', 'SAMPLE_UNITS', 'STOP_INSPECTION']",45.0,75.0,REGIME_C_HIDDEN_BOTTOM,FB1_Fixed_Random,39
bench_REGIME_C_HIDDEN_BOTTOM_039,FB2_Depth_Stratified,potato,HIDDEN_BOTTOM,0.128,0.1219,0.0061,MARKDOWN,0.0,0.0,1.0,0.0,42.0,11.4,53.4,285.0,"{0: 0.03, 1: 0.03, 2: 0.03, 3: 0.03, 4: 0.4891}",10,"['OBSERVE_STRATUM', 'REMOVE_LAYER', 'OBSERVE_STRATUM', 'REMOVE_LAYER', 'OBSERVE_STRATUM', 'REMOVE_LAYER', 'OBSERVE_STRATUM', 'REMOVE_LAYER', 'OBSERVE_STRATUM', 'STOP_INSPECTION']",42.0,85.0,REGIME_C_HIDDEN_BOTTOM,FB2_Depth_Stratified,39
bench_REGIME_C_HIDDEN_BOTTOM_039,FB3_Macro_Myopic_VOI,potato,HIDDEN_BOTTOM,0.128,0.1111,0.0169,MARKDOWN,0.0,0.0,1.0,0.0,2.0,0.2,2.2,5.0,"{0: 0.03, 1: 0.03, 2: 0.03, 3: 0.03, 4: 0.4891}",2,"['OBSERVE_STRATUM', 'STOP_INSPECTION']",2.0,5.0,REGIME_C_HIDDEN_BOTTOM,FB3_Macro_Myopic_VOI,39
bench_REGIME_C_HIDDEN_BOTTOM_039,FB5_State_Blind_Lookahead,potato,HIDDEN_BOTTOM,0.128,0.116,0.012,MARKDOWN,0.0,0.0,1.0,0.0,6.0,4.8,10.8,120.0,"{0: 0.03, 1: 0.03, 2: 0.03, 3: 0.03, 4: 0.4891}",12,"['WAIT_SETTLE', 'WAIT_SETTLE', 'WAIT_SETTLE', 'WAIT_SETTLE', 'WAIT_SETTLE', 'WAIT_SETTLE', 'WAIT_SETTLE', 'WAIT_SETTLE', 'WAIT_SETTLE', 'WAIT_SETTLE', 'WAIT_SETTLE', 'WAIT_SETTLE']",6.0,120.0,REGIME_C_HIDDEN_BOTTOM,FB5_State_Blind,39
bench_REGIME_C_HIDDEN_BOTTOM_039,FB6_Additive_Cost_Planner,potato,HIDDEN_BOTTOM,0.128,0.116,0.012,MARKDOWN,0.0,0.0,1.0,0.0,6.0,4.8,10.8,120.0,"{0: 0.03, 1: 0.03, 2: 0.03, 3: 0.03, 4: 0.4891}",12,"['WAIT_SETTLE', 'WAIT_SETTLE', 'WAIT_SETTLE', 'WAIT_SETTLE', 'WAIT_SETTLE', 'WAIT_SETTLE', 'WAIT_SETTLE', 'WAIT_SETTLE', 'WAIT_SETTLE', 'WAIT_SETTLE', 'WAIT_SETTLE', 'WAIT_SETTLE']",6.0,120.0,REGIME_C_HIDDEN_BOTTOM,FB6_Additive_Cost,39
bench_REGIME_C_HIDDEN_BOTTOM_039,FB7_Exposure_Aware_Planner,potato,HIDDEN_BOTTOM,0.128,0.116,0.012,MARKDOWN,0.0,0.0,1.0,0.0,0.0,0.0,0.0,0.0,"{0: 0.03, 1: 0.03, 2: 0.03, 3: 0.03, 4: 0.4891}",1,['STOP_INSPECTION'],0.0,0.0,REGIME_C_HIDDEN_BOTTOM,FB7_Proposed,39
bench_REGIME_D_CLUSTERED_000,FB0_Surface_Only,potato,CLUSTERED,0.244,0.1104,0.1336,MARKDOWN,0.0,0.0,1.0,0.0,2.0,0.2,2.2,5.0,"{0: 0.04, 1: 0.04, 2: 0.4796, 3: 0.6141, 4: 0.04}",2,"['OBSERVE_STRATUM', 'STOP_INSPECTION']",2.0,5.0,REGIME_D_CLUSTERED,FB0_Surface_Only,0
bench_REGIME_D_CLUSTERED_000,FB1_Fixed_Sampling,potato,CLUSTERED,0.244,0.1071,0.1369,MARKDOWN,0.0,0.0,1.0,0.0,45.0,3.0,48.0,75.0,"{0: 0.04, 1: 0.04, 2: 0.4796, 3: 0.6141, 4: 0.04}",4,"['SAMPLE_UNITS', 'SAMPLE_UNITS', 'SAMPLE_UNITS', 'STOP_INSPECTION']",45.0,75.0,REGIME_D_CLUSTERED,FB1_Fixed_Random,0
bench_REGIME_D_CLUSTERED_000,FB2_Depth_Stratified,potato,CLUSTERED,0.244,0.1557,0.0883,SPLIT_LOT,0.0,0.0,1.0,120.0,42.0,11.4,173.4,285.0,"{0: 0.04, 1: 0.04, 2: 0.4796, 3: 0.6141, 4: 0.04}",10,"['OBSERVE_STRATUM', 'REMOVE_LAYER', 'OBSERVE_STRATUM', 'REMOVE_LAYER', 'OBSERVE_STRATUM', 'REMOVE_LAYER', 'OBSERVE_STRATUM', 'REMOVE_LAYER', 'OBSERVE_STRATUM', 'STOP_INSPECTION']",42.0,85.0,REGIME_D_CLUSTERED,FB2_Depth_Stratified,0
bench_REGIME_D_CLUSTERED_000,FB3_Macro_Myopic_VOI,potato,CLUSTERED,0.244,0.1114,0.1326,MARKDOWN,0.0,0.0,1.0,0.0,2.0,0.2,2.2,5.0,"{0: 0.04, 1: 0.04, 2: 0.4796, 3: 0.6141, 4: 0.04}",2,"['OBSERVE_STRATUM', 'STOP_INSPECTION']",2.0,5.0,REGIME_D_CLUSTERED,FB3_Macro_Myopic_VOI,0
bench_REGIME_D_CLUSTERED_000,FB5_State_Blind_Lookahead,potato,CLUSTERED,0.244,0.116,0.128,MARKDOWN,0.0,0.0,1.0,0.0,6.0,4.8,10.8,120.0,"{0: 0.04, 1: 0.04, 2: 0.4796, 3: 0.6141, 4: 0.04}",12,"['WAIT_SETTLE', 'WAIT_SETTLE', 'WAIT_SETTLE', 'WAIT_SETTLE', 'WAIT_SETTLE', 'WAIT_SETTLE', 'WAIT_SETTLE', 'WAIT_SETTLE', 'WAIT_SETTLE', 'WAIT_SETTLE', 'WAIT_SETTLE', 'WAIT_SETTLE']",6.0,120.0,REGIME_D_CLUSTERED,FB5_State_Blind,0
bench_REGIME_D_CLUSTERED_000,FB6_Additive_Cost_Planner,potato,CLUSTERED,0.244,0.116,0.128,MARKDOWN,0.0,0.0,1.0,0.0,6.0,4.8,10.8,120.0,"{0: 0.04, 1: 0.04, 2: 0.4796, 3: 0.6141, 4: 0.04}",12,"['WAIT_SETTLE', 'WAIT_SETTLE', 'WAIT_SETTLE', 'WAIT_SETTLE', 'WAIT_SETTLE', 'WAIT_SETTLE', 'WAIT_SETTLE', 'WAIT_SETTLE', 'WAIT_SETTLE', 'WAIT_SETTLE', 'WAIT_SETTLE', 'WAIT_SETTLE']",6.0,120.0,REGIME_D_CLUSTERED,FB6_Additive_Cost,0
bench_REGIME_D_CLUSTERED_000,FB7_Exposure_Aware_Planner,potato,CLUSTERED,0.244,0.1092,0.1348,MARKDOWN,0.0,0.0,1.0,0.0,2.0,0.2,2.2,5.0,"{0: 0.04, 1: 0.04, 2: 0.4796, 3: 0.6141, 4: 0.04}",2,"['OBSERVE_STRATUM', 'STOP_INSPECTION']",2.0,5.0,REGIME_D_CLUSTERED,FB7_Proposed,0
bench_REGIME_D_CLUSTERED_001,FB0_Surface_Only,potato,CLUSTERED,0.248,0.1095,0.1385,MARKDOWN,0.0,0.0,1.0,0.0,2.0,0.2,2.2,5.0,"{0: 0.04, 1: 0.04, 2: 0.5989, 3: 0.5252, 4: 0.04}",2,"['OBSERVE_STRATUM', 'STOP_INSPECTION']",2.0,5.0,REGIME_D_CLUSTERED,FB0_Surface_Only,1
bench_REGIME_D_CLUSTERED_001,FB1_Fixed_Sampling,potato,CLUSTERED,0.248,0.1086,0.1394,MARKDOWN,0.0,0.0,1.0,0.0,45.0,3.0,48.0,75.0,"{0: 0.04, 1: 0.04, 2: 0.5989, 3: 0.5252, 4: 0.04}",4,"['SAMPLE_UNITS', 'SAMPLE_UNITS', 'SAMPLE_UNITS', 'STOP_INSPECTION']",45.0,75.0,REGIME_D_CLUSTERED,FB1_Fixed_Random,1
bench_REGIME_D_CLUSTERED_001,FB2_Depth_Stratified,potato,CLUSTERED,0.248,0.154,0.094,MARKDOWN,0.0,0.0,1.0,0.0,42.0,11.4,53.4,285.0,"{0: 0.04, 1: 0.04, 2: 0.5989, 3: 0.5252, 4: 0.04}",10,"['OBSERVE_STRATUM', 'REMOVE_LAYER', 'OBSERVE_STRATUM', 'REMOVE_LAYER', 'OBSERVE_STRATUM', 'REMOVE_LAYER', 'OBSERVE_STRATUM', 'REMOVE_LAYER', 'OBSERVE_STRATUM', 'STOP_INSPECTION']",42.0,85.0,REGIME_D_CLUSTERED,FB2_Depth_Stratified,1
bench_REGIME_D_CLUSTERED_001,FB3_Macro_Myopic_VOI,potato,CLUSTERED,0.248,0.1115,0.1365,MARKDOWN,0.0,0.0,1.0,0.0,2.0,0.2,2.2,5.0,"{0: 0.04, 1: 0.04, 2: 0.5989, 3: 0.5252, 4: 0.04}",2,"['OBSERVE_STRATUM', 'STOP_INSPECTION']",2.0,5.0,REGIME_D_CLUSTERED,FB3_Macro_Myopic_VOI,1
bench_REGIME_D_CLUSTERED_001,FB5_State_Blind_Lookahead,potato,CLUSTERED,0.248,0.116,0.132,MARKDOWN,0.0,0.0,1.0,0.0,6.0,4.8,10.8,120.0,"{0: 0.04, 1: 0.04, 2: 0.5989, 3: 0.5252, 4: 0.04}",12,"['WAIT_SETTLE', 'WAIT_SETTLE', 'WAIT_SETTLE', 'WAIT_SETTLE', 'WAIT_SETTLE', 'WAIT_SETTLE', 'WAIT_SETTLE', 'WAIT_SETTLE', 'WAIT_SETTLE', 'WAIT_SETTLE', 'WAIT_SETTLE', 'WAIT_SETTLE']",6.0,120.0,REGIME_D_CLUSTERED,FB5_State_Blind,1
bench_REGIME_D_CLUSTERED_001,FB6_Additive_Cost_Planner,potato,CLUSTERED,0.248,0.116,0.132,MARKDOWN,0.0,0.0,1.0,0.0,6.0,4.8,10.8,120.0,"{0: 0.04, 1: 0.04, 2: 0.5989, 3: 0.5252, 4: 0.04}",12,"['WAIT_SETTLE', 'WAIT_SETTLE', 'WAIT_SETTLE', 'WAIT_SETTLE', 'WAIT_SETTLE', 'WAIT_SETTLE', 'WAIT_SETTLE', 'WAIT_SETTLE', 'WAIT_SETTLE', 'WAIT_SETTLE', 'WAIT_SETTLE', 'WAIT_SETTLE']",6.0,120.0,REGIME_D_CLUSTERED,FB6_Additive_Cost,1
bench_REGIME_D_CLUSTERED_001,FB7_Exposure_Aware_Planner,potato,CLUSTERED,0.248,0.1096,0.1384,MARKDOWN,0.0,0.0,1.0,0.0,2.0,0.2,2.2,5.0,"{0: 0.04, 1: 0.04, 2: 0.5989, 3: 0.5252, 4: 0.04}",2,"['OBSERVE_STRATUM', 'STOP_INSPECTION']",2.0,5.0,REGIME_D_CLUSTERED,FB7_Proposed,1
bench_REGIME_D_CLUSTERED_002,FB0_Surface_Only,potato,CLUSTERED,0.248,0.1135,0.1345,MARKDOWN,0.0,0.0,1.0,0.0,2.0,0.2,2.2,5.0,"{0: 0.04, 1: 0.04, 2: 0.5683, 3: 0.5675, 4: 0.04}",2,"['OBSERVE_STRATUM', 'STOP_INSPECTION']",2.0,5.0,REGIME_D_CLUSTERED,FB0_Surface_Only,2
bench_REGIME_D_CLUSTERED_002,FB1_Fixed_Sampling,potato,CLUSTERED,0.248,0.1104,0.1376,MARKDOWN,0.0,0.0,1.0,0.0,45.0,3.0,48.0,75.0,"{0: 0.04, 1: 0.04, 2: 0.5683, 3: 0.5675, 4: 0.04}",4,"['SAMPLE_UNITS', 'SAMPLE_UNITS', 'SAMPLE_UNITS', 'STOP_INSPECTION']",45.0,75.0,REGIME_D_CLUSTERED,FB1_Fixed_Random,2
bench_REGIME_D_CLUSTERED_002,FB2_Depth_Stratified,potato,CLUSTERED,0.248,0.1659,0.0821,MARKDOWN,0.0,0.0,1.0,0.0,42.0,11.4,53.4,285.0,"{0: 0.04, 1: 0.04, 2: 0.5683, 3: 0.5675, 4: 0.04}",10,"['OBSERVE_STRATUM', 'REMOVE_LAYER', 'OBSERVE_STRATUM', 'REMOVE_LAYER', 'OBSERVE_STRATUM', 'REMOVE_LAYER', 'OBSERVE_STRATUM', 'REMOVE_LAYER', 'OBSERVE_STRATUM', 'STOP_INSPECTION']",42.0,85.0,REGIME_D_CLUSTERED,FB2_Depth_Stratified,2
bench_REGIME_D_CLUSTERED_002,FB3_Macro_Myopic_VOI,potato,CLUSTERED,0.248,0.1129,0.1351,MARKDOWN,0.0,0.0,1.0,0.0,2.0,0.2,2.2,5.0,"{0: 0.04, 1: 0.04, 2: 0.5683, 3: 0.5675, 4: 0.04}",2,"['OBSERVE_STRATUM', 'STOP_INSPECTION']",2.0,5.0,REGIME_D_CLUSTERED,FB3_Macro_Myopic_VOI,2
bench_REGIME_D_CLUSTERED_002,FB5_State_Blind_Lookahead,potato,CLUSTERED,0.248,0.116,0.132,MARKDOWN,0.0,0.0,1.0,0.0,6.0,4.8,10.8,120.0,"{0: 0.04, 1: 0.04, 2: 0.5683, 3: 0.5675, 4: 0.04}",12,"['WAIT_SETTLE', 'WAIT_SETTLE', 'WAIT_SETTLE', 'WAIT_SETTLE', 'WAIT_SETTLE', 'WAIT_SETTLE', 'WAIT_SETTLE', 'WAIT_SETTLE', 'WAIT_SETTLE', 'WAIT_SETTLE', 'WAIT_SETTLE', 'WAIT_SETTLE']",6.0,120.0,REGIME_D_CLUSTERED,FB5_State_Blind,2
bench_REGIME_D_CLUSTERED_002,FB6_Additive_Cost_Planner,potato,CLUSTERED,0.248,0.116,0.132,MARKDOWN,0.0,0.0,1.0,0.0,6.0,4.8,10.8,120.0,"{0: 0.04, 1: 0.04, 2: 0.5683, 3: 0.5675, 4: 0.04}",12,"['WAIT_SETTLE', 'WAIT_SETTLE', 'WAIT_SETTLE', 'WAIT_SETTLE', 'WAIT_SETTLE', 'WAIT_SETTLE', 'WAIT_SETTLE', 'WAIT_SETTLE', 'WAIT_SETTLE', 'WAIT_SETTLE', 'WAIT_SETTLE', 'WAIT_SETTLE']",6.0,120.0,REGIME_D_CLUSTERED,FB6_Additive_Cost,2
bench_REGIME_D_CLUSTERED_002,FB7_Exposure_Aware_Planner,potato,CLUSTERED,0.248,0.1124,0.1356,MARKDOWN,0.0,0.0,1.0,0.0,2.0,0.2,2.2,5.0,"{0: 0.04, 1: 0.04, 2: 0.5683, 3: 0.5675, 4: 0.04}",2,"['OBSERVE_STRATUM', 'STOP_INSPECTION']",2.0,5.0,REGIME_D_CLUSTERED,FB7_Proposed,2
bench_REGIME_D_CLUSTERED_003,FB0_Surface_Only,potato,CLUSTERED,0.284,0.113,0.171,MARKDOWN,0.0,0.0,1.0,0.0,2.0,0.2,2.2,5.0,"{0: 0.04, 1: 0.04, 2: 0.6398, 3: 0.6515, 4: 0.04}",2,"['OBSERVE_STRATUM', 'STOP_INSPECTION']",2.0,5.0,REGIME_D_CLUSTERED,FB0_Surface_Only,3
bench_REGIME_D_CLUSTERED_003,FB1_Fixed_Sampling,potato,CLUSTERED,0.284,0.1083,0.1757,MARKDOWN,0.0,0.0,1.0,0.0,45.0,3.0,48.0,75.0,"{0: 0.04, 1: 0.04, 2: 0.6398, 3: 0.6515, 4: 0.04}",4,"['SAMPLE_UNITS', 'SAMPLE_UNITS', 'SAMPLE_UNITS', 'STOP_INSPECTION']",45.0,75.0,REGIME_D_CLUSTERED,FB1_Fixed_Random,3
bench_REGIME_D_CLUSTERED_003,FB2_Depth_Stratified,potato,CLUSTERED,0.284,0.1688,0.1152,MARKDOWN,0.0,0.0,1.0,0.0,42.0,11.4,53.4,285.0,"{0: 0.04, 1: 0.04, 2: 0.6398, 3: 0.6515, 4: 0.04}",10,"['OBSERVE_STRATUM', 'REMOVE_LAYER', 'OBSERVE_STRATUM', 'REMOVE_LAYER', 'OBSERVE_STRATUM', 'REMOVE_LAYER', 'OBSERVE_STRATUM', 'REMOVE_LAYER', 'OBSERVE_STRATUM', 'STOP_INSPECTION']",42.0,85.0,REGIME_D_CLUSTERED,FB2_Depth_Stratified,3
bench_REGIME_D_CLUSTERED_003,FB3_Macro_Myopic_VOI,potato,CLUSTERED,0.284,0.1103,0.1737,MARKDOWN,0.0,0.0,1.0,0.0,2.0,0.2,2.2,5.0,"{0: 0.04, 1: 0.04, 2: 0.6398, 3: 0.6515, 4: 0.04}",2,"['OBSERVE_STRATUM', 'STOP_INSPECTION']",2.0,5.0,REGIME_D_CLUSTERED,FB3_Macro_Myopic_VOI,3
bench_REGIME_D_CLUSTERED_003,FB5_State_Blind_Lookahead,potato,CLUSTERED,0.284,0.116,0.168,MARKDOWN,0.0,0.0,1.0,0.0,6.0,4.8,10.8,120.0,"{0: 0.04, 1: 0.04, 2: 0.6398, 3: 0.6515, 4: 0.04}",12,"['WAIT_SETTLE', 'WAIT_SETTLE', 'WAIT_SETTLE', 'WAIT_SETTLE', 'WAIT_SETTLE', 'WAIT_SETTLE', 'WAIT_SETTLE', 'WAIT_SETTLE', 'WAIT_SETTLE', 'WAIT_SETTLE', 'WAIT_SETTLE', 'WAIT_SETTLE']",6.0,120.0,REGIME_D_CLUSTERED,FB5_State_Blind,3
bench_REGIME_D_CLUSTERED_003,FB6_Additive_Cost_Planner,potato,CLUSTERED,0.284,0.116,0.168,MARKDOWN,0.0,0.0,1.0,0.0,6.0,4.8,10.8,120.0,"{0: 0.04, 1: 0.04, 2: 0.6398, 3: 0.6515, 4: 0.04}",12,"['WAIT_SETTLE', 'WAIT_SETTLE', 'WAIT_SETTLE', 'WAIT_SETTLE', 'WAIT_SETTLE', 'WAIT_SETTLE', 'WAIT_SETTLE', 'WAIT_SETTLE', 'WAIT_SETTLE', 'WAIT_SETTLE', 'WAIT_SETTLE', 'WAIT_SETTLE']",6.0,120.0,REGIME_D_CLUSTERED,FB6_Additive_Cost,3
bench_REGIME_D_CLUSTERED_003,FB7_Exposure_Aware_Planner,potato,CLUSTERED,0.284,0.1145,0.1695,MARKDOWN,0.0,0.0,1.0,0.0,2.0,0.2,2.2,5.0,"{0: 0.04, 1: 0.04, 2: 0.6398, 3: 0.6515, 4: 0.04}",2,"['OBSERVE_STRATUM', 'STOP_INSPECTION']",2.0,5.0,REGIME_D_CLUSTERED,FB7_Proposed,3
bench_REGIME_D_CLUSTERED_004,FB0_Surface_Only,potato,CLUSTERED,0.236,0.1093,0.1267,MARKDOWN,0.0,0.0,1.0,0.0,2.0,0.2,2.2,5.0,"{0: 0.04, 1: 0.04, 2: 0.5388, 3: 0.5167, 4: 0.04}",2,"['OBSERVE_STRATUM', 'STOP_INSPECTION']",2.0,5.0,REGIME_D_CLUSTERED,FB0_Surface_Only,4
bench_REGIME_D_CLUSTERED_004,FB1_Fixed_Sampling,potato,CLUSTERED,0.236,0.1107,0.1253,MARKDOWN,0.0,0.0,1.0,0.0,45.0,3.0,48.0,75.0,"{0: 0.04, 1: 0.04, 2: 0.5388, 3: 0.5167, 4: 0.04}",4,"['SAMPLE_UNITS', 'SAMPLE_UNITS', 'SAMPLE_UNITS', 'STOP_INSPECTION']",45.0,75.0,REGIME_D_CLUSTERED,FB1_Fixed_Random,4
bench_REGIME_D_CLUSTERED_004,FB2_Depth_Stratified,potato,CLUSTERED,0.236,0.1541,0.0819,MARKDOWN,0.0,0.0,1.0,0.0,42.0,11.4,53.4,285.0,"{0: 0.04, 1: 0.04, 2: 0.5388, 3: 0.5167, 4: 0.04}",10,"['OBSERVE_STRATUM', 'REMOVE_LAYER', 'OBSERVE_STRATUM', 'REMOVE_LAYER', 'OBSERVE_STRATUM', 'REMOVE_LAYER', 'OBSERVE_STRATUM', 'REMOVE_LAYER', 'OBSERVE_STRATUM', 'STOP_INSPECTION']",42.0,85.0,REGIME_D_CLUSTERED,FB2_Depth_Stratified,4
bench_REGIME_D_CLUSTERED_004,FB3_Macro_Myopic_VOI,potato,CLUSTERED,0.236,0.112,0.124,MARKDOWN,0.0,0.0,1.0,0.0,2.0,0.2,2.2,5.0,"{0: 0.04, 1: 0.04, 2: 0.5388, 3: 0.5167, 4: 0.04}",2,"['OBSERVE_STRATUM', 'STOP_INSPECTION']",2.0,5.0,REGIME_D_CLUSTERED,FB3_Macro_Myopic_VOI,4
bench_REGIME_D_CLUSTERED_004,FB5_State_Blind_Lookahead,potato,CLUSTERED,0.236,0.116,0.12,MARKDOWN,0.0,0.0,1.0,0.0,6.0,4.8,10.8,120.0,"{0: 0.04, 1: 0.04, 2: 0.5388, 3: 0.5167, 4: 0.04}",12,"['WAIT_SETTLE', 'WAIT_SETTLE', 'WAIT_SETTLE', 'WAIT_SETTLE', 'WAIT_SETTLE', 'WAIT_SETTLE', 'WAIT_SETTLE', 'WAIT_SETTLE', 'WAIT_SETTLE', 'WAIT_SETTLE', 'WAIT_SETTLE', 'WAIT_SETTLE']",6.0,120.0,REGIME_D_CLUSTERED,FB5_State_Blind,4
bench_REGIME_D_CLUSTERED_004,FB6_Additive_Cost_Planner,potato,CLUSTERED,0.236,0.116,0.12,MARKDOWN,0.0,0.0,1.0,0.0,6.0,4.8,10.8,120.0,"{0: 0.04, 1: 0.04, 2: 0.5388, 3: 0.5167, 4: 0.04}",12,"['WAIT_SETTLE', 'WAIT_SETTLE', 'WAIT_SETTLE', 'WAIT_SETTLE', 'WAIT_SETTLE', 'WAIT_SETTLE', 'WAIT_SETTLE', 'WAIT_SETTLE', 'WAIT_SETTLE', 'WAIT_SETTLE', 'WAIT_SETTLE', 'WAIT_SETTLE']",6.0,120.0,REGIME_D_CLUSTERED,FB6_Additive_Cost,4
bench_REGIME_D_CLUSTERED_004,FB7_Exposure_Aware_Planner,potato,CLUSTERED,0.236,0.1104,0.1256,MARKDOWN,0.0,0.0,1.0,0.0,2.0,0.2,2.2,5.0,"{0: 0.04, 1: 0.04, 2: 0.5388, 3: 0.5167, 4: 0.04}",2,"['OBSERVE_STRATUM', 'STOP_INSPECTION']",2.0,5.0,REGIME_D_CLUSTERED,FB7_Proposed,4
bench_REGIME_D_CLUSTERED_005,FB0_Surface_Only,potato,CLUSTERED,0.236,0.1113,0.1247,MARKDOWN,0.0,0.0,1.0,0.0,2.0,0.2,2.2,5.0,"{0: 0.04, 1: 0.04, 2: 0.4614, 3: 0.6063, 4: 0.04}",2,"['OBSERVE_STRATUM', 'STOP_INSPECTION']",2.0,5.0,REGIME_D_CLUSTERED,FB0_Surface_Only,5
bench_REGIME_D_CLUSTERED_005,FB1_Fixed_Sampling,potato,CLUSTERED,0.236,0.1087,0.1273,MARKDOWN,0.0,0.0,1.0,0.0,45.0,3.0,48.0,75.0,"{0: 0.04, 1: 0.04, 2: 0.4614, 3: 0.6063, 4: 0.04}",4,"['SAMPLE_UNITS', 'SAMPLE_UNITS', 'SAMPLE_UNITS', 'STOP_INSPECTION']",45.0,75.0,REGIME_D_CLUSTERED,FB1_Fixed_Random,5
bench_REGIME_D_CLUSTERED_005,FB2_Depth_Stratified,potato,CLUSTERED,0.236,0.1552,0.0808,MARKDOWN,0.0,0.0,1.0,0.0,42.0,11.4,53.4,285.0,"{0: 0.04, 1: 0.04, 2: 0.4614, 3: 0.6063, 4: 0.04}",10,"['OBSERVE_STRATUM', 'REMOVE_LAYER', 'OBSERVE_STRATUM', 'REMOVE_LAYER', 'OBSERVE_STRATUM', 'REMOVE_LAYER', 'OBSERVE_STRATUM', 'REMOVE_LAYER', 'OBSERVE_STRATUM', 'STOP_INSPECTION']",42.0,85.0,REGIME_D_CLUSTERED,FB2_Depth_Stratified,5
bench_REGIME_D_CLUSTERED_005,FB3_Macro_Myopic_VOI,potato,CLUSTERED,0.236,0.1124,0.1236,MARKDOWN,0.0,0.0,1.0,0.0,2.0,0.2,2.2,5.0,"{0: 0.04, 1: 0.04, 2: 0.4614, 3: 0.6063, 4: 0.04}",2,"['OBSERVE_STRATUM', 'STOP_INSPECTION']",2.0,5.0,REGIME_D_CLUSTERED,FB3_Macro_Myopic_VOI,5
bench_REGIME_D_CLUSTERED_005,FB5_State_Blind_Lookahead,potato,CLUSTERED,0.236,0.116,0.12,MARKDOWN,0.0,0.0,1.0,0.0,6.0,4.8,10.8,120.0,"{0: 0.04, 1: 0.04, 2: 0.4614, 3: 0.6063, 4: 0.04}",12,"['WAIT_SETTLE', 'WAIT_SETTLE', 'WAIT_SETTLE', 'WAIT_SETTLE', 'WAIT_SETTLE', 'WAIT_SETTLE', 'WAIT_SETTLE', 'WAIT_SETTLE', 'WAIT_SETTLE', 'WAIT_SETTLE', 'WAIT_SETTLE', 'WAIT_SETTLE']",6.0,120.0,REGIME_D_CLUSTERED,FB5_State_Blind,5
bench_REGIME_D_CLUSTERED_005,FB6_Additive_Cost_Planner,potato,CLUSTERED,0.236,0.116,0.12,MARKDOWN,0.0,0.0,1.0,0.0,6.0,4.8,10.8,120.0,"{0: 0.04, 1: 0.04, 2: 0.4614, 3: 0.6063, 4: 0.04}",12,"['WAIT_SETTLE', 'WAIT_SETTLE', 'WAIT_SETTLE', 'WAIT_SETTLE', 'WAIT_SETTLE', 'WAIT_SETTLE', 'WAIT_SETTLE', 'WAIT_SETTLE', 'WAIT_SETTLE', 'WAIT_SETTLE', 'WAIT_SETTLE', 'WAIT_SETTLE']",6.0,120.0,REGIME_D_CLUSTERED,FB6_Additive_Cost,5
bench_REGIME_D_CLUSTERED_005,FB7_Exposure_Aware_Planner,potato,CLUSTERED,0.236,0.1096,0.1264,MARKDOWN,0.0,0.0,1.0,0.0,2.0,0.2,2.2,5.0,"{0: 0.04, 1: 0.04, 2: 0.4614, 3: 0.6063, 4: 0.04}",2,"['OBSERVE_STRATUM', 'STOP_INSPECTION']",2.0,5.0,REGIME_D_CLUSTERED,FB7_Proposed,5
bench_REGIME_D_CLUSTERED_006,FB0_Surface_Only,potato,CLUSTERED,0.248,0.1099,0.1381,MARKDOWN,0.0,0.0,1.0,0.0,2.0,0.2,2.2,5.0,"{0: 0.04, 1: 0.04, 2: 0.5733, 3: 0.5349, 4: 0.04}",2,"['OBSERVE_STRATUM', 'STOP_INSPECTION']",2.0,5.0,REGIME_D_CLUSTERED,FB0_Surface_Only,6
bench_REGIME_D_CLUSTERED_006,FB1_Fixed_Sampling,potato,CLUSTERED,0.248,0.1076,0.1404,MARKDOWN,0.0,0.0,1.0,0.0,45.0,3.0,48.0,75.0,"{0: 0.04, 1: 0.04, 2: 0.5733, 3: 0.5349, 4: 0.04}",4,"['SAMPLE_UNITS', 'SAMPLE_UNITS', 'SAMPLE_UNITS', 'STOP_INSPECTION']",45.0,75.0,REGIME_D_CLUSTERED,FB1_Fixed_Random,6
bench_REGIME_D_CLUSTERED_006,FB2_Depth_Stratified,potato,CLUSTERED,0.248,0.159,0.089,SPLIT_LOT,0.0,0.0,1.0,120.0,42.0,11.4,173.4,285.0,"{0: 0.04, 1: 0.04, 2: 0.5733, 3: 0.5349, 4: 0.04}",10,"['OBSERVE_STRATUM', 'REMOVE_LAYER', 'OBSERVE_STRATUM', 'REMOVE_LAYER', 'OBSERVE_STRATUM', 'REMOVE_LAYER', 'OBSERVE_STRATUM', 'REMOVE_LAYER', 'OBSERVE_STRATUM', 'STOP_INSPECTION']",42.0,85.0,REGIME_D_CLUSTERED,FB2_Depth_Stratified,6
bench_REGIME_D_CLUSTERED_006,FB3_Macro_Myopic_VOI,potato,CLUSTERED,0.248,0.1112,0.1368,MARKDOWN,0.0,0.0,1.0,0.0,2.0,0.2,2.2,5.0,"{0: 0.04, 1: 0.04, 2: 0.5733, 3: 0.5349, 4: 0.04}",2,"['OBSERVE_STRATUM', 'STOP_INSPECTION']",2.0,5.0,REGIME_D_CLUSTERED,FB3_Macro_Myopic_VOI,6
bench_REGIME_D_CLUSTERED_006,FB5_State_Blind_Lookahead,potato,CLUSTERED,0.248,0.116,0.132,MARKDOWN,0.0,0.0,1.0,0.0,6.0,4.8,10.8,120.0,"{0: 0.04, 1: 0.04, 2: 0.5733, 3: 0.5349, 4: 0.04}",12,"['WAIT_SETTLE', 'WAIT_SETTLE', 'WAIT_SETTLE', 'WAIT_SETTLE', 'WAIT_SETTLE', 'WAIT_SETTLE', 'WAIT_SETTLE', 'WAIT_SETTLE', 'WAIT_SETTLE', 'WAIT_SETTLE', 'WAIT_SETTLE', 'WAIT_SETTLE']",6.0,120.0,REGIME_D_CLUSTERED,FB5_State_Blind,6
bench_REGIME_D_CLUSTERED_006,FB6_Additive_Cost_Planner,potato,CLUSTERED,0.248,0.116,0.132,MARKDOWN,0.0,0.0,1.0,0.0,6.0,4.8,10.8,120.0,"{0: 0.04, 1: 0.04, 2: 0.5733, 3: 0.5349, 4: 0.04}",12,"['WAIT_SETTLE', 'WAIT_SETTLE', 'WAIT_SETTLE', 'WAIT_SETTLE', 'WAIT_SETTLE', 'WAIT_SETTLE', 'WAIT_SETTLE', 'WAIT_SETTLE', 'WAIT_SETTLE', 'WAIT_SETTLE', 'WAIT_SETTLE', 'WAIT_SETTLE']",6.0,120.0,REGIME_D_CLUSTERED,FB6_Additive_Cost,6
bench_REGIME_D_CLUSTERED_006,FB7_Exposure_Aware_Planner,potato,CLUSTERED,0.248,0.1166,0.1314,MARKDOWN,0.0,0.0,1.0,0.0,2.0,0.2,2.2,5.0,"{0: 0.04, 1: 0.04, 2: 0.5733, 3: 0.5349, 4: 0.04}",2,"['OBSERVE_STRATUM', 'STOP_INSPECTION']",2.0,5.0,REGIME_D_CLUSTERED,FB7_Proposed,6
bench_REGIME_D_CLUSTERED_007,FB0_Surface_Only,potato,CLUSTERED,0.22,0.1146,0.1054,MARKDOWN,0.0,0.0,1.0,0.0,2.0,0.2,2.2,5.0,"{0: 0.04, 1: 0.04, 2: 0.5274, 3: 0.4546, 4: 0.04}",2,"['OBSERVE_STRATUM', 'STOP_INSPECTION']",2.0,5.0,REGIME_D_CLUSTERED,FB0_Surface_Only,7
bench_REGIME_D_CLUSTERED_007,FB1_Fixed_Sampling,potato,CLUSTERED,0.22,0.108,0.112,MARKDOWN,0.0,0.0,1.0,0.0,45.0,3.0,48.0,75.0,"{0: 0.04, 1: 0.04, 2: 0.5274, 3: 0.4546, 4: 0.04}",4,"['SAMPLE_UNITS', 'SAMPLE_UNITS', 'SAMPLE_UNITS', 'STOP_INSPECTION']",45.0,75.0,REGIME_D_CLUSTERED,FB1_Fixed_Random,7
bench_REGIME_D_CLUSTERED_007,FB2_Depth_Stratified,potato,CLUSTERED,0.22,0.1527,0.0673,SPLIT_LOT,0.0,0.0,1.0,120.0,42.0,11.4,173.4,285.0,"{0: 0.04, 1: 0.04, 2: 0.5274, 3: 0.4546, 4: 0.04}",10,"['OBSERVE_STRATUM', 'REMOVE_LAYER', 'OBSERVE_STRATUM', 'REMOVE_LAYER', 'OBSERVE_STRATUM', 'REMOVE_LAYER', 'OBSERVE_STRATUM', 'REMOVE_LAYER', 'OBSERVE_STRATUM', 'STOP_INSPECTION']",42.0,85.0,REGIME_D_CLUSTERED,FB2_Depth_Stratified,7
bench_REGIME_D_CLUSTERED_007,FB3_Macro_Myopic_VOI,potato,CLUSTERED,0.22,0.1125,0.1075,MARKDOWN,0.0,0.0,1.0,0.0,2.0,0.2,2.2,5.0,"{0: 0.04, 1: 0.04, 2: 0.5274, 3: 0.4546, 4: 0.04}",2,"['OBSERVE_STRATUM', 'STOP_INSPECTION']",2.0,5.0,REGIME_D_CLUSTERED,FB3_Macro_Myopic_VOI,7
bench_REGIME_D_CLUSTERED_007,FB5_State_Blind_Lookahead,potato,CLUSTERED,0.22,0.116,0.104,MARKDOWN,0.0,0.0,1.0,0.0,6.0,4.8,10.8,120.0,"{0: 0.04, 1: 0.04, 2: 0.5274, 3: 0.4546, 4: 0.04}",12,"['WAIT_SETTLE', 'WAIT_SETTLE', 'WAIT_SETTLE', 'WAIT_SETTLE', 'WAIT_SETTLE', 'WAIT_SETTLE', 'WAIT_SETTLE', 'WAIT_SETTLE', 'WAIT_SETTLE', 'WAIT_SETTLE', 'WAIT_SETTLE', 'WAIT_SETTLE']",6.0,120.0,REGIME_D_CLUSTERED,FB5_State_Blind,7
bench_REGIME_D_CLUSTERED_007,FB6_Additive_Cost_Planner,potato,CLUSTERED,0.22,0.116,0.104,MARKDOWN,0.0,0.0,1.0,0.0,6.0,4.8,10.8,120.0,"{0: 0.04, 1: 0.04, 2: 0.5274, 3: 0.4546, 4: 0.04}",12,"['WAIT_SETTLE', 'WAIT_SETTLE', 'WAIT_SETTLE', 'WAIT_SETTLE', 'WAIT_SETTLE', 'WAIT_SETTLE', 'WAIT_SETTLE', 'WAIT_SETTLE', 'WAIT_SETTLE', 'WAIT_SETTLE', 'WAIT_SETTLE', 'WAIT_SETTLE']",6.0,120.0,REGIME_D_CLUSTERED,FB6_Additive_Cost,7
bench_REGIME_D_CLUSTERED_007,FB7_Exposure_Aware_Planner,potato,CLUSTERED,0.22,0.1136,0.1064,MARKDOWN,0.0,0.0,1.0,0.0,2.0,0.2,2.2,5.0,"{0: 0.04, 1: 0.04, 2: 0.5274, 3: 0.4546, 4: 0.04}",2,"['OBSERVE_STRATUM', 'STOP_INSPECTION']",2.0,5.0,REGIME_D_CLUSTERED,FB7_Proposed,7
bench_REGIME_D_CLUSTERED_008,FB0_Surface_Only,potato,CLUSTERED,0.224,0.1113,0.1127,MARKDOWN,0.0,0.0,1.0,0.0,2.0,0.2,2.2,5.0,"{0: 0.04, 1: 0.04, 2: 0.5015, 3: 0.5057, 4: 0.04}",2,"['OBSERVE_STRATUM', 'STOP_INSPECTION']",2.0,5.0,REGIME_D_CLUSTERED,FB0_Surface_Only,8
bench_REGIME_D_CLUSTERED_008,FB1_Fixed_Sampling,potato,CLUSTERED,0.224,0.1119,0.1121,MARKDOWN,0.0,0.0,1.0,0.0,45.0,3.0,48.0,75.0,"{0: 0.04, 1: 0.04, 2: 0.5015, 3: 0.5057, 4: 0.04}",4,"['SAMPLE_UNITS', 'SAMPLE_UNITS', 'SAMPLE_UNITS', 'STOP_INSPECTION']",45.0,75.0,REGIME_D_CLUSTERED,FB1_Fixed_Random,8
bench_REGIME_D_CLUSTERED_008,FB2_Depth_Stratified,potato,CLUSTERED,0.224,0.1536,0.0704,MARKDOWN,0.0,0.0,1.0,0.0,42.0,11.4,53.4,285.0,"{0: 0.04, 1: 0.04, 2: 0.5015, 3: 0.5057, 4: 0.04}",10,"['OBSERVE_STRATUM', 'REMOVE_LAYER', 'OBSERVE_STRATUM', 'REMOVE_LAYER', 'OBSERVE_STRATUM', 'REMOVE_LAYER', 'OBSERVE_STRATUM', 'REMOVE_LAYER', 'OBSERVE_STRATUM', 'STOP_INSPECTION']",42.0,85.0,REGIME_D_CLUSTERED,FB2_Depth_Stratified,8
bench_REGIME_D_CLUSTERED_008,FB3_Macro_Myopic_VOI,potato,CLUSTERED,0.224,0.1101,0.1139,MARKDOWN,0.0,0.0,1.0,0.0,2.0,0.2,2.2,5.0,"{0: 0.04, 1: 0.04, 2: 0.5015, 3: 0.5057, 4: 0.04}",2,"['OBSERVE_STRATUM', 'STOP_INSPECTION']",2.0,5.0,REGIME_D_CLUSTERED,FB3_Macro_Myopic_VOI,8
bench_REGIME_D_CLUSTERED_008,FB5_State_Blind_Lookahead,potato,CLUSTERED,0.224,0.116,0.108,MARKDOWN,0.0,0.0,1.0,0.0,6.0,4.8,10.8,120.0,"{0: 0.04, 1: 0.04, 2: 0.5015, 3: 0.5057, 4: 0.04}",12,"['WAIT_SETTLE', 'WAIT_SETTLE', 'WAIT_SETTLE', 'WAIT_SETTLE', 'WAIT_SETTLE', 'WAIT_SETTLE', 'WAIT_SETTLE', 'WAIT_SETTLE', 'WAIT_SETTLE', 'WAIT_SETTLE', 'WAIT_SETTLE', 'WAIT_SETTLE']",6.0,120.0,REGIME_D_CLUSTERED,FB5_State_Blind,8
bench_REGIME_D_CLUSTERED_008,FB6_Additive_Cost_Planner,potato,CLUSTERED,0.224,0.116,0.108,MARKDOWN,0.0,0.0,1.0,0.0,6.0,4.8,10.8,120.0,"{0: 0.04, 1: 0.04, 2: 0.5015, 3: 0.5057, 4: 0.04}",12,"['WAIT_SETTLE', 'WAIT_SETTLE', 'WAIT_SETTLE', 'WAIT_SETTLE', 'WAIT_SETTLE', 'WAIT_SETTLE', 'WAIT_SETTLE', 'WAIT_SETTLE', 'WAIT_SETTLE', 'WAIT_SETTLE', 'WAIT_SETTLE', 'WAIT_SETTLE']",6.0,120.0,REGIME_D_CLUSTERED,FB6_Additive_Cost,8
bench_REGIME_D_CLUSTERED_008,FB7_Exposure_Aware_Planner,potato,CLUSTERED,0.224,0.1106,0.1134,MARKDOWN,0.0,0.0,1.0,0.0,2.0,0.2,2.2,5.0,"{0: 0.04, 1: 0.04, 2: 0.5015, 3: 0.5057, 4: 0.04}",2,"['OBSERVE_STRATUM', 'STOP_INSPECTION']",2.0,5.0,REGIME_D_CLUSTERED,FB7_Proposed,8
bench_REGIME_D_CLUSTERED_009,FB0_Surface_Only,potato,CLUSTERED,0.256,0.112,0.144,MARKDOWN,0.0,0.0,1.0,0.0,2.0,0.2,2.2,5.0,"{0: 0.04, 1: 0.04, 2: 0.5474, 3: 0.6256, 4: 0.04}",2,"['OBSERVE_STRATUM', 'STOP_INSPECTION']",2.0,5.0,REGIME_D_CLUSTERED,FB0_Surface_Only,9
bench_REGIME_D_CLUSTERED_009,FB1_Fixed_Sampling,potato,CLUSTERED,0.256,0.1134,0.1426,MARKDOWN,0.0,0.0,1.0,0.0,45.0,3.0,48.0,75.0,"{0: 0.04, 1: 0.04, 2: 0.5474, 3: 0.6256, 4: 0.04}",4,"['SAMPLE_UNITS', 'SAMPLE_UNITS', 'SAMPLE_UNITS', 'STOP_INSPECTION']",45.0,75.0,REGIME_D_CLUSTERED,FB1_Fixed_Random,9
bench_REGIME_D_CLUSTERED_009,FB2_Depth_Stratified,potato,CLUSTERED,0.256,0.1635,0.0925,MARKDOWN,0.0,0.0,1.0,0.0,42.0,11.4,53.4,285.0,"{0: 0.04, 1: 0.04, 2: 0.5474, 3: 0.6256, 4: 0.04}",10,"['OBSERVE_STRATUM', 'REMOVE_LAYER', 'OBSERVE_STRATUM', 'REMOVE_LAYER', 'OBSERVE_STRATUM', 'REMOVE_LAYER', 'OBSERVE_STRATUM', 'REMOVE_LAYER', 'OBSERVE_STRATUM', 'STOP_INSPECTION']",42.0,85.0,REGIME_D_CLUSTERED,FB2_Depth_Stratified,9
bench_REGIME_D_CLUSTERED_009,FB3_Macro_Myopic_VOI,potato,CLUSTERED,0.256,0.1134,0.1426,MARKDOWN,0.0,0.0,1.0,0.0,2.0,0.2,2.2,5.0,"{0: 0.04, 1: 0.04, 2: 0.5474, 3: 0.6256, 4: 0.04}",2,"['OBSERVE_STRATUM', 'STOP_INSPECTION']",2.0,5.0,REGIME_D_CLUSTERED,FB3_Macro_Myopic_VOI,9
bench_REGIME_D_CLUSTERED_009,FB5_State_Blind_Lookahead,potato,CLUSTERED,0.256,0.116,0.14,MARKDOWN,0.0,0.0,1.0,0.0,6.0,4.8,10.8,120.0,"{0: 0.04, 1: 0.04, 2: 0.5474, 3: 0.6256, 4: 0.04}",12,"['WAIT_SETTLE', 'WAIT_SETTLE', 'WAIT_SETTLE', 'WAIT_SETTLE', 'WAIT_SETTLE', 'WAIT_SETTLE', 'WAIT_SETTLE', 'WAIT_SETTLE', 'WAIT_SETTLE', 'WAIT_SETTLE', 'WAIT_SETTLE', 'WAIT_SETTLE']",6.0,120.0,REGIME_D_CLUSTERED,FB5_State_Blind,9
bench_REGIME_D_CLUSTERED_009,FB6_Additive_Cost_Planner,potato,CLUSTERED,0.256,0.116,0.14,MARKDOWN,0.0,0.0,1.0,0.0,6.0,4.8,10.8,120.0,"{0: 0.04, 1: 0.04, 2: 0.5474, 3: 0.6256, 4: 0.04}",12,"['WAIT_SETTLE', 'WAIT_SETTLE', 'WAIT_SETTLE', 'WAIT_SETTLE', 'WAIT_SETTLE', 'WAIT_SETTLE', 'WAIT_SETTLE', 'WAIT_SETTLE', 'WAIT_SETTLE', 'WAIT_SETTLE', 'WAIT_SETTLE', 'WAIT_SETTLE']",6.0,120.0,REGIME_D_CLUSTERED,FB6_Additive_Cost,9
bench_REGIME_D_CLUSTERED_009,FB7_Exposure_Aware_Planner,potato,CLUSTERED,0.256,0.1105,0.1455,MARKDOWN,0.0,0.0,1.0,0.0,2.0,0.2,2.2,5.0,"{0: 0.04, 1: 0.04, 2: 0.5474, 3: 0.6256, 4: 0.04}",2,"['OBSERVE_STRATUM', 'STOP_INSPECTION']",2.0,5.0,REGIME_D_CLUSTERED,FB7_Proposed,9
bench_REGIME_D_CLUSTERED_010,FB0_Surface_Only,potato,CLUSTERED,0.264,0.1137,0.1503,MARKDOWN,0.0,0.0,1.0,0.0,2.0,0.2,2.2,5.0,"{0: 0.04, 1: 0.04, 2: 0.6129, 3: 0.59, 4: 0.04}",2,"['OBSERVE_STRATUM', 'STOP_INSPECTION']",2.0,5.0,REGIME_D_CLUSTERED,FB0_Surface_Only,10
bench_REGIME_D_CLUSTERED_010,FB1_Fixed_Sampling,potato,CLUSTERED,0.264,0.1103,0.1537,MARKDOWN,0.0,0.0,1.0,0.0,45.0,3.0,48.0,75.0,"{0: 0.04, 1: 0.04, 2: 0.6129, 3: 0.59, 4: 0.04}",4,"['SAMPLE_UNITS', 'SAMPLE_UNITS', 'SAMPLE_UNITS', 'STOP_INSPECTION']",45.0,75.0,REGIME_D_CLUSTERED,FB1_Fixed_Random,10
bench_REGIME_D_CLUSTERED_010,FB2_Depth_Stratified,potato,CLUSTERED,0.264,0.1706,0.0934,SPLIT_LOT,0.0,0.0,1.0,120.0,42.0,11.4,173.4,285.0,"{0: 0.04, 1: 0.04, 2: 0.6129, 3: 0.59, 4: 0.04}",10,"['OBSERVE_STRATUM', 'REMOVE_LAYER', 'OBSERVE_STRATUM', 'REMOVE_LAYER', 'OBSERVE_STRATUM', 'REMOVE_LAYER', 'OBSERVE_STRATUM', 'REMOVE_LAYER', 'OBSERVE_STRATUM', 'STOP_INSPECTION']",42.0,85.0,REGIME_D_CLUSTERED,FB2_Depth_Stratified,10
bench_REGIME_D_CLUSTERED_010,FB3_Macro_Myopic_VOI,potato,CLUSTERED,0.264,0.1116,0.1524,MARKDOWN,0.0,0.0,1.0,0.0,2.0,0.2,2.2,5.0,"{0: 0.04, 1: 0.04, 2: 0.6129, 3: 0.59, 4: 0.04}",2,"['OBSERVE_STRATUM', 'STOP_INSPECTION']",2.0,5.0,REGIME_D_CLUSTERED,FB3_Macro_Myopic_VOI,10
bench_REGIME_D_CLUSTERED_010,FB5_State_Blind_Lookahead,potato,CLUSTERED,0.264,0.116,0.148,MARKDOWN,0.0,0.0,1.0,0.0,6.0,4.8,10.8,120.0,"{0: 0.04, 1: 0.04, 2: 0.6129, 3: 0.59, 4: 0.04}",12,"['WAIT_SETTLE', 'WAIT_SETTLE', 'WAIT_SETTLE', 'WAIT_SETTLE', 'WAIT_SETTLE', 'WAIT_SETTLE', 'WAIT_SETTLE', 'WAIT_SETTLE', 'WAIT_SETTLE', 'WAIT_SETTLE', 'WAIT_SETTLE', 'WAIT_SETTLE']",6.0,120.0,REGIME_D_CLUSTERED,FB5_State_Blind,10
bench_REGIME_D_CLUSTERED_010,FB6_Additive_Cost_Planner,potato,CLUSTERED,0.264,0.116,0.148,MARKDOWN,0.0,0.0,1.0,0.0,6.0,4.8,10.8,120.0,"{0: 0.04, 1: 0.04, 2: 0.6129, 3: 0.59, 4: 0.04}",12,"['WAIT_SETTLE', 'WAIT_SETTLE', 'WAIT_SETTLE', 'WAIT_SETTLE', 'WAIT_SETTLE', 'WAIT_SETTLE', 'WAIT_SETTLE', 'WAIT_SETTLE', 'WAIT_SETTLE', 'WAIT_SETTLE', 'WAIT_SETTLE', 'WAIT_SETTLE']",6.0,120.0,REGIME_D_CLUSTERED,FB6_Additive_Cost,10
bench_REGIME_D_CLUSTERED_010,FB7_Exposure_Aware_Planner,potato,CLUSTERED,0.264,0.1145,0.1495,MARKDOWN,0.0,0.0,1.0,0.0,2.0,0.2,2.2,5.0,"{0: 0.04, 1: 0.04, 2: 0.6129, 3: 0.59, 4: 0.04}",2,"['OBSERVE_STRATUM', 'STOP_INSPECTION']",2.0,5.0,REGIME_D_CLUSTERED,FB7_Proposed,10
bench_REGIME_D_CLUSTERED_011,FB0_Surface_Only,potato,CLUSTERED,0.256,0.1129,0.1431,MARKDOWN,0.0,0.0,1.0,0.0,2.0,0.2,2.2,5.0,"{0: 0.04, 1: 0.04, 2: 0.4618, 3: 0.6992, 4: 0.04}",2,"['OBSERVE_STRATUM', 'STOP_INSPECTION']",2.0,5.0,REGIME_D_CLUSTERED,FB0_Surface_Only,11
bench_REGIME_D_CLUSTERED_011,FB1_Fixed_Sampling,potato,CLUSTERED,0.256,0.113,0.143,MARKDOWN,0.0,0.0,1.0,0.0,45.0,3.0,48.0,75.0,"{0: 0.04, 1: 0.04, 2: 0.4618, 3: 0.6992, 4: 0.04}",4,"['SAMPLE_UNITS', 'SAMPLE_UNITS', 'SAMPLE_UNITS', 'STOP_INSPECTION']",45.0,75.0,REGIME_D_CLUSTERED,FB1_Fixed_Random,11
bench_REGIME_D_CLUSTERED_011,FB2_Depth_Stratified,potato,CLUSTERED,0.256,0.1624,0.0936,MARKDOWN,0.0,0.0,1.0,0.0,42.0,11.4,53.4,285.0,"{0: 0.04, 1: 0.04, 2: 0.4618, 3: 0.6992, 4: 0.04}",10,"['OBSERVE_STRATUM', 'REMOVE_LAYER', 'OBSERVE_STRATUM', 'REMOVE_LAYER', 'OBSERVE_STRATUM', 'REMOVE_LAYER', 'OBSERVE_STRATUM', 'REMOVE_LAYER', 'OBSERVE_STRATUM', 'STOP_INSPECTION']",42.0,85.0,REGIME_D_CLUSTERED,FB2_Depth_Stratified,11
bench_REGIME_D_CLUSTERED_011,FB3_Macro_Myopic_VOI,potato,CLUSTERED,0.256,0.1154,0.1406,MARKDOWN,0.0,0.0,1.0,0.0,2.0,0.2,2.2,5.0,"{0: 0.04, 1: 0.04, 2: 0.4618, 3: 0.6992, 4: 0.04}",2,"['OBSERVE_STRATUM', 'STOP_INSPECTION']",2.0,5.0,REGIME_D_CLUSTERED,FB3_Macro_Myopic_VOI,11
bench_REGIME_D_CLUSTERED_011,FB5_State_Blind_Lookahead,potato,CLUSTERED,0.256,0.116,0.14,MARKDOWN,0.0,0.0,1.0,0.0,6.0,4.8,10.8,120.0,"{0: 0.04, 1: 0.04, 2: 0.4618, 3: 0.6992, 4: 0.04}",12,"['WAIT_SETTLE', 'WAIT_SETTLE', 'WAIT_SETTLE', 'WAIT_SETTLE', 'WAIT_SETTLE', 'WAIT_SETTLE', 'WAIT_SETTLE', 'WAIT_SETTLE', 'WAIT_SETTLE', 'WAIT_SETTLE', 'WAIT_SETTLE', 'WAIT_SETTLE']",6.0,120.0,REGIME_D_CLUSTERED,FB5_State_Blind,11
bench_REGIME_D_CLUSTERED_011,FB6_Additive_Cost_Planner,potato,CLUSTERED,0.256,0.116,0.14,MARKDOWN,0.0,0.0,1.0,0.0,6.0,4.8,10.8,120.0,"{0: 0.04, 1: 0.04, 2: 0.4618, 3: 0.6992, 4: 0.04}",12,"['WAIT_SETTLE', 'WAIT_SETTLE', 'WAIT_SETTLE', 'WAIT_SETTLE', 'WAIT_SETTLE', 'WAIT_SETTLE', 'WAIT_SETTLE', 'WAIT_SETTLE', 'WAIT_SETTLE', 'WAIT_SETTLE', 'WAIT_SETTLE', 'WAIT_SETTLE']",6.0,120.0,REGIME_D_CLUSTERED,FB6_Additive_Cost,11
bench_REGIME_D_CLUSTERED_011,FB7_Exposure_Aware_Planner,potato,CLUSTERED,0.256,0.1135,0.1425,MARKDOWN,0.0,0.0,1.0,0.0,2.0,0.2,2.2,5.0,"{0: 0.04, 1: 0.04, 2: 0.4618, 3: 0.6992, 4: 0.04}",2,"['OBSERVE_STRATUM', 'STOP_INSPECTION']",2.0,5.0,REGIME_D_CLUSTERED,FB7_Proposed,11
bench_REGIME_D_CLUSTERED_012,FB0_Surface_Only,potato,CLUSTERED,0.268,0.1135,0.1545,MARKDOWN,0.0,0.0,1.0,0.0,2.0,0.2,2.2,5.0,"{0: 0.04, 1: 0.04, 2: 0.6435, 3: 0.5707, 4: 0.04}",2,"['OBSERVE_STRATUM', 'STOP_INSPECTION']",2.0,5.0,REGIME_D_CLUSTERED,FB0_Surface_Only,12
bench_REGIME_D_CLUSTERED_012,FB1_Fixed_Sampling,potato,CLUSTERED,0.268,0.1105,0.1575,MARKDOWN,0.0,0.0,1.0,0.0,45.0,3.0,48.0,75.0,"{0: 0.04, 1: 0.04, 2: 0.6435, 3: 0.5707, 4: 0.04}",4,"['SAMPLE_UNITS', 'SAMPLE_UNITS', 'SAMPLE_UNITS', 'STOP_INSPECTION']",45.0,75.0,REGIME_D_CLUSTERED,FB1_Fixed_Random,12
bench_REGIME_D_CLUSTERED_012,FB2_Depth_Stratified,potato,CLUSTERED,0.268,0.1728,0.0952,SPLIT_LOT,0.0,0.0,1.0,120.0,42.0,11.4,173.4,285.0,"{0: 0.04, 1: 0.04, 2: 0.6435, 3: 0.5707, 4: 0.04}",10,"['OBSERVE_STRATUM', 'REMOVE_LAYER', 'OBSERVE_STRATUM', 'REMOVE_LAYER', 'OBSERVE_STRATUM', 'REMOVE_LAYER', 'OBSERVE_STRATUM', 'REMOVE_LAYER', 'OBSERVE_STRATUM', 'STOP_INSPECTION']",42.0,85.0,REGIME_D_CLUSTERED,FB2_Depth_Stratified,12
bench_REGIME_D_CLUSTERED_012,FB3_Macro_Myopic_VOI,potato,CLUSTERED,0.268,0.1134,0.1546,MARKDOWN,0.0,0.0,1.0,0.0,2.0,0.2,2.2,5.0,"{0: 0.04, 1: 0.04, 2: 0.6435, 3: 0.5707, 4: 0.04}",2,"['OBSERVE_STRATUM', 'STOP_INSPECTION']",2.0,5.0,REGIME_D_CLUSTERED,FB3_Macro_Myopic_VOI,12
bench_REGIME_D_CLUSTERED_012,FB5_State_Blind_Lookahead,potato,CLUSTERED,0.268,0.116,0.152,MARKDOWN,0.0,0.0,1.0,0.0,6.0,4.8,10.8,120.0,"{0: 0.04, 1: 0.04, 2: 0.6435, 3: 0.5707, 4: 0.04}",12,"['WAIT_SETTLE', 'WAIT_SETTLE', 'WAIT_SETTLE', 'WAIT_SETTLE', 'WAIT_SETTLE', 'WAIT_SETTLE', 'WAIT_SETTLE', 'WAIT_SETTLE', 'WAIT_SETTLE', 'WAIT_SETTLE', 'WAIT_SETTLE', 'WAIT_SETTLE']",6.0,120.0,REGIME_D_CLUSTERED,FB5_State_Blind,12
bench_REGIME_D_CLUSTERED_012,FB6_Additive_Cost_Planner,potato,CLUSTERED,0.268,0.116,0.152,MARKDOWN,0.0,0.0,1.0,0.0,6.0,4.8,10.8,120.0,"{0: 0.04, 1: 0.04, 2: 0.6435, 3: 0.5707, 4: 0.04}",12,"['WAIT_SETTLE', 'WAIT_SETTLE', 'WAIT_SETTLE', 'WAIT_SETTLE', 'WAIT_SETTLE', 'WAIT_SETTLE', 'WAIT_SETTLE', 'WAIT_SETTLE', 'WAIT_SETTLE', 'WAIT_SETTLE', 'WAIT_SETTLE', 'WAIT_SETTLE']",6.0,120.0,REGIME_D_CLUSTERED,FB6_Additive_Cost,12
bench_REGIME_D_CLUSTERED_012,FB7_Exposure_Aware_Planner,potato,CLUSTERED,0.268,0.1095,0.1585,MARKDOWN,0.0,0.0,1.0,0.0,2.0,0.2,2.2,5.0,"{0: 0.04, 1: 0.04, 2: 0.6435, 3: 0.5707, 4: 0.04}",2,"['OBSERVE_STRATUM', 'STOP_INSPECTION']",2.0,5.0,REGIME_D_CLUSTERED,FB7_Proposed,12
bench_REGIME_D_CLUSTERED_013,FB0_Surface_Only,potato,CLUSTERED,0.264,0.1092,0.1548,MARKDOWN,0.0,0.0,1.0,0.0,2.0,0.2,2.2,5.0,"{0: 0.04, 1: 0.04, 2: 0.6304, 3: 0.5651, 4: 0.04}",2,"['OBSERVE_STRATUM', 'STOP_INSPECTION']",2.0,5.0,REGIME_D_CLUSTERED,FB0_Surface_Only,13
bench_REGIME_D_CLUSTERED_013,FB1_Fixed_Sampling,potato,CLUSTERED,0.264,0.1074,0.1566,MARKDOWN,0.0,0.0,1.0,0.0,45.0,3.0,48.0,75.0,"{0: 0.04, 1: 0.04, 2: 0.6304, 3: 0.5651, 4: 0.04}",4,"['SAMPLE_UNITS', 'SAMPLE_UNITS', 'SAMPLE_UNITS', 'STOP_INSPECTION']",45.0,75.0,REGIME_D_CLUSTERED,FB1_Fixed_Random,13
bench_REGIME_D_CLUSTERED_013,FB2_Depth_Stratified,potato,CLUSTERED,0.264,0.17,0.094,MARKDOWN,0.0,0.0,1.0,0.0,42.0,11.4,53.4,285.0,"{0: 0.04, 1: 0.04, 2: 0.6304, 3: 0.5651, 4: 0.04}",10,"['OBSERVE_STRATUM', 'REMOVE_LAYER', 'OBSERVE_STRATUM', 'REMOVE_LAYER', 'OBSERVE_STRATUM', 'REMOVE_LAYER', 'OBSERVE_STRATUM', 'REMOVE_LAYER', 'OBSERVE_STRATUM', 'STOP_INSPECTION']",42.0,85.0,REGIME_D_CLUSTERED,FB2_Depth_Stratified,13
bench_REGIME_D_CLUSTERED_013,FB3_Macro_Myopic_VOI,potato,CLUSTERED,0.264,0.1109,0.1531,MARKDOWN,0.0,0.0,1.0,0.0,2.0,0.2,2.2,5.0,"{0: 0.04, 1: 0.04, 2: 0.6304, 3: 0.5651, 4: 0.04}",2,"['OBSERVE_STRATUM', 'STOP_INSPECTION']",2.0,5.0,REGIME_D_CLUSTERED,FB3_Macro_Myopic_VOI,13
bench_REGIME_D_CLUSTERED_013,FB5_State_Blind_Lookahead,potato,CLUSTERED,0.264,0.116,0.148,MARKDOWN,0.0,0.0,1.0,0.0,6.0,4.8,10.8,120.0,"{0: 0.04, 1: 0.04, 2: 0.6304, 3: 0.5651, 4: 0.04}",12,"['WAIT_SETTLE', 'WAIT_SETTLE', 'WAIT_SETTLE', 'WAIT_SETTLE', 'WAIT_SETTLE', 'WAIT_SETTLE', 'WAIT_SETTLE', 'WAIT_SETTLE', 'WAIT_SETTLE', 'WAIT_SETTLE', 'WAIT_SETTLE', 'WAIT_SETTLE']",6.0,120.0,REGIME_D_CLUSTERED,FB5_State_Blind,13
bench_REGIME_D_CLUSTERED_013,FB6_Additive_Cost_Planner,potato,CLUSTERED,0.264,0.116,0.148,MARKDOWN,0.0,0.0,1.0,0.0,6.0,4.8,10.8,120.0,"{0: 0.04, 1: 0.04, 2: 0.6304, 3: 0.5651, 4: 0.04}",12,"['WAIT_SETTLE', 'WAIT_SETTLE', 'WAIT_SETTLE', 'WAIT_SETTLE', 'WAIT_SETTLE', 'WAIT_SETTLE', 'WAIT_SETTLE', 'WAIT_SETTLE', 'WAIT_SETTLE', 'WAIT_SETTLE', 'WAIT_SETTLE', 'WAIT_SETTLE']",6.0,120.0,REGIME_D_CLUSTERED,FB6_Additive_Cost,13
bench_REGIME_D_CLUSTERED_013,FB7_Exposure_Aware_Planner,potato,CLUSTERED,0.264,0.1093,0.1547,MARKDOWN,0.0,0.0,1.0,0.0,2.0,0.2,2.2,5.0,"{0: 0.04, 1: 0.04, 2: 0.6304, 3: 0.5651, 4: 0.04}",2,"['OBSERVE_STRATUM', 'STOP_INSPECTION']",2.0,5.0,REGIME_D_CLUSTERED,FB7_Proposed,13
bench_REGIME_D_CLUSTERED_014,FB0_Surface_Only,potato,CLUSTERED,0.244,0.1092,0.1348,MARKDOWN,0.0,0.0,1.0,0.0,2.0,0.2,2.2,5.0,"{0: 0.04, 1: 0.04, 2: 0.4693, 3: 0.6341, 4: 0.04}",2,"['OBSERVE_STRATUM', 'STOP_INSPECTION']",2.0,5.0,REGIME_D_CLUSTERED,FB0_Surface_Only,14
bench_REGIME_D_CLUSTERED_014,FB1_Fixed_Sampling,potato,CLUSTERED,0.244,0.1116,0.1324,MARKDOWN,0.0,0.0,1.0,0.0,45.0,3.0,48.0,75.0,"{0: 0.04, 1: 0.04, 2: 0.4693, 3: 0.6341, 4: 0.04}",4,"['SAMPLE_UNITS', 'SAMPLE_UNITS', 'SAMPLE_UNITS', 'STOP_INSPECTION']",45.0,75.0,REGIME_D_CLUSTERED,FB1_Fixed_Random,14
bench_REGIME_D_CLUSTERED_014,FB2_Depth_Stratified,potato,CLUSTERED,0.244,0.1573,0.0867,SPLIT_LOT,0.0,0.0,1.0,120.0,42.0,11.4,173.4,285.0,"{0: 0.04, 1: 0.04, 2: 0.4693, 3: 0.6341, 4: 0.04}",10,"['OBSERVE_STRATUM', 'REMOVE_LAYER', 'OBSERVE_STRATUM', 'REMOVE_LAYER', 'OBSERVE_STRATUM', 'REMOVE_LAYER', 'OBSERVE_STRATUM', 'REMOVE_LAYER', 'OBSERVE_STRATUM', 'STOP_INSPECTION']",42.0,85.0,REGIME_D_CLUSTERED,FB2_Depth_Stratified,14
bench_REGIME_D_CLUSTERED_014,FB3_Macro_Myopic_VOI,potato,CLUSTERED,0.244,0.1147,0.1293,MARKDOWN,0.0,0.0,1.0,0.0,2.0,0.2,2.2,5.0,"{0: 0.04, 1: 0.04, 2: 0.4693, 3: 0.6341, 4: 0.04}",2,"['OBSERVE_STRATUM', 'STOP_INSPECTION']",2.0,5.0,REGIME_D_CLUSTERED,FB3_Macro_Myopic_VOI,14
bench_REGIME_D_CLUSTERED_014,FB5_State_Blind_Lookahead,potato,CLUSTERED,0.244,0.116,0.128,MARKDOWN,0.0,0.0,1.0,0.0,6.0,4.8,10.8,120.0,"{0: 0.04, 1: 0.04, 2: 0.4693, 3: 0.6341, 4: 0.04}",12,"['WAIT_SETTLE', 'WAIT_SETTLE', 'WAIT_SETTLE', 'WAIT_SETTLE', 'WAIT_SETTLE', 'WAIT_SETTLE', 'WAIT_SETTLE', 'WAIT_SETTLE', 'WAIT_SETTLE', 'WAIT_SETTLE', 'WAIT_SETTLE', 'WAIT_SETTLE']",6.0,120.0,REGIME_D_CLUSTERED,FB5_State_Blind,14
bench_REGIME_D_CLUSTERED_014,FB6_Additive_Cost_Planner,potato,CLUSTERED,0.244,0.116,0.128,MARKDOWN,0.0,0.0,1.0,0.0,6.0,4.8,10.8,120.0,"{0: 0.04, 1: 0.04, 2: 0.4693, 3: 0.6341, 4: 0.04}",12,"['WAIT_SETTLE', 'WAIT_SETTLE', 'WAIT_SETTLE', 'WAIT_SETTLE', 'WAIT_SETTLE', 'WAIT_SETTLE', 'WAIT_SETTLE', 'WAIT_SETTLE', 'WAIT_SETTLE', 'WAIT_SETTLE', 'WAIT_SETTLE', 'WAIT_SETTLE']",6.0,120.0,REGIME_D_CLUSTERED,FB6_Additive_Cost,14
bench_REGIME_D_CLUSTERED_014,FB7_Exposure_Aware_Planner,potato,CLUSTERED,0.244,0.1133,0.1307,MARKDOWN,0.0,0.0,1.0,0.0,2.0,0.2,2.2,5.0,"{0: 0.04, 1: 0.04, 2: 0.4693, 3: 0.6341, 4: 0.04}",2,"['OBSERVE_STRATUM', 'STOP_INSPECTION']",2.0,5.0,REGIME_D_CLUSTERED,FB7_Proposed,14
bench_REGIME_D_CLUSTERED_015,FB0_Surface_Only,potato,CLUSTERED,0.26,0.1115,0.1485,MARKDOWN,0.0,0.0,1.0,0.0,2.0,0.2,2.2,5.0,"{0: 0.04, 1: 0.04, 2: 0.6932, 3: 0.4769, 4: 0.04}",2,"['OBSERVE_STRATUM', 'STOP_INSPECTION']",2.0,5.0,REGIME_D_CLUSTERED,FB0_Surface_Only,15
bench_REGIME_D_CLUSTERED_015,FB1_Fixed_Sampling,potato,CLUSTERED,0.26,0.1055,0.1545,MARKDOWN,0.0,0.0,1.0,0.0,45.0,3.0,48.0,75.0,"{0: 0.04, 1: 0.04, 2: 0.6932, 3: 0.4769, 4: 0.04}",4,"['SAMPLE_UNITS', 'SAMPLE_UNITS', 'SAMPLE_UNITS', 'STOP_INSPECTION']",45.0,75.0,REGIME_D_CLUSTERED,FB1_Fixed_Random,15
bench_REGIME_D_CLUSTERED_015,FB2_Depth_Stratified,potato,CLUSTERED,0.26,0.1595,0.1005,SPLIT_LOT,0.0,0.0,1.0,120.0,42.0,11.4,173.4,285.0,"{0: 0.04, 1: 0.04, 2: 0.6932, 3: 0.4769, 4: 0.04}",10,"['OBSERVE_STRATUM', 'REMOVE_LAYER', 'OBSERVE_STRATUM', 'REMOVE_LAYER', 'OBSERVE_STRATUM', 'REMOVE_LAYER', 'OBSERVE_STRATUM', 'REMOVE_LAYER', 'OBSERVE_STRATUM', 'STOP_INSPECTION']",42.0,85.0,REGIME_D_CLUSTERED,FB2_Depth_Stratified,15
bench_REGIME_D_CLUSTERED_015,FB3_Macro_Myopic_VOI,potato,CLUSTERED,0.26,0.1123,0.1477,MARKDOWN,0.0,0.0,1.0,0.0,2.0,0.2,2.2,5.0,"{0: 0.04, 1: 0.04, 2: 0.6932, 3: 0.4769, 4: 0.04}",2,"['OBSERVE_STRATUM', 'STOP_INSPECTION']",2.0,5.0,REGIME_D_CLUSTERED,FB3_Macro_Myopic_VOI,15
bench_REGIME_D_CLUSTERED_015,FB5_State_Blind_Lookahead,potato,CLUSTERED,0.26,0.116,0.144,MARKDOWN,0.0,0.0,1.0,0.0,6.0,4.8,10.8,120.0,"{0: 0.04, 1: 0.04, 2: 0.6932, 3: 0.4769, 4: 0.04}",12,"['WAIT_SETTLE', 'WAIT_SETTLE', 'WAIT_SETTLE', 'WAIT_SETTLE', 'WAIT_SETTLE', 'WAIT_SETTLE', 'WAIT_SETTLE', 'WAIT_SETTLE', 'WAIT_SETTLE', 'WAIT_SETTLE', 'WAIT_SETTLE', 'WAIT_SETTLE']",6.0,120.0,REGIME_D_CLUSTERED,FB5_State_Blind,15
bench_REGIME_D_CLUSTERED_015,FB6_Additive_Cost_Planner,potato,CLUSTERED,0.26,0.116,0.144,MARKDOWN,0.0,0.0,1.0,0.0,6.0,4.8,10.8,120.0,"{0: 0.04, 1: 0.04, 2: 0.6932, 3: 0.4769, 4: 0.04}",12,"['WAIT_SETTLE', 'WAIT_SETTLE', 'WAIT_SETTLE', 'WAIT_SETTLE', 'WAIT_SETTLE', 'WAIT_SETTLE', 'WAIT_SETTLE', 'WAIT_SETTLE', 'WAIT_SETTLE', 'WAIT_SETTLE', 'WAIT_SETTLE', 'WAIT_SETTLE']",6.0,120.0,REGIME_D_CLUSTERED,FB6_Additive_Cost,15
bench_REGIME_D_CLUSTERED_015,FB7_Exposure_Aware_Planner,potato,CLUSTERED,0.26,0.1113,0.1487,MARKDOWN,0.0,0.0,1.0,0.0,2.0,0.2,2.2,5.0,"{0: 0.04, 1: 0.04, 2: 0.6932, 3: 0.4769, 4: 0.04}",2,"['OBSERVE_STRATUM', 'STOP_INSPECTION']",2.0,5.0,REGIME_D_CLUSTERED,FB7_Proposed,15
bench_REGIME_D_CLUSTERED_016,FB0_Surface_Only,potato,CLUSTERED,0.272,0.1098,0.1622,MARKDOWN,0.0,0.0,1.0,0.0,2.0,0.2,2.2,5.0,"{0: 0.04, 1: 0.04, 2: 0.5931, 3: 0.6425, 4: 0.04}",2,"['OBSERVE_STRATUM', 'STOP_INSPECTION']",2.0,5.0,REGIME_D_CLUSTERED,FB0_Surface_Only,16
bench_REGIME_D_CLUSTERED_016,FB1_Fixed_Sampling,potato,CLUSTERED,0.272,0.1072,0.1648,MARKDOWN,0.0,0.0,1.0,0.0,45.0,3.0,48.0,75.0,"{0: 0.04, 1: 0.04, 2: 0.5931, 3: 0.6425, 4: 0.04}",4,"['SAMPLE_UNITS', 'SAMPLE_UNITS', 'SAMPLE_UNITS', 'STOP_INSPECTION']",45.0,75.0,REGIME_D_CLUSTERED,FB1_Fixed_Random,16
bench_REGIME_D_CLUSTERED_016,FB2_Depth_Stratified,potato,CLUSTERED,0.272,0.1635,0.1085,SPLIT_LOT,0.0,0.0,1.0,120.0,42.0,11.4,173.4,285.0,"{0: 0.04, 1: 0.04, 2: 0.5931, 3: 0.6425, 4: 0.04}",10,"['OBSERVE_STRATUM', 'REMOVE_LAYER', 'OBSERVE_STRATUM', 'REMOVE_LAYER', 'OBSERVE_STRATUM', 'REMOVE_LAYER', 'OBSERVE_STRATUM', 'REMOVE_LAYER', 'OBSERVE_STRATUM', 'STOP_INSPECTION']",42.0,85.0,REGIME_D_CLUSTERED,FB2_Depth_Stratified,16
bench_REGIME_D_CLUSTERED_016,FB3_Macro_Myopic_VOI,potato,CLUSTERED,0.272,0.114,0.158,MARKDOWN,0.0,0.0,1.0,0.0,2.0,0.2,2.2,5.0,"{0: 0.04, 1: 0.04, 2: 0.5931, 3: 0.6425, 4: 0.04}",2,"['OBSERVE_STRATUM', 'STOP_INSPECTION']",2.0,5.0,REGIME_D_CLUSTERED,FB3_Macro_Myopic_VOI,16
bench_REGIME_D_CLUSTERED_016,FB5_State_Blind_Lookahead,potato,CLUSTERED,0.272,0.116,0.156,MARKDOWN,0.0,0.0,1.0,0.0,6.0,4.8,10.8,120.0,"{0: 0.04, 1: 0.04, 2: 0.5931, 3: 0.6425, 4: 0.04}",12,"['WAIT_SETTLE', 'WAIT_SETTLE', 'WAIT_SETTLE', 'WAIT_SETTLE', 'WAIT_SETTLE', 'WAIT_SETTLE', 'WAIT_SETTLE', 'WAIT_SETTLE', 'WAIT_SETTLE', 'WAIT_SETTLE', 'WAIT_SETTLE', 'WAIT_SETTLE']",6.0,120.0,REGIME_D_CLUSTERED,FB5_State_Blind,16
bench_REGIME_D_CLUSTERED_016,FB6_Additive_Cost_Planner,potato,CLUSTERED,0.272,0.116,0.156,MARKDOWN,0.0,0.0,1.0,0.0,6.0,4.8,10.8,120.0,"{0: 0.04, 1: 0.04, 2: 0.5931, 3: 0.6425, 4: 0.04}",12,"['WAIT_SETTLE', 'WAIT_SETTLE', 'WAIT_SETTLE', 'WAIT_SETTLE', 'WAIT_SETTLE', 'WAIT_SETTLE', 'WAIT_SETTLE', 'WAIT_SETTLE', 'WAIT_SETTLE', 'WAIT_SETTLE', 'WAIT_SETTLE', 'WAIT_SETTLE']",6.0,120.0,REGIME_D_CLUSTERED,FB6_Additive_Cost,16
bench_REGIME_D_CLUSTERED_016,FB7_Exposure_Aware_Planner,potato,CLUSTERED,0.272,0.1118,0.1602,MARKDOWN,0.0,0.0,1.0,0.0,2.0,0.2,2.2,5.0,"{0: 0.04, 1: 0.04, 2: 0.5931, 3: 0.6425, 4: 0.04}",2,"['OBSERVE_STRATUM', 'STOP_INSPECTION']",2.0,5.0,REGIME_D_CLUSTERED,FB7_Proposed,16
bench_REGIME_D_CLUSTERED_017,FB0_Surface_Only,potato,CLUSTERED,0.248,0.1135,0.1345,MARKDOWN,0.0,0.0,1.0,0.0,2.0,0.2,2.2,5.0,"{0: 0.04, 1: 0.04, 2: 0.5986, 3: 0.5197, 4: 0.04}",2,"['OBSERVE_STRATUM', 'STOP_INSPECTION']",2.0,5.0,REGIME_D_CLUSTERED,FB0_Surface_Only,17
bench_REGIME_D_CLUSTERED_017,FB1_Fixed_Sampling,potato,CLUSTERED,0.248,0.1079,0.1401,MARKDOWN,0.0,0.0,1.0,0.0,45.0,3.0,48.0,75.0,"{0: 0.04, 1: 0.04, 2: 0.5986, 3: 0.5197, 4: 0.04}",4,"['SAMPLE_UNITS', 'SAMPLE_UNITS', 'SAMPLE_UNITS', 'STOP_INSPECTION']",45.0,75.0,REGIME_D_CLUSTERED,FB1_Fixed_Random,17
bench_REGIME_D_CLUSTERED_017,FB2_Depth_Stratified,potato,CLUSTERED,0.248,0.1601,0.0879,SPLIT_LOT,0.0,0.0,1.0,120.0,42.0,11.4,173.4,285.0,"{0: 0.04, 1: 0.04, 2: 0.5986, 3: 0.5197, 4: 0.04}",10,"['OBSERVE_STRATUM', 'REMOVE_LAYER', 'OBSERVE_STRATUM', 'REMOVE_LAYER', 'OBSERVE_STRATUM', 'REMOVE_LAYER', 'OBSERVE_STRATUM', 'REMOVE_LAYER', 'OBSERVE_STRATUM', 'STOP_INSPECTION']",42.0,85.0,REGIME_D_CLUSTERED,FB2_Depth_Stratified,17
bench_REGIME_D_CLUSTERED_017,FB3_Macro_Myopic_VOI,potato,CLUSTERED,0.248,0.1119,0.1361,MARKDOWN,0.0,0.0,1.0,0.0,2.0,0.2,2.2,5.0,"{0: 0.04, 1: 0.04, 2: 0.5986, 3: 0.5197, 4: 0.04}",2,"['OBSERVE_STRATUM', 'STOP_INSPECTION']",2.0,5.0,REGIME_D_CLUSTERED,FB3_Macro_Myopic_VOI,17
bench_REGIME_D_CLUSTERED_017,FB5_State_Blind_Lookahead,potato,CLUSTERED,0.248,0.116,0.132,MARKDOWN,0.0,0.0,1.0,0.0,6.0,4.8,10.8,120.0,"{0: 0.04, 1: 0.04, 2: 0.5986, 3: 0.5197, 4: 0.04}",12,"['WAIT_SETTLE', 'WAIT_SETTLE', 'WAIT_SETTLE', 'WAIT_SETTLE', 'WAIT_SETTLE', 'WAIT_SETTLE', 'WAIT_SETTLE', 'WAIT_SETTLE', 'WAIT_SETTLE', 'WAIT_SETTLE', 'WAIT_SETTLE', 'WAIT_SETTLE']",6.0,120.0,REGIME_D_CLUSTERED,FB5_State_Blind,17
bench_REGIME_D_CLUSTERED_017,FB6_Additive_Cost_Planner,potato,CLUSTERED,0.248,0.116,0.132,MARKDOWN,0.0,0.0,1.0,0.0,6.0,4.8,10.8,120.0,"{0: 0.04, 1: 0.04, 2: 0.5986, 3: 0.5197, 4: 0.04}",12,"['WAIT_SETTLE', 'WAIT_SETTLE', 'WAIT_SETTLE', 'WAIT_SETTLE', 'WAIT_SETTLE', 'WAIT_SETTLE', 'WAIT_SETTLE', 'WAIT_SETTLE', 'WAIT_SETTLE', 'WAIT_SETTLE', 'WAIT_SETTLE', 'WAIT_SETTLE']",6.0,120.0,REGIME_D_CLUSTERED,FB6_Additive_Cost,17
bench_REGIME_D_CLUSTERED_017,FB7_Exposure_Aware_Planner,potato,CLUSTERED,0.248,0.1106,0.1374,MARKDOWN,0.0,0.0,1.0,0.0,2.0,0.2,2.2,5.0,"{0: 0.04, 1: 0.04, 2: 0.5986, 3: 0.5197, 4: 0.04}",2,"['OBSERVE_STRATUM', 'STOP_INSPECTION']",2.0,5.0,REGIME_D_CLUSTERED,FB7_Proposed,17
bench_REGIME_D_CLUSTERED_018,FB0_Surface_Only,potato,CLUSTERED,0.236,0.1099,0.1261,MARKDOWN,0.0,0.0,1.0,0.0,2.0,0.2,2.2,5.0,"{0: 0.04, 1: 0.04, 2: 0.5769, 3: 0.4824, 4: 0.04}",2,"['OBSERVE_STRATUM', 'STOP_INSPECTION']",2.0,5.0,REGIME_D_CLUSTERED,FB0_Surface_Only,18
bench_REGIME_D_CLUSTERED_018,FB1_Fixed_Sampling,potato,CLUSTERED,0.236,0.1097,0.1263,MARKDOWN,0.0,0.0,1.0,0.0,45.0,3.0,48.0,75.0,"{0: 0.04, 1: 0.04, 2: 0.5769, 3: 0.4824, 4: 0.04}",4,"['SAMPLE_UNITS', 'SAMPLE_UNITS', 'SAMPLE_UNITS', 'STOP_INSPECTION']",45.0,75.0,REGIME_D_CLUSTERED,FB1_Fixed_Random,18
bench_REGIME_D_CLUSTERED_018,FB2_Depth_Stratified,potato,CLUSTERED,0.236,0.1473,0.0887,MARKDOWN,0.0,0.0,1.0,0.0,42.0,11.4,53.4,285.0,"{0: 0.04, 1: 0.04, 2: 0.5769, 3: 0.4824, 4: 0.04}",10,"['OBSERVE_STRATUM', 'REMOVE_LAYER', 'OBSERVE_STRATUM', 'REMOVE_LAYER', 'OBSERVE_STRATUM', 'REMOVE_LAYER', 'OBSERVE_STRATUM', 'REMOVE_LAYER', 'OBSERVE_STRATUM', 'STOP_INSPECTION']",42.0,85.0,REGIME_D_CLUSTERED,FB2_Depth_Stratified,18
bench_REGIME_D_CLUSTERED_018,FB3_Macro_Myopic_VOI,potato,CLUSTERED,0.236,0.1104,0.1256,MARKDOWN,0.0,0.0,1.0,0.0,2.0,0.2,2.2,5.0,"{0: 0.04, 1: 0.04, 2: 0.5769, 3: 0.4824, 4: 0.04}",2,"['OBSERVE_STRATUM', 'STOP_INSPECTION']",2.0,5.0,REGIME_D_CLUSTERED,FB3_Macro_Myopic_VOI,18
bench_REGIME_D_CLUSTERED_018,FB5_State_Blind_Lookahead,potato,CLUSTERED,0.236,0.116,0.12,MARKDOWN,0.0,0.0,1.0,0.0,6.0,4.8,10.8,120.0,"{0: 0.04, 1: 0.04, 2: 0.5769, 3: 0.4824, 4: 0.04}",12,"['WAIT_SETTLE', 'WAIT_SETTLE', 'WAIT_SETTLE', 'WAIT_SETTLE', 'WAIT_SETTLE', 'WAIT_SETTLE', 'WAIT_SETTLE', 'WAIT_SETTLE', 'WAIT_SETTLE', 'WAIT_SETTLE', 'WAIT_SETTLE', 'WAIT_SETTLE']",6.0,120.0,REGIME_D_CLUSTERED,FB5_State_Blind,18
bench_REGIME_D_CLUSTERED_018,FB6_Additive_Cost_Planner,potato,CLUSTERED,0.236,0.116,0.12,MARKDOWN,0.0,0.0,1.0,0.0,6.0,4.8,10.8,120.0,"{0: 0.04, 1: 0.04, 2: 0.5769, 3: 0.4824, 4: 0.04}",12,"['WAIT_SETTLE', 'WAIT_SETTLE', 'WAIT_SETTLE', 'WAIT_SETTLE', 'WAIT_SETTLE', 'WAIT_SETTLE', 'WAIT_SETTLE', 'WAIT_SETTLE', 'WAIT_SETTLE', 'WAIT_SETTLE', 'WAIT_SETTLE', 'WAIT_SETTLE']",6.0,120.0,REGIME_D_CLUSTERED,FB6_Additive_Cost,18
bench_REGIME_D_CLUSTERED_018,FB7_Exposure_Aware_Planner,potato,CLUSTERED,0.236,0.1104,0.1256,MARKDOWN,0.0,0.0,1.0,0.0,2.0,0.2,2.2,5.0,"{0: 0.04, 1: 0.04, 2: 0.5769, 3: 0.4824, 4: 0.04}",2,"['OBSERVE_STRATUM', 'STOP_INSPECTION']",2.0,5.0,REGIME_D_CLUSTERED,FB7_Proposed,18
bench_REGIME_D_CLUSTERED_019,FB0_Surface_Only,potato,CLUSTERED,0.248,0.1131,0.1349,MARKDOWN,0.0,0.0,1.0,0.0,2.0,0.2,2.2,5.0,"{0: 0.04, 1: 0.04, 2: 0.5343, 3: 0.5801, 4: 0.04}",2,"['OBSERVE_STRATUM', 'STOP_INSPECTION']",2.0,5.0,REGIME_D_CLUSTERED,FB0_Surface_Only,19
bench_REGIME_D_CLUSTERED_019,FB1_Fixed_Sampling,potato,CLUSTERED,0.248,0.1087,0.1393,MARKDOWN,0.0,0.0,1.0,0.0,45.0,3.0,48.0,75.0,"{0: 0.04, 1: 0.04, 2: 0.5343, 3: 0.5801, 4: 0.04}",4,"['SAMPLE_UNITS', 'SAMPLE_UNITS', 'SAMPLE_UNITS', 'STOP_INSPECTION']",45.0,75.0,REGIME_D_CLUSTERED,FB1_Fixed_Random,19
bench_REGIME_D_CLUSTERED_019,FB2_Depth_Stratified,potato,CLUSTERED,0.248,0.1679,0.0801,MARKDOWN,0.0,0.0,1.0,0.0,42.0,11.4,53.4,285.0,"{0: 0.04, 1: 0.04, 2: 0.5343, 3: 0.5801, 4: 0.04}",10,"['OBSERVE_STRATUM', 'REMOVE_LAYER', 'OBSERVE_STRATUM', 'REMOVE_LAYER', 'OBSERVE_STRATUM', 'REMOVE_LAYER', 'OBSERVE_STRATUM', 'REMOVE_LAYER', 'OBSERVE_STRATUM', 'STOP_INSPECTION']",42.0,85.0,REGIME_D_CLUSTERED,FB2_Depth_Stratified,19
bench_REGIME_D_CLUSTERED_019,FB3_Macro_Myopic_VOI,potato,CLUSTERED,0.248,0.1117,0.1363,MARKDOWN,0.0,0.0,1.0,0.0,2.0,0.2,2.2,5.0,"{0: 0.04, 1: 0.04, 2: 0.5343, 3: 0.5801, 4: 0.04}",2,"['OBSERVE_STRATUM', 'STOP_INSPECTION']",2.0,5.0,REGIME_D_CLUSTERED,FB3_Macro_Myopic_VOI,19
bench_REGIME_D_CLUSTERED_019,FB5_State_Blind_Lookahead,potato,CLUSTERED,0.248,0.116,0.132,MARKDOWN,0.0,0.0,1.0,0.0,6.0,4.8,10.8,120.0,"{0: 0.04, 1: 0.04, 2: 0.5343, 3: 0.5801, 4: 0.04}",12,"['WAIT_SETTLE', 'WAIT_SETTLE', 'WAIT_SETTLE', 'WAIT_SETTLE', 'WAIT_SETTLE', 'WAIT_SETTLE', 'WAIT_SETTLE', 'WAIT_SETTLE', 'WAIT_SETTLE', 'WAIT_SETTLE', 'WAIT_SETTLE', 'WAIT_SETTLE']",6.0,120.0,REGIME_D_CLUSTERED,FB5_State_Blind,19
bench_REGIME_D_CLUSTERED_019,FB6_Additive_Cost_Planner,potato,CLUSTERED,0.248,0.116,0.132,MARKDOWN,0.0,0.0,1.0,0.0,6.0,4.8,10.8,120.0,"{0: 0.04, 1: 0.04, 2: 0.5343, 3: 0.5801, 4: 0.04}",12,"['WAIT_SETTLE', 'WAIT_SETTLE', 'WAIT_SETTLE', 'WAIT_SETTLE', 'WAIT_SETTLE', 'WAIT_SETTLE', 'WAIT_SETTLE', 'WAIT_SETTLE', 'WAIT_SETTLE', 'WAIT_SETTLE', 'WAIT_SETTLE', 'WAIT_SETTLE']",6.0,120.0,REGIME_D_CLUSTERED,FB6_Additive_Cost,19
bench_REGIME_D_CLUSTERED_019,FB7_Exposure_Aware_Planner,potato,CLUSTERED,0.248,0.1137,0.1343,MARKDOWN,0.0,0.0,1.0,0.0,2.0,0.2,2.2,5.0,"{0: 0.04, 1: 0.04, 2: 0.5343, 3: 0.5801, 4: 0.04}",2,"['OBSERVE_STRATUM', 'STOP_INSPECTION']",2.0,5.0,REGIME_D_CLUSTERED,FB7_Proposed,19
bench_REGIME_D_CLUSTERED_020,FB0_Surface_Only,potato,CLUSTERED,0.252,0.1113,0.1407,MARKDOWN,0.0,0.0,1.0,0.0,2.0,0.2,2.2,5.0,"{0: 0.04, 1: 0.04, 2: 0.6084, 3: 0.5383, 4: 0.04}",2,"['OBSERVE_STRATUM', 'STOP_INSPECTION']",2.0,5.0,REGIME_D_CLUSTERED,FB0_Surface_Only,20
bench_REGIME_D_CLUSTERED_020,FB1_Fixed_Sampling,potato,CLUSTERED,0.252,0.1108,0.1412,MARKDOWN,0.0,0.0,1.0,0.0,45.0,3.0,48.0,75.0,"{0: 0.04, 1: 0.04, 2: 0.6084, 3: 0.5383, 4: 0.04}",4,"['SAMPLE_UNITS', 'SAMPLE_UNITS', 'SAMPLE_UNITS', 'STOP_INSPECTION']",45.0,75.0,REGIME_D_CLUSTERED,FB1_Fixed_Random,20
bench_REGIME_D_CLUSTERED_020,FB2_Depth_Stratified,potato,CLUSTERED,0.252,0.1626,0.0894,MARKDOWN,0.0,0.0,1.0,0.0,42.0,11.4,53.4,285.0,"{0: 0.04, 1: 0.04, 2: 0.6084, 3: 0.5383, 4: 0.04}",10,"['OBSERVE_STRATUM', 'REMOVE_LAYER', 'OBSERVE_STRATUM', 'REMOVE_LAYER', 'OBSERVE_STRATUM', 'REMOVE_LAYER', 'OBSERVE_STRATUM', 'REMOVE_LAYER', 'OBSERVE_STRATUM', 'STOP_INSPECTION']",42.0,85.0,REGIME_D_CLUSTERED,FB2_Depth_Stratified,20
bench_REGIME_D_CLUSTERED_020,FB3_Macro_Myopic_VOI,potato,CLUSTERED,0.252,0.1121,0.1399,MARKDOWN,0.0,0.0,1.0,0.0,2.0,0.2,2.2,5.0,"{0: 0.04, 1: 0.04, 2: 0.6084, 3: 0.5383, 4: 0.04}",2,"['OBSERVE_STRATUM', 'STOP_INSPECTION']",2.0,5.0,REGIME_D_CLUSTERED,FB3_Macro_Myopic_VOI,20
bench_REGIME_D_CLUSTERED_020,FB5_State_Blind_Lookahead,potato,CLUSTERED,0.252,0.116,0.136,MARKDOWN,0.0,0.0,1.0,0.0,6.0,4.8,10.8,120.0,"{0: 0.04, 1: 0.04, 2: 0.6084, 3: 0.5383, 4: 0.04}",12,"['WAIT_SETTLE', 'WAIT_SETTLE', 'WAIT_SETTLE', 'WAIT_SETTLE', 'WAIT_SETTLE', 'WAIT_SETTLE', 'WAIT_SETTLE', 'WAIT_SETTLE', 'WAIT_SETTLE', 'WAIT_SETTLE', 'WAIT_SETTLE', 'WAIT_SETTLE']",6.0,120.0,REGIME_D_CLUSTERED,FB5_State_Blind,20
bench_REGIME_D_CLUSTERED_020,FB6_Additive_Cost_Planner,potato,CLUSTERED,0.252,0.116,0.136,MARKDOWN,0.0,0.0,1.0,0.0,6.0,4.8,10.8,120.0,"{0: 0.04, 1: 0.04, 2: 0.6084, 3: 0.5383, 4: 0.04}",12,"['WAIT_SETTLE', 'WAIT_SETTLE', 'WAIT_SETTLE', 'WAIT_SETTLE', 'WAIT_SETTLE', 'WAIT_SETTLE', 'WAIT_SETTLE', 'WAIT_SETTLE', 'WAIT_SETTLE', 'WAIT_SETTLE', 'WAIT_SETTLE', 'WAIT_SETTLE']",6.0,120.0,REGIME_D_CLUSTERED,FB6_Additive_Cost,20
bench_REGIME_D_CLUSTERED_020,FB7_Exposure_Aware_Planner,potato,CLUSTERED,0.252,0.1125,0.1395,MARKDOWN,0.0,0.0,1.0,0.0,2.0,0.2,2.2,5.0,"{0: 0.04, 1: 0.04, 2: 0.6084, 3: 0.5383, 4: 0.04}",2,"['OBSERVE_STRATUM', 'STOP_INSPECTION']",2.0,5.0,REGIME_D_CLUSTERED,FB7_Proposed,20
bench_REGIME_D_CLUSTERED_021,FB0_Surface_Only,potato,CLUSTERED,0.22,0.1092,0.1108,MARKDOWN,0.0,0.0,1.0,0.0,2.0,0.2,2.2,5.0,"{0: 0.04, 1: 0.04, 2: 0.4513, 3: 0.5255, 4: 0.04}",2,"['OBSERVE_STRATUM', 'STOP_INSPECTION']",2.0,5.0,REGIME_D_CLUSTERED,FB0_Surface_Only,21
bench_REGIME_D_CLUSTERED_021,FB1_Fixed_Sampling,potato,CLUSTERED,0.22,0.1113,0.1087,MARKDOWN,0.0,0.0,1.0,0.0,45.0,3.0,48.0,75.0,"{0: 0.04, 1: 0.04, 2: 0.4513, 3: 0.5255, 4: 0.04}",4,"['SAMPLE_UNITS', 'SAMPLE_UNITS', 'SAMPLE_UNITS', 'STOP_INSPECTION']",45.0,75.0,REGIME_D_CLUSTERED,FB1_Fixed_Random,21
bench_REGIME_D_CLUSTERED_021,FB2_Depth_Stratified,potato,CLUSTERED,0.22,0.148,0.072,MARKDOWN,0.0,0.0,1.0,0.0,42.0,11.4,53.4,285.0,"{0: 0.04, 1: 0.04, 2: 0.4513, 3: 0.5255, 4: 0.04}",10,"['OBSERVE_STRATUM', 'REMOVE_LAYER', 'OBSERVE_STRATUM', 'REMOVE_LAYER', 'OBSERVE_STRATUM', 'REMOVE_LAYER', 'OBSERVE_STRATUM', 'REMOVE_LAYER', 'OBSERVE_STRATUM', 'STOP_INSPECTION']",42.0,85.0,REGIME_D_CLUSTERED,FB2_Depth_Stratified,21
bench_REGIME_D_CLUSTERED_021,FB3_Macro_Myopic_VOI,potato,CLUSTERED,0.22,0.1154,0.1046,MARKDOWN,0.0,0.0,1.0,0.0,2.0,0.2,2.2,5.0,"{0: 0.04, 1: 0.04, 2: 0.4513, 3: 0.5255, 4: 0.04}",2,"['OBSERVE_STRATUM', 'STOP_INSPECTION']",2.0,5.0,REGIME_D_CLUSTERED,FB3_Macro_Myopic_VOI,21
bench_REGIME_D_CLUSTERED_021,FB5_State_Blind_Lookahead,potato,CLUSTERED,0.22,0.116,0.104,MARKDOWN,0.0,0.0,1.0,0.0,6.0,4.8,10.8,120.0,"{0: 0.04, 1: 0.04, 2: 0.4513, 3: 0.5255, 4: 0.04}",12,"['WAIT_SETTLE', 'WAIT_SETTLE', 'WAIT_SETTLE', 'WAIT_SETTLE', 'WAIT_SETTLE', 'WAIT_SETTLE', 'WAIT_SETTLE', 'WAIT_SETTLE', 'WAIT_SETTLE', 'WAIT_SETTLE', 'WAIT_SETTLE', 'WAIT_SETTLE']",6.0,120.0,REGIME_D_CLUSTERED,FB5_State_Blind,21
bench_REGIME_D_CLUSTERED_021,FB6_Additive_Cost_Planner,potato,CLUSTERED,0.22,0.116,0.104,MARKDOWN,0.0,0.0,1.0,0.0,6.0,4.8,10.8,120.0,"{0: 0.04, 1: 0.04, 2: 0.4513, 3: 0.5255, 4: 0.04}",12,"['WAIT_SETTLE', 'WAIT_SETTLE', 'WAIT_SETTLE', 'WAIT_SETTLE', 'WAIT_SETTLE', 'WAIT_SETTLE', 'WAIT_SETTLE', 'WAIT_SETTLE', 'WAIT_SETTLE', 'WAIT_SETTLE', 'WAIT_SETTLE', 'WAIT_SETTLE']",6.0,120.0,REGIME_D_CLUSTERED,FB6_Additive_Cost,21
bench_REGIME_D_CLUSTERED_021,FB7_Exposure_Aware_Planner,potato,CLUSTERED,0.22,0.1092,0.1108,MARKDOWN,0.0,0.0,1.0,0.0,2.0,0.2,2.2,5.0,"{0: 0.04, 1: 0.04, 2: 0.4513, 3: 0.5255, 4: 0.04}",2,"['OBSERVE_STRATUM', 'STOP_INSPECTION']",2.0,5.0,REGIME_D_CLUSTERED,FB7_Proposed,21
bench_REGIME_D_CLUSTERED_022,FB0_Surface_Only,potato,CLUSTERED,0.224,0.1095,0.1145,MARKDOWN,0.0,0.0,1.0,0.0,2.0,0.2,2.2,5.0,"{0: 0.04, 1: 0.04, 2: 0.4582, 3: 0.5336, 4: 0.04}",2,"['OBSERVE_STRATUM', 'STOP_INSPECTION']",2.0,5.0,REGIME_D_CLUSTERED,FB0_Surface_Only,22
bench_REGIME_D_CLUSTERED_022,FB1_Fixed_Sampling,potato,CLUSTERED,0.224,0.1117,0.1123,MARKDOWN,0.0,0.0,1.0,0.0,45.0,3.0,48.0,75.0,"{0: 0.04, 1: 0.04, 2: 0.4582, 3: 0.5336, 4: 0.04}",4,"['SAMPLE_UNITS', 'SAMPLE_UNITS', 'SAMPLE_UNITS', 'STOP_INSPECTION']",45.0,75.0,REGIME_D_CLUSTERED,FB1_Fixed_Random,22
bench_REGIME_D_CLUSTERED_022,FB2_Depth_Stratified,potato,CLUSTERED,0.224,0.1541,0.0699,MARKDOWN,0.0,0.0,1.0,0.0,42.0,11.4,53.4,285.0,"{0: 0.04, 1: 0.04, 2: 0.4582, 3: 0.5336, 4: 0.04}",10,"['OBSERVE_STRATUM', 'REMOVE_LAYER', 'OBSERVE_STRATUM', 'REMOVE_LAYER', 'OBSERVE_STRATUM', 'REMOVE_LAYER', 'OBSERVE_STRATUM', 'REMOVE_LAYER', 'OBSERVE_STRATUM', 'STOP_INSPECTION']",42.0,85.0,REGIME_D_CLUSTERED,FB2_Depth_Stratified,22
bench_REGIME_D_CLUSTERED_022,FB3_Macro_Myopic_VOI,potato,CLUSTERED,0.224,0.1092,0.1148,MARKDOWN,0.0,0.0,1.0,0.0,2.0,0.2,2.2,5.0,"{0: 0.04, 1: 0.04, 2: 0.4582, 3: 0.5336, 4: 0.04}",2,"['OBSERVE_STRATUM', 'STOP_INSPECTION']",2.0,5.0,REGIME_D_CLUSTERED,FB3_Macro_Myopic_VOI,22
bench_REGIME_D_CLUSTERED_022,FB5_State_Blind_Lookahead,potato,CLUSTERED,0.224,0.116,0.108,MARKDOWN,0.0,0.0,1.0,0.0,6.0,4.8,10.8,120.0,"{0: 0.04, 1: 0.04, 2: 0.4582, 3: 0.5336, 4: 0.04}",12,"['WAIT_SETTLE', 'WAIT_SETTLE', 'WAIT_SETTLE', 'WAIT_SETTLE', 'WAIT_SETTLE', 'WAIT_SETTLE', 'WAIT_SETTLE', 'WAIT_SETTLE', 'WAIT_SETTLE', 'WAIT_SETTLE', 'WAIT_SETTLE', 'WAIT_SETTLE']",6.0,120.0,REGIME_D_CLUSTERED,FB5_State_Blind,22
bench_REGIME_D_CLUSTERED_022,FB6_Additive_Cost_Planner,potato,CLUSTERED,0.224,0.116,0.108,MARKDOWN,0.0,0.0,1.0,0.0,6.0,4.8,10.8,120.0,"{0: 0.04, 1: 0.04, 2: 0.4582, 3: 0.5336, 4: 0.04}",12,"['WAIT_SETTLE', 'WAIT_SETTLE', 'WAIT_SETTLE', 'WAIT_SETTLE', 'WAIT_SETTLE', 'WAIT_SETTLE', 'WAIT_SETTLE', 'WAIT_SETTLE', 'WAIT_SETTLE', 'WAIT_SETTLE', 'WAIT_SETTLE', 'WAIT_SETTLE']",6.0,120.0,REGIME_D_CLUSTERED,FB6_Additive_Cost,22
bench_REGIME_D_CLUSTERED_022,FB7_Exposure_Aware_Planner,potato,CLUSTERED,0.224,0.1092,0.1148,MARKDOWN,0.0,0.0,1.0,0.0,2.0,0.2,2.2,5.0,"{0: 0.04, 1: 0.04, 2: 0.4582, 3: 0.5336, 4: 0.04}",2,"['OBSERVE_STRATUM', 'STOP_INSPECTION']",2.0,5.0,REGIME_D_CLUSTERED,FB7_Proposed,22
bench_REGIME_D_CLUSTERED_023,FB0_Surface_Only,potato,CLUSTERED,0.268,0.1151,0.1529,MARKDOWN,0.0,0.0,1.0,0.0,2.0,0.2,2.2,5.0,"{0: 0.04, 1: 0.04, 2: 0.5891, 3: 0.6404, 4: 0.04}",2,"['OBSERVE_STRATUM', 'STOP_INSPECTION']",2.0,5.0,REGIME_D_CLUSTERED,FB0_Surface_Only,23
bench_REGIME_D_CLUSTERED_023,FB1_Fixed_Sampling,potato,CLUSTERED,0.268,0.1072,0.1608,MARKDOWN,0.0,0.0,1.0,0.0,45.0,3.0,48.0,75.0,"{0: 0.04, 1: 0.04, 2: 0.5891, 3: 0.6404, 4: 0.04}",4,"['SAMPLE_UNITS', 'SAMPLE_UNITS', 'SAMPLE_UNITS', 'STOP_INSPECTION']",45.0,75.0,REGIME_D_CLUSTERED,FB1_Fixed_Random,23
bench_REGIME_D_CLUSTERED_023,FB2_Depth_Stratified,potato,CLUSTERED,0.268,0.1695,0.0985,MARKDOWN,0.0,0.0,1.0,0.0,42.0,11.4,53.4,285.0,"{0: 0.04, 1: 0.04, 2: 0.5891, 3: 0.6404, 4: 0.04}",10,"['OBSERVE_STRATUM', 'REMOVE_LAYER', 'OBSERVE_STRATUM', 'REMOVE_LAYER', 'OBSERVE_STRATUM', 'REMOVE_LAYER', 'OBSERVE_STRATUM', 'REMOVE_LAYER', 'OBSERVE_STRATUM', 'STOP_INSPECTION']",42.0,85.0,REGIME_D_CLUSTERED,FB2_Depth_Stratified,23
bench_REGIME_D_CLUSTERED_023,FB3_Macro_Myopic_VOI,potato,CLUSTERED,0.268,0.1092,0.1588,MARKDOWN,0.0,0.0,1.0,0.0,2.0,0.2,2.2,5.0,"{0: 0.04, 1: 0.04, 2: 0.5891, 3: 0.6404, 4: 0.04}",2,"['OBSERVE_STRATUM', 'STOP_INSPECTION']",2.0,5.0,REGIME_D_CLUSTERED,FB3_Macro_Myopic_VOI,23
bench_REGIME_D_CLUSTERED_023,FB5_State_Blind_Lookahead,potato,CLUSTERED,0.268,0.116,0.152,MARKDOWN,0.0,0.0,1.0,0.0,6.0,4.8,10.8,120.0,"{0: 0.04, 1: 0.04, 2: 0.5891, 3: 0.6404, 4: 0.04}",12,"['WAIT_SETTLE', 'WAIT_SETTLE', 'WAIT_SETTLE', 'WAIT_SETTLE', 'WAIT_SETTLE', 'WAIT_SETTLE', 'WAIT_SETTLE', 'WAIT_SETTLE', 'WAIT_SETTLE', 'WAIT_SETTLE', 'WAIT_SETTLE', 'WAIT_SETTLE']",6.0,120.0,REGIME_D_CLUSTERED,FB5_State_Blind,23
bench_REGIME_D_CLUSTERED_023,FB6_Additive_Cost_Planner,potato,CLUSTERED,0.268,0.116,0.152,MARKDOWN,0.0,0.0,1.0,0.0,6.0,4.8,10.8,120.0,"{0: 0.04, 1: 0.04, 2: 0.5891, 3: 0.6404, 4: 0.04}",12,"['WAIT_SETTLE', 'WAIT_SETTLE', 'WAIT_SETTLE', 'WAIT_SETTLE', 'WAIT_SETTLE', 'WAIT_SETTLE', 'WAIT_SETTLE', 'WAIT_SETTLE', 'WAIT_SETTLE', 'WAIT_SETTLE', 'WAIT_SETTLE', 'WAIT_SETTLE']",6.0,120.0,REGIME_D_CLUSTERED,FB6_Additive_Cost,23
bench_REGIME_D_CLUSTERED_023,FB7_Exposure_Aware_Planner,potato,CLUSTERED,0.268,0.1128,0.1552,MARKDOWN,0.0,0.0,1.0,0.0,2.0,0.2,2.2,5.0,"{0: 0.04, 1: 0.04, 2: 0.5891, 3: 0.6404, 4: 0.04}",2,"['OBSERVE_STRATUM', 'STOP_INSPECTION']",2.0,5.0,REGIME_D_CLUSTERED,FB7_Proposed,23
bench_REGIME_D_CLUSTERED_024,FB0_Surface_Only,potato,CLUSTERED,0.264,0.1094,0.1546,MARKDOWN,0.0,0.0,1.0,0.0,2.0,0.2,2.2,5.0,"{0: 0.04, 1: 0.04, 2: 0.6067, 3: 0.6094, 4: 0.04}",2,"['OBSERVE_STRATUM', 'STOP_INSPECTION']",2.0,5.0,REGIME_D_CLUSTERED,FB0_Surface_Only,24
bench_REGIME_D_CLUSTERED_024,FB1_Fixed_Sampling,potato,CLUSTERED,0.264,0.1127,0.1513,MARKDOWN,0.0,0.0,1.0,0.0,45.0,3.0,48.0,75.0,"{0: 0.04, 1: 0.04, 2: 0.6067, 3: 0.6094, 4: 0.04}",4,"['SAMPLE_UNITS', 'SAMPLE_UNITS', 'SAMPLE_UNITS', 'STOP_INSPECTION']",45.0,75.0,REGIME_D_CLUSTERED,FB1_Fixed_Random,24
bench_REGIME_D_CLUSTERED_024,FB2_Depth_Stratified,potato,CLUSTERED,0.264,0.1706,0.0934,MARKDOWN,0.0,0.0,1.0,0.0,42.0,11.4,53.4,285.0,"{0: 0.04, 1: 0.04, 2: 0.6067, 3: 0.6094, 4: 0.04}",10,"['OBSERVE_STRATUM', 'REMOVE_LAYER', 'OBSERVE_STRATUM', 'REMOVE_LAYER', 'OBSERVE_STRATUM', 'REMOVE_LAYER', 'OBSERVE_STRATUM', 'REMOVE_LAYER', 'OBSERVE_STRATUM', 'STOP_INSPECTION']",42.0,85.0,REGIME_D_CLUSTERED,FB2_Depth_Stratified,24
bench_REGIME_D_CLUSTERED_024,FB3_Macro_Myopic_VOI,potato,CLUSTERED,0.264,0.1092,0.1548,MARKDOWN,0.0,0.0,1.0,0.0,2.0,0.2,2.2,5.0,"{0: 0.04, 1: 0.04, 2: 0.6067, 3: 0.6094, 4: 0.04}",2,"['OBSERVE_STRATUM', 'STOP_INSPECTION']",2.0,5.0,REGIME_D_CLUSTERED,FB3_Macro_Myopic_VOI,24
bench_REGIME_D_CLUSTERED_024,FB5_State_Blind_Lookahead,potato,CLUSTERED,0.264,0.116,0.148,MARKDOWN,0.0,0.0,1.0,0.0,6.0,4.8,10.8,120.0,"{0: 0.04, 1: 0.04, 2: 0.6067, 3: 0.6094, 4: 0.04}",12,"['WAIT_SETTLE', 'WAIT_SETTLE', 'WAIT_SETTLE', 'WAIT_SETTLE', 'WAIT_SETTLE', 'WAIT_SETTLE', 'WAIT_SETTLE', 'WAIT_SETTLE', 'WAIT_SETTLE', 'WAIT_SETTLE', 'WAIT_SETTLE', 'WAIT_SETTLE']",6.0,120.0,REGIME_D_CLUSTERED,FB5_State_Blind,24
bench_REGIME_D_CLUSTERED_024,FB6_Additive_Cost_Planner,potato,CLUSTERED,0.264,0.116,0.148,MARKDOWN,0.0,0.0,1.0,0.0,6.0,4.8,10.8,120.0,"{0: 0.04, 1: 0.04, 2: 0.6067, 3: 0.6094, 4: 0.04}",12,"['WAIT_SETTLE', 'WAIT_SETTLE', 'WAIT_SETTLE', 'WAIT_SETTLE', 'WAIT_SETTLE', 'WAIT_SETTLE', 'WAIT_SETTLE', 'WAIT_SETTLE', 'WAIT_SETTLE', 'WAIT_SETTLE', 'WAIT_SETTLE', 'WAIT_SETTLE']",6.0,120.0,REGIME_D_CLUSTERED,FB6_Additive_Cost,24
bench_REGIME_D_CLUSTERED_024,FB7_Exposure_Aware_Planner,potato,CLUSTERED,0.264,0.1139,0.1501,MARKDOWN,0.0,0.0,1.0,0.0,2.0,0.2,2.2,5.0,"{0: 0.04, 1: 0.04, 2: 0.6067, 3: 0.6094, 4: 0.04}",2,"['OBSERVE_STRATUM', 'STOP_INSPECTION']",2.0,5.0,REGIME_D_CLUSTERED,FB7_Proposed,24
bench_REGIME_D_CLUSTERED_025,FB0_Surface_Only,potato,CLUSTERED,0.24,0.1119,0.1281,MARKDOWN,0.0,0.0,1.0,0.0,2.0,0.2,2.2,5.0,"{0: 0.04, 1: 0.04, 2: 0.6054, 3: 0.4775, 4: 0.04}",2,"['OBSERVE_STRATUM', 'STOP_INSPECTION']",2.0,5.0,REGIME_D_CLUSTERED,FB0_Surface_Only,25
bench_REGIME_D_CLUSTERED_025,FB1_Fixed_Sampling,potato,CLUSTERED,0.24,0.1086,0.1314,MARKDOWN,0.0,0.0,1.0,0.0,45.0,3.0,48.0,75.0,"{0: 0.04, 1: 0.04, 2: 0.6054, 3: 0.4775, 4: 0.04}",4,"['SAMPLE_UNITS', 'SAMPLE_UNITS', 'SAMPLE_UNITS', 'STOP_INSPECTION']",45.0,75.0,REGIME_D_CLUSTERED,FB1_Fixed_Random,25
bench_REGIME_D_CLUSTERED_025,FB2_Depth_Stratified,potato,CLUSTERED,0.24,0.1638,0.0762,SPLIT_LOT,0.0,0.0,1.0,120.0,42.0,11.4,173.4,285.0,"{0: 0.04, 1: 0.04, 2: 0.6054, 3: 0.4775, 4: 0.04}",10,"['OBSERVE_STRATUM', 'REMOVE_LAYER', 'OBSERVE_STRATUM', 'REMOVE_LAYER', 'OBSERVE_STRATUM', 'REMOVE_LAYER', 'OBSERVE_STRATUM', 'REMOVE_LAYER', 'OBSERVE_STRATUM', 'STOP_INSPECTION']",42.0,85.0,REGIME_D_CLUSTERED,FB2_Depth_Stratified,25
bench_REGIME_D_CLUSTERED_025,FB3_Macro_Myopic_VOI,potato,CLUSTERED,0.24,0.1112,0.1288,MARKDOWN,0.0,0.0,1.0,0.0,2.0,0.2,2.2,5.0,"{0: 0.04, 1: 0.04, 2: 0.6054, 3: 0.4775, 4: 0.04}",2,"['OBSERVE_STRATUM', 'STOP_INSPECTION']",2.0,5.0,REGIME_D_CLUSTERED,FB3_Macro_Myopic_VOI,25
bench_REGIME_D_CLUSTERED_025,FB5_State_Blind_Lookahead,potato,CLUSTERED,0.24,0.116,0.124,MARKDOWN,0.0,0.0,1.0,0.0,6.0,4.8,10.8,120.0,"{0: 0.04, 1: 0.04, 2: 0.6054, 3: 0.4775, 4: 0.04}",12,"['WAIT_SETTLE', 'WAIT_SETTLE', 'WAIT_SETTLE', 'WAIT_SETTLE', 'WAIT_SETTLE', 'WAIT_SETTLE', 'WAIT_SETTLE', 'WAIT_SETTLE', 'WAIT_SETTLE', 'WAIT_SETTLE', 'WAIT_SETTLE', 'WAIT_SETTLE']",6.0,120.0,REGIME_D_CLUSTERED,FB5_State_Blind,25
bench_REGIME_D_CLUSTERED_025,FB6_Additive_Cost_Planner,potato,CLUSTERED,0.24,0.116,0.124,MARKDOWN,0.0,0.0,1.0,0.0,6.0,4.8,10.8,120.0,"{0: 0.04, 1: 0.04, 2: 0.6054, 3: 0.4775, 4: 0.04}",12,"['WAIT_SETTLE', 'WAIT_SETTLE', 'WAIT_SETTLE', 'WAIT_SETTLE', 'WAIT_SETTLE', 'WAIT_SETTLE', 'WAIT_SETTLE', 'WAIT_SETTLE', 'WAIT_SETTLE', 'WAIT_SETTLE', 'WAIT_SETTLE', 'WAIT_SETTLE']",6.0,120.0,REGIME_D_CLUSTERED,FB6_Additive_Cost,25
bench_REGIME_D_CLUSTERED_025,FB7_Exposure_Aware_Planner,potato,CLUSTERED,0.24,0.1121,0.1279,MARKDOWN,0.0,0.0,1.0,0.0,2.0,0.2,2.2,5.0,"{0: 0.04, 1: 0.04, 2: 0.6054, 3: 0.4775, 4: 0.04}",2,"['OBSERVE_STRATUM', 'STOP_INSPECTION']",2.0,5.0,REGIME_D_CLUSTERED,FB7_Proposed,25
bench_REGIME_D_CLUSTERED_026,FB0_Surface_Only,potato,CLUSTERED,0.24,0.1109,0.1291,MARKDOWN,0.0,0.0,1.0,0.0,2.0,0.2,2.2,5.0,"{0: 0.04, 1: 0.04, 2: 0.4783, 3: 0.6046, 4: 0.04}",2,"['OBSERVE_STRATUM', 'STOP_INSPECTION']",2.0,5.0,REGIME_D_CLUSTERED,FB0_Surface_Only,26
bench_REGIME_D_CLUSTERED_026,FB1_Fixed_Sampling,potato,CLUSTERED,0.24,0.113,0.127,MARKDOWN,0.0,0.0,1.0,0.0,45.0,3.0,48.0,75.0,"{0: 0.04, 1: 0.04, 2: 0.4783, 3: 0.6046, 4: 0.04}",4,"['SAMPLE_UNITS', 'SAMPLE_UNITS', 'SAMPLE_UNITS', 'STOP_INSPECTION']",45.0,75.0,REGIME_D_CLUSTERED,FB1_Fixed_Random,26
bench_REGIME_D_CLUSTERED_026,FB2_Depth_Stratified,potato,CLUSTERED,0.24,0.1638,0.0762,SPLIT_LOT,0.0,0.0,1.0,120.0,42.0,11.4,173.4,285.0,"{0: 0.04, 1: 0.04, 2: 0.4783, 3: 0.6046, 4: 0.04}",10,"['OBSERVE_STRATUM', 'REMOVE_LAYER', 'OBSERVE_STRATUM', 'REMOVE_LAYER', 'OBSERVE_STRATUM', 'REMOVE_LAYER', 'OBSERVE_STRATUM', 'REMOVE_LAYER', 'OBSERVE_STRATUM', 'STOP_INSPECTION']",42.0,85.0,REGIME_D_CLUSTERED,FB2_Depth_Stratified,26
bench_REGIME_D_CLUSTERED_026,FB3_Macro_Myopic_VOI,potato,CLUSTERED,0.24,0.117,0.123,MARKDOWN,0.0,0.0,1.0,0.0,2.0,0.2,2.2,5.0,"{0: 0.04, 1: 0.04, 2: 0.4783, 3: 0.6046, 4: 0.04}",2,"['OBSERVE_STRATUM', 'STOP_INSPECTION']",2.0,5.0,REGIME_D_CLUSTERED,FB3_Macro_Myopic_VOI,26
bench_REGIME_D_CLUSTERED_026,FB5_State_Blind_Lookahead,potato,CLUSTERED,0.24,0.116,0.124,MARKDOWN,0.0,0.0,1.0,0.0,6.0,4.8,10.8,120.0,"{0: 0.04, 1: 0.04, 2: 0.4783, 3: 0.6046, 4: 0.04}",12,"['WAIT_SETTLE', 'WAIT_SETTLE', 'WAIT_SETTLE', 'WAIT_SETTLE', 'WAIT_SETTLE', 'WAIT_SETTLE', 'WAIT_SETTLE', 'WAIT_SETTLE', 'WAIT_SETTLE', 'WAIT_SETTLE', 'WAIT_SETTLE', 'WAIT_SETTLE']",6.0,120.0,REGIME_D_CLUSTERED,FB5_State_Blind,26
bench_REGIME_D_CLUSTERED_026,FB6_Additive_Cost_Planner,potato,CLUSTERED,0.24,0.116,0.124,MARKDOWN,0.0,0.0,1.0,0.0,6.0,4.8,10.8,120.0,"{0: 0.04, 1: 0.04, 2: 0.4783, 3: 0.6046, 4: 0.04}",12,"['WAIT_SETTLE', 'WAIT_SETTLE', 'WAIT_SETTLE', 'WAIT_SETTLE', 'WAIT_SETTLE', 'WAIT_SETTLE', 'WAIT_SETTLE', 'WAIT_SETTLE', 'WAIT_SETTLE', 'WAIT_SETTLE', 'WAIT_SETTLE', 'WAIT_SETTLE']",6.0,120.0,REGIME_D_CLUSTERED,FB6_Additive_Cost,26
bench_REGIME_D_CLUSTERED_026,FB7_Exposure_Aware_Planner,potato,CLUSTERED,0.24,0.1123,0.1277,MARKDOWN,0.0,0.0,1.0,0.0,2.0,0.2,2.2,5.0,"{0: 0.04, 1: 0.04, 2: 0.4783, 3: 0.6046, 4: 0.04}",2,"['OBSERVE_STRATUM', 'STOP_INSPECTION']",2.0,5.0,REGIME_D_CLUSTERED,FB7_Proposed,26
bench_REGIME_D_CLUSTERED_027,FB0_Surface_Only,potato,CLUSTERED,0.232,0.1113,0.1207,MARKDOWN,0.0,0.0,1.0,0.0,2.0,0.2,2.2,5.0,"{0: 0.04, 1: 0.04, 2: 0.5073, 3: 0.5323, 4: 0.04}",2,"['OBSERVE_STRATUM', 'STOP_INSPECTION']",2.0,5.0,REGIME_D_CLUSTERED,FB0_Surface_Only,27
bench_REGIME_D_CLUSTERED_027,FB1_Fixed_Sampling,potato,CLUSTERED,0.232,0.1089,0.1231,MARKDOWN,0.0,0.0,1.0,0.0,45.0,3.0,48.0,75.0,"{0: 0.04, 1: 0.04, 2: 0.5073, 3: 0.5323, 4: 0.04}",4,"['SAMPLE_UNITS', 'SAMPLE_UNITS', 'SAMPLE_UNITS', 'STOP_INSPECTION']",45.0,75.0,REGIME_D_CLUSTERED,FB1_Fixed_Random,27
bench_REGIME_D_CLUSTERED_027,FB2_Depth_Stratified,potato,CLUSTERED,0.232,0.1556,0.0764,MARKDOWN,0.0,0.0,1.0,0.0,42.0,11.4,53.4,285.0,"{0: 0.04, 1: 0.04, 2: 0.5073, 3: 0.5323, 4: 0.04}",10,"['OBSERVE_STRATUM', 'REMOVE_LAYER', 'OBSERVE_STRATUM', 'REMOVE_LAYER', 'OBSERVE_STRATUM', 'REMOVE_LAYER', 'OBSERVE_STRATUM', 'REMOVE_LAYER', 'OBSERVE_STRATUM', 'STOP_INSPECTION']",42.0,85.0,REGIME_D_CLUSTERED,FB2_Depth_Stratified,27
bench_REGIME_D_CLUSTERED_027,FB3_Macro_Myopic_VOI,potato,CLUSTERED,0.232,0.1149,0.1171,MARKDOWN,0.0,0.0,1.0,0.0,2.0,0.2,2.2,5.0,"{0: 0.04, 1: 0.04, 2: 0.5073, 3: 0.5323, 4: 0.04}",2,"['OBSERVE_STRATUM', 'STOP_INSPECTION']",2.0,5.0,REGIME_D_CLUSTERED,FB3_Macro_Myopic_VOI,27
bench_REGIME_D_CLUSTERED_027,FB5_State_Blind_Lookahead,potato,CLUSTERED,0.232,0.116,0.116,MARKDOWN,0.0,0.0,1.0,0.0,6.0,4.8,10.8,120.0,"{0: 0.04, 1: 0.04, 2: 0.5073, 3: 0.5323, 4: 0.04}",12,"['WAIT_SETTLE', 'WAIT_SETTLE', 'WAIT_SETTLE', 'WAIT_SETTLE', 'WAIT_SETTLE', 'WAIT_SETTLE', 'WAIT_SETTLE', 'WAIT_SETTLE', 'WAIT_SETTLE', 'WAIT_SETTLE', 'WAIT_SETTLE', 'WAIT_SETTLE']",6.0,120.0,REGIME_D_CLUSTERED,FB5_State_Blind,27
bench_REGIME_D_CLUSTERED_027,FB6_Additive_Cost_Planner,potato,CLUSTERED,0.232,0.116,0.116,MARKDOWN,0.0,0.0,1.0,0.0,6.0,4.8,10.8,120.0,"{0: 0.04, 1: 0.04, 2: 0.5073, 3: 0.5323, 4: 0.04}",12,"['WAIT_SETTLE', 'WAIT_SETTLE', 'WAIT_SETTLE', 'WAIT_SETTLE', 'WAIT_SETTLE', 'WAIT_SETTLE', 'WAIT_SETTLE', 'WAIT_SETTLE', 'WAIT_SETTLE', 'WAIT_SETTLE', 'WAIT_SETTLE', 'WAIT_SETTLE']",6.0,120.0,REGIME_D_CLUSTERED,FB6_Additive_Cost,27
bench_REGIME_D_CLUSTERED_027,FB7_Exposure_Aware_Planner,potato,CLUSTERED,0.232,0.1127,0.1193,MARKDOWN,0.0,0.0,1.0,0.0,2.0,0.2,2.2,5.0,"{0: 0.04, 1: 0.04, 2: 0.5073, 3: 0.5323, 4: 0.04}",2,"['OBSERVE_STRATUM', 'STOP_INSPECTION']",2.0,5.0,REGIME_D_CLUSTERED,FB7_Proposed,27
bench_REGIME_D_CLUSTERED_028,FB0_Surface_Only,potato,CLUSTERED,0.208,0.1116,0.0964,MARKDOWN,0.0,0.0,1.0,0.0,2.0,0.2,2.2,5.0,"{0: 0.04, 1: 0.04, 2: 0.4655, 3: 0.4688, 4: 0.04}",2,"['OBSERVE_STRATUM', 'STOP_INSPECTION']",2.0,5.0,REGIME_D_CLUSTERED,FB0_Surface_Only,28
bench_REGIME_D_CLUSTERED_028,FB1_Fixed_Sampling,potato,CLUSTERED,0.208,0.1107,0.0973,MARKDOWN,0.0,0.0,1.0,0.0,45.0,3.0,48.0,75.0,"{0: 0.04, 1: 0.04, 2: 0.4655, 3: 0.4688, 4: 0.04}",4,"['SAMPLE_UNITS', 'SAMPLE_UNITS', 'SAMPLE_UNITS', 'STOP_INSPECTION']",45.0,75.0,REGIME_D_CLUSTERED,FB1_Fixed_Random,28
bench_REGIME_D_CLUSTERED_028,FB2_Depth_Stratified,potato,CLUSTERED,0.208,0.1441,0.0639,MARKDOWN,0.0,0.0,1.0,0.0,42.0,11.4,53.4,285.0,"{0: 0.04, 1: 0.04, 2: 0.4655, 3: 0.4688, 4: 0.04}",10,"['OBSERVE_STRATUM', 'REMOVE_LAYER', 'OBSERVE_STRATUM', 'REMOVE_LAYER', 'OBSERVE_STRATUM', 'REMOVE_LAYER', 'OBSERVE_STRATUM', 'REMOVE_LAYER', 'OBSERVE_STRATUM', 'STOP_INSPECTION']",42.0,85.0,REGIME_D_CLUSTERED,FB2_Depth_Stratified,28
bench_REGIME_D_CLUSTERED_028,FB3_Macro_Myopic_VOI,potato,CLUSTERED,0.208,0.1113,0.0967,MARKDOWN,0.0,0.0,1.0,0.0,2.0,0.2,2.2,5.0,"{0: 0.04, 1: 0.04, 2: 0.4655, 3: 0.4688, 4: 0.04}",2,"['OBSERVE_STRATUM', 'STOP_INSPECTION']",2.0,5.0,REGIME_D_CLUSTERED,FB3_Macro_Myopic_VOI,28
bench_REGIME_D_CLUSTERED_028,FB5_State_Blind_Lookahead,potato,CLUSTERED,0.208,0.116,0.092,MARKDOWN,0.0,0.0,1.0,0.0,6.0,4.8,10.8,120.0,"{0: 0.04, 1: 0.04, 2: 0.4655, 3: 0.4688, 4: 0.04}",12,"['WAIT_SETTLE', 'WAIT_SETTLE', 'WAIT_SETTLE', 'WAIT_SETTLE', 'WAIT_SETTLE', 'WAIT_SETTLE', 'WAIT_SETTLE', 'WAIT_SETTLE', 'WAIT_SETTLE', 'WAIT_SETTLE', 'WAIT_SETTLE', 'WAIT_SETTLE']",6.0,120.0,REGIME_D_CLUSTERED,FB5_State_Blind,28
bench_REGIME_D_CLUSTERED_028,FB6_Additive_Cost_Planner,potato,CLUSTERED,0.208,0.116,0.092,MARKDOWN,0.0,0.0,1.0,0.0,6.0,4.8,10.8,120.0,"{0: 0.04, 1: 0.04, 2: 0.4655, 3: 0.4688, 4: 0.04}",12,"['WAIT_SETTLE', 'WAIT_SETTLE', 'WAIT_SETTLE', 'WAIT_SETTLE', 'WAIT_SETTLE', 'WAIT_SETTLE', 'WAIT_SETTLE', 'WAIT_SETTLE', 'WAIT_SETTLE', 'WAIT_SETTLE', 'WAIT_SETTLE', 'WAIT_SETTLE']",6.0,120.0,REGIME_D_CLUSTERED,FB6_Additive_Cost,28
bench_REGIME_D_CLUSTERED_028,FB7_Exposure_Aware_Planner,potato,CLUSTERED,0.208,0.1201,0.0879,MARKDOWN,0.0,0.0,1.0,0.0,2.0,0.2,2.2,5.0,"{0: 0.04, 1: 0.04, 2: 0.4655, 3: 0.4688, 4: 0.04}",2,"['OBSERVE_STRATUM', 'STOP_INSPECTION']",2.0,5.0,REGIME_D_CLUSTERED,FB7_Proposed,28
bench_REGIME_D_CLUSTERED_029,FB0_Surface_Only,potato,CLUSTERED,0.272,0.1134,0.1586,MARKDOWN,0.0,0.0,1.0,0.0,2.0,0.2,2.2,5.0,"{0: 0.04, 1: 0.04, 2: 0.6777, 3: 0.5679, 4: 0.04}",2,"['OBSERVE_STRATUM', 'STOP_INSPECTION']",2.0,5.0,REGIME_D_CLUSTERED,FB0_Surface_Only,29
bench_REGIME_D_CLUSTERED_029,FB1_Fixed_Sampling,potato,CLUSTERED,0.272,0.1104,0.1616,MARKDOWN,0.0,0.0,1.0,0.0,45.0,3.0,48.0,75.0,"{0: 0.04, 1: 0.04, 2: 0.6777, 3: 0.5679, 4: 0.04}",4,"['SAMPLE_UNITS', 'SAMPLE_UNITS', 'SAMPLE_UNITS', 'STOP_INSPECTION']",45.0,75.0,REGIME_D_CLUSTERED,FB1_Fixed_Random,29
bench_REGIME_D_CLUSTERED_029,FB2_Depth_Stratified,potato,CLUSTERED,0.272,0.1666,0.1054,SPLIT_LOT,0.0,0.0,1.0,120.0,42.0,11.4,173.4,285.0,"{0: 0.04, 1: 0.04, 2: 0.6777, 3: 0.5679, 4: 0.04}",10,"['OBSERVE_STRATUM', 'REMOVE_LAYER', 'OBSERVE_STRATUM', 'REMOVE_LAYER', 'OBSERVE_STRATUM', 'REMOVE_LAYER', 'OBSERVE_STRATUM', 'REMOVE_LAYER', 'OBSERVE_STRATUM', 'STOP_INSPECTION']",42.0,85.0,REGIME_D_CLUSTERED,FB2_Depth_Stratified,29
bench_REGIME_D_CLUSTERED_029,FB3_Macro_Myopic_VOI,potato,CLUSTERED,0.272,0.1092,0.1628,MARKDOWN,0.0,0.0,1.0,0.0,2.0,0.2,2.2,5.0,"{0: 0.04, 1: 0.04, 2: 0.6777, 3: 0.5679, 4: 0.04}",2,"['OBSERVE_STRATUM', 'STOP_INSPECTION']",2.0,5.0,REGIME_D_CLUSTERED,FB3_Macro_Myopic_VOI,29
bench_REGIME_D_CLUSTERED_029,FB5_State_Blind_Lookahead,potato,CLUSTERED,0.272,0.116,0.156,MARKDOWN,0.0,0.0,1.0,0.0,6.0,4.8,10.8,120.0,"{0: 0.04, 1: 0.04, 2: 0.6777, 3: 0.5679, 4: 0.04}",12,"['WAIT_SETTLE', 'WAIT_SETTLE', 'WAIT_SETTLE', 'WAIT_SETTLE', 'WAIT_SETTLE', 'WAIT_SETTLE', 'WAIT_SETTLE', 'WAIT_SETTLE', 'WAIT_SETTLE', 'WAIT_SETTLE', 'WAIT_SETTLE', 'WAIT_SETTLE']",6.0,120.0,REGIME_D_CLUSTERED,FB5_State_Blind,29
bench_REGIME_D_CLUSTERED_029,FB6_Additive_Cost_Planner,potato,CLUSTERED,0.272,0.116,0.156,MARKDOWN,0.0,0.0,1.0,0.0,6.0,4.8,10.8,120.0,"{0: 0.04, 1: 0.04, 2: 0.6777, 3: 0.5679, 4: 0.04}",12,"['WAIT_SETTLE', 'WAIT_SETTLE', 'WAIT_SETTLE', 'WAIT_SETTLE', 'WAIT_SETTLE', 'WAIT_SETTLE', 'WAIT_SETTLE', 'WAIT_SETTLE', 'WAIT_SETTLE', 'WAIT_SETTLE', 'WAIT_SETTLE', 'WAIT_SETTLE']",6.0,120.0,REGIME_D_CLUSTERED,FB6_Additive_Cost,29
bench_REGIME_D_CLUSTERED_029,FB7_Exposure_Aware_Planner,potato,CLUSTERED,0.272,0.1106,0.1614,MARKDOWN,0.0,0.0,1.0,0.0,2.0,0.2,2.2,5.0,"{0: 0.04, 1: 0.04, 2: 0.6777, 3: 0.5679, 4: 0.04}",2,"['OBSERVE_STRATUM', 'STOP_INSPECTION']",2.0,5.0,REGIME_D_CLUSTERED,FB7_Proposed,29
bench_REGIME_D_CLUSTERED_030,FB0_Surface_Only,potato,CLUSTERED,0.228,0.1129,0.1151,MARKDOWN,0.0,0.0,1.0,0.0,2.0,0.2,2.2,5.0,"{0: 0.04, 1: 0.04, 2: 0.5674, 3: 0.4634, 4: 0.04}",2,"['OBSERVE_STRATUM', 'STOP_INSPECTION']",2.0,5.0,REGIME_D_CLUSTERED,FB0_Surface_Only,30
bench_REGIME_D_CLUSTERED_030,FB1_Fixed_Sampling,potato,CLUSTERED,0.228,0.1105,0.1175,MARKDOWN,0.0,0.0,1.0,0.0,45.0,3.0,48.0,75.0,"{0: 0.04, 1: 0.04, 2: 0.5674, 3: 0.4634, 4: 0.04}",4,"['SAMPLE_UNITS', 'SAMPLE_UNITS', 'SAMPLE_UNITS', 'STOP_INSPECTION']",45.0,75.0,REGIME_D_CLUSTERED,FB1_Fixed_Random,30
bench_REGIME_D_CLUSTERED_030,FB2_Depth_Stratified,potato,CLUSTERED,0.228,0.1589,0.0691,MARKDOWN,0.0,0.0,1.0,0.0,42.0,11.4,53.4,285.0,"{0: 0.04, 1: 0.04, 2: 0.5674, 3: 0.4634, 4: 0.04}",10,"['OBSERVE_STRATUM', 'REMOVE_LAYER', 'OBSERVE_STRATUM', 'REMOVE_LAYER', 'OBSERVE_STRATUM', 'REMOVE_LAYER', 'OBSERVE_STRATUM', 'REMOVE_LAYER', 'OBSERVE_STRATUM', 'STOP_INSPECTION']",42.0,85.0,REGIME_D_CLUSTERED,FB2_Depth_Stratified,30
bench_REGIME_D_CLUSTERED_030,FB3_Macro_Myopic_VOI,potato,CLUSTERED,0.228,0.1147,0.1133,MARKDOWN,0.0,0.0,1.0,0.0,2.0,0.2,2.2,5.0,"{0: 0.04, 1: 0.04, 2: 0.5674, 3: 0.4634, 4: 0.04}",2,"['OBSERVE_STRATUM', 'STOP_INSPECTION']",2.0,5.0,REGIME_D_CLUSTERED,FB3_Macro_Myopic_VOI,30
bench_REGIME_D_CLUSTERED_030,FB5_State_Blind_Lookahead,potato,CLUSTERED,0.228,0.116,0.112,MARKDOWN,0.0,0.0,1.0,0.0,6.0,4.8,10.8,120.0,"{0: 0.04, 1: 0.04, 2: 0.5674, 3: 0.4634, 4: 0.04}",12,"['WAIT_SETTLE', 'WAIT_SETTLE', 'WAIT_SETTLE', 'WAIT_SETTLE', 'WAIT_SETTLE', 'WAIT_SETTLE', 'WAIT_SETTLE', 'WAIT_SETTLE', 'WAIT_SETTLE', 'WAIT_SETTLE', 'WAIT_SETTLE', 'WAIT_SETTLE']",6.0,120.0,REGIME_D_CLUSTERED,FB5_State_Blind,30
bench_REGIME_D_CLUSTERED_030,FB6_Additive_Cost_Planner,potato,CLUSTERED,0.228,0.116,0.112,MARKDOWN,0.0,0.0,1.0,0.0,6.0,4.8,10.8,120.0,"{0: 0.04, 1: 0.04, 2: 0.5674, 3: 0.4634, 4: 0.04}",12,"['WAIT_SETTLE', 'WAIT_SETTLE', 'WAIT_SETTLE', 'WAIT_SETTLE', 'WAIT_SETTLE', 'WAIT_SETTLE', 'WAIT_SETTLE', 'WAIT_SETTLE', 'WAIT_SETTLE', 'WAIT_SETTLE', 'WAIT_SETTLE', 'WAIT_SETTLE']",6.0,120.0,REGIME_D_CLUSTERED,FB6_Additive_Cost,30
bench_REGIME_D_CLUSTERED_030,FB7_Exposure_Aware_Planner,potato,CLUSTERED,0.228,0.1143,0.1137,MARKDOWN,0.0,0.0,1.0,0.0,2.0,0.2,2.2,5.0,"{0: 0.04, 1: 0.04, 2: 0.5674, 3: 0.4634, 4: 0.04}",2,"['OBSERVE_STRATUM', 'STOP_INSPECTION']",2.0,5.0,REGIME_D_CLUSTERED,FB7_Proposed,30
bench_REGIME_D_CLUSTERED_031,FB0_Surface_Only,potato,CLUSTERED,0.268,0.1117,0.1563,MARKDOWN,0.0,0.0,1.0,0.0,2.0,0.2,2.2,5.0,"{0: 0.04, 1: 0.04, 2: 0.5655, 3: 0.6635, 4: 0.04}",2,"['OBSERVE_STRATUM', 'STOP_INSPECTION']",2.0,5.0,REGIME_D_CLUSTERED,FB0_Surface_Only,31
bench_REGIME_D_CLUSTERED_031,FB1_Fixed_Sampling,potato,CLUSTERED,0.268,0.1105,0.1575,MARKDOWN,0.0,0.0,1.0,0.0,45.0,3.0,48.0,75.0,"{0: 0.04, 1: 0.04, 2: 0.5655, 3: 0.6635, 4: 0.04}",4,"['SAMPLE_UNITS', 'SAMPLE_UNITS', 'SAMPLE_UNITS', 'STOP_INSPECTION']",45.0,75.0,REGIME_D_CLUSTERED,FB1_Fixed_Random,31
bench_REGIME_D_CLUSTERED_031,FB2_Depth_Stratified,potato,CLUSTERED,0.268,0.1672,0.1008,SPLIT_LOT,0.0,0.0,1.0,120.0,42.0,11.4,173.4,285.0,"{0: 0.04, 1: 0.04, 2: 0.5655, 3: 0.6635, 4: 0.04}",10,"['OBSERVE_STRATUM', 'REMOVE_LAYER', 'OBSERVE_STRATUM', 'REMOVE_LAYER', 'OBSERVE_STRATUM', 'REMOVE_LAYER', 'OBSERVE_STRATUM', 'REMOVE_LAYER', 'OBSERVE_STRATUM', 'STOP_INSPECTION']",42.0,85.0,REGIME_D_CLUSTERED,FB2_Depth_Stratified,31
bench_REGIME_D_CLUSTERED_031,FB3_Macro_Myopic_VOI,potato,CLUSTERED,0.268,0.1158,0.1522,MARKDOWN,0.0,0.0,1.0,0.0,2.0,0.2,2.2,5.0,"{0: 0.04, 1: 0.04, 2: 0.5655, 3: 0.6635, 4: 0.04}",2,"['OBSERVE_STRATUM', 'STOP_INSPECTION']",2.0,5.0,REGIME_D_CLUSTERED,FB3_Macro_Myopic_VOI,31
bench_REGIME_D_CLUSTERED_031,FB5_State_Blind_Lookahead,potato,CLUSTERED,0.268,0.116,0.152,MARKDOWN,0.0,0.0,1.0,0.0,6.0,4.8,10.8,120.0,"{0: 0.04, 1: 0.04, 2: 0.5655, 3: 0.6635, 4: 0.04}",12,"['WAIT_SETTLE', 'WAIT_SETTLE', 'WAIT_SETTLE', 'WAIT_SETTLE', 'WAIT_SETTLE', 'WAIT_SETTLE', 'WAIT_SETTLE', 'WAIT_SETTLE', 'WAIT_SETTLE', 'WAIT_SETTLE', 'WAIT_SETTLE', 'WAIT_SETTLE']",6.0,120.0,REGIME_D_CLUSTERED,FB5_State_Blind,31
bench_REGIME_D_CLUSTERED_031,FB6_Additive_Cost_Planner,potato,CLUSTERED,0.268,0.116,0.152,MARKDOWN,0.0,0.0,1.0,0.0,6.0,4.8,10.8,120.0,"{0: 0.04, 1: 0.04, 2: 0.5655, 3: 0.6635, 4: 0.04}",12,"['WAIT_SETTLE', 'WAIT_SETTLE', 'WAIT_SETTLE', 'WAIT_SETTLE', 'WAIT_SETTLE', 'WAIT_SETTLE', 'WAIT_SETTLE', 'WAIT_SETTLE', 'WAIT_SETTLE', 'WAIT_SETTLE', 'WAIT_SETTLE', 'WAIT_SETTLE']",6.0,120.0,REGIME_D_CLUSTERED,FB6_Additive_Cost,31
bench_REGIME_D_CLUSTERED_031,FB7_Exposure_Aware_Planner,potato,CLUSTERED,0.268,0.1115,0.1565,MARKDOWN,0.0,0.0,1.0,0.0,2.0,0.2,2.2,5.0,"{0: 0.04, 1: 0.04, 2: 0.5655, 3: 0.6635, 4: 0.04}",2,"['OBSERVE_STRATUM', 'STOP_INSPECTION']",2.0,5.0,REGIME_D_CLUSTERED,FB7_Proposed,31
bench_REGIME_D_CLUSTERED_032,FB0_Surface_Only,potato,CLUSTERED,0.216,0.1144,0.1016,MARKDOWN,0.0,0.0,1.0,0.0,2.0,0.2,2.2,5.0,"{0: 0.04, 1: 0.04, 2: 0.4983, 3: 0.4595, 4: 0.04}",2,"['OBSERVE_STRATUM', 'STOP_INSPECTION']",2.0,5.0,REGIME_D_CLUSTERED,FB0_Surface_Only,32
bench_REGIME_D_CLUSTERED_032,FB1_Fixed_Sampling,potato,CLUSTERED,0.216,0.1105,0.1055,MARKDOWN,0.0,0.0,1.0,0.0,45.0,3.0,48.0,75.0,"{0: 0.04, 1: 0.04, 2: 0.4983, 3: 0.4595, 4: 0.04}",4,"['SAMPLE_UNITS', 'SAMPLE_UNITS', 'SAMPLE_UNITS', 'STOP_INSPECTION']",45.0,75.0,REGIME_D_CLUSTERED,FB1_Fixed_Random,32
bench_REGIME_D_CLUSTERED_032,FB2_Depth_Stratified,potato,CLUSTERED,0.216,0.156,0.06,MARKDOWN,0.0,0.0,1.0,0.0,42.0,11.4,53.4,285.0,"{0: 0.04, 1: 0.04, 2: 0.4983, 3: 0.4595, 4: 0.04}",10,"['OBSERVE_STRATUM', 'REMOVE_LAYER', 'OBSERVE_STRATUM', 'REMOVE_LAYER', 'OBSERVE_STRATUM', 'REMOVE_LAYER', 'OBSERVE_STRATUM', 'REMOVE_LAYER', 'OBSERVE_STRATUM', 'STOP_INSPECTION']",42.0,85.0,REGIME_D_CLUSTERED,FB2_Depth_Stratified,32
bench_REGIME_D_CLUSTERED_032,FB3_Macro_Myopic_VOI,potato,CLUSTERED,0.216,0.1098,0.1062,MARKDOWN,0.0,0.0,1.0,0.0,2.0,0.2,2.2,5.0,"{0: 0.04, 1: 0.04, 2: 0.4983, 3: 0.4595, 4: 0.04}",2,"['OBSERVE_STRATUM', 'STOP_INSPECTION']",2.0,5.0,REGIME_D_CLUSTERED,FB3_Macro_Myopic_VOI,32
bench_REGIME_D_CLUSTERED_032,FB5_State_Blind_Lookahead,potato,CLUSTERED,0.216,0.116,0.1,MARKDOWN,0.0,0.0,1.0,0.0,6.0,4.8,10.8,120.0,"{0: 0.04, 1: 0.04, 2: 0.4983, 3: 0.4595, 4: 0.04}",12,"['WAIT_SETTLE', 'WAIT_SETTLE', 'WAIT_SETTLE', 'WAIT_SETTLE', 'WAIT_SETTLE', 'WAIT_SETTLE', 'WAIT_SETTLE', 'WAIT_SETTLE', 'WAIT_SETTLE', 'WAIT_SETTLE', 'WAIT_SETTLE', 'WAIT_SETTLE']",6.0,120.0,REGIME_D_CLUSTERED,FB5_State_Blind,32
bench_REGIME_D_CLUSTERED_032,FB6_Additive_Cost_Planner,potato,CLUSTERED,0.216,0.116,0.1,MARKDOWN,0.0,0.0,1.0,0.0,6.0,4.8,10.8,120.0,"{0: 0.04, 1: 0.04, 2: 0.4983, 3: 0.4595, 4: 0.04}",12,"['WAIT_SETTLE', 'WAIT_SETTLE', 'WAIT_SETTLE', 'WAIT_SETTLE', 'WAIT_SETTLE', 'WAIT_SETTLE', 'WAIT_SETTLE', 'WAIT_SETTLE', 'WAIT_SETTLE', 'WAIT_SETTLE', 'WAIT_SETTLE', 'WAIT_SETTLE']",6.0,120.0,REGIME_D_CLUSTERED,FB6_Additive_Cost,32
bench_REGIME_D_CLUSTERED_032,FB7_Exposure_Aware_Planner,potato,CLUSTERED,0.216,0.1152,0.1008,MARKDOWN,0.0,0.0,1.0,0.0,2.0,0.2,2.2,5.0,"{0: 0.04, 1: 0.04, 2: 0.4983, 3: 0.4595, 4: 0.04}",2,"['OBSERVE_STRATUM', 'STOP_INSPECTION']",2.0,5.0,REGIME_D_CLUSTERED,FB7_Proposed,32
bench_REGIME_D_CLUSTERED_033,FB0_Surface_Only,potato,CLUSTERED,0.228,0.111,0.117,MARKDOWN,0.0,0.0,1.0,0.0,2.0,0.2,2.2,5.0,"{0: 0.04, 1: 0.04, 2: 0.5656, 3: 0.4697, 4: 0.04}",2,"['OBSERVE_STRATUM', 'STOP_INSPECTION']",2.0,5.0,REGIME_D_CLUSTERED,FB0_Surface_Only,33
bench_REGIME_D_CLUSTERED_033,FB1_Fixed_Sampling,potato,CLUSTERED,0.228,0.1135,0.1145,MARKDOWN,0.0,0.0,1.0,0.0,45.0,3.0,48.0,75.0,"{0: 0.04, 1: 0.04, 2: 0.5656, 3: 0.4697, 4: 0.04}",4,"['SAMPLE_UNITS', 'SAMPLE_UNITS', 'SAMPLE_UNITS', 'STOP_INSPECTION']",45.0,75.0,REGIME_D_CLUSTERED,FB1_Fixed_Random,33
bench_REGIME_D_CLUSTERED_033,FB2_Depth_Stratified,potato,CLUSTERED,0.228,0.1562,0.0718,SPLIT_LOT,0.0,0.0,1.0,120.0,42.0,11.4,173.4,285.0,"{0: 0.04, 1: 0.04, 2: 0.5656, 3: 0.4697, 4: 0.04}",10,"['OBSERVE_STRATUM', 'REMOVE_LAYER', 'OBSERVE_STRATUM', 'REMOVE_LAYER', 'OBSERVE_STRATUM', 'REMOVE_LAYER', 'OBSERVE_STRATUM', 'REMOVE_LAYER', 'OBSERVE_STRATUM', 'STOP_INSPECTION']",42.0,85.0,REGIME_D_CLUSTERED,FB2_Depth_Stratified,33
bench_REGIME_D_CLUSTERED_033,FB3_Macro_Myopic_VOI,potato,CLUSTERED,0.228,0.1108,0.1172,MARKDOWN,0.0,0.0,1.0,0.0,2.0,0.2,2.2,5.0,"{0: 0.04, 1: 0.04, 2: 0.5656, 3: 0.4697, 4: 0.04}",2,"['OBSERVE_STRATUM', 'STOP_INSPECTION']",2.0,5.0,REGIME_D_CLUSTERED,FB3_Macro_Myopic_VOI,33
bench_REGIME_D_CLUSTERED_033,FB5_State_Blind_Lookahead,potato,CLUSTERED,0.228,0.116,0.112,MARKDOWN,0.0,0.0,1.0,0.0,6.0,4.8,10.8,120.0,"{0: 0.04, 1: 0.04, 2: 0.5656, 3: 0.4697, 4: 0.04}",12,"['WAIT_SETTLE', 'WAIT_SETTLE', 'WAIT_SETTLE', 'WAIT_SETTLE', 'WAIT_SETTLE', 'WAIT_SETTLE', 'WAIT_SETTLE', 'WAIT_SETTLE', 'WAIT_SETTLE', 'WAIT_SETTLE', 'WAIT_SETTLE', 'WAIT_SETTLE']",6.0,120.0,REGIME_D_CLUSTERED,FB5_State_Blind,33
bench_REGIME_D_CLUSTERED_033,FB6_Additive_Cost_Planner,potato,CLUSTERED,0.228,0.116,0.112,MARKDOWN,0.0,0.0,1.0,0.0,6.0,4.8,10.8,120.0,"{0: 0.04, 1: 0.04, 2: 0.5656, 3: 0.4697, 4: 0.04}",12,"['WAIT_SETTLE', 'WAIT_SETTLE', 'WAIT_SETTLE', 'WAIT_SETTLE', 'WAIT_SETTLE', 'WAIT_SETTLE', 'WAIT_SETTLE', 'WAIT_SETTLE', 'WAIT_SETTLE', 'WAIT_SETTLE', 'WAIT_SETTLE', 'WAIT_SETTLE']",6.0,120.0,REGIME_D_CLUSTERED,FB6_Additive_Cost,33
bench_REGIME_D_CLUSTERED_033,FB7_Exposure_Aware_Planner,potato,CLUSTERED,0.228,0.1133,0.1147,MARKDOWN,0.0,0.0,1.0,0.0,2.0,0.2,2.2,5.0,"{0: 0.04, 1: 0.04, 2: 0.5656, 3: 0.4697, 4: 0.04}",2,"['OBSERVE_STRATUM', 'STOP_INSPECTION']",2.0,5.0,REGIME_D_CLUSTERED,FB7_Proposed,33
bench_REGIME_D_CLUSTERED_034,FB0_Surface_Only,potato,CLUSTERED,0.276,0.112,0.164,MARKDOWN,0.0,0.0,1.0,0.0,2.0,0.2,2.2,5.0,"{0: 0.04, 1: 0.04, 2: 0.6454, 3: 0.6238, 4: 0.04}",2,"['OBSERVE_STRATUM', 'STOP_INSPECTION']",2.0,5.0,REGIME_D_CLUSTERED,FB0_Surface_Only,34
bench_REGIME_D_CLUSTERED_034,FB1_Fixed_Sampling,potato,CLUSTERED,0.276,0.1062,0.1698,MARKDOWN,0.0,0.0,1.0,0.0,45.0,3.0,48.0,75.0,"{0: 0.04, 1: 0.04, 2: 0.6454, 3: 0.6238, 4: 0.04}",4,"['SAMPLE_UNITS', 'SAMPLE_UNITS', 'SAMPLE_UNITS', 'STOP_INSPECTION']",45.0,75.0,REGIME_D_CLUSTERED,FB1_Fixed_Random,34
bench_REGIME_D_CLUSTERED_034,FB2_Depth_Stratified,potato,CLUSTERED,0.276,0.1753,0.1007,MARKDOWN,0.0,0.0,1.0,0.0,42.0,11.4,53.4,285.0,"{0: 0.04, 1: 0.04, 2: 0.6454, 3: 0.6238, 4: 0.04}",10,"['OBSERVE_STRATUM', 'REMOVE_LAYER', 'OBSERVE_STRATUM', 'REMOVE_LAYER', 'OBSERVE_STRATUM', 'REMOVE_LAYER', 'OBSERVE_STRATUM', 'REMOVE_LAYER', 'OBSERVE_STRATUM', 'STOP_INSPECTION']",42.0,85.0,REGIME_D_CLUSTERED,FB2_Depth_Stratified,34
bench_REGIME_D_CLUSTERED_034,FB3_Macro_Myopic_VOI,potato,CLUSTERED,0.276,0.1118,0.1642,MARKDOWN,0.0,0.0,1.0,0.0,2.0,0.2,2.2,5.0,"{0: 0.04, 1: 0.04, 2: 0.6454, 3: 0.6238, 4: 0.04}",2,"['OBSERVE_STRATUM', 'STOP_INSPECTION']",2.0,5.0,REGIME_D_CLUSTERED,FB3_Macro_Myopic_VOI,34
bench_REGIME_D_CLUSTERED_034,FB5_State_Blind_Lookahead,potato,CLUSTERED,0.276,0.116,0.16,MARKDOWN,0.0,0.0,1.0,0.0,6.0,4.8,10.8,120.0,"{0: 0.04, 1: 0.04, 2: 0.6454, 3: 0.6238, 4: 0.04}",12,"['WAIT_SETTLE', 'WAIT_SETTLE', 'WAIT_SETTLE', 'WAIT_SETTLE', 'WAIT_SETTLE', 'WAIT_SETTLE', 'WAIT_SETTLE', 'WAIT_SETTLE', 'WAIT_SETTLE', 'WAIT_SETTLE', 'WAIT_SETTLE', 'WAIT_SETTLE']",6.0,120.0,REGIME_D_CLUSTERED,FB5_State_Blind,34
bench_REGIME_D_CLUSTERED_034,FB6_Additive_Cost_Planner,potato,CLUSTERED,0.276,0.116,0.16,MARKDOWN,0.0,0.0,1.0,0.0,6.0,4.8,10.8,120.0,"{0: 0.04, 1: 0.04, 2: 0.6454, 3: 0.6238, 4: 0.04}",12,"['WAIT_SETTLE', 'WAIT_SETTLE', 'WAIT_SETTLE', 'WAIT_SETTLE', 'WAIT_SETTLE', 'WAIT_SETTLE', 'WAIT_SETTLE', 'WAIT_SETTLE', 'WAIT_SETTLE', 'WAIT_SETTLE', 'WAIT_SETTLE', 'WAIT_SETTLE']",6.0,120.0,REGIME_D_CLUSTERED,FB6_Additive_Cost,34
bench_REGIME_D_CLUSTERED_034,FB7_Exposure_Aware_Planner,potato,CLUSTERED,0.276,0.1103,0.1657,MARKDOWN,0.0,0.0,1.0,0.0,2.0,0.2,2.2,5.0,"{0: 0.04, 1: 0.04, 2: 0.6454, 3: 0.6238, 4: 0.04}",2,"['OBSERVE_STRATUM', 'STOP_INSPECTION']",2.0,5.0,REGIME_D_CLUSTERED,FB7_Proposed,34
bench_REGIME_D_CLUSTERED_035,FB0_Surface_Only,potato,CLUSTERED,0.228,0.112,0.116,MARKDOWN,0.0,0.0,1.0,0.0,2.0,0.2,2.2,5.0,"{0: 0.04, 1: 0.04, 2: 0.5234, 3: 0.4951, 4: 0.04}",2,"['OBSERVE_STRATUM', 'STOP_INSPECTION']",2.0,5.0,REGIME_D_CLUSTERED,FB0_Surface_Only,35
bench_REGIME_D_CLUSTERED_035,FB1_Fixed_Sampling,potato,CLUSTERED,0.228,0.1071,0.1209,MARKDOWN,0.0,0.0,1.0,0.0,45.0,3.0,48.0,75.0,"{0: 0.04, 1: 0.04, 2: 0.5234, 3: 0.4951, 4: 0.04}",4,"['SAMPLE_UNITS', 'SAMPLE_UNITS', 'SAMPLE_UNITS', 'STOP_INSPECTION']",45.0,75.0,REGIME_D_CLUSTERED,FB1_Fixed_Random,35
bench_REGIME_D_CLUSTERED_035,FB2_Depth_Stratified,potato,CLUSTERED,0.228,0.1507,0.0773,MARKDOWN,0.0,0.0,1.0,0.0,42.0,11.4,53.4,285.0,"{0: 0.04, 1: 0.04, 2: 0.5234, 3: 0.4951, 4: 0.04}",10,"['OBSERVE_STRATUM', 'REMOVE_LAYER', 'OBSERVE_STRATUM', 'REMOVE_LAYER', 'OBSERVE_STRATUM', 'REMOVE_LAYER', 'OBSERVE_STRATUM', 'REMOVE_LAYER', 'OBSERVE_STRATUM', 'STOP_INSPECTION']",42.0,85.0,REGIME_D_CLUSTERED,FB2_Depth_Stratified,35
bench_REGIME_D_CLUSTERED_035,FB3_Macro_Myopic_VOI,potato,CLUSTERED,0.228,0.1109,0.1171,MARKDOWN,0.0,0.0,1.0,0.0,2.0,0.2,2.2,5.0,"{0: 0.04, 1: 0.04, 2: 0.5234, 3: 0.4951, 4: 0.04}",2,"['OBSERVE_STRATUM', 'STOP_INSPECTION']",2.0,5.0,REGIME_D_CLUSTERED,FB3_Macro_Myopic_VOI,35
bench_REGIME_D_CLUSTERED_035,FB5_State_Blind_Lookahead,potato,CLUSTERED,0.228,0.116,0.112,MARKDOWN,0.0,0.0,1.0,0.0,6.0,4.8,10.8,120.0,"{0: 0.04, 1: 0.04, 2: 0.5234, 3: 0.4951, 4: 0.04}",12,"['WAIT_SETTLE', 'WAIT_SETTLE', 'WAIT_SETTLE', 'WAIT_SETTLE', 'WAIT_SETTLE', 'WAIT_SETTLE', 'WAIT_SETTLE', 'WAIT_SETTLE', 'WAIT_SETTLE', 'WAIT_SETTLE', 'WAIT_SETTLE', 'WAIT_SETTLE']",6.0,120.0,REGIME_D_CLUSTERED,FB5_State_Blind,35
bench_REGIME_D_CLUSTERED_035,FB6_Additive_Cost_Planner,potato,CLUSTERED,0.228,0.116,0.112,MARKDOWN,0.0,0.0,1.0,0.0,6.0,4.8,10.8,120.0,"{0: 0.04, 1: 0.04, 2: 0.5234, 3: 0.4951, 4: 0.04}",12,"['WAIT_SETTLE', 'WAIT_SETTLE', 'WAIT_SETTLE', 'WAIT_SETTLE', 'WAIT_SETTLE', 'WAIT_SETTLE', 'WAIT_SETTLE', 'WAIT_SETTLE', 'WAIT_SETTLE', 'WAIT_SETTLE', 'WAIT_SETTLE', 'WAIT_SETTLE']",6.0,120.0,REGIME_D_CLUSTERED,FB6_Additive_Cost,35
bench_REGIME_D_CLUSTERED_035,FB7_Exposure_Aware_Planner,potato,CLUSTERED,0.228,0.1168,0.1112,MARKDOWN,0.0,0.0,1.0,0.0,2.0,0.2,2.2,5.0,"{0: 0.04, 1: 0.04, 2: 0.5234, 3: 0.4951, 4: 0.04}",2,"['OBSERVE_STRATUM', 'STOP_INSPECTION']",2.0,5.0,REGIME_D_CLUSTERED,FB7_Proposed,35
bench_REGIME_D_CLUSTERED_036,FB0_Surface_Only,potato,CLUSTERED,0.244,0.1142,0.1298,MARKDOWN,0.0,0.0,1.0,0.0,2.0,0.2,2.2,5.0,"{0: 0.04, 1: 0.04, 2: 0.511, 3: 0.573, 4: 0.04}",2,"['OBSERVE_STRATUM', 'STOP_INSPECTION']",2.0,5.0,REGIME_D_CLUSTERED,FB0_Surface_Only,36
bench_REGIME_D_CLUSTERED_036,FB1_Fixed_Sampling,potato,CLUSTERED,0.244,0.109,0.135,MARKDOWN,0.0,0.0,1.0,0.0,45.0,3.0,48.0,75.0,"{0: 0.04, 1: 0.04, 2: 0.511, 3: 0.573, 4: 0.04}",4,"['SAMPLE_UNITS', 'SAMPLE_UNITS', 'SAMPLE_UNITS', 'STOP_INSPECTION']",45.0,75.0,REGIME_D_CLUSTERED,FB1_Fixed_Random,36
bench_REGIME_D_CLUSTERED_036,FB2_Depth_Stratified,potato,CLUSTERED,0.244,0.1612,0.0828,SPLIT_LOT,0.0,0.0,1.0,120.0,42.0,11.4,173.4,285.0,"{0: 0.04, 1: 0.04, 2: 0.511, 3: 0.573, 4: 0.04}",10,"['OBSERVE_STRATUM', 'REMOVE_LAYER', 'OBSERVE_STRATUM', 'REMOVE_LAYER', 'OBSERVE_STRATUM', 'REMOVE_LAYER', 'OBSERVE_STRATUM', 'REMOVE_LAYER', 'OBSERVE_STRATUM', 'STOP_INSPECTION']",42.0,85.0,REGIME_D_CLUSTERED,FB2_Depth_Stratified,36
bench_REGIME_D_CLUSTERED_036,FB3_Macro_Myopic_VOI,potato,CLUSTERED,0.244,0.1092,0.1348,MARKDOWN,0.0,0.0,1.0,0.0,2.0,0.2,2.2,5.0,"{0: 0.04, 1: 0.04, 2: 0.511, 3: 0.573, 4: 0.04}",2,"['OBSERVE_STRATUM', 'STOP_INSPECTION']",2.0,5.0,REGIME_D_CLUSTERED,FB3_Macro_Myopic_VOI,36
bench_REGIME_D_CLUSTERED_036,FB5_State_Blind_Lookahead,potato,CLUSTERED,0.244,0.116,0.128,MARKDOWN,0.0,0.0,1.0,0.0,6.0,4.8,10.8,120.0,"{0: 0.04, 1: 0.04, 2: 0.511, 3: 0.573, 4: 0.04}",12,"['WAIT_SETTLE', 'WAIT_SETTLE', 'WAIT_SETTLE', 'WAIT_SETTLE', 'WAIT_SETTLE', 'WAIT_SETTLE', 'WAIT_SETTLE', 'WAIT_SETTLE', 'WAIT_SETTLE', 'WAIT_SETTLE', 'WAIT_SETTLE', 'WAIT_SETTLE']",6.0,120.0,REGIME_D_CLUSTERED,FB5_State_Blind,36
bench_REGIME_D_CLUSTERED_036,FB6_Additive_Cost_Planner,potato,CLUSTERED,0.244,0.116,0.128,MARKDOWN,0.0,0.0,1.0,0.0,6.0,4.8,10.8,120.0,"{0: 0.04, 1: 0.04, 2: 0.511, 3: 0.573, 4: 0.04}",12,"['WAIT_SETTLE', 'WAIT_SETTLE', 'WAIT_SETTLE', 'WAIT_SETTLE', 'WAIT_SETTLE', 'WAIT_SETTLE', 'WAIT_SETTLE', 'WAIT_SETTLE', 'WAIT_SETTLE', 'WAIT_SETTLE', 'WAIT_SETTLE', 'WAIT_SETTLE']",6.0,120.0,REGIME_D_CLUSTERED,FB6_Additive_Cost,36
bench_REGIME_D_CLUSTERED_036,FB7_Exposure_Aware_Planner,potato,CLUSTERED,0.244,0.1137,0.1303,MARKDOWN,0.0,0.0,1.0,0.0,2.0,0.2,2.2,5.0,"{0: 0.04, 1: 0.04, 2: 0.511, 3: 0.573, 4: 0.04}",2,"['OBSERVE_STRATUM', 'STOP_INSPECTION']",2.0,5.0,REGIME_D_CLUSTERED,FB7_Proposed,36
bench_REGIME_D_CLUSTERED_037,FB0_Surface_Only,potato,CLUSTERED,0.216,0.1113,0.1047,MARKDOWN,0.0,0.0,1.0,0.0,2.0,0.2,2.2,5.0,"{0: 0.04, 1: 0.04, 2: 0.4544, 3: 0.5039, 4: 0.04}",2,"['OBSERVE_STRATUM', 'STOP_INSPECTION']",2.0,5.0,REGIME_D_CLUSTERED,FB0_Surface_Only,37
bench_REGIME_D_CLUSTERED_037,FB1_Fixed_Sampling,potato,CLUSTERED,0.216,0.1095,0.1065,MARKDOWN,0.0,0.0,1.0,0.0,45.0,3.0,48.0,75.0,"{0: 0.04, 1: 0.04, 2: 0.4544, 3: 0.5039, 4: 0.04}",4,"['SAMPLE_UNITS', 'SAMPLE_UNITS', 'SAMPLE_UNITS', 'STOP_INSPECTION']",45.0,75.0,REGIME_D_CLUSTERED,FB1_Fixed_Random,37
bench_REGIME_D_CLUSTERED_037,FB2_Depth_Stratified,potato,CLUSTERED,0.216,0.1589,0.0571,MARKDOWN,0.0,0.0,1.0,0.0,42.0,11.4,53.4,285.0,"{0: 0.04, 1: 0.04, 2: 0.4544, 3: 0.5039, 4: 0.04}",10,"['OBSERVE_STRATUM', 'REMOVE_LAYER', 'OBSERVE_STRATUM', 'REMOVE_LAYER', 'OBSERVE_STRATUM', 'REMOVE_LAYER', 'OBSERVE_STRATUM', 'REMOVE_LAYER', 'OBSERVE_STRATUM', 'STOP_INSPECTION']",42.0,85.0,REGIME_D_CLUSTERED,FB2_Depth_Stratified,37
bench_REGIME_D_CLUSTERED_037,FB3_Macro_Myopic_VOI,potato,CLUSTERED,0.216,0.1199,0.0961,MARKDOWN,0.0,0.0,1.0,0.0,2.0,0.2,2.2,5.0,"{0: 0.04, 1: 0.04, 2: 0.4544, 3: 0.5039, 4: 0.04}",2,"['OBSERVE_STRATUM', 'STOP_INSPECTION']",2.0,5.0,REGIME_D_CLUSTERED,FB3_Macro_Myopic_VOI,37
bench_REGIME_D_CLUSTERED_037,FB5_State_Blind_Lookahead,potato,CLUSTERED,0.216,0.116,0.1,MARKDOWN,0.0,0.0,1.0,0.0,6.0,4.8,10.8,120.0,"{0: 0.04, 1: 0.04, 2: 0.4544, 3: 0.5039, 4: 0.04}",12,"['WAIT_SETTLE', 'WAIT_SETTLE', 'WAIT_SETTLE', 'WAIT_SETTLE', 'WAIT_SETTLE', 'WAIT_SETTLE', 'WAIT_SETTLE', 'WAIT_SETTLE', 'WAIT_SETTLE', 'WAIT_SETTLE', 'WAIT_SETTLE', 'WAIT_SETTLE']",6.0,120.0,REGIME_D_CLUSTERED,FB5_State_Blind,37
bench_REGIME_D_CLUSTERED_037,FB6_Additive_Cost_Planner,potato,CLUSTERED,0.216,0.116,0.1,MARKDOWN,0.0,0.0,1.0,0.0,6.0,4.8,10.8,120.0,"{0: 0.04, 1: 0.04, 2: 0.4544, 3: 0.5039, 4: 0.04}",12,"['WAIT_SETTLE', 'WAIT_SETTLE', 'WAIT_SETTLE', 'WAIT_SETTLE', 'WAIT_SETTLE', 'WAIT_SETTLE', 'WAIT_SETTLE', 'WAIT_SETTLE', 'WAIT_SETTLE', 'WAIT_SETTLE', 'WAIT_SETTLE', 'WAIT_SETTLE']",6.0,120.0,REGIME_D_CLUSTERED,FB6_Additive_Cost,37
bench_REGIME_D_CLUSTERED_037,FB7_Exposure_Aware_Planner,potato,CLUSTERED,0.216,0.1134,0.1026,MARKDOWN,0.0,0.0,1.0,0.0,2.0,0.2,2.2,5.0,"{0: 0.04, 1: 0.04, 2: 0.4544, 3: 0.5039, 4: 0.04}",2,"['OBSERVE_STRATUM', 'STOP_INSPECTION']",2.0,5.0,REGIME_D_CLUSTERED,FB7_Proposed,37
bench_REGIME_D_CLUSTERED_038,FB0_Surface_Only,potato,CLUSTERED,0.276,0.1119,0.1641,MARKDOWN,0.0,0.0,1.0,0.0,2.0,0.2,2.2,5.0,"{0: 0.04, 1: 0.04, 2: 0.6831, 3: 0.5772, 4: 0.04}",2,"['OBSERVE_STRATUM', 'STOP_INSPECTION']",2.0,5.0,REGIME_D_CLUSTERED,FB0_Surface_Only,38
bench_REGIME_D_CLUSTERED_038,FB1_Fixed_Sampling,potato,CLUSTERED,0.276,0.1121,0.1639,MARKDOWN,0.0,0.0,1.0,0.0,45.0,3.0,48.0,75.0,"{0: 0.04, 1: 0.04, 2: 0.6831, 3: 0.5772, 4: 0.04}",4,"['SAMPLE_UNITS', 'SAMPLE_UNITS', 'SAMPLE_UNITS', 'STOP_INSPECTION']",45.0,75.0,REGIME_D_CLUSTERED,FB1_Fixed_Random,38
bench_REGIME_D_CLUSTERED_038,FB2_Depth_Stratified,potato,CLUSTERED,0.276,0.1748,0.1012,MARKDOWN,0.0,0.0,1.0,0.0,42.0,11.4,53.4,285.0,"{0: 0.04, 1: 0.04, 2: 0.6831, 3: 0.5772, 4: 0.04}",10,"['OBSERVE_STRATUM', 'REMOVE_LAYER', 'OBSERVE_STRATUM', 'REMOVE_LAYER', 'OBSERVE_STRATUM', 'REMOVE_LAYER', 'OBSERVE_STRATUM', 'REMOVE_LAYER', 'OBSERVE_STRATUM', 'STOP_INSPECTION']",42.0,85.0,REGIME_D_CLUSTERED,FB2_Depth_Stratified,38
bench_REGIME_D_CLUSTERED_038,FB3_Macro_Myopic_VOI,potato,CLUSTERED,0.276,0.111,0.165,MARKDOWN,0.0,0.0,1.0,0.0,2.0,0.2,2.2,5.0,"{0: 0.04, 1: 0.04, 2: 0.6831, 3: 0.5772, 4: 0.04}",2,"['OBSERVE_STRATUM', 'STOP_INSPECTION']",2.0,5.0,REGIME_D_CLUSTERED,FB3_Macro_Myopic_VOI,38
bench_REGIME_D_CLUSTERED_038,FB5_State_Blind_Lookahead,potato,CLUSTERED,0.276,0.116,0.16,MARKDOWN,0.0,0.0,1.0,0.0,6.0,4.8,10.8,120.0,"{0: 0.04, 1: 0.04, 2: 0.6831, 3: 0.5772, 4: 0.04}",12,"['WAIT_SETTLE', 'WAIT_SETTLE', 'WAIT_SETTLE', 'WAIT_SETTLE', 'WAIT_SETTLE', 'WAIT_SETTLE', 'WAIT_SETTLE', 'WAIT_SETTLE', 'WAIT_SETTLE', 'WAIT_SETTLE', 'WAIT_SETTLE', 'WAIT_SETTLE']",6.0,120.0,REGIME_D_CLUSTERED,FB5_State_Blind,38
bench_REGIME_D_CLUSTERED_038,FB6_Additive_Cost_Planner,potato,CLUSTERED,0.276,0.116,0.16,MARKDOWN,0.0,0.0,1.0,0.0,6.0,4.8,10.8,120.0,"{0: 0.04, 1: 0.04, 2: 0.6831, 3: 0.5772, 4: 0.04}",12,"['WAIT_SETTLE', 'WAIT_SETTLE', 'WAIT_SETTLE', 'WAIT_SETTLE', 'WAIT_SETTLE', 'WAIT_SETTLE', 'WAIT_SETTLE', 'WAIT_SETTLE', 'WAIT_SETTLE', 'WAIT_SETTLE', 'WAIT_SETTLE', 'WAIT_SETTLE']",6.0,120.0,REGIME_D_CLUSTERED,FB6_Additive_Cost,38
bench_REGIME_D_CLUSTERED_038,FB7_Exposure_Aware_Planner,potato,CLUSTERED,0.276,0.1131,0.1629,MARKDOWN,0.0,0.0,1.0,0.0,2.0,0.2,2.2,5.0,"{0: 0.04, 1: 0.04, 2: 0.6831, 3: 0.5772, 4: 0.04}",2,"['OBSERVE_STRATUM', 'STOP_INSPECTION']",2.0,5.0,REGIME_D_CLUSTERED,FB7_Proposed,38
bench_REGIME_D_CLUSTERED_039,FB0_Surface_Only,potato,CLUSTERED,0.264,0.1113,0.1527,MARKDOWN,0.0,0.0,1.0,0.0,2.0,0.2,2.2,5.0,"{0: 0.04, 1: 0.04, 2: 0.6695, 3: 0.5323, 4: 0.04}",2,"['OBSERVE_STRATUM', 'STOP_INSPECTION']",2.0,5.0,REGIME_D_CLUSTERED,FB0_Surface_Only,39
bench_REGIME_D_CLUSTERED_039,FB1_Fixed_Sampling,potato,CLUSTERED,0.264,0.1104,0.1536,MARKDOWN,0.0,0.0,1.0,0.0,45.0,3.0,48.0,75.0,"{0: 0.04, 1: 0.04, 2: 0.6695, 3: 0.5323, 4: 0.04}",4,"['SAMPLE_UNITS', 'SAMPLE_UNITS', 'SAMPLE_UNITS', 'STOP_INSPECTION']",45.0,75.0,REGIME_D_CLUSTERED,FB1_Fixed_Random,39
bench_REGIME_D_CLUSTERED_039,FB2_Depth_Stratified,potato,CLUSTERED,0.264,0.1726,0.0914,SPLIT_LOT,0.0,0.0,1.0,120.0,42.0,11.4,173.4,285.0,"{0: 0.04, 1: 0.04, 2: 0.6695, 3: 0.5323, 4: 0.04}",10,"['OBSERVE_STRATUM', 'REMOVE_LAYER', 'OBSERVE_STRATUM', 'REMOVE_LAYER', 'OBSERVE_STRATUM', 'REMOVE_LAYER', 'OBSERVE_STRATUM', 'REMOVE_LAYER', 'OBSERVE_STRATUM', 'STOP_INSPECTION']",42.0,85.0,REGIME_D_CLUSTERED,FB2_Depth_Stratified,39
bench_REGIME_D_CLUSTERED_039,FB3_Macro_Myopic_VOI,potato,CLUSTERED,0.264,0.1092,0.1548,MARKDOWN,0.0,0.0,1.0,0.0,2.0,0.2,2.2,5.0,"{0: 0.04, 1: 0.04, 2: 0.6695, 3: 0.5323, 4: 0.04}",2,"['OBSERVE_STRATUM', 'STOP_INSPECTION']",2.0,5.0,REGIME_D_CLUSTERED,FB3_Macro_Myopic_VOI,39
bench_REGIME_D_CLUSTERED_039,FB5_State_Blind_Lookahead,potato,CLUSTERED,0.264,0.116,0.148,MARKDOWN,0.0,0.0,1.0,0.0,6.0,4.8,10.8,120.0,"{0: 0.04, 1: 0.04, 2: 0.6695, 3: 0.5323, 4: 0.04}",12,"['WAIT_SETTLE', 'WAIT_SETTLE', 'WAIT_SETTLE', 'WAIT_SETTLE', 'WAIT_SETTLE', 'WAIT_SETTLE', 'WAIT_SETTLE', 'WAIT_SETTLE', 'WAIT_SETTLE', 'WAIT_SETTLE', 'WAIT_SETTLE', 'WAIT_SETTLE']",6.0,120.0,REGIME_D_CLUSTERED,FB5_State_Blind,39
bench_REGIME_D_CLUSTERED_039,FB6_Additive_Cost_Planner,potato,CLUSTERED,0.264,0.116,0.148,MARKDOWN,0.0,0.0,1.0,0.0,6.0,4.8,10.8,120.0,"{0: 0.04, 1: 0.04, 2: 0.6695, 3: 0.5323, 4: 0.04}",12,"['WAIT_SETTLE', 'WAIT_SETTLE', 'WAIT_SETTLE', 'WAIT_SETTLE', 'WAIT_SETTLE', 'WAIT_SETTLE', 'WAIT_SETTLE', 'WAIT_SETTLE', 'WAIT_SETTLE', 'WAIT_SETTLE', 'WAIT_SETTLE', 'WAIT_SETTLE']",6.0,120.0,REGIME_D_CLUSTERED,FB6_Additive_Cost,39
bench_REGIME_D_CLUSTERED_039,FB7_Exposure_Aware_Planner,potato,CLUSTERED,0.264,0.1108,0.1532,MARKDOWN,0.0,0.0,1.0,0.0,2.0,0.2,2.2,5.0,"{0: 0.04, 1: 0.04, 2: 0.6695, 3: 0.5323, 4: 0.04}",2,"['OBSERVE_STRATUM', 'STOP_INSPECTION']",2.0,5.0,REGIME_D_CLUSTERED,FB7_Proposed,39
bench_REGIME_E_SURFACE_BIASED_000,FB0_Surface_Only,potato,SURFACE_BIASED,0.172,0.1092,0.0628,MARKDOWN,0.0,0.0,1.0,0.0,2.0,0.2,2.2,5.0,"{0: 0.03, 1: 0.03, 2: 0.2309, 3: 0.2486, 4: 0.2936}",2,"['OBSERVE_STRATUM', 'STOP_INSPECTION']",2.0,5.0,REGIME_E_SURFACE_BIASED,FB0_Surface_Only,0
bench_REGIME_E_SURFACE_BIASED_000,FB1_Fixed_Sampling,potato,SURFACE_BIASED,0.172,0.1075,0.0645,MARKDOWN,0.0,0.0,1.0,0.0,45.0,3.0,48.0,75.0,"{0: 0.03, 1: 0.03, 2: 0.2309, 3: 0.2486, 4: 0.2936}",4,"['SAMPLE_UNITS', 'SAMPLE_UNITS', 'SAMPLE_UNITS', 'STOP_INSPECTION']",45.0,75.0,REGIME_E_SURFACE_BIASED,FB1_Fixed_Random,0
bench_REGIME_E_SURFACE_BIASED_000,FB2_Depth_Stratified,potato,SURFACE_BIASED,0.172,0.1381,0.0339,MARKDOWN,0.0,0.0,1.0,0.0,42.0,11.4,53.4,285.0,"{0: 0.03, 1: 0.03, 2: 0.2309, 3: 0.2486, 4: 0.2936}",10,"['OBSERVE_STRATUM', 'REMOVE_LAYER', 'OBSERVE_STRATUM', 'REMOVE_LAYER', 'OBSERVE_STRATUM', 'REMOVE_LAYER', 'OBSERVE_STRATUM', 'REMOVE_LAYER', 'OBSERVE_STRATUM', 'STOP_INSPECTION']",42.0,85.0,REGIME_E_SURFACE_BIASED,FB2_Depth_Stratified,0
bench_REGIME_E_SURFACE_BIASED_000,FB3_Macro_Myopic_VOI,potato,SURFACE_BIASED,0.172,0.1163,0.0557,MARKDOWN,0.0,0.0,1.0,0.0,2.0,0.2,2.2,5.0,"{0: 0.03, 1: 0.03, 2: 0.2309, 3: 0.2486, 4: 0.2936}",2,"['OBSERVE_STRATUM', 'STOP_INSPECTION']",2.0,5.0,REGIME_E_SURFACE_BIASED,FB3_Macro_Myopic_VOI,0
bench_REGIME_E_SURFACE_BIASED_000,FB5_State_Blind_Lookahead,potato,SURFACE_BIASED,0.172,0.116,0.056,MARKDOWN,0.0,0.0,1.0,0.0,6.0,4.8,10.8,120.0,"{0: 0.03, 1: 0.03, 2: 0.2309, 3: 0.2486, 4: 0.2936}",12,"['WAIT_SETTLE', 'WAIT_SETTLE', 'WAIT_SETTLE', 'WAIT_SETTLE', 'WAIT_SETTLE', 'WAIT_SETTLE', 'WAIT_SETTLE', 'WAIT_SETTLE', 'WAIT_SETTLE', 'WAIT_SETTLE', 'WAIT_SETTLE', 'WAIT_SETTLE']",6.0,120.0,REGIME_E_SURFACE_BIASED,FB5_State_Blind,0
bench_REGIME_E_SURFACE_BIASED_000,FB6_Additive_Cost_Planner,potato,SURFACE_BIASED,0.172,0.116,0.056,MARKDOWN,0.0,0.0,1.0,0.0,6.0,4.8,10.8,120.0,"{0: 0.03, 1: 0.03, 2: 0.2309, 3: 0.2486, 4: 0.2936}",12,"['WAIT_SETTLE', 'WAIT_SETTLE', 'WAIT_SETTLE', 'WAIT_SETTLE', 'WAIT_SETTLE', 'WAIT_SETTLE', 'WAIT_SETTLE', 'WAIT_SETTLE', 'WAIT_SETTLE', 'WAIT_SETTLE', 'WAIT_SETTLE', 'WAIT_SETTLE']",6.0,120.0,REGIME_E_SURFACE_BIASED,FB6_Additive_Cost,0
bench_REGIME_E_SURFACE_BIASED_000,FB7_Exposure_Aware_Planner,potato,SURFACE_BIASED,0.172,0.116,0.056,MARKDOWN,0.0,0.0,1.0,0.0,0.0,0.0,0.0,0.0,"{0: 0.03, 1: 0.03, 2: 0.2309, 3: 0.2486, 4: 0.2936}",1,['STOP_INSPECTION'],0.0,0.0,REGIME_E_SURFACE_BIASED,FB7_Proposed,0
bench_REGIME_E_SURFACE_BIASED_001,FB0_Surface_Only,potato,SURFACE_BIASED,0.188,0.1112,0.0768,MARKDOWN,0.0,0.0,1.0,0.0,2.0,0.2,2.2,5.0,"{0: 0.03, 1: 0.03, 2: 0.244, 3: 0.3078, 4: 0.3108}",2,"['OBSERVE_STRATUM', 'STOP_INSPECTION']",2.0,5.0,REGIME_E_SURFACE_BIASED,FB0_Surface_Only,1
bench_REGIME_E_SURFACE_BIASED_001,FB1_Fixed_Sampling,potato,SURFACE_BIASED,0.188,0.11,0.078,MARKDOWN,0.0,0.0,1.0,0.0,45.0,3.0,48.0,75.0,"{0: 0.03, 1: 0.03, 2: 0.244, 3: 0.3078, 4: 0.3108}",4,"['SAMPLE_UNITS', 'SAMPLE_UNITS', 'SAMPLE_UNITS', 'STOP_INSPECTION']",45.0,75.0,REGIME_E_SURFACE_BIASED,FB1_Fixed_Random,1
bench_REGIME_E_SURFACE_BIASED_001,FB2_Depth_Stratified,potato,SURFACE_BIASED,0.188,0.1418,0.0462,MARKDOWN,0.0,0.0,1.0,0.0,42.0,11.4,53.4,285.0,"{0: 0.03, 1: 0.03, 2: 0.244, 3: 0.3078, 4: 0.3108}",10,"['OBSERVE_STRATUM', 'REMOVE_LAYER', 'OBSERVE_STRATUM', 'REMOVE_LAYER', 'OBSERVE_STRATUM', 'REMOVE_LAYER', 'OBSERVE_STRATUM', 'REMOVE_LAYER', 'OBSERVE_STRATUM', 'STOP_INSPECTION']",42.0,85.0,REGIME_E_SURFACE_BIASED,FB2_Depth_Stratified,1
bench_REGIME_E_SURFACE_BIASED_001,FB3_Macro_Myopic_VOI,potato,SURFACE_BIASED,0.188,0.1108,0.0772,MARKDOWN,0.0,0.0,1.0,0.0,2.0,0.2,2.2,5.0,"{0: 0.03, 1: 0.03, 2: 0.244, 3: 0.3078, 4: 0.3108}",2,"['OBSERVE_STRATUM', 'STOP_INSPECTION']",2.0,5.0,REGIME_E_SURFACE_BIASED,FB3_Macro_Myopic_VOI,1
bench_REGIME_E_SURFACE_BIASED_001,FB5_State_Blind_Lookahead,potato,SURFACE_BIASED,0.188,0.116,0.072,MARKDOWN,0.0,0.0,1.0,0.0,6.0,4.8,10.8,120.0,"{0: 0.03, 1: 0.03, 2: 0.244, 3: 0.3078, 4: 0.3108}",12,"['WAIT_SETTLE', 'WAIT_SETTLE', 'WAIT_SETTLE', 'WAIT_SETTLE', 'WAIT_SETTLE', 'WAIT_SETTLE', 'WAIT_SETTLE', 'WAIT_SETTLE', 'WAIT_SETTLE', 'WAIT_SETTLE', 'WAIT_SETTLE', 'WAIT_SETTLE']",6.0,120.0,REGIME_E_SURFACE_BIASED,FB5_State_Blind,1
bench_REGIME_E_SURFACE_BIASED_001,FB6_Additive_Cost_Planner,potato,SURFACE_BIASED,0.188,0.116,0.072,MARKDOWN,0.0,0.0,1.0,0.0,6.0,4.8,10.8,120.0,"{0: 0.03, 1: 0.03, 2: 0.244, 3: 0.3078, 4: 0.3108}",12,"['WAIT_SETTLE', 'WAIT_SETTLE', 'WAIT_SETTLE', 'WAIT_SETTLE', 'WAIT_SETTLE', 'WAIT_SETTLE', 'WAIT_SETTLE', 'WAIT_SETTLE', 'WAIT_SETTLE', 'WAIT_SETTLE', 'WAIT_SETTLE', 'WAIT_SETTLE']",6.0,120.0,REGIME_E_SURFACE_BIASED,FB6_Additive_Cost,1
bench_REGIME_E_SURFACE_BIASED_001,FB7_Exposure_Aware_Planner,potato,SURFACE_BIASED,0.188,0.116,0.072,MARKDOWN,0.0,0.0,1.0,0.0,0.0,0.0,0.0,0.0,"{0: 0.03, 1: 0.03, 2: 0.244, 3: 0.3078, 4: 0.3108}",1,['STOP_INSPECTION'],0.0,0.0,REGIME_E_SURFACE_BIASED,FB7_Proposed,1
bench_REGIME_E_SURFACE_BIASED_002,FB0_Surface_Only,potato,SURFACE_BIASED,0.192,0.1092,0.0828,MARKDOWN,0.0,0.0,1.0,0.0,2.0,0.2,2.2,5.0,"{0: 0.03, 1: 0.03, 2: 0.3114, 3: 0.25, 4: 0.3008}",2,"['OBSERVE_STRATUM', 'STOP_INSPECTION']",2.0,5.0,REGIME_E_SURFACE_BIASED,FB0_Surface_Only,2
bench_REGIME_E_SURFACE_BIASED_002,FB1_Fixed_Sampling,potato,SURFACE_BIASED,0.192,0.1076,0.0844,MARKDOWN,0.0,0.0,1.0,0.0,45.0,3.0,48.0,75.0,"{0: 0.03, 1: 0.03, 2: 0.3114, 3: 0.25, 4: 0.3008}",4,"['SAMPLE_UNITS', 'SAMPLE_UNITS', 'SAMPLE_UNITS', 'STOP_INSPECTION']",45.0,75.0,REGIME_E_SURFACE_BIASED,FB1_Fixed_Random,2
bench_REGIME_E_SURFACE_BIASED_002,FB2_Depth_Stratified,potato,SURFACE_BIASED,0.192,0.1428,0.0492,MARKDOWN,0.0,0.0,1.0,0.0,42.0,11.4,53.4,285.0,"{0: 0.03, 1: 0.03, 2: 0.3114, 3: 0.25, 4: 0.3008}",10,"['OBSERVE_STRATUM', 'REMOVE_LAYER', 'OBSERVE_STRATUM', 'REMOVE_LAYER', 'OBSERVE_STRATUM', 'REMOVE_LAYER', 'OBSERVE_STRATUM', 'REMOVE_LAYER', 'OBSERVE_STRATUM', 'STOP_INSPECTION']",42.0,85.0,REGIME_E_SURFACE_BIASED,FB2_Depth_Stratified,2
bench_REGIME_E_SURFACE_BIASED_002,FB3_Macro_Myopic_VOI,potato,SURFACE_BIASED,0.192,0.1096,0.0824,MARKDOWN,0.0,0.0,1.0,0.0,2.0,0.2,2.2,5.0,"{0: 0.03, 1: 0.03, 2: 0.3114, 3: 0.25, 4: 0.3008}",2,"['OBSERVE_STRATUM', 'STOP_INSPECTION']",2.0,5.0,REGIME_E_SURFACE_BIASED,FB3_Macro_Myopic_VOI,2
bench_REGIME_E_SURFACE_BIASED_002,FB5_State_Blind_Lookahead,potato,SURFACE_BIASED,0.192,0.116,0.076,MARKDOWN,0.0,0.0,1.0,0.0,6.0,4.8,10.8,120.0,"{0: 0.03, 1: 0.03, 2: 0.3114, 3: 0.25, 4: 0.3008}",12,"['WAIT_SETTLE', 'WAIT_SETTLE', 'WAIT_SETTLE', 'WAIT_SETTLE', 'WAIT_SETTLE', 'WAIT_SETTLE', 'WAIT_SETTLE', 'WAIT_SETTLE', 'WAIT_SETTLE', 'WAIT_SETTLE', 'WAIT_SETTLE', 'WAIT_SETTLE']",6.0,120.0,REGIME_E_SURFACE_BIASED,FB5_State_Blind,2
bench_REGIME_E_SURFACE_BIASED_002,FB6_Additive_Cost_Planner,potato,SURFACE_BIASED,0.192,0.116,0.076,MARKDOWN,0.0,0.0,1.0,0.0,6.0,4.8,10.8,120.0,"{0: 0.03, 1: 0.03, 2: 0.3114, 3: 0.25, 4: 0.3008}",12,"['WAIT_SETTLE', 'WAIT_SETTLE', 'WAIT_SETTLE', 'WAIT_SETTLE', 'WAIT_SETTLE', 'WAIT_SETTLE', 'WAIT_SETTLE', 'WAIT_SETTLE', 'WAIT_SETTLE', 'WAIT_SETTLE', 'WAIT_SETTLE', 'WAIT_SETTLE']",6.0,120.0,REGIME_E_SURFACE_BIASED,FB6_Additive_Cost,2
bench_REGIME_E_SURFACE_BIASED_002,FB7_Exposure_Aware_Planner,potato,SURFACE_BIASED,0.192,0.116,0.076,MARKDOWN,0.0,0.0,1.0,0.0,0.0,0.0,0.0,0.0,"{0: 0.03, 1: 0.03, 2: 0.3114, 3: 0.25, 4: 0.3008}",1,['STOP_INSPECTION'],0.0,0.0,REGIME_E_SURFACE_BIASED,FB7_Proposed,2
bench_REGIME_E_SURFACE_BIASED_003,FB0_Surface_Only,potato,SURFACE_BIASED,0.168,0.1141,0.0539,MARKDOWN,0.0,0.0,1.0,0.0,2.0,0.2,2.2,5.0,"{0: 0.03, 1: 0.03, 2: 0.2444, 3: 0.2307, 4: 0.2783}",2,"['OBSERVE_STRATUM', 'STOP_INSPECTION']",2.0,5.0,REGIME_E_SURFACE_BIASED,FB0_Surface_Only,3
bench_REGIME_E_SURFACE_BIASED_003,FB1_Fixed_Sampling,potato,SURFACE_BIASED,0.168,0.1063,0.0617,MARKDOWN,0.0,0.0,1.0,0.0,45.0,3.0,48.0,75.0,"{0: 0.03, 1: 0.03, 2: 0.2444, 3: 0.2307, 4: 0.2783}",4,"['SAMPLE_UNITS', 'SAMPLE_UNITS', 'SAMPLE_UNITS', 'STOP_INSPECTION']",45.0,75.0,REGIME_E_SURFACE_BIASED,FB1_Fixed_Random,3
bench_REGIME_E_SURFACE_BIASED_003,FB2_Depth_Stratified,potato,SURFACE_BIASED,0.168,0.1324,0.0356,MARKDOWN,0.0,0.0,1.0,0.0,42.0,11.4,53.4,285.0,"{0: 0.03, 1: 0.03, 2: 0.2444, 3: 0.2307, 4: 0.2783}",10,"['OBSERVE_STRATUM', 'REMOVE_LAYER', 'OBSERVE_STRATUM', 'REMOVE_LAYER', 'OBSERVE_STRATUM', 'REMOVE_LAYER', 'OBSERVE_STRATUM', 'REMOVE_LAYER', 'OBSERVE_STRATUM', 'STOP_INSPECTION']",42.0,85.0,REGIME_E_SURFACE_BIASED,FB2_Depth_Stratified,3
bench_REGIME_E_SURFACE_BIASED_003,FB3_Macro_Myopic_VOI,potato,SURFACE_BIASED,0.168,0.1109,0.0571,MARKDOWN,0.0,0.0,1.0,0.0,2.0,0.2,2.2,5.0,"{0: 0.03, 1: 0.03, 2: 0.2444, 3: 0.2307, 4: 0.2783}",2,"['OBSERVE_STRATUM', 'STOP_INSPECTION']",2.0,5.0,REGIME_E_SURFACE_BIASED,FB3_Macro_Myopic_VOI,3
bench_REGIME_E_SURFACE_BIASED_003,FB5_State_Blind_Lookahead,potato,SURFACE_BIASED,0.168,0.116,0.052,MARKDOWN,0.0,0.0,1.0,0.0,6.0,4.8,10.8,120.0,"{0: 0.03, 1: 0.03, 2: 0.2444, 3: 0.2307, 4: 0.2783}",12,"['WAIT_SETTLE', 'WAIT_SETTLE', 'WAIT_SETTLE', 'WAIT_SETTLE', 'WAIT_SETTLE', 'WAIT_SETTLE', 'WAIT_SETTLE', 'WAIT_SETTLE', 'WAIT_SETTLE', 'WAIT_SETTLE', 'WAIT_SETTLE', 'WAIT_SETTLE']",6.0,120.0,REGIME_E_SURFACE_BIASED,FB5_State_Blind,3
bench_REGIME_E_SURFACE_BIASED_003,FB6_Additive_Cost_Planner,potato,SURFACE_BIASED,0.168,0.116,0.052,MARKDOWN,0.0,0.0,1.0,0.0,6.0,4.8,10.8,120.0,"{0: 0.03, 1: 0.03, 2: 0.2444, 3: 0.2307, 4: 0.2783}",12,"['WAIT_SETTLE', 'WAIT_SETTLE', 'WAIT_SETTLE', 'WAIT_SETTLE', 'WAIT_SETTLE', 'WAIT_SETTLE', 'WAIT_SETTLE', 'WAIT_SETTLE', 'WAIT_SETTLE', 'WAIT_SETTLE', 'WAIT_SETTLE', 'WAIT_SETTLE']",6.0,120.0,REGIME_E_SURFACE_BIASED,FB6_Additive_Cost,3
bench_REGIME_E_SURFACE_BIASED_003,FB7_Exposure_Aware_Planner,potato,SURFACE_BIASED,0.168,0.116,0.052,MARKDOWN,0.0,0.0,1.0,0.0,0.0,0.0,0.0,0.0,"{0: 0.03, 1: 0.03, 2: 0.2444, 3: 0.2307, 4: 0.2783}",1,['STOP_INSPECTION'],0.0,0.0,REGIME_E_SURFACE_BIASED,FB7_Proposed,3
bench_REGIME_E_SURFACE_BIASED_004,FB0_Surface_Only,potato,SURFACE_BIASED,0.172,0.1092,0.0628,MARKDOWN,0.0,0.0,1.0,0.0,2.0,0.2,2.2,5.0,"{0: 0.03, 1: 0.03, 2: 0.2972, 3: 0.2311, 4: 0.2426}",2,"['OBSERVE_STRATUM', 'STOP_INSPECTION']",2.0,5.0,REGIME_E_SURFACE_BIASED,FB0_Surface_Only,4
bench_REGIME_E_SURFACE_BIASED_004,FB1_Fixed_Sampling,potato,SURFACE_BIASED,0.172,0.1069,0.0651,MARKDOWN,0.0,0.0,1.0,0.0,45.0,3.0,48.0,75.0,"{0: 0.03, 1: 0.03, 2: 0.2972, 3: 0.2311, 4: 0.2426}",4,"['SAMPLE_UNITS', 'SAMPLE_UNITS', 'SAMPLE_UNITS', 'STOP_INSPECTION']",45.0,75.0,REGIME_E_SURFACE_BIASED,FB1_Fixed_Random,4
bench_REGIME_E_SURFACE_BIASED_004,FB2_Depth_Stratified,potato,SURFACE_BIASED,0.172,0.1383,0.0337,MARKDOWN,0.0,0.0,1.0,0.0,42.0,11.4,53.4,285.0,"{0: 0.03, 1: 0.03, 2: 0.2972, 3: 0.2311, 4: 0.2426}",10,"['OBSERVE_STRATUM', 'REMOVE_LAYER', 'OBSERVE_STRATUM', 'REMOVE_LAYER', 'OBSERVE_STRATUM', 'REMOVE_LAYER', 'OBSERVE_STRATUM', 'REMOVE_LAYER', 'OBSERVE_STRATUM', 'STOP_INSPECTION']",42.0,85.0,REGIME_E_SURFACE_BIASED,FB2_Depth_Stratified,4
bench_REGIME_E_SURFACE_BIASED_004,FB3_Macro_Myopic_VOI,potato,SURFACE_BIASED,0.172,0.1092,0.0628,MARKDOWN,0.0,0.0,1.0,0.0,2.0,0.2,2.2,5.0,"{0: 0.03, 1: 0.03, 2: 0.2972, 3: 0.2311, 4: 0.2426}",2,"['OBSERVE_STRATUM', 'STOP_INSPECTION']",2.0,5.0,REGIME_E_SURFACE_BIASED,FB3_Macro_Myopic_VOI,4
bench_REGIME_E_SURFACE_BIASED_004,FB5_State_Blind_Lookahead,potato,SURFACE_BIASED,0.172,0.116,0.056,MARKDOWN,0.0,0.0,1.0,0.0,6.0,4.8,10.8,120.0,"{0: 0.03, 1: 0.03, 2: 0.2972, 3: 0.2311, 4: 0.2426}",12,"['WAIT_SETTLE', 'WAIT_SETTLE', 'WAIT_SETTLE', 'WAIT_SETTLE', 'WAIT_SETTLE', 'WAIT_SETTLE', 'WAIT_SETTLE', 'WAIT_SETTLE', 'WAIT_SETTLE', 'WAIT_SETTLE', 'WAIT_SETTLE', 'WAIT_SETTLE']",6.0,120.0,REGIME_E_SURFACE_BIASED,FB5_State_Blind,4
bench_REGIME_E_SURFACE_BIASED_004,FB6_Additive_Cost_Planner,potato,SURFACE_BIASED,0.172,0.116,0.056,MARKDOWN,0.0,0.0,1.0,0.0,6.0,4.8,10.8,120.0,"{0: 0.03, 1: 0.03, 2: 0.2972, 3: 0.2311, 4: 0.2426}",12,"['WAIT_SETTLE', 'WAIT_SETTLE', 'WAIT_SETTLE', 'WAIT_SETTLE', 'WAIT_SETTLE', 'WAIT_SETTLE', 'WAIT_SETTLE', 'WAIT_SETTLE', 'WAIT_SETTLE', 'WAIT_SETTLE', 'WAIT_SETTLE', 'WAIT_SETTLE']",6.0,120.0,REGIME_E_SURFACE_BIASED,FB6_Additive_Cost,4
bench_REGIME_E_SURFACE_BIASED_004,FB7_Exposure_Aware_Planner,potato,SURFACE_BIASED,0.172,0.116,0.056,MARKDOWN,0.0,0.0,1.0,0.0,0.0,0.0,0.0,0.0,"{0: 0.03, 1: 0.03, 2: 0.2972, 3: 0.2311, 4: 0.2426}",1,['STOP_INSPECTION'],0.0,0.0,REGIME_E_SURFACE_BIASED,FB7_Proposed,4
bench_REGIME_E_SURFACE_BIASED_005,FB0_Surface_Only,potato,SURFACE_BIASED,0.192,0.113,0.079,MARKDOWN,0.0,0.0,1.0,0.0,2.0,0.2,2.2,5.0,"{0: 0.03, 1: 0.03, 2: 0.2449, 3: 0.3173, 4: 0.3137}",2,"['OBSERVE_STRATUM', 'STOP_INSPECTION']",2.0,5.0,REGIME_E_SURFACE_BIASED,FB0_Surface_Only,5
bench_REGIME_E_SURFACE_BIASED_005,FB1_Fixed_Sampling,potato,SURFACE_BIASED,0.192,0.1115,0.0805,MARKDOWN,0.0,0.0,1.0,0.0,45.0,3.0,48.0,75.0,"{0: 0.03, 1: 0.03, 2: 0.2449, 3: 0.3173, 4: 0.3137}",4,"['SAMPLE_UNITS', 'SAMPLE_UNITS', 'SAMPLE_UNITS', 'STOP_INSPECTION']",45.0,75.0,REGIME_E_SURFACE_BIASED,FB1_Fixed_Random,5
bench_REGIME_E_SURFACE_BIASED_005,FB2_Depth_Stratified,potato,SURFACE_BIASED,0.192,0.1345,0.0575,MARKDOWN,0.0,0.0,1.0,0.0,42.0,11.4,53.4,285.0,"{0: 0.03, 1: 0.03, 2: 0.2449, 3: 0.3173, 4: 0.3137}",10,"['OBSERVE_STRATUM', 'REMOVE_LAYER', 'OBSERVE_STRATUM', 'REMOVE_LAYER', 'OBSERVE_STRATUM', 'REMOVE_LAYER', 'OBSERVE_STRATUM', 'REMOVE_LAYER', 'OBSERVE_STRATUM', 'STOP_INSPECTION']",42.0,85.0,REGIME_E_SURFACE_BIASED,FB2_Depth_Stratified,5
bench_REGIME_E_SURFACE_BIASED_005,FB3_Macro_Myopic_VOI,potato,SURFACE_BIASED,0.192,0.1104,0.0816,MARKDOWN,0.0,0.0,1.0,0.0,2.0,0.2,2.2,5.0,"{0: 0.03, 1: 0.03, 2: 0.2449, 3: 0.3173, 4: 0.3137}",2,"['OBSERVE_STRATUM', 'STOP_INSPECTION']",2.0,5.0,REGIME_E_SURFACE_BIASED,FB3_Macro_Myopic_VOI,5
bench_REGIME_E_SURFACE_BIASED_005,FB5_State_Blind_Lookahead,potato,SURFACE_BIASED,0.192,0.116,0.076,MARKDOWN,0.0,0.0,1.0,0.0,6.0,4.8,10.8,120.0,"{0: 0.03, 1: 0.03, 2: 0.2449, 3: 0.3173, 4: 0.3137}",12,"['WAIT_SETTLE', 'WAIT_SETTLE', 'WAIT_SETTLE', 'WAIT_SETTLE', 'WAIT_SETTLE', 'WAIT_SETTLE', 'WAIT_SETTLE', 'WAIT_SETTLE', 'WAIT_SETTLE', 'WAIT_SETTLE', 'WAIT_SETTLE', 'WAIT_SETTLE']",6.0,120.0,REGIME_E_SURFACE_BIASED,FB5_State_Blind,5
bench_REGIME_E_SURFACE_BIASED_005,FB6_Additive_Cost_Planner,potato,SURFACE_BIASED,0.192,0.116,0.076,MARKDOWN,0.0,0.0,1.0,0.0,6.0,4.8,10.8,120.0,"{0: 0.03, 1: 0.03, 2: 0.2449, 3: 0.3173, 4: 0.3137}",12,"['WAIT_SETTLE', 'WAIT_SETTLE', 'WAIT_SETTLE', 'WAIT_SETTLE', 'WAIT_SETTLE', 'WAIT_SETTLE', 'WAIT_SETTLE', 'WAIT_SETTLE', 'WAIT_SETTLE', 'WAIT_SETTLE', 'WAIT_SETTLE', 'WAIT_SETTLE']",6.0,120.0,REGIME_E_SURFACE_BIASED,FB6_Additive_Cost,5
bench_REGIME_E_SURFACE_BIASED_005,FB7_Exposure_Aware_Planner,potato,SURFACE_BIASED,0.192,0.116,0.076,MARKDOWN,0.0,0.0,1.0,0.0,0.0,0.0,0.0,0.0,"{0: 0.03, 1: 0.03, 2: 0.2449, 3: 0.3173, 4: 0.3137}",1,['STOP_INSPECTION'],0.0,0.0,REGIME_E_SURFACE_BIASED,FB7_Proposed,5
bench_REGIME_E_SURFACE_BIASED_006,FB0_Surface_Only,potato,SURFACE_BIASED,0.196,0.1109,0.0851,MARKDOWN,0.0,0.0,1.0,0.0,2.0,0.2,2.2,5.0,"{0: 0.03, 1: 0.03, 2: 0.2746, 3: 0.3337, 4: 0.2705}",2,"['OBSERVE_STRATUM', 'STOP_INSPECTION']",2.0,5.0,REGIME_E_SURFACE_BIASED,FB0_Surface_Only,6
bench_REGIME_E_SURFACE_BIASED_006,FB1_Fixed_Sampling,potato,SURFACE_BIASED,0.196,0.1117,0.0843,MARKDOWN,0.0,0.0,1.0,0.0,45.0,3.0,48.0,75.0,"{0: 0.03, 1: 0.03, 2: 0.2746, 3: 0.3337, 4: 0.2705}",4,"['SAMPLE_UNITS', 'SAMPLE_UNITS', 'SAMPLE_UNITS', 'STOP_INSPECTION']",45.0,75.0,REGIME_E_SURFACE_BIASED,FB1_Fixed_Random,6
bench_REGIME_E_SURFACE_BIASED_006,FB2_Depth_Stratified,potato,SURFACE_BIASED,0.196,0.1351,0.0609,MARKDOWN,0.0,0.0,1.0,0.0,42.0,11.4,53.4,285.0,"{0: 0.03, 1: 0.03, 2: 0.2746, 3: 0.3337, 4: 0.2705}",10,"['OBSERVE_STRATUM', 'REMOVE_LAYER', 'OBSERVE_STRATUM', 'REMOVE_LAYER', 'OBSERVE_STRATUM', 'REMOVE_LAYER', 'OBSERVE_STRATUM', 'REMOVE_LAYER', 'OBSERVE_STRATUM', 'STOP_INSPECTION']",42.0,85.0,REGIME_E_SURFACE_BIASED,FB2_Depth_Stratified,6
bench_REGIME_E_SURFACE_BIASED_006,FB3_Macro_Myopic_VOI,potato,SURFACE_BIASED,0.196,0.1117,0.0843,MARKDOWN,0.0,0.0,1.0,0.0,2.0,0.2,2.2,5.0,"{0: 0.03, 1: 0.03, 2: 0.2746, 3: 0.3337, 4: 0.2705}",2,"['OBSERVE_STRATUM', 'STOP_INSPECTION']",2.0,5.0,REGIME_E_SURFACE_BIASED,FB3_Macro_Myopic_VOI,6
bench_REGIME_E_SURFACE_BIASED_006,FB5_State_Blind_Lookahead,potato,SURFACE_BIASED,0.196,0.116,0.08,MARKDOWN,0.0,0.0,1.0,0.0,6.0,4.8,10.8,120.0,"{0: 0.03, 1: 0.03, 2: 0.2746, 3: 0.3337, 4: 0.2705}",12,"['WAIT_SETTLE', 'WAIT_SETTLE', 'WAIT_SETTLE', 'WAIT_SETTLE', 'WAIT_SETTLE', 'WAIT_SETTLE', 'WAIT_SETTLE', 'WAIT_SETTLE', 'WAIT_SETTLE', 'WAIT_SETTLE', 'WAIT_SETTLE', 'WAIT_SETTLE']",6.0,120.0,REGIME_E_SURFACE_BIASED,FB5_State_Blind,6
bench_REGIME_E_SURFACE_BIASED_006,FB6_Additive_Cost_Planner,potato,SURFACE_BIASED,0.196,0.116,0.08,MARKDOWN,0.0,0.0,1.0,0.0,6.0,4.8,10.8,120.0,"{0: 0.03, 1: 0.03, 2: 0.2746, 3: 0.3337, 4: 0.2705}",12,"['WAIT_SETTLE', 'WAIT_SETTLE', 'WAIT_SETTLE', 'WAIT_SETTLE', 'WAIT_SETTLE', 'WAIT_SETTLE', 'WAIT_SETTLE', 'WAIT_SETTLE', 'WAIT_SETTLE', 'WAIT_SETTLE', 'WAIT_SETTLE', 'WAIT_SETTLE']",6.0,120.0,REGIME_E_SURFACE_BIASED,FB6_Additive_Cost,6
bench_REGIME_E_SURFACE_BIASED_006,FB7_Exposure_Aware_Planner,potato,SURFACE_BIASED,0.196,0.116,0.08,MARKDOWN,0.0,0.0,1.0,0.0,0.0,0.0,0.0,0.0,"{0: 0.03, 1: 0.03, 2: 0.2746, 3: 0.3337, 4: 0.2705}",1,['STOP_INSPECTION'],0.0,0.0,REGIME_E_SURFACE_BIASED,FB7_Proposed,6
bench_REGIME_E_SURFACE_BIASED_007,FB0_Surface_Only,potato,SURFACE_BIASED,0.18,0.1158,0.0642,MARKDOWN,0.0,0.0,1.0,0.0,2.0,0.2,2.2,5.0,"{0: 0.03, 1: 0.03, 2: 0.3142, 3: 0.2266, 4: 0.2871}",2,"['OBSERVE_STRATUM', 'STOP_INSPECTION']",2.0,5.0,REGIME_E_SURFACE_BIASED,FB0_Surface_Only,7
bench_REGIME_E_SURFACE_BIASED_007,FB1_Fixed_Sampling,potato,SURFACE_BIASED,0.18,0.1093,0.0707,MARKDOWN,0.0,0.0,1.0,0.0,45.0,3.0,48.0,75.0,"{0: 0.03, 1: 0.03, 2: 0.3142, 3: 0.2266, 4: 0.2871}",4,"['SAMPLE_UNITS', 'SAMPLE_UNITS', 'SAMPLE_UNITS', 'STOP_INSPECTION']",45.0,75.0,REGIME_E_SURFACE_BIASED,FB1_Fixed_Random,7
bench_REGIME_E_SURFACE_BIASED_007,FB2_Depth_Stratified,potato,SURFACE_BIASED,0.18,0.1328,0.0472,MARKDOWN,0.0,0.0,1.0,0.0,42.0,11.4,53.4,285.0,"{0: 0.03, 1: 0.03, 2: 0.3142, 3: 0.2266, 4: 0.2871}",10,"['OBSERVE_STRATUM', 'REMOVE_LAYER', 'OBSERVE_STRATUM', 'REMOVE_LAYER', 'OBSERVE_STRATUM', 'REMOVE_LAYER', 'OBSERVE_STRATUM', 'REMOVE_LAYER', 'OBSERVE_STRATUM', 'STOP_INSPECTION']",42.0,85.0,REGIME_E_SURFACE_BIASED,FB2_Depth_Stratified,7
bench_REGIME_E_SURFACE_BIASED_007,FB3_Macro_Myopic_VOI,potato,SURFACE_BIASED,0.18,0.1093,0.0707,MARKDOWN,0.0,0.0,1.0,0.0,2.0,0.2,2.2,5.0,"{0: 0.03, 1: 0.03, 2: 0.3142, 3: 0.2266, 4: 0.2871}",2,"['OBSERVE_STRATUM', 'STOP_INSPECTION']",2.0,5.0,REGIME_E_SURFACE_BIASED,FB3_Macro_Myopic_VOI,7
bench_REGIME_E_SURFACE_BIASED_007,FB5_State_Blind_Lookahead,potato,SURFACE_BIASED,0.18,0.116,0.064,MARKDOWN,0.0,0.0,1.0,0.0,6.0,4.8,10.8,120.0,"{0: 0.03, 1: 0.03, 2: 0.3142, 3: 0.2266, 4: 0.2871}",12,"['WAIT_SETTLE', 'WAIT_SETTLE', 'WAIT_SETTLE', 'WAIT_SETTLE', 'WAIT_SETTLE', 'WAIT_SETTLE', 'WAIT_SETTLE', 'WAIT_SETTLE', 'WAIT_SETTLE', 'WAIT_SETTLE', 'WAIT_SETTLE', 'WAIT_SETTLE']",6.0,120.0,REGIME_E_SURFACE_BIASED,FB5_State_Blind,7
bench_REGIME_E_SURFACE_BIASED_007,FB6_Additive_Cost_Planner,potato,SURFACE_BIASED,0.18,0.116,0.064,MARKDOWN,0.0,0.0,1.0,0.0,6.0,4.8,10.8,120.0,"{0: 0.03, 1: 0.03, 2: 0.3142, 3: 0.2266, 4: 0.2871}",12,"['WAIT_SETTLE', 'WAIT_SETTLE', 'WAIT_SETTLE', 'WAIT_SETTLE', 'WAIT_SETTLE', 'WAIT_SETTLE', 'WAIT_SETTLE', 'WAIT_SETTLE', 'WAIT_SETTLE', 'WAIT_SETTLE', 'WAIT_SETTLE', 'WAIT_SETTLE']",6.0,120.0,REGIME_E_SURFACE_BIASED,FB6_Additive_Cost,7
bench_REGIME_E_SURFACE_BIASED_007,FB7_Exposure_Aware_Planner,potato,SURFACE_BIASED,0.18,0.116,0.064,MARKDOWN,0.0,0.0,1.0,0.0,0.0,0.0,0.0,0.0,"{0: 0.03, 1: 0.03, 2: 0.3142, 3: 0.2266, 4: 0.2871}",1,['STOP_INSPECTION'],0.0,0.0,REGIME_E_SURFACE_BIASED,FB7_Proposed,7
bench_REGIME_E_SURFACE_BIASED_008,FB0_Surface_Only,potato,SURFACE_BIASED,0.184,0.1114,0.0726,MARKDOWN,0.0,0.0,1.0,0.0,2.0,0.2,2.2,5.0,"{0: 0.03, 1: 0.03, 2: 0.2078, 3: 0.3426, 4: 0.3001}",2,"['OBSERVE_STRATUM', 'STOP_INSPECTION']",2.0,5.0,REGIME_E_SURFACE_BIASED,FB0_Surface_Only,8
bench_REGIME_E_SURFACE_BIASED_008,FB1_Fixed_Sampling,potato,SURFACE_BIASED,0.184,0.1054,0.0786,MARKDOWN,0.0,0.0,1.0,0.0,45.0,3.0,48.0,75.0,"{0: 0.03, 1: 0.03, 2: 0.2078, 3: 0.3426, 4: 0.3001}",4,"['SAMPLE_UNITS', 'SAMPLE_UNITS', 'SAMPLE_UNITS', 'STOP_INSPECTION']",45.0,75.0,REGIME_E_SURFACE_BIASED,FB1_Fixed_Random,8
bench_REGIME_E_SURFACE_BIASED_008,FB2_Depth_Stratified,potato,SURFACE_BIASED,0.184,0.1436,0.0404,MARKDOWN,0.0,0.0,1.0,0.0,42.0,11.4,53.4,285.0,"{0: 0.03, 1: 0.03, 2: 0.2078, 3: 0.3426, 4: 0.3001}",10,"['OBSERVE_STRATUM', 'REMOVE_LAYER', 'OBSERVE_STRATUM', 'REMOVE_LAYER', 'OBSERVE_STRATUM', 'REMOVE_LAYER', 'OBSERVE_STRATUM', 'REMOVE_LAYER', 'OBSERVE_STRATUM', 'STOP_INSPECTION']",42.0,85.0,REGIME_E_SURFACE_BIASED,FB2_Depth_Stratified,8
bench_REGIME_E_SURFACE_BIASED_008,FB3_Macro_Myopic_VOI,potato,SURFACE_BIASED,0.184,0.1101,0.0739,MARKDOWN,0.0,0.0,1.0,0.0,2.0,0.2,2.2,5.0,"{0: 0.03, 1: 0.03, 2: 0.2078, 3: 0.3426, 4: 0.3001}",2,"['OBSERVE_STRATUM', 'STOP_INSPECTION']",2.0,5.0,REGIME_E_SURFACE_BIASED,FB3_Macro_Myopic_VOI,8
bench_REGIME_E_SURFACE_BIASED_008,FB5_State_Blind_Lookahead,potato,SURFACE_BIASED,0.184,0.116,0.068,MARKDOWN,0.0,0.0,1.0,0.0,6.0,4.8,10.8,120.0,"{0: 0.03, 1: 0.03, 2: 0.2078, 3: 0.3426, 4: 0.3001}",12,"['WAIT_SETTLE', 'WAIT_SETTLE', 'WAIT_SETTLE', 'WAIT_SETTLE', 'WAIT_SETTLE', 'WAIT_SETTLE', 'WAIT_SETTLE', 'WAIT_SETTLE', 'WAIT_SETTLE', 'WAIT_SETTLE', 'WAIT_SETTLE', 'WAIT_SETTLE']",6.0,120.0,REGIME_E_SURFACE_BIASED,FB5_State_Blind,8
bench_REGIME_E_SURFACE_BIASED_008,FB6_Additive_Cost_Planner,potato,SURFACE_BIASED,0.184,0.116,0.068,MARKDOWN,0.0,0.0,1.0,0.0,6.0,4.8,10.8,120.0,"{0: 0.03, 1: 0.03, 2: 0.2078, 3: 0.3426, 4: 0.3001}",12,"['WAIT_SETTLE', 'WAIT_SETTLE', 'WAIT_SETTLE', 'WAIT_SETTLE', 'WAIT_SETTLE', 'WAIT_SETTLE', 'WAIT_SETTLE', 'WAIT_SETTLE', 'WAIT_SETTLE', 'WAIT_SETTLE', 'WAIT_SETTLE', 'WAIT_SETTLE']",6.0,120.0,REGIME_E_SURFACE_BIASED,FB6_Additive_Cost,8
bench_REGIME_E_SURFACE_BIASED_008,FB7_Exposure_Aware_Planner,potato,SURFACE_BIASED,0.184,0.116,0.068,MARKDOWN,0.0,0.0,1.0,0.0,0.0,0.0,0.0,0.0,"{0: 0.03, 1: 0.03, 2: 0.2078, 3: 0.3426, 4: 0.3001}",1,['STOP_INSPECTION'],0.0,0.0,REGIME_E_SURFACE_BIASED,FB7_Proposed,8
bench_REGIME_E_SURFACE_BIASED_009,FB0_Surface_Only,potato,SURFACE_BIASED,0.196,0.1121,0.0839,MARKDOWN,0.0,0.0,1.0,0.0,2.0,0.2,2.2,5.0,"{0: 0.03, 1: 0.03, 2: 0.2531, 3: 0.3434, 4: 0.2911}",2,"['OBSERVE_STRATUM', 'STOP_INSPECTION']",2.0,5.0,REGIME_E_SURFACE_BIASED,FB0_Surface_Only,9
bench_REGIME_E_SURFACE_BIASED_009,FB1_Fixed_Sampling,potato,SURFACE_BIASED,0.196,0.1065,0.0895,MARKDOWN,0.0,0.0,1.0,0.0,45.0,3.0,48.0,75.0,"{0: 0.03, 1: 0.03, 2: 0.2531, 3: 0.3434, 4: 0.2911}",4,"['SAMPLE_UNITS', 'SAMPLE_UNITS', 'SAMPLE_UNITS', 'STOP_INSPECTION']",45.0,75.0,REGIME_E_SURFACE_BIASED,FB1_Fixed_Random,9
bench_REGIME_E_SURFACE_BIASED_009,FB2_Depth_Stratified,potato,SURFACE_BIASED,0.196,0.148,0.048,MARKDOWN,0.0,0.0,1.0,0.0,42.0,11.4,53.4,285.0,"{0: 0.03, 1: 0.03, 2: 0.2531, 3: 0.3434, 4: 0.2911}",10,"['OBSERVE_STRATUM', 'REMOVE_LAYER', 'OBSERVE_STRATUM', 'REMOVE_LAYER', 'OBSERVE_STRATUM', 'REMOVE_LAYER', 'OBSERVE_STRATUM', 'REMOVE_LAYER', 'OBSERVE_STRATUM', 'STOP_INSPECTION']",42.0,85.0,REGIME_E_SURFACE_BIASED,FB2_Depth_Stratified,9
bench_REGIME_E_SURFACE_BIASED_009,FB3_Macro_Myopic_VOI,potato,SURFACE_BIASED,0.196,0.1095,0.0865,MARKDOWN,0.0,0.0,1.0,0.0,2.0,0.2,2.2,5.0,"{0: 0.03, 1: 0.03, 2: 0.2531, 3: 0.3434, 4: 0.2911}",2,"['OBSERVE_STRATUM', 'STOP_INSPECTION']",2.0,5.0,REGIME_E_SURFACE_BIASED,FB3_Macro_Myopic_VOI,9
bench_REGIME_E_SURFACE_BIASED_009,FB5_State_Blind_Lookahead,potato,SURFACE_BIASED,0.196,0.116,0.08,MARKDOWN,0.0,0.0,1.0,0.0,6.0,4.8,10.8,120.0,"{0: 0.03, 1: 0.03, 2: 0.2531, 3: 0.3434, 4: 0.2911}",12,"['WAIT_SETTLE', 'WAIT_SETTLE', 'WAIT_SETTLE', 'WAIT_SETTLE', 'WAIT_SETTLE', 'WAIT_SETTLE', 'WAIT_SETTLE', 'WAIT_SETTLE', 'WAIT_SETTLE', 'WAIT_SETTLE', 'WAIT_SETTLE', 'WAIT_SETTLE']",6.0,120.0,REGIME_E_SURFACE_BIASED,FB5_State_Blind,9
bench_REGIME_E_SURFACE_BIASED_009,FB6_Additive_Cost_Planner,potato,SURFACE_BIASED,0.196,0.116,0.08,MARKDOWN,0.0,0.0,1.0,0.0,6.0,4.8,10.8,120.0,"{0: 0.03, 1: 0.03, 2: 0.2531, 3: 0.3434, 4: 0.2911}",12,"['WAIT_SETTLE', 'WAIT_SETTLE', 'WAIT_SETTLE', 'WAIT_SETTLE', 'WAIT_SETTLE', 'WAIT_SETTLE', 'WAIT_SETTLE', 'WAIT_SETTLE', 'WAIT_SETTLE', 'WAIT_SETTLE', 'WAIT_SETTLE', 'WAIT_SETTLE']",6.0,120.0,REGIME_E_SURFACE_BIASED,FB6_Additive_Cost,9
bench_REGIME_E_SURFACE_BIASED_009,FB7_Exposure_Aware_Planner,potato,SURFACE_BIASED,0.196,0.116,0.08,MARKDOWN,0.0,0.0,1.0,0.0,0.0,0.0,0.0,0.0,"{0: 0.03, 1: 0.03, 2: 0.2531, 3: 0.3434, 4: 0.2911}",1,['STOP_INSPECTION'],0.0,0.0,REGIME_E_SURFACE_BIASED,FB7_Proposed,9
bench_REGIME_E_SURFACE_BIASED_010,FB0_Surface_Only,potato,SURFACE_BIASED,0.196,0.1105,0.0855,MARKDOWN,0.0,0.0,1.0,0.0,2.0,0.2,2.2,5.0,"{0: 0.03, 1: 0.03, 2: 0.3357, 3: 0.254, 4: 0.2934}",2,"['OBSERVE_STRATUM', 'STOP_INSPECTION']",2.0,5.0,REGIME_E_SURFACE_BIASED,FB0_Surface_Only,10
bench_REGIME_E_SURFACE_BIASED_010,FB1_Fixed_Sampling,potato,SURFACE_BIASED,0.196,0.1091,0.0869,MARKDOWN,0.0,0.0,1.0,0.0,45.0,3.0,48.0,75.0,"{0: 0.03, 1: 0.03, 2: 0.3357, 3: 0.254, 4: 0.2934}",4,"['SAMPLE_UNITS', 'SAMPLE_UNITS', 'SAMPLE_UNITS', 'STOP_INSPECTION']",45.0,75.0,REGIME_E_SURFACE_BIASED,FB1_Fixed_Random,10
bench_REGIME_E_SURFACE_BIASED_010,FB2_Depth_Stratified,potato,SURFACE_BIASED,0.196,0.1424,0.0536,MARKDOWN,0.0,0.0,1.0,0.0,42.0,11.4,53.4,285.0,"{0: 0.03, 1: 0.03, 2: 0.3357, 3: 0.254, 4: 0.2934}",10,"['OBSERVE_STRATUM', 'REMOVE_LAYER', 'OBSERVE_STRATUM', 'REMOVE_LAYER', 'OBSERVE_STRATUM', 'REMOVE_LAYER', 'OBSERVE_STRATUM', 'REMOVE_LAYER', 'OBSERVE_STRATUM', 'STOP_INSPECTION']",42.0,85.0,REGIME_E_SURFACE_BIASED,FB2_Depth_Stratified,10
bench_REGIME_E_SURFACE_BIASED_010,FB3_Macro_Myopic_VOI,potato,SURFACE_BIASED,0.196,0.1092,0.0868,MARKDOWN,0.0,0.0,1.0,0.0,2.0,0.2,2.2,5.0,"{0: 0.03, 1: 0.03, 2: 0.3357, 3: 0.254, 4: 0.2934}",2,"['OBSERVE_STRATUM', 'STOP_INSPECTION']",2.0,5.0,REGIME_E_SURFACE_BIASED,FB3_Macro_Myopic_VOI,10
bench_REGIME_E_SURFACE_BIASED_010,FB5_State_Blind_Lookahead,potato,SURFACE_BIASED,0.196,0.116,0.08,MARKDOWN,0.0,0.0,1.0,0.0,6.0,4.8,10.8,120.0,"{0: 0.03, 1: 0.03, 2: 0.3357, 3: 0.254, 4: 0.2934}",12,"['WAIT_SETTLE', 'WAIT_SETTLE', 'WAIT_SETTLE', 'WAIT_SETTLE', 'WAIT_SETTLE', 'WAIT_SETTLE', 'WAIT_SETTLE', 'WAIT_SETTLE', 'WAIT_SETTLE', 'WAIT_SETTLE', 'WAIT_SETTLE', 'WAIT_SETTLE']",6.0,120.0,REGIME_E_SURFACE_BIASED,FB5_State_Blind,10
bench_REGIME_E_SURFACE_BIASED_010,FB6_Additive_Cost_Planner,potato,SURFACE_BIASED,0.196,0.116,0.08,MARKDOWN,0.0,0.0,1.0,0.0,6.0,4.8,10.8,120.0,"{0: 0.03, 1: 0.03, 2: 0.3357, 3: 0.254, 4: 0.2934}",12,"['WAIT_SETTLE', 'WAIT_SETTLE', 'WAIT_SETTLE', 'WAIT_SETTLE', 'WAIT_SETTLE', 'WAIT_SETTLE', 'WAIT_SETTLE', 'WAIT_SETTLE', 'WAIT_SETTLE', 'WAIT_SETTLE', 'WAIT_SETTLE', 'WAIT_SETTLE']",6.0,120.0,REGIME_E_SURFACE_BIASED,FB6_Additive_Cost,10
bench_REGIME_E_SURFACE_BIASED_010,FB7_Exposure_Aware_Planner,potato,SURFACE_BIASED,0.196,0.116,0.08,MARKDOWN,0.0,0.0,1.0,0.0,0.0,0.0,0.0,0.0,"{0: 0.03, 1: 0.03, 2: 0.3357, 3: 0.254, 4: 0.2934}",1,['STOP_INSPECTION'],0.0,0.0,REGIME_E_SURFACE_BIASED,FB7_Proposed,10
bench_REGIME_E_SURFACE_BIASED_011,FB0_Surface_Only,potato,SURFACE_BIASED,0.184,0.1108,0.0732,MARKDOWN,0.0,0.0,1.0,0.0,2.0,0.2,2.2,5.0,"{0: 0.03, 1: 0.03, 2: 0.2679, 3: 0.235, 4: 0.3308}",2,"['OBSERVE_STRATUM', 'STOP_INSPECTION']",2.0,5.0,REGIME_E_SURFACE_BIASED,FB0_Surface_Only,11
bench_REGIME_E_SURFACE_BIASED_011,FB1_Fixed_Sampling,potato,SURFACE_BIASED,0.184,0.1122,0.0718,MARKDOWN,0.0,0.0,1.0,0.0,45.0,3.0,48.0,75.0,"{0: 0.03, 1: 0.03, 2: 0.2679, 3: 0.235, 4: 0.3308}",4,"['SAMPLE_UNITS', 'SAMPLE_UNITS', 'SAMPLE_UNITS', 'STOP_INSPECTION']",45.0,75.0,REGIME_E_SURFACE_BIASED,FB1_Fixed_Random,11
bench_REGIME_E_SURFACE_BIASED_011,FB2_Depth_Stratified,potato,SURFACE_BIASED,0.184,0.1381,0.0459,MARKDOWN,0.0,0.0,1.0,0.0,42.0,11.4,53.4,285.0,"{0: 0.03, 1: 0.03, 2: 0.2679, 3: 0.235, 4: 0.3308}",10,"['OBSERVE_STRATUM', 'REMOVE_LAYER', 'OBSERVE_STRATUM', 'REMOVE_LAYER', 'OBSERVE_STRATUM', 'REMOVE_LAYER', 'OBSERVE_STRATUM', 'REMOVE_LAYER', 'OBSERVE_STRATUM', 'STOP_INSPECTION']",42.0,85.0,REGIME_E_SURFACE_BIASED,FB2_Depth_Stratified,11
bench_REGIME_E_SURFACE_BIASED_011,FB3_Macro_Myopic_VOI,potato,SURFACE_BIASED,0.184,0.1092,0.0748,MARKDOWN,0.0,0.0,1.0,0.0,2.0,0.2,2.2,5.0,"{0: 0.03, 1: 0.03, 2: 0.2679, 3: 0.235, 4: 0.3308}",2,"['OBSERVE_STRATUM', 'STOP_INSPECTION']",2.0,5.0,REGIME_E_SURFACE_BIASED,FB3_Macro_Myopic_VOI,11
bench_REGIME_E_SURFACE_BIASED_011,FB5_State_Blind_Lookahead,potato,SURFACE_BIASED,0.184,0.116,0.068,MARKDOWN,0.0,0.0,1.0,0.0,6.0,4.8,10.8,120.0,"{0: 0.03, 1: 0.03, 2: 0.2679, 3: 0.235, 4: 0.3308}",12,"['WAIT_SETTLE', 'WAIT_SETTLE', 'WAIT_SETTLE', 'WAIT_SETTLE', 'WAIT_SETTLE', 'WAIT_SETTLE', 'WAIT_SETTLE', 'WAIT_SETTLE', 'WAIT_SETTLE', 'WAIT_SETTLE', 'WAIT_SETTLE', 'WAIT_SETTLE']",6.0,120.0,REGIME_E_SURFACE_BIASED,FB5_State_Blind,11
bench_REGIME_E_SURFACE_BIASED_011,FB6_Additive_Cost_Planner,potato,SURFACE_BIASED,0.184,0.116,0.068,MARKDOWN,0.0,0.0,1.0,0.0,6.0,4.8,10.8,120.0,"{0: 0.03, 1: 0.03, 2: 0.2679, 3: 0.235, 4: 0.3308}",12,"['WAIT_SETTLE', 'WAIT_SETTLE', 'WAIT_SETTLE', 'WAIT_SETTLE', 'WAIT_SETTLE', 'WAIT_SETTLE', 'WAIT_SETTLE', 'WAIT_SETTLE', 'WAIT_SETTLE', 'WAIT_SETTLE', 'WAIT_SETTLE', 'WAIT_SETTLE']",6.0,120.0,REGIME_E_SURFACE_BIASED,FB6_Additive_Cost,11
bench_REGIME_E_SURFACE_BIASED_011,FB7_Exposure_Aware_Planner,potato,SURFACE_BIASED,0.184,0.116,0.068,MARKDOWN,0.0,0.0,1.0,0.0,0.0,0.0,0.0,0.0,"{0: 0.03, 1: 0.03, 2: 0.2679, 3: 0.235, 4: 0.3308}",1,['STOP_INSPECTION'],0.0,0.0,REGIME_E_SURFACE_BIASED,FB7_Proposed,11
bench_REGIME_E_SURFACE_BIASED_012,FB0_Surface_Only,potato,SURFACE_BIASED,0.2,0.1114,0.0886,MARKDOWN,0.0,0.0,1.0,0.0,2.0,0.2,2.2,5.0,"{0: 0.03, 1: 0.03, 2: 0.3136, 3: 0.3018, 4: 0.2962}",2,"['OBSERVE_STRATUM', 'STOP_INSPECTION']",2.0,5.0,REGIME_E_SURFACE_BIASED,FB0_Surface_Only,12
bench_REGIME_E_SURFACE_BIASED_012,FB1_Fixed_Sampling,potato,SURFACE_BIASED,0.2,0.113,0.087,MARKDOWN,0.0,0.0,1.0,0.0,45.0,3.0,48.0,75.0,"{0: 0.03, 1: 0.03, 2: 0.3136, 3: 0.3018, 4: 0.2962}",4,"['SAMPLE_UNITS', 'SAMPLE_UNITS', 'SAMPLE_UNITS', 'STOP_INSPECTION']",45.0,75.0,REGIME_E_SURFACE_BIASED,FB1_Fixed_Random,12
bench_REGIME_E_SURFACE_BIASED_012,FB2_Depth_Stratified,potato,SURFACE_BIASED,0.2,0.1404,0.0596,MARKDOWN,0.0,0.0,1.0,0.0,42.0,11.4,53.4,285.0,"{0: 0.03, 1: 0.03, 2: 0.3136, 3: 0.3018, 4: 0.2962}",10,"['OBSERVE_STRATUM', 'REMOVE_LAYER', 'OBSERVE_STRATUM', 'REMOVE_LAYER', 'OBSERVE_STRATUM', 'REMOVE_LAYER', 'OBSERVE_STRATUM', 'REMOVE_LAYER', 'OBSERVE_STRATUM', 'STOP_INSPECTION']",42.0,85.0,REGIME_E_SURFACE_BIASED,FB2_Depth_Stratified,12
bench_REGIME_E_SURFACE_BIASED_012,FB3_Macro_Myopic_VOI,potato,SURFACE_BIASED,0.2,0.1113,0.0887,MARKDOWN,0.0,0.0,1.0,0.0,2.0,0.2,2.2,5.0,"{0: 0.03, 1: 0.03, 2: 0.3136, 3: 0.3018, 4: 0.2962}",2,"['OBSERVE_STRATUM', 'STOP_INSPECTION']",2.0,5.0,REGIME_E_SURFACE_BIASED,FB3_Macro_Myopic_VOI,12
bench_REGIME_E_SURFACE_BIASED_012,FB5_State_Blind_Lookahead,potato,SURFACE_BIASED,0.2,0.116,0.084,MARKDOWN,0.0,0.0,1.0,0.0,6.0,4.8,10.8,120.0,"{0: 0.03, 1: 0.03, 2: 0.3136, 3: 0.3018, 4: 0.2962}",12,"['WAIT_SETTLE', 'WAIT_SETTLE', 'WAIT_SETTLE', 'WAIT_SETTLE', 'WAIT_SETTLE', 'WAIT_SETTLE', 'WAIT_SETTLE', 'WAIT_SETTLE', 'WAIT_SETTLE', 'WAIT_SETTLE', 'WAIT_SETTLE', 'WAIT_SETTLE']",6.0,120.0,REGIME_E_SURFACE_BIASED,FB5_State_Blind,12
bench_REGIME_E_SURFACE_BIASED_012,FB6_Additive_Cost_Planner,potato,SURFACE_BIASED,0.2,0.116,0.084,MARKDOWN,0.0,0.0,1.0,0.0,6.0,4.8,10.8,120.0,"{0: 0.03, 1: 0.03, 2: 0.3136, 3: 0.3018, 4: 0.2962}",12,"['WAIT_SETTLE', 'WAIT_SETTLE', 'WAIT_SETTLE', 'WAIT_SETTLE', 'WAIT_SETTLE', 'WAIT_SETTLE', 'WAIT_SETTLE', 'WAIT_SETTLE', 'WAIT_SETTLE', 'WAIT_SETTLE', 'WAIT_SETTLE', 'WAIT_SETTLE']",6.0,120.0,REGIME_E_SURFACE_BIASED,FB6_Additive_Cost,12
bench_REGIME_E_SURFACE_BIASED_012,FB7_Exposure_Aware_Planner,potato,SURFACE_BIASED,0.2,0.116,0.084,MARKDOWN,0.0,0.0,1.0,0.0,0.0,0.0,0.0,0.0,"{0: 0.03, 1: 0.03, 2: 0.3136, 3: 0.3018, 4: 0.2962}",1,['STOP_INSPECTION'],0.0,0.0,REGIME_E_SURFACE_BIASED,FB7_Proposed,12
bench_REGIME_E_SURFACE_BIASED_013,FB0_Surface_Only,potato,SURFACE_BIASED,0.144,0.1092,0.0348,MARKDOWN,0.0,0.0,1.0,0.0,2.0,0.2,2.2,5.0,"{0: 0.03, 1: 0.03, 2: 0.2041, 3: 0.2192, 4: 0.2272}",2,"['OBSERVE_STRATUM', 'STOP_INSPECTION']",2.0,5.0,REGIME_E_SURFACE_BIASED,FB0_Surface_Only,13
bench_REGIME_E_SURFACE_BIASED_013,FB1_Fixed_Sampling,potato,SURFACE_BIASED,0.144,0.1069,0.0371,MARKDOWN,0.0,0.0,1.0,0.0,45.0,3.0,48.0,75.0,"{0: 0.03, 1: 0.03, 2: 0.2041, 3: 0.2192, 4: 0.2272}",4,"['SAMPLE_UNITS', 'SAMPLE_UNITS', 'SAMPLE_UNITS', 'STOP_INSPECTION']",45.0,75.0,REGIME_E_SURFACE_BIASED,FB1_Fixed_Random,13
bench_REGIME_E_SURFACE_BIASED_013,FB2_Depth_Stratified,potato,SURFACE_BIASED,0.144,0.128,0.016,MARKDOWN,0.0,0.0,1.0,0.0,42.0,11.4,53.4,285.0,"{0: 0.03, 1: 0.03, 2: 0.2041, 3: 0.2192, 4: 0.2272}",10,"['OBSERVE_STRATUM', 'REMOVE_LAYER', 'OBSERVE_STRATUM', 'REMOVE_LAYER', 'OBSERVE_STRATUM', 'REMOVE_LAYER', 'OBSERVE_STRATUM', 'REMOVE_LAYER', 'OBSERVE_STRATUM', 'STOP_INSPECTION']",42.0,85.0,REGIME_E_SURFACE_BIASED,FB2_Depth_Stratified,13
bench_REGIME_E_SURFACE_BIASED_013,FB3_Macro_Myopic_VOI,potato,SURFACE_BIASED,0.144,0.1092,0.0348,MARKDOWN,0.0,0.0,1.0,0.0,2.0,0.2,2.2,5.0,"{0: 0.03, 1: 0.03, 2: 0.2041, 3: 0.2192, 4: 0.2272}",2,"['OBSERVE_STRATUM', 'STOP_INSPECTION']",2.0,5.0,REGIME_E_SURFACE_BIASED,FB3_Macro_Myopic_VOI,13
bench_REGIME_E_SURFACE_BIASED_013,FB5_State_Blind_Lookahead,potato,SURFACE_BIASED,0.144,0.116,0.028,MARKDOWN,0.0,0.0,1.0,0.0,6.0,4.8,10.8,120.0,"{0: 0.03, 1: 0.03, 2: 0.2041, 3: 0.2192, 4: 0.2272}",12,"['WAIT_SETTLE', 'WAIT_SETTLE', 'WAIT_SETTLE', 'WAIT_SETTLE', 'WAIT_SETTLE', 'WAIT_SETTLE', 'WAIT_SETTLE', 'WAIT_SETTLE', 'WAIT_SETTLE', 'WAIT_SETTLE', 'WAIT_SETTLE', 'WAIT_SETTLE']",6.0,120.0,REGIME_E_SURFACE_BIASED,FB5_State_Blind,13
bench_REGIME_E_SURFACE_BIASED_013,FB6_Additive_Cost_Planner,potato,SURFACE_BIASED,0.144,0.116,0.028,MARKDOWN,0.0,0.0,1.0,0.0,6.0,4.8,10.8,120.0,"{0: 0.03, 1: 0.03, 2: 0.2041, 3: 0.2192, 4: 0.2272}",12,"['WAIT_SETTLE', 'WAIT_SETTLE', 'WAIT_SETTLE', 'WAIT_SETTLE', 'WAIT_SETTLE', 'WAIT_SETTLE', 'WAIT_SETTLE', 'WAIT_SETTLE', 'WAIT_SETTLE', 'WAIT_SETTLE', 'WAIT_SETTLE', 'WAIT_SETTLE']",6.0,120.0,REGIME_E_SURFACE_BIASED,FB6_Additive_Cost,13
bench_REGIME_E_SURFACE_BIASED_013,FB7_Exposure_Aware_Planner,potato,SURFACE_BIASED,0.144,0.116,0.028,MARKDOWN,0.0,0.0,1.0,0.0,0.0,0.0,0.0,0.0,"{0: 0.03, 1: 0.03, 2: 0.2041, 3: 0.2192, 4: 0.2272}",1,['STOP_INSPECTION'],0.0,0.0,REGIME_E_SURFACE_BIASED,FB7_Proposed,13
bench_REGIME_E_SURFACE_BIASED_014,FB0_Surface_Only,potato,SURFACE_BIASED,0.196,0.1099,0.0861,MARKDOWN,0.0,0.0,1.0,0.0,2.0,0.2,2.2,5.0,"{0: 0.03, 1: 0.03, 2: 0.2983, 3: 0.2558, 4: 0.339}",2,"['OBSERVE_STRATUM', 'STOP_INSPECTION']",2.0,5.0,REGIME_E_SURFACE_BIASED,FB0_Surface_Only,14
bench_REGIME_E_SURFACE_BIASED_014,FB1_Fixed_Sampling,potato,SURFACE_BIASED,0.196,0.1103,0.0857,MARKDOWN,0.0,0.0,1.0,0.0,45.0,3.0,48.0,75.0,"{0: 0.03, 1: 0.03, 2: 0.2983, 3: 0.2558, 4: 0.339}",4,"['SAMPLE_UNITS', 'SAMPLE_UNITS', 'SAMPLE_UNITS', 'STOP_INSPECTION']",45.0,75.0,REGIME_E_SURFACE_BIASED,FB1_Fixed_Random,14
bench_REGIME_E_SURFACE_BIASED_014,FB2_Depth_Stratified,potato,SURFACE_BIASED,0.196,0.1358,0.0602,MARKDOWN,0.0,0.0,1.0,0.0,42.0,11.4,53.4,285.0,"{0: 0.03, 1: 0.03, 2: 0.2983, 3: 0.2558, 4: 0.339}",10,"['OBSERVE_STRATUM', 'REMOVE_LAYER', 'OBSERVE_STRATUM', 'REMOVE_LAYER', 'OBSERVE_STRATUM', 'REMOVE_LAYER', 'OBSERVE_STRATUM', 'REMOVE_LAYER', 'OBSERVE_STRATUM', 'STOP_INSPECTION']",42.0,85.0,REGIME_E_SURFACE_BIASED,FB2_Depth_Stratified,14
bench_REGIME_E_SURFACE_BIASED_014,FB3_Macro_Myopic_VOI,potato,SURFACE_BIASED,0.196,0.1118,0.0842,MARKDOWN,0.0,0.0,1.0,0.0,2.0,0.2,2.2,5.0,"{0: 0.03, 1: 0.03, 2: 0.2983, 3: 0.2558, 4: 0.339}",2,"['OBSERVE_STRATUM', 'STOP_INSPECTION']",2.0,5.0,REGIME_E_SURFACE_BIASED,FB3_Macro_Myopic_VOI,14
bench_REGIME_E_SURFACE_BIASED_014,FB5_State_Blind_Lookahead,potato,SURFACE_BIASED,0.196,0.116,0.08,MARKDOWN,0.0,0.0,1.0,0.0,6.0,4.8,10.8,120.0,"{0: 0.03, 1: 0.03, 2: 0.2983, 3: 0.2558, 4: 0.339}",12,"['WAIT_SETTLE', 'WAIT_SETTLE', 'WAIT_SETTLE', 'WAIT_SETTLE', 'WAIT_SETTLE', 'WAIT_SETTLE', 'WAIT_SETTLE', 'WAIT_SETTLE', 'WAIT_SETTLE', 'WAIT_SETTLE', 'WAIT_SETTLE', 'WAIT_SETTLE']",6.0,120.0,REGIME_E_SURFACE_BIASED,FB5_State_Blind,14
bench_REGIME_E_SURFACE_BIASED_014,FB6_Additive_Cost_Planner,potato,SURFACE_BIASED,0.196,0.116,0.08,MARKDOWN,0.0,0.0,1.0,0.0,6.0,4.8,10.8,120.0,"{0: 0.03, 1: 0.03, 2: 0.2983, 3: 0.2558, 4: 0.339}",12,"['WAIT_SETTLE', 'WAIT_SETTLE', 'WAIT_SETTLE', 'WAIT_SETTLE', 'WAIT_SETTLE', 'WAIT_SETTLE', 'WAIT_SETTLE', 'WAIT_SETTLE', 'WAIT_SETTLE', 'WAIT_SETTLE', 'WAIT_SETTLE', 'WAIT_SETTLE']",6.0,120.0,REGIME_E_SURFACE_BIASED,FB6_Additive_Cost,14
bench_REGIME_E_SURFACE_BIASED_014,FB7_Exposure_Aware_Planner,potato,SURFACE_BIASED,0.196,0.116,0.08,MARKDOWN,0.0,0.0,1.0,0.0,0.0,0.0,0.0,0.0,"{0: 0.03, 1: 0.03, 2: 0.2983, 3: 0.2558, 4: 0.339}",1,['STOP_INSPECTION'],0.0,0.0,REGIME_E_SURFACE_BIASED,FB7_Proposed,14
bench_REGIME_E_SURFACE_BIASED_015,FB0_Surface_Only,potato,SURFACE_BIASED,0.164,0.1098,0.0542,MARKDOWN,0.0,0.0,1.0,0.0,2.0,0.2,2.2,5.0,"{0: 0.03, 1: 0.03, 2: 0.2797, 3: 0.2538, 4: 0.2044}",2,"['OBSERVE_STRATUM', 'STOP_INSPECTION']",2.0,5.0,REGIME_E_SURFACE_BIASED,FB0_Surface_Only,15
bench_REGIME_E_SURFACE_BIASED_015,FB1_Fixed_Sampling,potato,SURFACE_BIASED,0.164,0.108,0.056,MARKDOWN,0.0,0.0,1.0,0.0,45.0,3.0,48.0,75.0,"{0: 0.03, 1: 0.03, 2: 0.2797, 3: 0.2538, 4: 0.2044}",4,"['SAMPLE_UNITS', 'SAMPLE_UNITS', 'SAMPLE_UNITS', 'STOP_INSPECTION']",45.0,75.0,REGIME_E_SURFACE_BIASED,FB1_Fixed_Random,15
bench_REGIME_E_SURFACE_BIASED_015,FB2_Depth_Stratified,potato,SURFACE_BIASED,0.164,0.1314,0.0326,MARKDOWN,0.0,0.0,1.0,0.0,42.0,11.4,53.4,285.0,"{0: 0.03, 1: 0.03, 2: 0.2797, 3: 0.2538, 4: 0.2044}",10,"['OBSERVE_STRATUM', 'REMOVE_LAYER', 'OBSERVE_STRATUM', 'REMOVE_LAYER', 'OBSERVE_STRATUM', 'REMOVE_LAYER', 'OBSERVE_STRATUM', 'REMOVE_LAYER', 'OBSERVE_STRATUM', 'STOP_INSPECTION']",42.0,85.0,REGIME_E_SURFACE_BIASED,FB2_Depth_Stratified,15
bench_REGIME_E_SURFACE_BIASED_015,FB3_Macro_Myopic_VOI,potato,SURFACE_BIASED,0.164,0.1124,0.0516,MARKDOWN,0.0,0.0,1.0,0.0,2.0,0.2,2.2,5.0,"{0: 0.03, 1: 0.03, 2: 0.2797, 3: 0.2538, 4: 0.2044}",2,"['OBSERVE_STRATUM', 'STOP_INSPECTION']",2.0,5.0,REGIME_E_SURFACE_BIASED,FB3_Macro_Myopic_VOI,15
bench_REGIME_E_SURFACE_BIASED_015,FB5_State_Blind_Lookahead,potato,SURFACE_BIASED,0.164,0.116,0.048,MARKDOWN,0.0,0.0,1.0,0.0,6.0,4.8,10.8,120.0,"{0: 0.03, 1: 0.03, 2: 0.2797, 3: 0.2538, 4: 0.2044}",12,"['WAIT_SETTLE', 'WAIT_SETTLE', 'WAIT_SETTLE', 'WAIT_SETTLE', 'WAIT_SETTLE', 'WAIT_SETTLE', 'WAIT_SETTLE', 'WAIT_SETTLE', 'WAIT_SETTLE', 'WAIT_SETTLE', 'WAIT_SETTLE', 'WAIT_SETTLE']",6.0,120.0,REGIME_E_SURFACE_BIASED,FB5_State_Blind,15
bench_REGIME_E_SURFACE_BIASED_015,FB6_Additive_Cost_Planner,potato,SURFACE_BIASED,0.164,0.116,0.048,MARKDOWN,0.0,0.0,1.0,0.0,6.0,4.8,10.8,120.0,"{0: 0.03, 1: 0.03, 2: 0.2797, 3: 0.2538, 4: 0.2044}",12,"['WAIT_SETTLE', 'WAIT_SETTLE', 'WAIT_SETTLE', 'WAIT_SETTLE', 'WAIT_SETTLE', 'WAIT_SETTLE', 'WAIT_SETTLE', 'WAIT_SETTLE', 'WAIT_SETTLE', 'WAIT_SETTLE', 'WAIT_SETTLE', 'WAIT_SETTLE']",6.0,120.0,REGIME_E_SURFACE_BIASED,FB6_Additive_Cost,15
bench_REGIME_E_SURFACE_BIASED_015,FB7_Exposure_Aware_Planner,potato,SURFACE_BIASED,0.164,0.116,0.048,MARKDOWN,0.0,0.0,1.0,0.0,0.0,0.0,0.0,0.0,"{0: 0.03, 1: 0.03, 2: 0.2797, 3: 0.2538, 4: 0.2044}",1,['STOP_INSPECTION'],0.0,0.0,REGIME_E_SURFACE_BIASED,FB7_Proposed,15
bench_REGIME_E_SURFACE_BIASED_016,FB0_Surface_Only,potato,SURFACE_BIASED,0.188,0.112,0.076,MARKDOWN,0.0,0.0,1.0,0.0,2.0,0.2,2.2,5.0,"{0: 0.03, 1: 0.03, 2: 0.2664, 3: 0.3499, 4: 0.2539}",2,"['OBSERVE_STRATUM', 'STOP_INSPECTION']",2.0,5.0,REGIME_E_SURFACE_BIASED,FB0_Surface_Only,16
bench_REGIME_E_SURFACE_BIASED_016,FB1_Fixed_Sampling,potato,SURFACE_BIASED,0.188,0.1138,0.0742,MARKDOWN,0.0,0.0,1.0,0.0,45.0,3.0,48.0,75.0,"{0: 0.03, 1: 0.03, 2: 0.2664, 3: 0.3499, 4: 0.2539}",4,"['SAMPLE_UNITS', 'SAMPLE_UNITS', 'SAMPLE_UNITS', 'STOP_INSPECTION']",45.0,75.0,REGIME_E_SURFACE_BIASED,FB1_Fixed_Random,16
bench_REGIME_E_SURFACE_BIASED_016,FB2_Depth_Stratified,potato,SURFACE_BIASED,0.188,0.1397,0.0483,MARKDOWN,0.0,0.0,1.0,0.0,42.0,11.4,53.4,285.0,"{0: 0.03, 1: 0.03, 2: 0.2664, 3: 0.3499, 4: 0.2539}",10,"['OBSERVE_STRATUM', 'REMOVE_LAYER', 'OBSERVE_STRATUM', 'REMOVE_LAYER', 'OBSERVE_STRATUM', 'REMOVE_LAYER', 'OBSERVE_STRATUM', 'REMOVE_LAYER', 'OBSERVE_STRATUM', 'STOP_INSPECTION']",42.0,85.0,REGIME_E_SURFACE_BIASED,FB2_Depth_Stratified,16
bench_REGIME_E_SURFACE_BIASED_016,FB3_Macro_Myopic_VOI,potato,SURFACE_BIASED,0.188,0.1092,0.0788,MARKDOWN,0.0,0.0,1.0,0.0,2.0,0.2,2.2,5.0,"{0: 0.03, 1: 0.03, 2: 0.2664, 3: 0.3499, 4: 0.2539}",2,"['OBSERVE_STRATUM', 'STOP_INSPECTION']",2.0,5.0,REGIME_E_SURFACE_BIASED,FB3_Macro_Myopic_VOI,16
bench_REGIME_E_SURFACE_BIASED_016,FB5_State_Blind_Lookahead,potato,SURFACE_BIASED,0.188,0.116,0.072,MARKDOWN,0.0,0.0,1.0,0.0,6.0,4.8,10.8,120.0,"{0: 0.03, 1: 0.03, 2: 0.2664, 3: 0.3499, 4: 0.2539}",12,"['WAIT_SETTLE', 'WAIT_SETTLE', 'WAIT_SETTLE', 'WAIT_SETTLE', 'WAIT_SETTLE', 'WAIT_SETTLE', 'WAIT_SETTLE', 'WAIT_SETTLE', 'WAIT_SETTLE', 'WAIT_SETTLE', 'WAIT_SETTLE', 'WAIT_SETTLE']",6.0,120.0,REGIME_E_SURFACE_BIASED,FB5_State_Blind,16
bench_REGIME_E_SURFACE_BIASED_016,FB6_Additive_Cost_Planner,potato,SURFACE_BIASED,0.188,0.116,0.072,MARKDOWN,0.0,0.0,1.0,0.0,6.0,4.8,10.8,120.0,"{0: 0.03, 1: 0.03, 2: 0.2664, 3: 0.3499, 4: 0.2539}",12,"['WAIT_SETTLE', 'WAIT_SETTLE', 'WAIT_SETTLE', 'WAIT_SETTLE', 'WAIT_SETTLE', 'WAIT_SETTLE', 'WAIT_SETTLE', 'WAIT_SETTLE', 'WAIT_SETTLE', 'WAIT_SETTLE', 'WAIT_SETTLE', 'WAIT_SETTLE']",6.0,120.0,REGIME_E_SURFACE_BIASED,FB6_Additive_Cost,16
bench_REGIME_E_SURFACE_BIASED_016,FB7_Exposure_Aware_Planner,potato,SURFACE_BIASED,0.188,0.116,0.072,MARKDOWN,0.0,0.0,1.0,0.0,0.0,0.0,0.0,0.0,"{0: 0.03, 1: 0.03, 2: 0.2664, 3: 0.3499, 4: 0.2539}",1,['STOP_INSPECTION'],0.0,0.0,REGIME_E_SURFACE_BIASED,FB7_Proposed,16
bench_REGIME_E_SURFACE_BIASED_017,FB0_Surface_Only,potato,SURFACE_BIASED,0.196,0.1092,0.0868,MARKDOWN,0.0,0.0,1.0,0.0,2.0,0.2,2.2,5.0,"{0: 0.03, 1: 0.03, 2: 0.3461, 3: 0.2238, 4: 0.332}",2,"['OBSERVE_STRATUM', 'STOP_INSPECTION']",2.0,5.0,REGIME_E_SURFACE_BIASED,FB0_Surface_Only,17
bench_REGIME_E_SURFACE_BIASED_017,FB1_Fixed_Sampling,potato,SURFACE_BIASED,0.196,0.1099,0.0861,MARKDOWN,0.0,0.0,1.0,0.0,45.0,3.0,48.0,75.0,"{0: 0.03, 1: 0.03, 2: 0.3461, 3: 0.2238, 4: 0.332}",4,"['SAMPLE_UNITS', 'SAMPLE_UNITS', 'SAMPLE_UNITS', 'STOP_INSPECTION']",45.0,75.0,REGIME_E_SURFACE_BIASED,FB1_Fixed_Random,17
bench_REGIME_E_SURFACE_BIASED_017,FB2_Depth_Stratified,potato,SURFACE_BIASED,0.196,0.1497,0.0463,MARKDOWN,0.0,0.0,1.0,0.0,42.0,11.4,53.4,285.0,"{0: 0.03, 1: 0.03, 2: 0.3461, 3: 0.2238, 4: 0.332}",10,"['OBSERVE_STRATUM', 'REMOVE_LAYER', 'OBSERVE_STRATUM', 'REMOVE_LAYER', 'OBSERVE_STRATUM', 'REMOVE_LAYER', 'OBSERVE_STRATUM', 'REMOVE_LAYER', 'OBSERVE_STRATUM', 'STOP_INSPECTION']",42.0,85.0,REGIME_E_SURFACE_BIASED,FB2_Depth_Stratified,17
bench_REGIME_E_SURFACE_BIASED_017,FB3_Macro_Myopic_VOI,potato,SURFACE_BIASED,0.196,0.1107,0.0853,MARKDOWN,0.0,0.0,1.0,0.0,2.0,0.2,2.2,5.0,"{0: 0.03, 1: 0.03, 2: 0.3461, 3: 0.2238, 4: 0.332}",2,"['OBSERVE_STRATUM', 'STOP_INSPECTION']",2.0,5.0,REGIME_E_SURFACE_BIASED,FB3_Macro_Myopic_VOI,17
bench_REGIME_E_SURFACE_BIASED_017,FB5_State_Blind_Lookahead,potato,SURFACE_BIASED,0.196,0.116,0.08,MARKDOWN,0.0,0.0,1.0,0.0,6.0,4.8,10.8,120.0,"{0: 0.03, 1: 0.03, 2: 0.3461, 3: 0.2238, 4: 0.332}",12,"['WAIT_SETTLE', 'WAIT_SETTLE', 'WAIT_SETTLE', 'WAIT_SETTLE', 'WAIT_SETTLE', 'WAIT_SETTLE', 'WAIT_SETTLE', 'WAIT_SETTLE', 'WAIT_SETTLE', 'WAIT_SETTLE', 'WAIT_SETTLE', 'WAIT_SETTLE']",6.0,120.0,REGIME_E_SURFACE_BIASED,FB5_State_Blind,17
bench_REGIME_E_SURFACE_BIASED_017,FB6_Additive_Cost_Planner,potato,SURFACE_BIASED,0.196,0.116,0.08,MARKDOWN,0.0,0.0,1.0,0.0,6.0,4.8,10.8,120.0,"{0: 0.03, 1: 0.03, 2: 0.3461, 3: 0.2238, 4: 0.332}",12,"['WAIT_SETTLE', 'WAIT_SETTLE', 'WAIT_SETTLE', 'WAIT_SETTLE', 'WAIT_SETTLE', 'WAIT_SETTLE', 'WAIT_SETTLE', 'WAIT_SETTLE', 'WAIT_SETTLE', 'WAIT_SETTLE', 'WAIT_SETTLE', 'WAIT_SETTLE']",6.0,120.0,REGIME_E_SURFACE_BIASED,FB6_Additive_Cost,17
bench_REGIME_E_SURFACE_BIASED_017,FB7_Exposure_Aware_Planner,potato,SURFACE_BIASED,0.196,0.116,0.08,MARKDOWN,0.0,0.0,1.0,0.0,0.0,0.0,0.0,0.0,"{0: 0.03, 1: 0.03, 2: 0.3461, 3: 0.2238, 4: 0.332}",1,['STOP_INSPECTION'],0.0,0.0,REGIME_E_SURFACE_BIASED,FB7_Proposed,17
bench_REGIME_E_SURFACE_BIASED_018,FB0_Surface_Only,potato,SURFACE_BIASED,0.18,0.1092,0.0708,MARKDOWN,0.0,0.0,1.0,0.0,2.0,0.2,2.2,5.0,"{0: 0.03, 1: 0.03, 2: 0.3286, 3: 0.2126, 4: 0.281}",2,"['OBSERVE_STRATUM', 'STOP_INSPECTION']",2.0,5.0,REGIME_E_SURFACE_BIASED,FB0_Surface_Only,18
bench_REGIME_E_SURFACE_BIASED_018,FB1_Fixed_Sampling,potato,SURFACE_BIASED,0.18,0.109,0.071,MARKDOWN,0.0,0.0,1.0,0.0,45.0,3.0,48.0,75.0,"{0: 0.03, 1: 0.03, 2: 0.3286, 3: 0.2126, 4: 0.281}",4,"['SAMPLE_UNITS', 'SAMPLE_UNITS', 'SAMPLE_UNITS', 'STOP_INSPECTION']",45.0,75.0,REGIME_E_SURFACE_BIASED,FB1_Fixed_Random,18
bench_REGIME_E_SURFACE_BIASED_018,FB2_Depth_Stratified,potato,SURFACE_BIASED,0.18,0.1353,0.0447,MARKDOWN,0.0,0.0,1.0,0.0,42.0,11.4,53.4,285.0,"{0: 0.03, 1: 0.03, 2: 0.3286, 3: 0.2126, 4: 0.281}",10,"['OBSERVE_STRATUM', 'REMOVE_LAYER', 'OBSERVE_STRATUM', 'REMOVE_LAYER', 'OBSERVE_STRATUM', 'REMOVE_LAYER', 'OBSERVE_STRATUM', 'REMOVE_LAYER', 'OBSERVE_STRATUM', 'STOP_INSPECTION']",42.0,85.0,REGIME_E_SURFACE_BIASED,FB2_Depth_Stratified,18
bench_REGIME_E_SURFACE_BIASED_018,FB3_Macro_Myopic_VOI,potato,SURFACE_BIASED,0.18,0.1092,0.0708,MARKDOWN,0.0,0.0,1.0,0.0,2.0,0.2,2.2,5.0,"{0: 0.03, 1: 0.03, 2: 0.3286, 3: 0.2126, 4: 0.281}",2,"['OBSERVE_STRATUM', 'STOP_INSPECTION']",2.0,5.0,REGIME_E_SURFACE_BIASED,FB3_Macro_Myopic_VOI,18
bench_REGIME_E_SURFACE_BIASED_018,FB5_State_Blind_Lookahead,potato,SURFACE_BIASED,0.18,0.116,0.064,MARKDOWN,0.0,0.0,1.0,0.0,6.0,4.8,10.8,120.0,"{0: 0.03, 1: 0.03, 2: 0.3286, 3: 0.2126, 4: 0.281}",12,"['WAIT_SETTLE', 'WAIT_SETTLE', 'WAIT_SETTLE', 'WAIT_SETTLE', 'WAIT_SETTLE', 'WAIT_SETTLE', 'WAIT_SETTLE', 'WAIT_SETTLE', 'WAIT_SETTLE', 'WAIT_SETTLE', 'WAIT_SETTLE', 'WAIT_SETTLE']",6.0,120.0,REGIME_E_SURFACE_BIASED,FB5_State_Blind,18
bench_REGIME_E_SURFACE_BIASED_018,FB6_Additive_Cost_Planner,potato,SURFACE_BIASED,0.18,0.116,0.064,MARKDOWN,0.0,0.0,1.0,0.0,6.0,4.8,10.8,120.0,"{0: 0.03, 1: 0.03, 2: 0.3286, 3: 0.2126, 4: 0.281}",12,"['WAIT_SETTLE', 'WAIT_SETTLE', 'WAIT_SETTLE', 'WAIT_SETTLE', 'WAIT_SETTLE', 'WAIT_SETTLE', 'WAIT_SETTLE', 'WAIT_SETTLE', 'WAIT_SETTLE', 'WAIT_SETTLE', 'WAIT_SETTLE', 'WAIT_SETTLE']",6.0,120.0,REGIME_E_SURFACE_BIASED,FB6_Additive_Cost,18
bench_REGIME_E_SURFACE_BIASED_018,FB7_Exposure_Aware_Planner,potato,SURFACE_BIASED,0.18,0.116,0.064,MARKDOWN,0.0,0.0,1.0,0.0,0.0,0.0,0.0,0.0,"{0: 0.03, 1: 0.03, 2: 0.3286, 3: 0.2126, 4: 0.281}",1,['STOP_INSPECTION'],0.0,0.0,REGIME_E_SURFACE_BIASED,FB7_Proposed,18
bench_REGIME_E_SURFACE_BIASED_019,FB0_Surface_Only,potato,SURFACE_BIASED,0.188,0.1113,0.0767,MARKDOWN,0.0,0.0,1.0,0.0,2.0,0.2,2.2,5.0,"{0: 0.03, 1: 0.03, 2: 0.2473, 3: 0.3421, 4: 0.2786}",2,"['OBSERVE_STRATUM', 'STOP_INSPECTION']",2.0,5.0,REGIME_E_SURFACE_BIASED,FB0_Surface_Only,19
bench_REGIME_E_SURFACE_BIASED_019,FB1_Fixed_Sampling,potato,SURFACE_BIASED,0.188,0.1106,0.0774,MARKDOWN,0.0,0.0,1.0,0.0,45.0,3.0,48.0,75.0,"{0: 0.03, 1: 0.03, 2: 0.2473, 3: 0.3421, 4: 0.2786}",4,"['SAMPLE_UNITS', 'SAMPLE_UNITS', 'SAMPLE_UNITS', 'STOP_INSPECTION']",45.0,75.0,REGIME_E_SURFACE_BIASED,FB1_Fixed_Random,19
bench_REGIME_E_SURFACE_BIASED_019,FB2_Depth_Stratified,potato,SURFACE_BIASED,0.188,0.1365,0.0515,MARKDOWN,0.0,0.0,1.0,0.0,42.0,11.4,53.4,285.0,"{0: 0.03, 1: 0.03, 2: 0.2473, 3: 0.3421, 4: 0.2786}",10,"['OBSERVE_STRATUM', 'REMOVE_LAYER', 'OBSERVE_STRATUM', 'REMOVE_LAYER', 'OBSERVE_STRATUM', 'REMOVE_LAYER', 'OBSERVE_STRATUM', 'REMOVE_LAYER', 'OBSERVE_STRATUM', 'STOP_INSPECTION']",42.0,85.0,REGIME_E_SURFACE_BIASED,FB2_Depth_Stratified,19
bench_REGIME_E_SURFACE_BIASED_019,FB3_Macro_Myopic_VOI,potato,SURFACE_BIASED,0.188,0.1097,0.0783,MARKDOWN,0.0,0.0,1.0,0.0,2.0,0.2,2.2,5.0,"{0: 0.03, 1: 0.03, 2: 0.2473, 3: 0.3421, 4: 0.2786}",2,"['OBSERVE_STRATUM', 'STOP_INSPECTION']",2.0,5.0,REGIME_E_SURFACE_BIASED,FB3_Macro_Myopic_VOI,19
bench_REGIME_E_SURFACE_BIASED_019,FB5_State_Blind_Lookahead,potato,SURFACE_BIASED,0.188,0.116,0.072,MARKDOWN,0.0,0.0,1.0,0.0,6.0,4.8,10.8,120.0,"{0: 0.03, 1: 0.03, 2: 0.2473, 3: 0.3421, 4: 0.2786}",12,"['WAIT_SETTLE', 'WAIT_SETTLE', 'WAIT_SETTLE', 'WAIT_SETTLE', 'WAIT_SETTLE', 'WAIT_SETTLE', 'WAIT_SETTLE', 'WAIT_SETTLE', 'WAIT_SETTLE', 'WAIT_SETTLE', 'WAIT_SETTLE', 'WAIT_SETTLE']",6.0,120.0,REGIME_E_SURFACE_BIASED,FB5_State_Blind,19
bench_REGIME_E_SURFACE_BIASED_019,FB6_Additive_Cost_Planner,potato,SURFACE_BIASED,0.188,0.116,0.072,MARKDOWN,0.0,0.0,1.0,0.0,6.0,4.8,10.8,120.0,"{0: 0.03, 1: 0.03, 2: 0.2473, 3: 0.3421, 4: 0.2786}",12,"['WAIT_SETTLE', 'WAIT_SETTLE', 'WAIT_SETTLE', 'WAIT_SETTLE', 'WAIT_SETTLE', 'WAIT_SETTLE', 'WAIT_SETTLE', 'WAIT_SETTLE', 'WAIT_SETTLE', 'WAIT_SETTLE', 'WAIT_SETTLE', 'WAIT_SETTLE']",6.0,120.0,REGIME_E_SURFACE_BIASED,FB6_Additive_Cost,19
bench_REGIME_E_SURFACE_BIASED_019,FB7_Exposure_Aware_Planner,potato,SURFACE_BIASED,0.188,0.116,0.072,MARKDOWN,0.0,0.0,1.0,0.0,0.0,0.0,0.0,0.0,"{0: 0.03, 1: 0.03, 2: 0.2473, 3: 0.3421, 4: 0.2786}",1,['STOP_INSPECTION'],0.0,0.0,REGIME_E_SURFACE_BIASED,FB7_Proposed,19
bench_REGIME_E_SURFACE_BIASED_020,FB0_Surface_Only,potato,SURFACE_BIASED,0.172,0.1096,0.0624,MARKDOWN,0.0,0.0,1.0,0.0,2.0,0.2,2.2,5.0,"{0: 0.03, 1: 0.03, 2: 0.2015, 3: 0.2506, 4: 0.3221}",2,"['OBSERVE_STRATUM', 'STOP_INSPECTION']",2.0,5.0,REGIME_E_SURFACE_BIASED,FB0_Surface_Only,20
bench_REGIME_E_SURFACE_BIASED_020,FB1_Fixed_Sampling,potato,SURFACE_BIASED,0.172,0.1091,0.0629,MARKDOWN,0.0,0.0,1.0,0.0,45.0,3.0,48.0,75.0,"{0: 0.03, 1: 0.03, 2: 0.2015, 3: 0.2506, 4: 0.3221}",4,"['SAMPLE_UNITS', 'SAMPLE_UNITS', 'SAMPLE_UNITS', 'STOP_INSPECTION']",45.0,75.0,REGIME_E_SURFACE_BIASED,FB1_Fixed_Random,20
bench_REGIME_E_SURFACE_BIASED_020,FB2_Depth_Stratified,potato,SURFACE_BIASED,0.172,0.1352,0.0368,MARKDOWN,0.0,0.0,1.0,0.0,42.0,11.4,53.4,285.0,"{0: 0.03, 1: 0.03, 2: 0.2015, 3: 0.2506, 4: 0.3221}",10,"['OBSERVE_STRATUM', 'REMOVE_LAYER', 'OBSERVE_STRATUM', 'REMOVE_LAYER', 'OBSERVE_STRATUM', 'REMOVE_LAYER', 'OBSERVE_STRATUM', 'REMOVE_LAYER', 'OBSERVE_STRATUM', 'STOP_INSPECTION']",42.0,85.0,REGIME_E_SURFACE_BIASED,FB2_Depth_Stratified,20
bench_REGIME_E_SURFACE_BIASED_020,FB3_Macro_Myopic_VOI,potato,SURFACE_BIASED,0.172,0.1133,0.0587,MARKDOWN,0.0,0.0,1.0,0.0,2.0,0.2,2.2,5.0,"{0: 0.03, 1: 0.03, 2: 0.2015, 3: 0.2506, 4: 0.3221}",2,"['OBSERVE_STRATUM', 'STOP_INSPECTION']",2.0,5.0,REGIME_E_SURFACE_BIASED,FB3_Macro_Myopic_VOI,20
bench_REGIME_E_SURFACE_BIASED_020,FB5_State_Blind_Lookahead,potato,SURFACE_BIASED,0.172,0.116,0.056,MARKDOWN,0.0,0.0,1.0,0.0,6.0,4.8,10.8,120.0,"{0: 0.03, 1: 0.03, 2: 0.2015, 3: 0.2506, 4: 0.3221}",12,"['WAIT_SETTLE', 'WAIT_SETTLE', 'WAIT_SETTLE', 'WAIT_SETTLE', 'WAIT_SETTLE', 'WAIT_SETTLE', 'WAIT_SETTLE', 'WAIT_SETTLE', 'WAIT_SETTLE', 'WAIT_SETTLE', 'WAIT_SETTLE', 'WAIT_SETTLE']",6.0,120.0,REGIME_E_SURFACE_BIASED,FB5_State_Blind,20
bench_REGIME_E_SURFACE_BIASED_020,FB6_Additive_Cost_Planner,potato,SURFACE_BIASED,0.172,0.116,0.056,MARKDOWN,0.0,0.0,1.0,0.0,6.0,4.8,10.8,120.0,"{0: 0.03, 1: 0.03, 2: 0.2015, 3: 0.2506, 4: 0.3221}",12,"['WAIT_SETTLE', 'WAIT_SETTLE', 'WAIT_SETTLE', 'WAIT_SETTLE', 'WAIT_SETTLE', 'WAIT_SETTLE', 'WAIT_SETTLE', 'WAIT_SETTLE', 'WAIT_SETTLE', 'WAIT_SETTLE', 'WAIT_SETTLE', 'WAIT_SETTLE']",6.0,120.0,REGIME_E_SURFACE_BIASED,FB6_Additive_Cost,20
bench_REGIME_E_SURFACE_BIASED_020,FB7_Exposure_Aware_Planner,potato,SURFACE_BIASED,0.172,0.116,0.056,MARKDOWN,0.0,0.0,1.0,0.0,0.0,0.0,0.0,0.0,"{0: 0.03, 1: 0.03, 2: 0.2015, 3: 0.2506, 4: 0.3221}",1,['STOP_INSPECTION'],0.0,0.0,REGIME_E_SURFACE_BIASED,FB7_Proposed,20
bench_REGIME_E_SURFACE_BIASED_021,FB0_Surface_Only,potato,SURFACE_BIASED,0.172,0.1103,0.0617,MARKDOWN,0.0,0.0,1.0,0.0,2.0,0.2,2.2,5.0,"{0: 0.03, 1: 0.03, 2: 0.2595, 3: 0.242, 4: 0.2853}",2,"['OBSERVE_STRATUM', 'STOP_INSPECTION']",2.0,5.0,REGIME_E_SURFACE_BIASED,FB0_Surface_Only,21
bench_REGIME_E_SURFACE_BIASED_021,FB1_Fixed_Sampling,potato,SURFACE_BIASED,0.172,0.1081,0.0639,MARKDOWN,0.0,0.0,1.0,0.0,45.0,3.0,48.0,75.0,"{0: 0.03, 1: 0.03, 2: 0.2595, 3: 0.242, 4: 0.2853}",4,"['SAMPLE_UNITS', 'SAMPLE_UNITS', 'SAMPLE_UNITS', 'STOP_INSPECTION']",45.0,75.0,REGIME_E_SURFACE_BIASED,FB1_Fixed_Random,21
bench_REGIME_E_SURFACE_BIASED_021,FB2_Depth_Stratified,potato,SURFACE_BIASED,0.172,0.1266,0.0454,MARKDOWN,0.0,0.0,1.0,0.0,42.0,11.4,53.4,285.0,"{0: 0.03, 1: 0.03, 2: 0.2595, 3: 0.242, 4: 0.2853}",10,"['OBSERVE_STRATUM', 'REMOVE_LAYER', 'OBSERVE_STRATUM', 'REMOVE_LAYER', 'OBSERVE_STRATUM', 'REMOVE_LAYER', 'OBSERVE_STRATUM', 'REMOVE_LAYER', 'OBSERVE_STRATUM', 'STOP_INSPECTION']",42.0,85.0,REGIME_E_SURFACE_BIASED,FB2_Depth_Stratified,21
bench_REGIME_E_SURFACE_BIASED_021,FB3_Macro_Myopic_VOI,potato,SURFACE_BIASED,0.172,0.1119,0.0601,MARKDOWN,0.0,0.0,1.0,0.0,2.0,0.2,2.2,5.0,"{0: 0.03, 1: 0.03, 2: 0.2595, 3: 0.242, 4: 0.2853}",2,"['OBSERVE_STRATUM', 'STOP_INSPECTION']",2.0,5.0,REGIME_E_SURFACE_BIASED,FB3_Macro_Myopic_VOI,21
bench_REGIME_E_SURFACE_BIASED_021,FB5_State_Blind_Lookahead,potato,SURFACE_BIASED,0.172,0.116,0.056,MARKDOWN,0.0,0.0,1.0,0.0,6.0,4.8,10.8,120.0,"{0: 0.03, 1: 0.03, 2: 0.2595, 3: 0.242, 4: 0.2853}",12,"['WAIT_SETTLE', 'WAIT_SETTLE', 'WAIT_SETTLE', 'WAIT_SETTLE', 'WAIT_SETTLE', 'WAIT_SETTLE', 'WAIT_SETTLE', 'WAIT_SETTLE', 'WAIT_SETTLE', 'WAIT_SETTLE', 'WAIT_SETTLE', 'WAIT_SETTLE']",6.0,120.0,REGIME_E_SURFACE_BIASED,FB5_State_Blind,21
bench_REGIME_E_SURFACE_BIASED_021,FB6_Additive_Cost_Planner,potato,SURFACE_BIASED,0.172,0.116,0.056,MARKDOWN,0.0,0.0,1.0,0.0,6.0,4.8,10.8,120.0,"{0: 0.03, 1: 0.03, 2: 0.2595, 3: 0.242, 4: 0.2853}",12,"['WAIT_SETTLE', 'WAIT_SETTLE', 'WAIT_SETTLE', 'WAIT_SETTLE', 'WAIT_SETTLE', 'WAIT_SETTLE', 'WAIT_SETTLE', 'WAIT_SETTLE', 'WAIT_SETTLE', 'WAIT_SETTLE', 'WAIT_SETTLE', 'WAIT_SETTLE']",6.0,120.0,REGIME_E_SURFACE_BIASED,FB6_Additive_Cost,21
bench_REGIME_E_SURFACE_BIASED_021,FB7_Exposure_Aware_Planner,potato,SURFACE_BIASED,0.172,0.116,0.056,MARKDOWN,0.0,0.0,1.0,0.0,0.0,0.0,0.0,0.0,"{0: 0.03, 1: 0.03, 2: 0.2595, 3: 0.242, 4: 0.2853}",1,['STOP_INSPECTION'],0.0,0.0,REGIME_E_SURFACE_BIASED,FB7_Proposed,21
bench_REGIME_E_SURFACE_BIASED_022,FB0_Surface_Only,potato,SURFACE_BIASED,0.172,0.1114,0.0606,MARKDOWN,0.0,0.0,1.0,0.0,2.0,0.2,2.2,5.0,"{0: 0.03, 1: 0.03, 2: 0.266, 3: 0.2049, 4: 0.3215}",2,"['OBSERVE_STRATUM', 'STOP_INSPECTION']",2.0,5.0,REGIME_E_SURFACE_BIASED,FB0_Surface_Only,22
bench_REGIME_E_SURFACE_BIASED_022,FB1_Fixed_Sampling,potato,SURFACE_BIASED,0.172,0.1067,0.0653,MARKDOWN,0.0,0.0,1.0,0.0,45.0,3.0,48.0,75.0,"{0: 0.03, 1: 0.03, 2: 0.266, 3: 0.2049, 4: 0.3215}",4,"['SAMPLE_UNITS', 'SAMPLE_UNITS', 'SAMPLE_UNITS', 'STOP_INSPECTION']",45.0,75.0,REGIME_E_SURFACE_BIASED,FB1_Fixed_Random,22
bench_REGIME_E_SURFACE_BIASED_022,FB2_Depth_Stratified,potato,SURFACE_BIASED,0.172,0.1363,0.0357,MARKDOWN,0.0,0.0,1.0,0.0,42.0,11.4,53.4,285.0,"{0: 0.03, 1: 0.03, 2: 0.266, 3: 0.2049, 4: 0.3215}",10,"['OBSERVE_STRATUM', 'REMOVE_LAYER', 'OBSERVE_STRATUM', 'REMOVE_LAYER', 'OBSERVE_STRATUM', 'REMOVE_LAYER', 'OBSERVE_STRATUM', 'REMOVE_LAYER', 'OBSERVE_STRATUM', 'STOP_INSPECTION']",42.0,85.0,REGIME_E_SURFACE_BIASED,FB2_Depth_Stratified,22
bench_REGIME_E_SURFACE_BIASED_022,FB3_Macro_Myopic_VOI,potato,SURFACE_BIASED,0.172,0.1092,0.0628,MARKDOWN,0.0,0.0,1.0,0.0,2.0,0.2,2.2,5.0,"{0: 0.03, 1: 0.03, 2: 0.266, 3: 0.2049, 4: 0.3215}",2,"['OBSERVE_STRATUM', 'STOP_INSPECTION']",2.0,5.0,REGIME_E_SURFACE_BIASED,FB3_Macro_Myopic_VOI,22
bench_REGIME_E_SURFACE_BIASED_022,FB5_State_Blind_Lookahead,potato,SURFACE_BIASED,0.172,0.116,0.056,MARKDOWN,0.0,0.0,1.0,0.0,6.0,4.8,10.8,120.0,"{0: 0.03, 1: 0.03, 2: 0.266, 3: 0.2049, 4: 0.3215}",12,"['WAIT_SETTLE', 'WAIT_SETTLE', 'WAIT_SETTLE', 'WAIT_SETTLE', 'WAIT_SETTLE', 'WAIT_SETTLE', 'WAIT_SETTLE', 'WAIT_SETTLE', 'WAIT_SETTLE', 'WAIT_SETTLE', 'WAIT_SETTLE', 'WAIT_SETTLE']",6.0,120.0,REGIME_E_SURFACE_BIASED,FB5_State_Blind,22
bench_REGIME_E_SURFACE_BIASED_022,FB6_Additive_Cost_Planner,potato,SURFACE_BIASED,0.172,0.116,0.056,MARKDOWN,0.0,0.0,1.0,0.0,6.0,4.8,10.8,120.0,"{0: 0.03, 1: 0.03, 2: 0.266, 3: 0.2049, 4: 0.3215}",12,"['WAIT_SETTLE', 'WAIT_SETTLE', 'WAIT_SETTLE', 'WAIT_SETTLE', 'WAIT_SETTLE', 'WAIT_SETTLE', 'WAIT_SETTLE', 'WAIT_SETTLE', 'WAIT_SETTLE', 'WAIT_SETTLE', 'WAIT_SETTLE', 'WAIT_SETTLE']",6.0,120.0,REGIME_E_SURFACE_BIASED,FB6_Additive_Cost,22
bench_REGIME_E_SURFACE_BIASED_022,FB7_Exposure_Aware_Planner,potato,SURFACE_BIASED,0.172,0.116,0.056,MARKDOWN,0.0,0.0,1.0,0.0,0.0,0.0,0.0,0.0,"{0: 0.03, 1: 0.03, 2: 0.266, 3: 0.2049, 4: 0.3215}",1,['STOP_INSPECTION'],0.0,0.0,REGIME_E_SURFACE_BIASED,FB7_Proposed,22
bench_REGIME_E_SURFACE_BIASED_023,FB0_Surface_Only,potato,SURFACE_BIASED,0.168,0.1171,0.0509,MARKDOWN,0.0,0.0,1.0,0.0,2.0,0.2,2.2,5.0,"{0: 0.03, 1: 0.03, 2: 0.2539, 3: 0.2273, 4: 0.2804}",2,"['OBSERVE_STRATUM', 'STOP_INSPECTION']",2.0,5.0,REGIME_E_SURFACE_BIASED,FB0_Surface_Only,23
bench_REGIME_E_SURFACE_BIASED_023,FB1_Fixed_Sampling,potato,SURFACE_BIASED,0.168,0.1093,0.0587,MARKDOWN,0.0,0.0,1.0,0.0,45.0,3.0,48.0,75.0,"{0: 0.03, 1: 0.03, 2: 0.2539, 3: 0.2273, 4: 0.2804}",4,"['SAMPLE_UNITS', 'SAMPLE_UNITS', 'SAMPLE_UNITS', 'STOP_INSPECTION']",45.0,75.0,REGIME_E_SURFACE_BIASED,FB1_Fixed_Random,23
bench_REGIME_E_SURFACE_BIASED_023,FB2_Depth_Stratified,potato,SURFACE_BIASED,0.168,0.1277,0.0403,MARKDOWN,0.0,0.0,1.0,0.0,42.0,11.4,53.4,285.0,"{0: 0.03, 1: 0.03, 2: 0.2539, 3: 0.2273, 4: 0.2804}",10,"['OBSERVE_STRATUM', 'REMOVE_LAYER', 'OBSERVE_STRATUM', 'REMOVE_LAYER', 'OBSERVE_STRATUM', 'REMOVE_LAYER', 'OBSERVE_STRATUM', 'REMOVE_LAYER', 'OBSERVE_STRATUM', 'STOP_INSPECTION']",42.0,85.0,REGIME_E_SURFACE_BIASED,FB2_Depth_Stratified,23
bench_REGIME_E_SURFACE_BIASED_023,FB3_Macro_Myopic_VOI,potato,SURFACE_BIASED,0.168,0.1092,0.0588,MARKDOWN,0.0,0.0,1.0,0.0,2.0,0.2,2.2,5.0,"{0: 0.03, 1: 0.03, 2: 0.2539, 3: 0.2273, 4: 0.2804}",2,"['OBSERVE_STRATUM', 'STOP_INSPECTION']",2.0,5.0,REGIME_E_SURFACE_BIASED,FB3_Macro_Myopic_VOI,23
bench_REGIME_E_SURFACE_BIASED_023,FB5_State_Blind_Lookahead,potato,SURFACE_BIASED,0.168,0.116,0.052,MARKDOWN,0.0,0.0,1.0,0.0,6.0,4.8,10.8,120.0,"{0: 0.03, 1: 0.03, 2: 0.2539, 3: 0.2273, 4: 0.2804}",12,"['WAIT_SETTLE', 'WAIT_SETTLE', 'WAIT_SETTLE', 'WAIT_SETTLE', 'WAIT_SETTLE', 'WAIT_SETTLE', 'WAIT_SETTLE', 'WAIT_SETTLE', 'WAIT_SETTLE', 'WAIT_SETTLE', 'WAIT_SETTLE', 'WAIT_SETTLE']",6.0,120.0,REGIME_E_SURFACE_BIASED,FB5_State_Blind,23
bench_REGIME_E_SURFACE_BIASED_023,FB6_Additive_Cost_Planner,potato,SURFACE_BIASED,0.168,0.116,0.052,MARKDOWN,0.0,0.0,1.0,0.0,6.0,4.8,10.8,120.0,"{0: 0.03, 1: 0.03, 2: 0.2539, 3: 0.2273, 4: 0.2804}",12,"['WAIT_SETTLE', 'WAIT_SETTLE', 'WAIT_SETTLE', 'WAIT_SETTLE', 'WAIT_SETTLE', 'WAIT_SETTLE', 'WAIT_SETTLE', 'WAIT_SETTLE', 'WAIT_SETTLE', 'WAIT_SETTLE', 'WAIT_SETTLE', 'WAIT_SETTLE']",6.0,120.0,REGIME_E_SURFACE_BIASED,FB6_Additive_Cost,23
bench_REGIME_E_SURFACE_BIASED_023,FB7_Exposure_Aware_Planner,potato,SURFACE_BIASED,0.168,0.116,0.052,MARKDOWN,0.0,0.0,1.0,0.0,0.0,0.0,0.0,0.0,"{0: 0.03, 1: 0.03, 2: 0.2539, 3: 0.2273, 4: 0.2804}",1,['STOP_INSPECTION'],0.0,0.0,REGIME_E_SURFACE_BIASED,FB7_Proposed,23
bench_REGIME_E_SURFACE_BIASED_024,FB0_Surface_Only,potato,SURFACE_BIASED,0.184,0.1124,0.0716,MARKDOWN,0.0,0.0,1.0,0.0,2.0,0.2,2.2,5.0,"{0: 0.03, 1: 0.03, 2: 0.344, 3: 0.2544, 4: 0.2494}",2,"['OBSERVE_STRATUM', 'STOP_INSPECTION']",2.0,5.0,REGIME_E_SURFACE_BIASED,FB0_Surface_Only,24
bench_REGIME_E_SURFACE_BIASED_024,FB1_Fixed_Sampling,potato,SURFACE_BIASED,0.184,0.1061,0.0779,MARKDOWN,0.0,0.0,1.0,0.0,45.0,3.0,48.0,75.0,"{0: 0.03, 1: 0.03, 2: 0.344, 3: 0.2544, 4: 0.2494}",4,"['SAMPLE_UNITS', 'SAMPLE_UNITS', 'SAMPLE_UNITS', 'STOP_INSPECTION']",45.0,75.0,REGIME_E_SURFACE_BIASED,FB1_Fixed_Random,24
bench_REGIME_E_SURFACE_BIASED_024,FB2_Depth_Stratified,potato,SURFACE_BIASED,0.184,0.1367,0.0473,MARKDOWN,0.0,0.0,1.0,0.0,42.0,11.4,53.4,285.0,"{0: 0.03, 1: 0.03, 2: 0.344, 3: 0.2544, 4: 0.2494}",10,"['OBSERVE_STRATUM', 'REMOVE_LAYER', 'OBSERVE_STRATUM', 'REMOVE_LAYER', 'OBSERVE_STRATUM', 'REMOVE_LAYER', 'OBSERVE_STRATUM', 'REMOVE_LAYER', 'OBSERVE_STRATUM', 'STOP_INSPECTION']",42.0,85.0,REGIME_E_SURFACE_BIASED,FB2_Depth_Stratified,24
bench_REGIME_E_SURFACE_BIASED_024,FB3_Macro_Myopic_VOI,potato,SURFACE_BIASED,0.184,0.1153,0.0687,MARKDOWN,0.0,0.0,1.0,0.0,2.0,0.2,2.2,5.0,"{0: 0.03, 1: 0.03, 2: 0.344, 3: 0.2544, 4: 0.2494}",2,"['OBSERVE_STRATUM', 'STOP_INSPECTION']",2.0,5.0,REGIME_E_SURFACE_BIASED,FB3_Macro_Myopic_VOI,24
bench_REGIME_E_SURFACE_BIASED_024,FB5_State_Blind_Lookahead,potato,SURFACE_BIASED,0.184,0.116,0.068,MARKDOWN,0.0,0.0,1.0,0.0,6.0,4.8,10.8,120.0,"{0: 0.03, 1: 0.03, 2: 0.344, 3: 0.2544, 4: 0.2494}",12,"['WAIT_SETTLE', 'WAIT_SETTLE', 'WAIT_SETTLE', 'WAIT_SETTLE', 'WAIT_SETTLE', 'WAIT_SETTLE', 'WAIT_SETTLE', 'WAIT_SETTLE', 'WAIT_SETTLE', 'WAIT_SETTLE', 'WAIT_SETTLE', 'WAIT_SETTLE']",6.0,120.0,REGIME_E_SURFACE_BIASED,FB5_State_Blind,24
bench_REGIME_E_SURFACE_BIASED_024,FB6_Additive_Cost_Planner,potato,SURFACE_BIASED,0.184,0.116,0.068,MARKDOWN,0.0,0.0,1.0,0.0,6.0,4.8,10.8,120.0,"{0: 0.03, 1: 0.03, 2: 0.344, 3: 0.2544, 4: 0.2494}",12,"['WAIT_SETTLE', 'WAIT_SETTLE', 'WAIT_SETTLE', 'WAIT_SETTLE', 'WAIT_SETTLE', 'WAIT_SETTLE', 'WAIT_SETTLE', 'WAIT_SETTLE', 'WAIT_SETTLE', 'WAIT_SETTLE', 'WAIT_SETTLE', 'WAIT_SETTLE']",6.0,120.0,REGIME_E_SURFACE_BIASED,FB6_Additive_Cost,24
bench_REGIME_E_SURFACE_BIASED_024,FB7_Exposure_Aware_Planner,potato,SURFACE_BIASED,0.184,0.116,0.068,MARKDOWN,0.0,0.0,1.0,0.0,0.0,0.0,0.0,0.0,"{0: 0.03, 1: 0.03, 2: 0.344, 3: 0.2544, 4: 0.2494}",1,['STOP_INSPECTION'],0.0,0.0,REGIME_E_SURFACE_BIASED,FB7_Proposed,24
bench_REGIME_E_SURFACE_BIASED_025,FB0_Surface_Only,potato,SURFACE_BIASED,0.2,0.1097,0.0903,MARKDOWN,0.0,0.0,1.0,0.0,2.0,0.2,2.2,5.0,"{0: 0.03, 1: 0.03, 2: 0.2989, 3: 0.3384, 4: 0.286}",2,"['OBSERVE_STRATUM', 'STOP_INSPECTION']",2.0,5.0,REGIME_E_SURFACE_BIASED,FB0_Surface_Only,25
bench_REGIME_E_SURFACE_BIASED_025,FB1_Fixed_Sampling,potato,SURFACE_BIASED,0.2,0.1092,0.0908,MARKDOWN,0.0,0.0,1.0,0.0,45.0,3.0,48.0,75.0,"{0: 0.03, 1: 0.03, 2: 0.2989, 3: 0.3384, 4: 0.286}",4,"['SAMPLE_UNITS', 'SAMPLE_UNITS', 'SAMPLE_UNITS', 'STOP_INSPECTION']",45.0,75.0,REGIME_E_SURFACE_BIASED,FB1_Fixed_Random,25
bench_REGIME_E_SURFACE_BIASED_025,FB2_Depth_Stratified,potato,SURFACE_BIASED,0.2,0.145,0.055,MARKDOWN,0.0,0.0,1.0,0.0,42.0,11.4,53.4,285.0,"{0: 0.03, 1: 0.03, 2: 0.2989, 3: 0.3384, 4: 0.286}",10,"['OBSERVE_STRATUM', 'REMOVE_LAYER', 'OBSERVE_STRATUM', 'REMOVE_LAYER', 'OBSERVE_STRATUM', 'REMOVE_LAYER', 'OBSERVE_STRATUM', 'REMOVE_LAYER', 'OBSERVE_STRATUM', 'STOP_INSPECTION']",42.0,85.0,REGIME_E_SURFACE_BIASED,FB2_Depth_Stratified,25
bench_REGIME_E_SURFACE_BIASED_025,FB3_Macro_Myopic_VOI,potato,SURFACE_BIASED,0.2,0.1127,0.0873,MARKDOWN,0.0,0.0,1.0,0.0,2.0,0.2,2.2,5.0,"{0: 0.03, 1: 0.03, 2: 0.2989, 3: 0.3384, 4: 0.286}",2,"['OBSERVE_STRATUM', 'STOP_INSPECTION']",2.0,5.0,REGIME_E_SURFACE_BIASED,FB3_Macro_Myopic_VOI,25
bench_REGIME_E_SURFACE_BIASED_025,FB5_State_Blind_Lookahead,potato,SURFACE_BIASED,0.2,0.116,0.084,MARKDOWN,0.0,0.0,1.0,0.0,6.0,4.8,10.8,120.0,"{0: 0.03, 1: 0.03, 2: 0.2989, 3: 0.3384, 4: 0.286}",12,"['WAIT_SETTLE', 'WAIT_SETTLE', 'WAIT_SETTLE', 'WAIT_SETTLE', 'WAIT_SETTLE', 'WAIT_SETTLE', 'WAIT_SETTLE', 'WAIT_SETTLE', 'WAIT_SETTLE', 'WAIT_SETTLE', 'WAIT_SETTLE', 'WAIT_SETTLE']",6.0,120.0,REGIME_E_SURFACE_BIASED,FB5_State_Blind,25
bench_REGIME_E_SURFACE_BIASED_025,FB6_Additive_Cost_Planner,potato,SURFACE_BIASED,0.2,0.116,0.084,MARKDOWN,0.0,0.0,1.0,0.0,6.0,4.8,10.8,120.0,"{0: 0.03, 1: 0.03, 2: 0.2989, 3: 0.3384, 4: 0.286}",12,"['WAIT_SETTLE', 'WAIT_SETTLE', 'WAIT_SETTLE', 'WAIT_SETTLE', 'WAIT_SETTLE', 'WAIT_SETTLE', 'WAIT_SETTLE', 'WAIT_SETTLE', 'WAIT_SETTLE', 'WAIT_SETTLE', 'WAIT_SETTLE', 'WAIT_SETTLE']",6.0,120.0,REGIME_E_SURFACE_BIASED,FB6_Additive_Cost,25
bench_REGIME_E_SURFACE_BIASED_025,FB7_Exposure_Aware_Planner,potato,SURFACE_BIASED,0.2,0.116,0.084,MARKDOWN,0.0,0.0,1.0,0.0,0.0,0.0,0.0,0.0,"{0: 0.03, 1: 0.03, 2: 0.2989, 3: 0.3384, 4: 0.286}",1,['STOP_INSPECTION'],0.0,0.0,REGIME_E_SURFACE_BIASED,FB7_Proposed,25
bench_REGIME_E_SURFACE_BIASED_026,FB0_Surface_Only,potato,SURFACE_BIASED,0.184,0.1101,0.0739,MARKDOWN,0.0,0.0,1.0,0.0,2.0,0.2,2.2,5.0,"{0: 0.03, 1: 0.03, 2: 0.3215, 3: 0.2533, 4: 0.2518}",2,"['OBSERVE_STRATUM', 'STOP_INSPECTION']",2.0,5.0,REGIME_E_SURFACE_BIASED,FB0_Surface_Only,26
bench_REGIME_E_SURFACE_BIASED_026,FB1_Fixed_Sampling,potato,SURFACE_BIASED,0.184,0.111,0.073,MARKDOWN,0.0,0.0,1.0,0.0,45.0,3.0,48.0,75.0,"{0: 0.03, 1: 0.03, 2: 0.3215, 3: 0.2533, 4: 0.2518}",4,"['SAMPLE_UNITS', 'SAMPLE_UNITS', 'SAMPLE_UNITS', 'STOP_INSPECTION']",45.0,75.0,REGIME_E_SURFACE_BIASED,FB1_Fixed_Random,26
bench_REGIME_E_SURFACE_BIASED_026,FB2_Depth_Stratified,potato,SURFACE_BIASED,0.184,0.144,0.04,MARKDOWN,0.0,0.0,1.0,0.0,42.0,11.4,53.4,285.0,"{0: 0.03, 1: 0.03, 2: 0.3215, 3: 0.2533, 4: 0.2518}",10,"['OBSERVE_STRATUM', 'REMOVE_LAYER', 'OBSERVE_STRATUM', 'REMOVE_LAYER', 'OBSERVE_STRATUM', 'REMOVE_LAYER', 'OBSERVE_STRATUM', 'REMOVE_LAYER', 'OBSERVE_STRATUM', 'STOP_INSPECTION']",42.0,85.0,REGIME_E_SURFACE_BIASED,FB2_Depth_Stratified,26
bench_REGIME_E_SURFACE_BIASED_026,FB3_Macro_Myopic_VOI,potato,SURFACE_BIASED,0.184,0.1116,0.0724,MARKDOWN,0.0,0.0,1.0,0.0,2.0,0.2,2.2,5.0,"{0: 0.03, 1: 0.03, 2: 0.3215, 3: 0.2533, 4: 0.2518}",2,"['OBSERVE_STRATUM', 'STOP_INSPECTION']",2.0,5.0,REGIME_E_SURFACE_BIASED,FB3_Macro_Myopic_VOI,26
bench_REGIME_E_SURFACE_BIASED_026,FB5_State_Blind_Lookahead,potato,SURFACE_BIASED,0.184,0.116,0.068,MARKDOWN,0.0,0.0,1.0,0.0,6.0,4.8,10.8,120.0,"{0: 0.03, 1: 0.03, 2: 0.3215, 3: 0.2533, 4: 0.2518}",12,"['WAIT_SETTLE', 'WAIT_SETTLE', 'WAIT_SETTLE', 'WAIT_SETTLE', 'WAIT_SETTLE', 'WAIT_SETTLE', 'WAIT_SETTLE', 'WAIT_SETTLE', 'WAIT_SETTLE', 'WAIT_SETTLE', 'WAIT_SETTLE', 'WAIT_SETTLE']",6.0,120.0,REGIME_E_SURFACE_BIASED,FB5_State_Blind,26
bench_REGIME_E_SURFACE_BIASED_026,FB6_Additive_Cost_Planner,potato,SURFACE_BIASED,0.184,0.116,0.068,MARKDOWN,0.0,0.0,1.0,0.0,6.0,4.8,10.8,120.0,"{0: 0.03, 1: 0.03, 2: 0.3215, 3: 0.2533, 4: 0.2518}",12,"['WAIT_SETTLE', 'WAIT_SETTLE', 'WAIT_SETTLE', 'WAIT_SETTLE', 'WAIT_SETTLE', 'WAIT_SETTLE', 'WAIT_SETTLE', 'WAIT_SETTLE', 'WAIT_SETTLE', 'WAIT_SETTLE', 'WAIT_SETTLE', 'WAIT_SETTLE']",6.0,120.0,REGIME_E_SURFACE_BIASED,FB6_Additive_Cost,26
bench_REGIME_E_SURFACE_BIASED_026,FB7_Exposure_Aware_Planner,potato,SURFACE_BIASED,0.184,0.116,0.068,MARKDOWN,0.0,0.0,1.0,0.0,0.0,0.0,0.0,0.0,"{0: 0.03, 1: 0.03, 2: 0.3215, 3: 0.2533, 4: 0.2518}",1,['STOP_INSPECTION'],0.0,0.0,REGIME_E_SURFACE_BIASED,FB7_Proposed,26
bench_REGIME_E_SURFACE_BIASED_027,FB0_Surface_Only,potato,SURFACE_BIASED,0.176,0.1144,0.0616,MARKDOWN,0.0,0.0,1.0,0.0,2.0,0.2,2.2,5.0,"{0: 0.03, 1: 0.03, 2: 0.2705, 3: 0.266, 4: 0.2507}",2,"['OBSERVE_STRATUM', 'STOP_INSPECTION']",2.0,5.0,REGIME_E_SURFACE_BIASED,FB0_Surface_Only,27
bench_REGIME_E_SURFACE_BIASED_027,FB1_Fixed_Sampling,potato,SURFACE_BIASED,0.176,0.1086,0.0674,MARKDOWN,0.0,0.0,1.0,0.0,45.0,3.0,48.0,75.0,"{0: 0.03, 1: 0.03, 2: 0.2705, 3: 0.266, 4: 0.2507}",4,"['SAMPLE_UNITS', 'SAMPLE_UNITS', 'SAMPLE_UNITS', 'STOP_INSPECTION']",45.0,75.0,REGIME_E_SURFACE_BIASED,FB1_Fixed_Random,27
bench_REGIME_E_SURFACE_BIASED_027,FB2_Depth_Stratified,potato,SURFACE_BIASED,0.176,0.1379,0.0381,MARKDOWN,0.0,0.0,1.0,0.0,42.0,11.4,53.4,285.0,"{0: 0.03, 1: 0.03, 2: 0.2705, 3: 0.266, 4: 0.2507}",10,"['OBSERVE_STRATUM', 'REMOVE_LAYER', 'OBSERVE_STRATUM', 'REMOVE_LAYER', 'OBSERVE_STRATUM', 'REMOVE_LAYER', 'OBSERVE_STRATUM', 'REMOVE_LAYER', 'OBSERVE_STRATUM', 'STOP_INSPECTION']",42.0,85.0,REGIME_E_SURFACE_BIASED,FB2_Depth_Stratified,27
bench_REGIME_E_SURFACE_BIASED_027,FB3_Macro_Myopic_VOI,potato,SURFACE_BIASED,0.176,0.1095,0.0665,MARKDOWN,0.0,0.0,1.0,0.0,2.0,0.2,2.2,5.0,"{0: 0.03, 1: 0.03, 2: 0.2705, 3: 0.266, 4: 0.2507}",2,"['OBSERVE_STRATUM', 'STOP_INSPECTION']",2.0,5.0,REGIME_E_SURFACE_BIASED,FB3_Macro_Myopic_VOI,27
bench_REGIME_E_SURFACE_BIASED_027,FB5_State_Blind_Lookahead,potato,SURFACE_BIASED,0.176,0.116,0.06,MARKDOWN,0.0,0.0,1.0,0.0,6.0,4.8,10.8,120.0,"{0: 0.03, 1: 0.03, 2: 0.2705, 3: 0.266, 4: 0.2507}",12,"['WAIT_SETTLE', 'WAIT_SETTLE', 'WAIT_SETTLE', 'WAIT_SETTLE', 'WAIT_SETTLE', 'WAIT_SETTLE', 'WAIT_SETTLE', 'WAIT_SETTLE', 'WAIT_SETTLE', 'WAIT_SETTLE', 'WAIT_SETTLE', 'WAIT_SETTLE']",6.0,120.0,REGIME_E_SURFACE_BIASED,FB5_State_Blind,27
bench_REGIME_E_SURFACE_BIASED_027,FB6_Additive_Cost_Planner,potato,SURFACE_BIASED,0.176,0.116,0.06,MARKDOWN,0.0,0.0,1.0,0.0,6.0,4.8,10.8,120.0,"{0: 0.03, 1: 0.03, 2: 0.2705, 3: 0.266, 4: 0.2507}",12,"['WAIT_SETTLE', 'WAIT_SETTLE', 'WAIT_SETTLE', 'WAIT_SETTLE', 'WAIT_SETTLE', 'WAIT_SETTLE', 'WAIT_SETTLE', 'WAIT_SETTLE', 'WAIT_SETTLE', 'WAIT_SETTLE', 'WAIT_SETTLE', 'WAIT_SETTLE']",6.0,120.0,REGIME_E_SURFACE_BIASED,FB6_Additive_Cost,27
bench_REGIME_E_SURFACE_BIASED_027,FB7_Exposure_Aware_Planner,potato,SURFACE_BIASED,0.176,0.116,0.06,MARKDOWN,0.0,0.0,1.0,0.0,0.0,0.0,0.0,0.0,"{0: 0.03, 1: 0.03, 2: 0.2705, 3: 0.266, 4: 0.2507}",1,['STOP_INSPECTION'],0.0,0.0,REGIME_E_SURFACE_BIASED,FB7_Proposed,27
bench_REGIME_E_SURFACE_BIASED_028,FB0_Surface_Only,potato,SURFACE_BIASED,0.196,0.1152,0.0808,MARKDOWN,0.0,0.0,1.0,0.0,2.0,0.2,2.2,5.0,"{0: 0.03, 1: 0.03, 2: 0.331, 3: 0.2465, 4: 0.3297}",2,"['OBSERVE_STRATUM', 'STOP_INSPECTION']",2.0,5.0,REGIME_E_SURFACE_BIASED,FB0_Surface_Only,28
bench_REGIME_E_SURFACE_BIASED_028,FB1_Fixed_Sampling,potato,SURFACE_BIASED,0.196,0.1077,0.0883,MARKDOWN,0.0,0.0,1.0,0.0,45.0,3.0,48.0,75.0,"{0: 0.03, 1: 0.03, 2: 0.331, 3: 0.2465, 4: 0.3297}",4,"['SAMPLE_UNITS', 'SAMPLE_UNITS', 'SAMPLE_UNITS', 'STOP_INSPECTION']",45.0,75.0,REGIME_E_SURFACE_BIASED,FB1_Fixed_Random,28
bench_REGIME_E_SURFACE_BIASED_028,FB2_Depth_Stratified,potato,SURFACE_BIASED,0.196,0.1438,0.0522,MARKDOWN,0.0,0.0,1.0,0.0,42.0,11.4,53.4,285.0,"{0: 0.03, 1: 0.03, 2: 0.331, 3: 0.2465, 4: 0.3297}",10,"['OBSERVE_STRATUM', 'REMOVE_LAYER', 'OBSERVE_STRATUM', 'REMOVE_LAYER', 'OBSERVE_STRATUM', 'REMOVE_LAYER', 'OBSERVE_STRATUM', 'REMOVE_LAYER', 'OBSERVE_STRATUM', 'STOP_INSPECTION']",42.0,85.0,REGIME_E_SURFACE_BIASED,FB2_Depth_Stratified,28
bench_REGIME_E_SURFACE_BIASED_028,FB3_Macro_Myopic_VOI,potato,SURFACE_BIASED,0.196,0.1104,0.0856,MARKDOWN,0.0,0.0,1.0,0.0,2.0,0.2,2.2,5.0,"{0: 0.03, 1: 0.03, 2: 0.331, 3: 0.2465, 4: 0.3297}",2,"['OBSERVE_STRATUM', 'STOP_INSPECTION']",2.0,5.0,REGIME_E_SURFACE_BIASED,FB3_Macro_Myopic_VOI,28
bench_REGIME_E_SURFACE_BIASED_028,FB5_State_Blind_Lookahead,potato,SURFACE_BIASED,0.196,0.116,0.08,MARKDOWN,0.0,0.0,1.0,0.0,6.0,4.8,10.8,120.0,"{0: 0.03, 1: 0.03, 2: 0.331, 3: 0.2465, 4: 0.3297}",12,"['WAIT_SETTLE', 'WAIT_SETTLE', 'WAIT_SETTLE', 'WAIT_SETTLE', 'WAIT_SETTLE', 'WAIT_SETTLE', 'WAIT_SETTLE', 'WAIT_SETTLE', 'WAIT_SETTLE', 'WAIT_SETTLE', 'WAIT_SETTLE', 'WAIT_SETTLE']",6.0,120.0,REGIME_E_SURFACE_BIASED,FB5_State_Blind,28
bench_REGIME_E_SURFACE_BIASED_028,FB6_Additive_Cost_Planner,potato,SURFACE_BIASED,0.196,0.116,0.08,MARKDOWN,0.0,0.0,1.0,0.0,6.0,4.8,10.8,120.0,"{0: 0.03, 1: 0.03, 2: 0.331, 3: 0.2465, 4: 0.3297}",12,"['WAIT_SETTLE', 'WAIT_SETTLE', 'WAIT_SETTLE', 'WAIT_SETTLE', 'WAIT_SETTLE', 'WAIT_SETTLE', 'WAIT_SETTLE', 'WAIT_SETTLE', 'WAIT_SETTLE', 'WAIT_SETTLE', 'WAIT_SETTLE', 'WAIT_SETTLE']",6.0,120.0,REGIME_E_SURFACE_BIASED,FB6_Additive_Cost,28
bench_REGIME_E_SURFACE_BIASED_028,FB7_Exposure_Aware_Planner,potato,SURFACE_BIASED,0.196,0.116,0.08,MARKDOWN,0.0,0.0,1.0,0.0,0.0,0.0,0.0,0.0,"{0: 0.03, 1: 0.03, 2: 0.331, 3: 0.2465, 4: 0.3297}",1,['STOP_INSPECTION'],0.0,0.0,REGIME_E_SURFACE_BIASED,FB7_Proposed,28
bench_REGIME_E_SURFACE_BIASED_029,FB0_Surface_Only,potato,SURFACE_BIASED,0.148,0.1134,0.0346,MARKDOWN,0.0,0.0,1.0,0.0,2.0,0.2,2.2,5.0,"{0: 0.03, 1: 0.03, 2: 0.2056, 3: 0.2249, 4: 0.2415}",2,"['OBSERVE_STRATUM', 'STOP_INSPECTION']",2.0,5.0,REGIME_E_SURFACE_BIASED,FB0_Surface_Only,29
bench_REGIME_E_SURFACE_BIASED_029,FB1_Fixed_Sampling,potato,SURFACE_BIASED,0.148,0.1068,0.0412,MARKDOWN,0.0,0.0,1.0,0.0,45.0,3.0,48.0,75.0,"{0: 0.03, 1: 0.03, 2: 0.2056, 3: 0.2249, 4: 0.2415}",4,"['SAMPLE_UNITS', 'SAMPLE_UNITS', 'SAMPLE_UNITS', 'STOP_INSPECTION']",45.0,75.0,REGIME_E_SURFACE_BIASED,FB1_Fixed_Random,29
bench_REGIME_E_SURFACE_BIASED_029,FB2_Depth_Stratified,potato,SURFACE_BIASED,0.148,0.128,0.02,MARKDOWN,0.0,0.0,1.0,0.0,42.0,11.4,53.4,285.0,"{0: 0.03, 1: 0.03, 2: 0.2056, 3: 0.2249, 4: 0.2415}",10,"['OBSERVE_STRATUM', 'REMOVE_LAYER', 'OBSERVE_STRATUM', 'REMOVE_LAYER', 'OBSERVE_STRATUM', 'REMOVE_LAYER', 'OBSERVE_STRATUM', 'REMOVE_LAYER', 'OBSERVE_STRATUM', 'STOP_INSPECTION']",42.0,85.0,REGIME_E_SURFACE_BIASED,FB2_Depth_Stratified,29
bench_REGIME_E_SURFACE_BIASED_029,FB3_Macro_Myopic_VOI,potato,SURFACE_BIASED,0.148,0.1146,0.0334,MARKDOWN,0.0,0.0,1.0,0.0,2.0,0.2,2.2,5.0,"{0: 0.03, 1: 0.03, 2: 0.2056, 3: 0.2249, 4: 0.2415}",2,"['OBSERVE_STRATUM', 'STOP_INSPECTION']",2.0,5.0,REGIME_E_SURFACE_BIASED,FB3_Macro_Myopic_VOI,29
bench_REGIME_E_SURFACE_BIASED_029,FB5_State_Blind_Lookahead,potato,SURFACE_BIASED,0.148,0.116,0.032,MARKDOWN,0.0,0.0,1.0,0.0,6.0,4.8,10.8,120.0,"{0: 0.03, 1: 0.03, 2: 0.2056, 3: 0.2249, 4: 0.2415}",12,"['WAIT_SETTLE', 'WAIT_SETTLE', 'WAIT_SETTLE', 'WAIT_SETTLE', 'WAIT_SETTLE', 'WAIT_SETTLE', 'WAIT_SETTLE', 'WAIT_SETTLE', 'WAIT_SETTLE', 'WAIT_SETTLE', 'WAIT_SETTLE', 'WAIT_SETTLE']",6.0,120.0,REGIME_E_SURFACE_BIASED,FB5_State_Blind,29
bench_REGIME_E_SURFACE_BIASED_029,FB6_Additive_Cost_Planner,potato,SURFACE_BIASED,0.148,0.116,0.032,MARKDOWN,0.0,0.0,1.0,0.0,6.0,4.8,10.8,120.0,"{0: 0.03, 1: 0.03, 2: 0.2056, 3: 0.2249, 4: 0.2415}",12,"['WAIT_SETTLE', 'WAIT_SETTLE', 'WAIT_SETTLE', 'WAIT_SETTLE', 'WAIT_SETTLE', 'WAIT_SETTLE', 'WAIT_SETTLE', 'WAIT_SETTLE', 'WAIT_SETTLE', 'WAIT_SETTLE', 'WAIT_SETTLE', 'WAIT_SETTLE']",6.0,120.0,REGIME_E_SURFACE_BIASED,FB6_Additive_Cost,29
bench_REGIME_E_SURFACE_BIASED_029,FB7_Exposure_Aware_Planner,potato,SURFACE_BIASED,0.148,0.116,0.032,MARKDOWN,0.0,0.0,1.0,0.0,0.0,0.0,0.0,0.0,"{0: 0.03, 1: 0.03, 2: 0.2056, 3: 0.2249, 4: 0.2415}",1,['STOP_INSPECTION'],0.0,0.0,REGIME_E_SURFACE_BIASED,FB7_Proposed,29
bench_REGIME_E_SURFACE_BIASED_030,FB0_Surface_Only,potato,SURFACE_BIASED,0.188,0.1105,0.0775,MARKDOWN,0.0,0.0,1.0,0.0,2.0,0.2,2.2,5.0,"{0: 0.03, 1: 0.03, 2: 0.3395, 3: 0.2963, 4: 0.2206}",2,"['OBSERVE_STRATUM', 'STOP_INSPECTION']",2.0,5.0,REGIME_E_SURFACE_BIASED,FB0_Surface_Only,30
bench_REGIME_E_SURFACE_BIASED_030,FB1_Fixed_Sampling,potato,SURFACE_BIASED,0.188,0.1137,0.0743,MARKDOWN,0.0,0.0,1.0,0.0,45.0,3.0,48.0,75.0,"{0: 0.03, 1: 0.03, 2: 0.3395, 3: 0.2963, 4: 0.2206}",4,"['SAMPLE_UNITS', 'SAMPLE_UNITS', 'SAMPLE_UNITS', 'STOP_INSPECTION']",45.0,75.0,REGIME_E_SURFACE_BIASED,FB1_Fixed_Random,30
bench_REGIME_E_SURFACE_BIASED_030,FB2_Depth_Stratified,potato,SURFACE_BIASED,0.188,0.1359,0.0521,MARKDOWN,0.0,0.0,1.0,0.0,42.0,11.4,53.4,285.0,"{0: 0.03, 1: 0.03, 2: 0.3395, 3: 0.2963, 4: 0.2206}",10,"['OBSERVE_STRATUM', 'REMOVE_LAYER', 'OBSERVE_STRATUM', 'REMOVE_LAYER', 'OBSERVE_STRATUM', 'REMOVE_LAYER', 'OBSERVE_STRATUM', 'REMOVE_LAYER', 'OBSERVE_STRATUM', 'STOP_INSPECTION']",42.0,85.0,REGIME_E_SURFACE_BIASED,FB2_Depth_Stratified,30
bench_REGIME_E_SURFACE_BIASED_030,FB3_Macro_Myopic_VOI,potato,SURFACE_BIASED,0.188,0.1146,0.0734,MARKDOWN,0.0,0.0,1.0,0.0,2.0,0.2,2.2,5.0,"{0: 0.03, 1: 0.03, 2: 0.3395, 3: 0.2963, 4: 0.2206}",2,"['OBSERVE_STRATUM', 'STOP_INSPECTION']",2.0,5.0,REGIME_E_SURFACE_BIASED,FB3_Macro_Myopic_VOI,30
bench_REGIME_E_SURFACE_BIASED_030,FB5_State_Blind_Lookahead,potato,SURFACE_BIASED,0.188,0.116,0.072,MARKDOWN,0.0,0.0,1.0,0.0,6.0,4.8,10.8,120.0,"{0: 0.03, 1: 0.03, 2: 0.3395, 3: 0.2963, 4: 0.2206}",12,"['WAIT_SETTLE', 'WAIT_SETTLE', 'WAIT_SETTLE', 'WAIT_SETTLE', 'WAIT_SETTLE', 'WAIT_SETTLE', 'WAIT_SETTLE', 'WAIT_SETTLE', 'WAIT_SETTLE', 'WAIT_SETTLE', 'WAIT_SETTLE', 'WAIT_SETTLE']",6.0,120.0,REGIME_E_SURFACE_BIASED,FB5_State_Blind,30
bench_REGIME_E_SURFACE_BIASED_030,FB6_Additive_Cost_Planner,potato,SURFACE_BIASED,0.188,0.116,0.072,MARKDOWN,0.0,0.0,1.0,0.0,6.0,4.8,10.8,120.0,"{0: 0.03, 1: 0.03, 2: 0.3395, 3: 0.2963, 4: 0.2206}",12,"['WAIT_SETTLE', 'WAIT_SETTLE', 'WAIT_SETTLE', 'WAIT_SETTLE', 'WAIT_SETTLE', 'WAIT_SETTLE', 'WAIT_SETTLE', 'WAIT_SETTLE', 'WAIT_SETTLE', 'WAIT_SETTLE', 'WAIT_SETTLE', 'WAIT_SETTLE']",6.0,120.0,REGIME_E_SURFACE_BIASED,FB6_Additive_Cost,30
bench_REGIME_E_SURFACE_BIASED_030,FB7_Exposure_Aware_Planner,potato,SURFACE_BIASED,0.188,0.116,0.072,MARKDOWN,0.0,0.0,1.0,0.0,0.0,0.0,0.0,0.0,"{0: 0.03, 1: 0.03, 2: 0.3395, 3: 0.2963, 4: 0.2206}",1,['STOP_INSPECTION'],0.0,0.0,REGIME_E_SURFACE_BIASED,FB7_Proposed,30
bench_REGIME_E_SURFACE_BIASED_031,FB0_Surface_Only,potato,SURFACE_BIASED,0.16,0.1135,0.0465,MARKDOWN,0.0,0.0,1.0,0.0,2.0,0.2,2.2,5.0,"{0: 0.03, 1: 0.03, 2: 0.2264, 3: 0.2892, 4: 0.227}",2,"['OBSERVE_STRATUM', 'STOP_INSPECTION']",2.0,5.0,REGIME_E_SURFACE_BIASED,FB0_Surface_Only,31
bench_REGIME_E_SURFACE_BIASED_031,FB1_Fixed_Sampling,potato,SURFACE_BIASED,0.16,0.1086,0.0514,MARKDOWN,0.0,0.0,1.0,0.0,45.0,3.0,48.0,75.0,"{0: 0.03, 1: 0.03, 2: 0.2264, 3: 0.2892, 4: 0.227}",4,"['SAMPLE_UNITS', 'SAMPLE_UNITS', 'SAMPLE_UNITS', 'STOP_INSPECTION']",45.0,75.0,REGIME_E_SURFACE_BIASED,FB1_Fixed_Random,31
bench_REGIME_E_SURFACE_BIASED_031,FB2_Depth_Stratified,potato,SURFACE_BIASED,0.16,0.1296,0.0304,MARKDOWN,0.0,0.0,1.0,0.0,42.0,11.4,53.4,285.0,"{0: 0.03, 1: 0.03, 2: 0.2264, 3: 0.2892, 4: 0.227}",10,"['OBSERVE_STRATUM', 'REMOVE_LAYER', 'OBSERVE_STRATUM', 'REMOVE_LAYER', 'OBSERVE_STRATUM', 'REMOVE_LAYER', 'OBSERVE_STRATUM', 'REMOVE_LAYER', 'OBSERVE_STRATUM', 'STOP_INSPECTION']",42.0,85.0,REGIME_E_SURFACE_BIASED,FB2_Depth_Stratified,31
bench_REGIME_E_SURFACE_BIASED_031,FB3_Macro_Myopic_VOI,potato,SURFACE_BIASED,0.16,0.1119,0.0481,MARKDOWN,0.0,0.0,1.0,0.0,2.0,0.2,2.2,5.0,"{0: 0.03, 1: 0.03, 2: 0.2264, 3: 0.2892, 4: 0.227}",2,"['OBSERVE_STRATUM', 'STOP_INSPECTION']",2.0,5.0,REGIME_E_SURFACE_BIASED,FB3_Macro_Myopic_VOI,31
bench_REGIME_E_SURFACE_BIASED_031,FB5_State_Blind_Lookahead,potato,SURFACE_BIASED,0.16,0.116,0.044,MARKDOWN,0.0,0.0,1.0,0.0,6.0,4.8,10.8,120.0,"{0: 0.03, 1: 0.03, 2: 0.2264, 3: 0.2892, 4: 0.227}",12,"['WAIT_SETTLE', 'WAIT_SETTLE', 'WAIT_SETTLE', 'WAIT_SETTLE', 'WAIT_SETTLE', 'WAIT_SETTLE', 'WAIT_SETTLE', 'WAIT_SETTLE', 'WAIT_SETTLE', 'WAIT_SETTLE', 'WAIT_SETTLE', 'WAIT_SETTLE']",6.0,120.0,REGIME_E_SURFACE_BIASED,FB5_State_Blind,31
bench_REGIME_E_SURFACE_BIASED_031,FB6_Additive_Cost_Planner,potato,SURFACE_BIASED,0.16,0.116,0.044,MARKDOWN,0.0,0.0,1.0,0.0,6.0,4.8,10.8,120.0,"{0: 0.03, 1: 0.03, 2: 0.2264, 3: 0.2892, 4: 0.227}",12,"['WAIT_SETTLE', 'WAIT_SETTLE', 'WAIT_SETTLE', 'WAIT_SETTLE', 'WAIT_SETTLE', 'WAIT_SETTLE', 'WAIT_SETTLE', 'WAIT_SETTLE', 'WAIT_SETTLE', 'WAIT_SETTLE', 'WAIT_SETTLE', 'WAIT_SETTLE']",6.0,120.0,REGIME_E_SURFACE_BIASED,FB6_Additive_Cost,31
bench_REGIME_E_SURFACE_BIASED_031,FB7_Exposure_Aware_Planner,potato,SURFACE_BIASED,0.16,0.116,0.044,MARKDOWN,0.0,0.0,1.0,0.0,0.0,0.0,0.0,0.0,"{0: 0.03, 1: 0.03, 2: 0.2264, 3: 0.2892, 4: 0.227}",1,['STOP_INSPECTION'],0.0,0.0,REGIME_E_SURFACE_BIASED,FB7_Proposed,31
bench_REGIME_E_SURFACE_BIASED_032,FB0_Surface_Only,potato,SURFACE_BIASED,0.192,0.1118,0.0802,MARKDOWN,0.0,0.0,1.0,0.0,2.0,0.2,2.2,5.0,"{0: 0.03, 1: 0.03, 2: 0.2709, 3: 0.3224, 4: 0.2725}",2,"['OBSERVE_STRATUM', 'STOP_INSPECTION']",2.0,5.0,REGIME_E_SURFACE_BIASED,FB0_Surface_Only,32
bench_REGIME_E_SURFACE_BIASED_032,FB1_Fixed_Sampling,potato,SURFACE_BIASED,0.192,0.1058,0.0862,MARKDOWN,0.0,0.0,1.0,0.0,45.0,3.0,48.0,75.0,"{0: 0.03, 1: 0.03, 2: 0.2709, 3: 0.3224, 4: 0.2725}",4,"['SAMPLE_UNITS', 'SAMPLE_UNITS', 'SAMPLE_UNITS', 'STOP_INSPECTION']",45.0,75.0,REGIME_E_SURFACE_BIASED,FB1_Fixed_Random,32
bench_REGIME_E_SURFACE_BIASED_032,FB2_Depth_Stratified,potato,SURFACE_BIASED,0.192,0.1384,0.0536,MARKDOWN,0.0,0.0,1.0,0.0,42.0,11.4,53.4,285.0,"{0: 0.03, 1: 0.03, 2: 0.2709, 3: 0.3224, 4: 0.2725}",10,"['OBSERVE_STRATUM', 'REMOVE_LAYER', 'OBSERVE_STRATUM', 'REMOVE_LAYER', 'OBSERVE_STRATUM', 'REMOVE_LAYER', 'OBSERVE_STRATUM', 'REMOVE_LAYER', 'OBSERVE_STRATUM', 'STOP_INSPECTION']",42.0,85.0,REGIME_E_SURFACE_BIASED,FB2_Depth_Stratified,32
bench_REGIME_E_SURFACE_BIASED_032,FB3_Macro_Myopic_VOI,potato,SURFACE_BIASED,0.192,0.1092,0.0828,MARKDOWN,0.0,0.0,1.0,0.0,2.0,0.2,2.2,5.0,"{0: 0.03, 1: 0.03, 2: 0.2709, 3: 0.3224, 4: 0.2725}",2,"['OBSERVE_STRATUM', 'STOP_INSPECTION']",2.0,5.0,REGIME_E_SURFACE_BIASED,FB3_Macro_Myopic_VOI,32
bench_REGIME_E_SURFACE_BIASED_032,FB5_State_Blind_Lookahead,potato,SURFACE_BIASED,0.192,0.116,0.076,MARKDOWN,0.0,0.0,1.0,0.0,6.0,4.8,10.8,120.0,"{0: 0.03, 1: 0.03, 2: 0.2709, 3: 0.3224, 4: 0.2725}",12,"['WAIT_SETTLE', 'WAIT_SETTLE', 'WAIT_SETTLE', 'WAIT_SETTLE', 'WAIT_SETTLE', 'WAIT_SETTLE', 'WAIT_SETTLE', 'WAIT_SETTLE', 'WAIT_SETTLE', 'WAIT_SETTLE', 'WAIT_SETTLE', 'WAIT_SETTLE']",6.0,120.0,REGIME_E_SURFACE_BIASED,FB5_State_Blind,32
bench_REGIME_E_SURFACE_BIASED_032,FB6_Additive_Cost_Planner,potato,SURFACE_BIASED,0.192,0.116,0.076,MARKDOWN,0.0,0.0,1.0,0.0,6.0,4.8,10.8,120.0,"{0: 0.03, 1: 0.03, 2: 0.2709, 3: 0.3224, 4: 0.2725}",12,"['WAIT_SETTLE', 'WAIT_SETTLE', 'WAIT_SETTLE', 'WAIT_SETTLE', 'WAIT_SETTLE', 'WAIT_SETTLE', 'WAIT_SETTLE', 'WAIT_SETTLE', 'WAIT_SETTLE', 'WAIT_SETTLE', 'WAIT_SETTLE', 'WAIT_SETTLE']",6.0,120.0,REGIME_E_SURFACE_BIASED,FB6_Additive_Cost,32
bench_REGIME_E_SURFACE_BIASED_032,FB7_Exposure_Aware_Planner,potato,SURFACE_BIASED,0.192,0.116,0.076,MARKDOWN,0.0,0.0,1.0,0.0,0.0,0.0,0.0,0.0,"{0: 0.03, 1: 0.03, 2: 0.2709, 3: 0.3224, 4: 0.2725}",1,['STOP_INSPECTION'],0.0,0.0,REGIME_E_SURFACE_BIASED,FB7_Proposed,32
bench_REGIME_E_SURFACE_BIASED_033,FB0_Surface_Only,potato,SURFACE_BIASED,0.176,0.1132,0.0628,MARKDOWN,0.0,0.0,1.0,0.0,2.0,0.2,2.2,5.0,"{0: 0.03, 1: 0.03, 2: 0.2629, 3: 0.3252, 4: 0.2125}",2,"['OBSERVE_STRATUM', 'STOP_INSPECTION']",2.0,5.0,REGIME_E_SURFACE_BIASED,FB0_Surface_Only,33
bench_REGIME_E_SURFACE_BIASED_033,FB1_Fixed_Sampling,potato,SURFACE_BIASED,0.176,0.1071,0.0689,MARKDOWN,0.0,0.0,1.0,0.0,45.0,3.0,48.0,75.0,"{0: 0.03, 1: 0.03, 2: 0.2629, 3: 0.3252, 4: 0.2125}",4,"['SAMPLE_UNITS', 'SAMPLE_UNITS', 'SAMPLE_UNITS', 'STOP_INSPECTION']",45.0,75.0,REGIME_E_SURFACE_BIASED,FB1_Fixed_Random,33
bench_REGIME_E_SURFACE_BIASED_033,FB2_Depth_Stratified,potato,SURFACE_BIASED,0.176,0.1341,0.0419,MARKDOWN,0.0,0.0,1.0,0.0,42.0,11.4,53.4,285.0,"{0: 0.03, 1: 0.03, 2: 0.2629, 3: 0.3252, 4: 0.2125}",10,"['OBSERVE_STRATUM', 'REMOVE_LAYER', 'OBSERVE_STRATUM', 'REMOVE_LAYER', 'OBSERVE_STRATUM', 'REMOVE_LAYER', 'OBSERVE_STRATUM', 'REMOVE_LAYER', 'OBSERVE_STRATUM', 'STOP_INSPECTION']",42.0,85.0,REGIME_E_SURFACE_BIASED,FB2_Depth_Stratified,33
bench_REGIME_E_SURFACE_BIASED_033,FB3_Macro_Myopic_VOI,potato,SURFACE_BIASED,0.176,0.1131,0.0629,MARKDOWN,0.0,0.0,1.0,0.0,2.0,0.2,2.2,5.0,"{0: 0.03, 1: 0.03, 2: 0.2629, 3: 0.3252, 4: 0.2125}",2,"['OBSERVE_STRATUM', 'STOP_INSPECTION']",2.0,5.0,REGIME_E_SURFACE_BIASED,FB3_Macro_Myopic_VOI,33
bench_REGIME_E_SURFACE_BIASED_033,FB5_State_Blind_Lookahead,potato,SURFACE_BIASED,0.176,0.116,0.06,MARKDOWN,0.0,0.0,1.0,0.0,6.0,4.8,10.8,120.0,"{0: 0.03, 1: 0.03, 2: 0.2629, 3: 0.3252, 4: 0.2125}",12,"['WAIT_SETTLE', 'WAIT_SETTLE', 'WAIT_SETTLE', 'WAIT_SETTLE', 'WAIT_SETTLE', 'WAIT_SETTLE', 'WAIT_SETTLE', 'WAIT_SETTLE', 'WAIT_SETTLE', 'WAIT_SETTLE', 'WAIT_SETTLE', 'WAIT_SETTLE']",6.0,120.0,REGIME_E_SURFACE_BIASED,FB5_State_Blind,33
bench_REGIME_E_SURFACE_BIASED_033,FB6_Additive_Cost_Planner,potato,SURFACE_BIASED,0.176,0.116,0.06,MARKDOWN,0.0,0.0,1.0,0.0,6.0,4.8,10.8,120.0,"{0: 0.03, 1: 0.03, 2: 0.2629, 3: 0.3252, 4: 0.2125}",12,"['WAIT_SETTLE', 'WAIT_SETTLE', 'WAIT_SETTLE', 'WAIT_SETTLE', 'WAIT_SETTLE', 'WAIT_SETTLE', 'WAIT_SETTLE', 'WAIT_SETTLE', 'WAIT_SETTLE', 'WAIT_SETTLE', 'WAIT_SETTLE', 'WAIT_SETTLE']",6.0,120.0,REGIME_E_SURFACE_BIASED,FB6_Additive_Cost,33
bench_REGIME_E_SURFACE_BIASED_033,FB7_Exposure_Aware_Planner,potato,SURFACE_BIASED,0.176,0.116,0.06,MARKDOWN,0.0,0.0,1.0,0.0,0.0,0.0,0.0,0.0,"{0: 0.03, 1: 0.03, 2: 0.2629, 3: 0.3252, 4: 0.2125}",1,['STOP_INSPECTION'],0.0,0.0,REGIME_E_SURFACE_BIASED,FB7_Proposed,33
bench_REGIME_E_SURFACE_BIASED_034,FB0_Surface_Only,potato,SURFACE_BIASED,0.176,0.1112,0.0648,MARKDOWN,0.0,0.0,1.0,0.0,2.0,0.2,2.2,5.0,"{0: 0.03, 1: 0.03, 2: 0.227, 3: 0.2338, 4: 0.3411}",2,"['OBSERVE_STRATUM', 'STOP_INSPECTION']",2.0,5.0,REGIME_E_SURFACE_BIASED,FB0_Surface_Only,34
bench_REGIME_E_SURFACE_BIASED_034,FB1_Fixed_Sampling,potato,SURFACE_BIASED,0.176,0.1094,0.0666,MARKDOWN,0.0,0.0,1.0,0.0,45.0,3.0,48.0,75.0,"{0: 0.03, 1: 0.03, 2: 0.227, 3: 0.2338, 4: 0.3411}",4,"['SAMPLE_UNITS', 'SAMPLE_UNITS', 'SAMPLE_UNITS', 'STOP_INSPECTION']",45.0,75.0,REGIME_E_SURFACE_BIASED,FB1_Fixed_Random,34
bench_REGIME_E_SURFACE_BIASED_034,FB2_Depth_Stratified,potato,SURFACE_BIASED,0.176,0.1314,0.0446,MARKDOWN,0.0,0.0,1.0,0.0,42.0,11.4,53.4,285.0,"{0: 0.03, 1: 0.03, 2: 0.227, 3: 0.2338, 4: 0.3411}",10,"['OBSERVE_STRATUM', 'REMOVE_LAYER', 'OBSERVE_STRATUM', 'REMOVE_LAYER', 'OBSERVE_STRATUM', 'REMOVE_LAYER', 'OBSERVE_STRATUM', 'REMOVE_LAYER', 'OBSERVE_STRATUM', 'STOP_INSPECTION']",42.0,85.0,REGIME_E_SURFACE_BIASED,FB2_Depth_Stratified,34
bench_REGIME_E_SURFACE_BIASED_034,FB3_Macro_Myopic_VOI,potato,SURFACE_BIASED,0.176,0.1107,0.0653,MARKDOWN,0.0,0.0,1.0,0.0,2.0,0.2,2.2,5.0,"{0: 0.03, 1: 0.03, 2: 0.227, 3: 0.2338, 4: 0.3411}",2,"['OBSERVE_STRATUM', 'STOP_INSPECTION']",2.0,5.0,REGIME_E_SURFACE_BIASED,FB3_Macro_Myopic_VOI,34
bench_REGIME_E_SURFACE_BIASED_034,FB5_State_Blind_Lookahead,potato,SURFACE_BIASED,0.176,0.116,0.06,MARKDOWN,0.0,0.0,1.0,0.0,6.0,4.8,10.8,120.0,"{0: 0.03, 1: 0.03, 2: 0.227, 3: 0.2338, 4: 0.3411}",12,"['WAIT_SETTLE', 'WAIT_SETTLE', 'WAIT_SETTLE', 'WAIT_SETTLE', 'WAIT_SETTLE', 'WAIT_SETTLE', 'WAIT_SETTLE', 'WAIT_SETTLE', 'WAIT_SETTLE', 'WAIT_SETTLE', 'WAIT_SETTLE', 'WAIT_SETTLE']",6.0,120.0,REGIME_E_SURFACE_BIASED,FB5_State_Blind,34
bench_REGIME_E_SURFACE_BIASED_034,FB6_Additive_Cost_Planner,potato,SURFACE_BIASED,0.176,0.116,0.06,MARKDOWN,0.0,0.0,1.0,0.0,6.0,4.8,10.8,120.0,"{0: 0.03, 1: 0.03, 2: 0.227, 3: 0.2338, 4: 0.3411}",12,"['WAIT_SETTLE', 'WAIT_SETTLE', 'WAIT_SETTLE', 'WAIT_SETTLE', 'WAIT_SETTLE', 'WAIT_SETTLE', 'WAIT_SETTLE', 'WAIT_SETTLE', 'WAIT_SETTLE', 'WAIT_SETTLE', 'WAIT_SETTLE', 'WAIT_SETTLE']",6.0,120.0,REGIME_E_SURFACE_BIASED,FB6_Additive_Cost,34
bench_REGIME_E_SURFACE_BIASED_034,FB7_Exposure_Aware_Planner,potato,SURFACE_BIASED,0.176,0.116,0.06,MARKDOWN,0.0,0.0,1.0,0.0,0.0,0.0,0.0,0.0,"{0: 0.03, 1: 0.03, 2: 0.227, 3: 0.2338, 4: 0.3411}",1,['STOP_INSPECTION'],0.0,0.0,REGIME_E_SURFACE_BIASED,FB7_Proposed,34
bench_REGIME_E_SURFACE_BIASED_035,FB0_Surface_Only,potato,SURFACE_BIASED,0.18,0.1094,0.0706,MARKDOWN,0.0,0.0,1.0,0.0,2.0,0.2,2.2,5.0,"{0: 0.03, 1: 0.03, 2: 0.3295, 3: 0.2044, 4: 0.2904}",2,"['OBSERVE_STRATUM', 'STOP_INSPECTION']",2.0,5.0,REGIME_E_SURFACE_BIASED,FB0_Surface_Only,35
bench_REGIME_E_SURFACE_BIASED_035,FB1_Fixed_Sampling,potato,SURFACE_BIASED,0.18,0.1108,0.0692,MARKDOWN,0.0,0.0,1.0,0.0,45.0,3.0,48.0,75.0,"{0: 0.03, 1: 0.03, 2: 0.3295, 3: 0.2044, 4: 0.2904}",4,"['SAMPLE_UNITS', 'SAMPLE_UNITS', 'SAMPLE_UNITS', 'STOP_INSPECTION']",45.0,75.0,REGIME_E_SURFACE_BIASED,FB1_Fixed_Random,35
bench_REGIME_E_SURFACE_BIASED_035,FB2_Depth_Stratified,potato,SURFACE_BIASED,0.18,0.144,0.036,MARKDOWN,0.0,0.0,1.0,0.0,42.0,11.4,53.4,285.0,"{0: 0.03, 1: 0.03, 2: 0.3295, 3: 0.2044, 4: 0.2904}",10,"['OBSERVE_STRATUM', 'REMOVE_LAYER', 'OBSERVE_STRATUM', 'REMOVE_LAYER', 'OBSERVE_STRATUM', 'REMOVE_LAYER', 'OBSERVE_STRATUM', 'REMOVE_LAYER', 'OBSERVE_STRATUM', 'STOP_INSPECTION']",42.0,85.0,REGIME_E_SURFACE_BIASED,FB2_Depth_Stratified,35
bench_REGIME_E_SURFACE_BIASED_035,FB3_Macro_Myopic_VOI,potato,SURFACE_BIASED,0.18,0.1107,0.0693,MARKDOWN,0.0,0.0,1.0,0.0,2.0,0.2,2.2,5.0,"{0: 0.03, 1: 0.03, 2: 0.3295, 3: 0.2044, 4: 0.2904}",2,"['OBSERVE_STRATUM', 'STOP_INSPECTION']",2.0,5.0,REGIME_E_SURFACE_BIASED,FB3_Macro_Myopic_VOI,35
bench_REGIME_E_SURFACE_BIASED_035,FB5_State_Blind_Lookahead,potato,SURFACE_BIASED,0.18,0.116,0.064,MARKDOWN,0.0,0.0,1.0,0.0,6.0,4.8,10.8,120.0,"{0: 0.03, 1: 0.03, 2: 0.3295, 3: 0.2044, 4: 0.2904}",12,"['WAIT_SETTLE', 'WAIT_SETTLE', 'WAIT_SETTLE', 'WAIT_SETTLE', 'WAIT_SETTLE', 'WAIT_SETTLE', 'WAIT_SETTLE', 'WAIT_SETTLE', 'WAIT_SETTLE', 'WAIT_SETTLE', 'WAIT_SETTLE', 'WAIT_SETTLE']",6.0,120.0,REGIME_E_SURFACE_BIASED,FB5_State_Blind,35
bench_REGIME_E_SURFACE_BIASED_035,FB6_Additive_Cost_Planner,potato,SURFACE_BIASED,0.18,0.116,0.064,MARKDOWN,0.0,0.0,1.0,0.0,6.0,4.8,10.8,120.0,"{0: 0.03, 1: 0.03, 2: 0.3295, 3: 0.2044, 4: 0.2904}",12,"['WAIT_SETTLE', 'WAIT_SETTLE', 'WAIT_SETTLE', 'WAIT_SETTLE', 'WAIT_SETTLE', 'WAIT_SETTLE', 'WAIT_SETTLE', 'WAIT_SETTLE', 'WAIT_SETTLE', 'WAIT_SETTLE', 'WAIT_SETTLE', 'WAIT_SETTLE']",6.0,120.0,REGIME_E_SURFACE_BIASED,FB6_Additive_Cost,35
bench_REGIME_E_SURFACE_BIASED_035,FB7_Exposure_Aware_Planner,potato,SURFACE_BIASED,0.18,0.116,0.064,MARKDOWN,0.0,0.0,1.0,0.0,0.0,0.0,0.0,0.0,"{0: 0.03, 1: 0.03, 2: 0.3295, 3: 0.2044, 4: 0.2904}",1,['STOP_INSPECTION'],0.0,0.0,REGIME_E_SURFACE_BIASED,FB7_Proposed,35
bench_REGIME_E_SURFACE_BIASED_036,FB0_Surface_Only,potato,SURFACE_BIASED,0.196,0.1105,0.0855,MARKDOWN,0.0,0.0,1.0,0.0,2.0,0.2,2.2,5.0,"{0: 0.03, 1: 0.03, 2: 0.3194, 3: 0.3311, 4: 0.2442}",2,"['OBSERVE_STRATUM', 'STOP_INSPECTION']",2.0,5.0,REGIME_E_SURFACE_BIASED,FB0_Surface_Only,36
bench_REGIME_E_SURFACE_BIASED_036,FB1_Fixed_Sampling,potato,SURFACE_BIASED,0.196,0.1102,0.0858,MARKDOWN,0.0,0.0,1.0,0.0,45.0,3.0,48.0,75.0,"{0: 0.03, 1: 0.03, 2: 0.3194, 3: 0.3311, 4: 0.2442}",4,"['SAMPLE_UNITS', 'SAMPLE_UNITS', 'SAMPLE_UNITS', 'STOP_INSPECTION']",45.0,75.0,REGIME_E_SURFACE_BIASED,FB1_Fixed_Random,36
bench_REGIME_E_SURFACE_BIASED_036,FB2_Depth_Stratified,potato,SURFACE_BIASED,0.196,0.1375,0.0585,MARKDOWN,0.0,0.0,1.0,0.0,42.0,11.4,53.4,285.0,"{0: 0.03, 1: 0.03, 2: 0.3194, 3: 0.3311, 4: 0.2442}",10,"['OBSERVE_STRATUM', 'REMOVE_LAYER', 'OBSERVE_STRATUM', 'REMOVE_LAYER', 'OBSERVE_STRATUM', 'REMOVE_LAYER', 'OBSERVE_STRATUM', 'REMOVE_LAYER', 'OBSERVE_STRATUM', 'STOP_INSPECTION']",42.0,85.0,REGIME_E_SURFACE_BIASED,FB2_Depth_Stratified,36
bench_REGIME_E_SURFACE_BIASED_036,FB3_Macro_Myopic_VOI,potato,SURFACE_BIASED,0.196,0.1092,0.0868,MARKDOWN,0.0,0.0,1.0,0.0,2.0,0.2,2.2,5.0,"{0: 0.03, 1: 0.03, 2: 0.3194, 3: 0.3311, 4: 0.2442}",2,"['OBSERVE_STRATUM', 'STOP_INSPECTION']",2.0,5.0,REGIME_E_SURFACE_BIASED,FB3_Macro_Myopic_VOI,36
bench_REGIME_E_SURFACE_BIASED_036,FB5_State_Blind_Lookahead,potato,SURFACE_BIASED,0.196,0.116,0.08,MARKDOWN,0.0,0.0,1.0,0.0,6.0,4.8,10.8,120.0,"{0: 0.03, 1: 0.03, 2: 0.3194, 3: 0.3311, 4: 0.2442}",12,"['WAIT_SETTLE', 'WAIT_SETTLE', 'WAIT_SETTLE', 'WAIT_SETTLE', 'WAIT_SETTLE', 'WAIT_SETTLE', 'WAIT_SETTLE', 'WAIT_SETTLE', 'WAIT_SETTLE', 'WAIT_SETTLE', 'WAIT_SETTLE', 'WAIT_SETTLE']",6.0,120.0,REGIME_E_SURFACE_BIASED,FB5_State_Blind,36
bench_REGIME_E_SURFACE_BIASED_036,FB6_Additive_Cost_Planner,potato,SURFACE_BIASED,0.196,0.116,0.08,MARKDOWN,0.0,0.0,1.0,0.0,6.0,4.8,10.8,120.0,"{0: 0.03, 1: 0.03, 2: 0.3194, 3: 0.3311, 4: 0.2442}",12,"['WAIT_SETTLE', 'WAIT_SETTLE', 'WAIT_SETTLE', 'WAIT_SETTLE', 'WAIT_SETTLE', 'WAIT_SETTLE', 'WAIT_SETTLE', 'WAIT_SETTLE', 'WAIT_SETTLE', 'WAIT_SETTLE', 'WAIT_SETTLE', 'WAIT_SETTLE']",6.0,120.0,REGIME_E_SURFACE_BIASED,FB6_Additive_Cost,36
bench_REGIME_E_SURFACE_BIASED_036,FB7_Exposure_Aware_Planner,potato,SURFACE_BIASED,0.196,0.116,0.08,MARKDOWN,0.0,0.0,1.0,0.0,0.0,0.0,0.0,0.0,"{0: 0.03, 1: 0.03, 2: 0.3194, 3: 0.3311, 4: 0.2442}",1,['STOP_INSPECTION'],0.0,0.0,REGIME_E_SURFACE_BIASED,FB7_Proposed,36
bench_REGIME_E_SURFACE_BIASED_037,FB0_Surface_Only,potato,SURFACE_BIASED,0.192,0.112,0.08,MARKDOWN,0.0,0.0,1.0,0.0,2.0,0.2,2.2,5.0,"{0: 0.03, 1: 0.03, 2: 0.2951, 3: 0.3493, 4: 0.2418}",2,"['OBSERVE_STRATUM', 'STOP_INSPECTION']",2.0,5.0,REGIME_E_SURFACE_BIASED,FB0_Surface_Only,37
bench_REGIME_E_SURFACE_BIASED_037,FB1_Fixed_Sampling,potato,SURFACE_BIASED,0.192,0.11,0.082,MARKDOWN,0.0,0.0,1.0,0.0,45.0,3.0,48.0,75.0,"{0: 0.03, 1: 0.03, 2: 0.2951, 3: 0.3493, 4: 0.2418}",4,"['SAMPLE_UNITS', 'SAMPLE_UNITS', 'SAMPLE_UNITS', 'STOP_INSPECTION']",45.0,75.0,REGIME_E_SURFACE_BIASED,FB1_Fixed_Random,37
bench_REGIME_E_SURFACE_BIASED_037,FB2_Depth_Stratified,potato,SURFACE_BIASED,0.192,0.1385,0.0535,MARKDOWN,0.0,0.0,1.0,0.0,42.0,11.4,53.4,285.0,"{0: 0.03, 1: 0.03, 2: 0.2951, 3: 0.3493, 4: 0.2418}",10,"['OBSERVE_STRATUM', 'REMOVE_LAYER', 'OBSERVE_STRATUM', 'REMOVE_LAYER', 'OBSERVE_STRATUM', 'REMOVE_LAYER', 'OBSERVE_STRATUM', 'REMOVE_LAYER', 'OBSERVE_STRATUM', 'STOP_INSPECTION']",42.0,85.0,REGIME_E_SURFACE_BIASED,FB2_Depth_Stratified,37
bench_REGIME_E_SURFACE_BIASED_037,FB3_Macro_Myopic_VOI,potato,SURFACE_BIASED,0.192,0.1093,0.0827,MARKDOWN,0.0,0.0,1.0,0.0,2.0,0.2,2.2,5.0,"{0: 0.03, 1: 0.03, 2: 0.2951, 3: 0.3493, 4: 0.2418}",2,"['OBSERVE_STRATUM', 'STOP_INSPECTION']",2.0,5.0,REGIME_E_SURFACE_BIASED,FB3_Macro_Myopic_VOI,37
bench_REGIME_E_SURFACE_BIASED_037,FB5_State_Blind_Lookahead,potato,SURFACE_BIASED,0.192,0.116,0.076,MARKDOWN,0.0,0.0,1.0,0.0,6.0,4.8,10.8,120.0,"{0: 0.03, 1: 0.03, 2: 0.2951, 3: 0.3493, 4: 0.2418}",12,"['WAIT_SETTLE', 'WAIT_SETTLE', 'WAIT_SETTLE', 'WAIT_SETTLE', 'WAIT_SETTLE', 'WAIT_SETTLE', 'WAIT_SETTLE', 'WAIT_SETTLE', 'WAIT_SETTLE', 'WAIT_SETTLE', 'WAIT_SETTLE', 'WAIT_SETTLE']",6.0,120.0,REGIME_E_SURFACE_BIASED,FB5_State_Blind,37
bench_REGIME_E_SURFACE_BIASED_037,FB6_Additive_Cost_Planner,potato,SURFACE_BIASED,0.192,0.116,0.076,MARKDOWN,0.0,0.0,1.0,0.0,6.0,4.8,10.8,120.0,"{0: 0.03, 1: 0.03, 2: 0.2951, 3: 0.3493, 4: 0.2418}",12,"['WAIT_SETTLE', 'WAIT_SETTLE', 'WAIT_SETTLE', 'WAIT_SETTLE', 'WAIT_SETTLE', 'WAIT_SETTLE', 'WAIT_SETTLE', 'WAIT_SETTLE', 'WAIT_SETTLE', 'WAIT_SETTLE', 'WAIT_SETTLE', 'WAIT_SETTLE']",6.0,120.0,REGIME_E_SURFACE_BIASED,FB6_Additive_Cost,37
bench_REGIME_E_SURFACE_BIASED_037,FB7_Exposure_Aware_Planner,potato,SURFACE_BIASED,0.192,0.116,0.076,MARKDOWN,0.0,0.0,1.0,0.0,0.0,0.0,0.0,0.0,"{0: 0.03, 1: 0.03, 2: 0.2951, 3: 0.3493, 4: 0.2418}",1,['STOP_INSPECTION'],0.0,0.0,REGIME_E_SURFACE_BIASED,FB7_Proposed,37
bench_REGIME_E_SURFACE_BIASED_038,FB0_Surface_Only,potato,SURFACE_BIASED,0.16,0.1092,0.0508,MARKDOWN,0.0,0.0,1.0,0.0,2.0,0.2,2.2,5.0,"{0: 0.03, 1: 0.03, 2: 0.2665, 3: 0.2299, 4: 0.2444}",2,"['OBSERVE_STRATUM', 'STOP_INSPECTION']",2.0,5.0,REGIME_E_SURFACE_BIASED,FB0_Surface_Only,38
bench_REGIME_E_SURFACE_BIASED_038,FB1_Fixed_Sampling,potato,SURFACE_BIASED,0.16,0.1069,0.0531,MARKDOWN,0.0,0.0,1.0,0.0,45.0,3.0,48.0,75.0,"{0: 0.03, 1: 0.03, 2: 0.2665, 3: 0.2299, 4: 0.2444}",4,"['SAMPLE_UNITS', 'SAMPLE_UNITS', 'SAMPLE_UNITS', 'STOP_INSPECTION']",45.0,75.0,REGIME_E_SURFACE_BIASED,FB1_Fixed_Random,38
bench_REGIME_E_SURFACE_BIASED_038,FB2_Depth_Stratified,potato,SURFACE_BIASED,0.16,0.1266,0.0334,MARKDOWN,0.0,0.0,1.0,0.0,42.0,11.4,53.4,285.0,"{0: 0.03, 1: 0.03, 2: 0.2665, 3: 0.2299, 4: 0.2444}",10,"['OBSERVE_STRATUM', 'REMOVE_LAYER', 'OBSERVE_STRATUM', 'REMOVE_LAYER', 'OBSERVE_STRATUM', 'REMOVE_LAYER', 'OBSERVE_STRATUM', 'REMOVE_LAYER', 'OBSERVE_STRATUM', 'STOP_INSPECTION']",42.0,85.0,REGIME_E_SURFACE_BIASED,FB2_Depth_Stratified,38
bench_REGIME_E_SURFACE_BIASED_038,FB3_Macro_Myopic_VOI,potato,SURFACE_BIASED,0.16,0.1109,0.0491,MARKDOWN,0.0,0.0,1.0,0.0,2.0,0.2,2.2,5.0,"{0: 0.03, 1: 0.03, 2: 0.2665, 3: 0.2299, 4: 0.2444}",2,"['OBSERVE_STRATUM', 'STOP_INSPECTION']",2.0,5.0,REGIME_E_SURFACE_BIASED,FB3_Macro_Myopic_VOI,38
bench_REGIME_E_SURFACE_BIASED_038,FB5_State_Blind_Lookahead,potato,SURFACE_BIASED,0.16,0.116,0.044,MARKDOWN,0.0,0.0,1.0,0.0,6.0,4.8,10.8,120.0,"{0: 0.03, 1: 0.03, 2: 0.2665, 3: 0.2299, 4: 0.2444}",12,"['WAIT_SETTLE', 'WAIT_SETTLE', 'WAIT_SETTLE', 'WAIT_SETTLE', 'WAIT_SETTLE', 'WAIT_SETTLE', 'WAIT_SETTLE', 'WAIT_SETTLE', 'WAIT_SETTLE', 'WAIT_SETTLE', 'WAIT_SETTLE', 'WAIT_SETTLE']",6.0,120.0,REGIME_E_SURFACE_BIASED,FB5_State_Blind,38
bench_REGIME_E_SURFACE_BIASED_038,FB6_Additive_Cost_Planner,potato,SURFACE_BIASED,0.16,0.116,0.044,MARKDOWN,0.0,0.0,1.0,0.0,6.0,4.8,10.8,120.0,"{0: 0.03, 1: 0.03, 2: 0.2665, 3: 0.2299, 4: 0.2444}",12,"['WAIT_SETTLE', 'WAIT_SETTLE', 'WAIT_SETTLE', 'WAIT_SETTLE', 'WAIT_SETTLE', 'WAIT_SETTLE', 'WAIT_SETTLE', 'WAIT_SETTLE', 'WAIT_SETTLE', 'WAIT_SETTLE', 'WAIT_SETTLE', 'WAIT_SETTLE']",6.0,120.0,REGIME_E_SURFACE_BIASED,FB6_Additive_Cost,38
bench_REGIME_E_SURFACE_BIASED_038,FB7_Exposure_Aware_Planner,potato,SURFACE_BIASED,0.16,0.116,0.044,MARKDOWN,0.0,0.0,1.0,0.0,0.0,0.0,0.0,0.0,"{0: 0.03, 1: 0.03, 2: 0.2665, 3: 0.2299, 4: 0.2444}",1,['STOP_INSPECTION'],0.0,0.0,REGIME_E_SURFACE_BIASED,FB7_Proposed,38
bench_REGIME_E_SURFACE_BIASED_039,FB0_Surface_Only,potato,SURFACE_BIASED,0.156,0.1092,0.0468,MARKDOWN,0.0,0.0,1.0,0.0,2.0,0.2,2.2,5.0,"{0: 0.03, 1: 0.03, 2: 0.2468, 3: 0.229, 4: 0.2454}",2,"['OBSERVE_STRATUM', 'STOP_INSPECTION']",2.0,5.0,REGIME_E_SURFACE_BIASED,FB0_Surface_Only,39
bench_REGIME_E_SURFACE_BIASED_039,FB1_Fixed_Sampling,potato,SURFACE_BIASED,0.156,0.1094,0.0466,MARKDOWN,0.0,0.0,1.0,0.0,45.0,3.0,48.0,75.0,"{0: 0.03, 1: 0.03, 2: 0.2468, 3: 0.229, 4: 0.2454}",4,"['SAMPLE_UNITS', 'SAMPLE_UNITS', 'SAMPLE_UNITS', 'STOP_INSPECTION']",45.0,75.0,REGIME_E_SURFACE_BIASED,FB1_Fixed_Random,39
bench_REGIME_E_SURFACE_BIASED_039,FB2_Depth_Stratified,potato,SURFACE_BIASED,0.156,0.1318,0.0242,MARKDOWN,0.0,0.0,1.0,0.0,42.0,11.4,53.4,285.0,"{0: 0.03, 1: 0.03, 2: 0.2468, 3: 0.229, 4: 0.2454}",10,"['OBSERVE_STRATUM', 'REMOVE_LAYER', 'OBSERVE_STRATUM', 'REMOVE_LAYER', 'OBSERVE_STRATUM', 'REMOVE_LAYER', 'OBSERVE_STRATUM', 'REMOVE_LAYER', 'OBSERVE_STRATUM', 'STOP_INSPECTION']",42.0,85.0,REGIME_E_SURFACE_BIASED,FB2_Depth_Stratified,39
bench_REGIME_E_SURFACE_BIASED_039,FB3_Macro_Myopic_VOI,potato,SURFACE_BIASED,0.156,0.1098,0.0462,MARKDOWN,0.0,0.0,1.0,0.0,2.0,0.2,2.2,5.0,"{0: 0.03, 1: 0.03, 2: 0.2468, 3: 0.229, 4: 0.2454}",2,"['OBSERVE_STRATUM', 'STOP_INSPECTION']",2.0,5.0,REGIME_E_SURFACE_BIASED,FB3_Macro_Myopic_VOI,39
bench_REGIME_E_SURFACE_BIASED_039,FB5_State_Blind_Lookahead,potato,SURFACE_BIASED,0.156,0.116,0.04,MARKDOWN,0.0,0.0,1.0,0.0,6.0,4.8,10.8,120.0,"{0: 0.03, 1: 0.03, 2: 0.2468, 3: 0.229, 4: 0.2454}",12,"['WAIT_SETTLE', 'WAIT_SETTLE', 'WAIT_SETTLE', 'WAIT_SETTLE', 'WAIT_SETTLE', 'WAIT_SETTLE', 'WAIT_SETTLE', 'WAIT_SETTLE', 'WAIT_SETTLE', 'WAIT_SETTLE', 'WAIT_SETTLE', 'WAIT_SETTLE']",6.0,120.0,REGIME_E_SURFACE_BIASED,FB5_State_Blind,39
bench_REGIME_E_SURFACE_BIASED_039,FB6_Additive_Cost_Planner,potato,SURFACE_BIASED,0.156,0.116,0.04,MARKDOWN,0.0,0.0,1.0,0.0,6.0,4.8,10.8,120.0,"{0: 0.03, 1: 0.03, 2: 0.2468, 3: 0.229, 4: 0.2454}",12,"['WAIT_SETTLE', 'WAIT_SETTLE', 'WAIT_SETTLE', 'WAIT_SETTLE', 'WAIT_SETTLE', 'WAIT_SETTLE', 'WAIT_SETTLE', 'WAIT_SETTLE', 'WAIT_SETTLE', 'WAIT_SETTLE', 'WAIT_SETTLE', 'WAIT_SETTLE']",6.0,120.0,REGIME_E_SURFACE_BIASED,FB6_Additive_Cost,39
bench_REGIME_E_SURFACE_BIASED_039,FB7_Exposure_Aware_Planner,potato,SURFACE_BIASED,0.156,0.116,0.04,MARKDOWN,0.0,0.0,1.0,0.0,0.0,0.0,0.0,0.0,"{0: 0.03, 1: 0.03, 2: 0.2468, 3: 0.229, 4: 0.2454}",1,['STOP_INSPECTION'],0.0,0.0,REGIME_E_SURFACE_BIASED,FB7_Proposed,39
bench_REGIME_F_ADVERSARIAL_000,FB0_Surface_Only,potato,ADVERSARIAL,0.38,0.111,0.269,MARKDOWN,1.0,0.0,0.0,300.0,2.0,0.2,302.2,5.0,"{0: 0.01, 1: 0.3795, 2: 0.4994, 3: 0.4825, 4: 0.5346}",2,"['OBSERVE_STRATUM', 'STOP_INSPECTION']",2.0,5.0,REGIME_F_ADVERSARIAL,FB0_Surface_Only,0
bench_REGIME_F_ADVERSARIAL_000,FB1_Fixed_Sampling,potato,ADVERSARIAL,0.38,0.1085,0.2715,MARKDOWN,1.0,0.0,0.0,300.0,45.0,3.0,348.0,75.0,"{0: 0.01, 1: 0.3795, 2: 0.4994, 3: 0.4825, 4: 0.5346}",4,"['SAMPLE_UNITS', 'SAMPLE_UNITS', 'SAMPLE_UNITS', 'STOP_INSPECTION']",45.0,75.0,REGIME_F_ADVERSARIAL,FB1_Fixed_Random,0
bench_REGIME_F_ADVERSARIAL_000,FB2_Depth_Stratified,potato,ADVERSARIAL,0.38,0.2062,0.1738,SPLIT_LOT,0.0,0.0,1.0,120.0,42.0,11.4,173.4,285.0,"{0: 0.01, 1: 0.3795, 2: 0.4994, 3: 0.4825, 4: 0.5346}",10,"['OBSERVE_STRATUM', 'REMOVE_LAYER', 'OBSERVE_STRATUM', 'REMOVE_LAYER', 'OBSERVE_STRATUM', 'REMOVE_LAYER', 'OBSERVE_STRATUM', 'REMOVE_LAYER', 'OBSERVE_STRATUM', 'STOP_INSPECTION']",42.0,85.0,REGIME_F_ADVERSARIAL,FB2_Depth_Stratified,0
bench_REGIME_F_ADVERSARIAL_000,FB3_Macro_Myopic_VOI,potato,ADVERSARIAL,0.38,0.1098,0.2702,MARKDOWN,1.0,0.0,0.0,300.0,2.0,0.2,302.2,5.0,"{0: 0.01, 1: 0.3795, 2: 0.4994, 3: 0.4825, 4: 0.5346}",2,"['OBSERVE_STRATUM', 'STOP_INSPECTION']",2.0,5.0,REGIME_F_ADVERSARIAL,FB3_Macro_Myopic_VOI,0
bench_REGIME_F_ADVERSARIAL_000,FB5_State_Blind_Lookahead,potato,ADVERSARIAL,0.38,0.116,0.264,MARKDOWN,1.0,0.0,0.0,300.0,6.0,4.8,310.8,120.0,"{0: 0.01, 1: 0.3795, 2: 0.4994, 3: 0.4825, 4: 0.5346}",12,"['WAIT_SETTLE', 'WAIT_SETTLE', 'WAIT_SETTLE', 'WAIT_SETTLE', 'WAIT_SETTLE', 'WAIT_SETTLE', 'WAIT_SETTLE', 'WAIT_SETTLE', 'WAIT_SETTLE', 'WAIT_SETTLE', 'WAIT_SETTLE', 'WAIT_SETTLE']",6.0,120.0,REGIME_F_ADVERSARIAL,FB5_State_Blind,0
bench_REGIME_F_ADVERSARIAL_000,FB6_Additive_Cost_Planner,potato,ADVERSARIAL,0.38,0.116,0.264,MARKDOWN,1.0,0.0,0.0,300.0,6.0,4.8,310.8,120.0,"{0: 0.01, 1: 0.3795, 2: 0.4994, 3: 0.4825, 4: 0.5346}",12,"['WAIT_SETTLE', 'WAIT_SETTLE', 'WAIT_SETTLE', 'WAIT_SETTLE', 'WAIT_SETTLE', 'WAIT_SETTLE', 'WAIT_SETTLE', 'WAIT_SETTLE', 'WAIT_SETTLE', 'WAIT_SETTLE', 'WAIT_SETTLE', 'WAIT_SETTLE']",6.0,120.0,REGIME_F_ADVERSARIAL,FB6_Additive_Cost,0
bench_REGIME_F_ADVERSARIAL_000,FB7_Exposure_Aware_Planner,potato,ADVERSARIAL,0.38,0.116,0.264,MARKDOWN,1.0,0.0,0.0,300.0,0.0,0.0,300.0,0.0,"{0: 0.01, 1: 0.3795, 2: 0.4994, 3: 0.4825, 4: 0.5346}",1,['STOP_INSPECTION'],0.0,0.0,REGIME_F_ADVERSARIAL,FB7_Proposed,0
bench_REGIME_F_ADVERSARIAL_001,FB0_Surface_Only,potato,ADVERSARIAL,0.332,0.1092,0.2228,MARKDOWN,0.0,0.0,1.0,0.0,2.0,0.2,2.2,5.0,"{0: 0.01, 1: 0.3287, 2: 0.3254, 3: 0.4787, 4: 0.548}",2,"['OBSERVE_STRATUM', 'STOP_INSPECTION']",2.0,5.0,REGIME_F_ADVERSARIAL,FB0_Surface_Only,1
bench_REGIME_F_ADVERSARIAL_001,FB1_Fixed_Sampling,potato,ADVERSARIAL,0.332,0.1071,0.2249,MARKDOWN,0.0,0.0,1.0,0.0,45.0,3.0,48.0,75.0,"{0: 0.01, 1: 0.3287, 2: 0.3254, 3: 0.4787, 4: 0.548}",4,"['SAMPLE_UNITS', 'SAMPLE_UNITS', 'SAMPLE_UNITS', 'STOP_INSPECTION']",45.0,75.0,REGIME_F_ADVERSARIAL,FB1_Fixed_Random,1
bench_REGIME_F_ADVERSARIAL_001,FB2_Depth_Stratified,potato,ADVERSARIAL,0.332,0.1941,0.1379,SPLIT_LOT,0.0,0.0,1.0,120.0,42.0,11.4,173.4,285.0,"{0: 0.01, 1: 0.3287, 2: 0.3254, 3: 0.4787, 4: 0.548}",10,"['OBSERVE_STRATUM', 'REMOVE_LAYER', 'OBSERVE_STRATUM', 'REMOVE_LAYER', 'OBSERVE_STRATUM', 'REMOVE_LAYER', 'OBSERVE_STRATUM', 'REMOVE_LAYER', 'OBSERVE_STRATUM', 'STOP_INSPECTION']",42.0,85.0,REGIME_F_ADVERSARIAL,FB2_Depth_Stratified,1
bench_REGIME_F_ADVERSARIAL_001,FB3_Macro_Myopic_VOI,potato,ADVERSARIAL,0.332,0.1117,0.2203,MARKDOWN,0.0,0.0,1.0,0.0,2.0,0.2,2.2,5.0,"{0: 0.01, 1: 0.3287, 2: 0.3254, 3: 0.4787, 4: 0.548}",2,"['OBSERVE_STRATUM', 'STOP_INSPECTION']",2.0,5.0,REGIME_F_ADVERSARIAL,FB3_Macro_Myopic_VOI,1
bench_REGIME_F_ADVERSARIAL_001,FB5_State_Blind_Lookahead,potato,ADVERSARIAL,0.332,0.116,0.216,MARKDOWN,0.0,0.0,1.0,0.0,6.0,4.8,10.8,120.0,"{0: 0.01, 1: 0.3287, 2: 0.3254, 3: 0.4787, 4: 0.548}",12,"['WAIT_SETTLE', 'WAIT_SETTLE', 'WAIT_SETTLE', 'WAIT_SETTLE', 'WAIT_SETTLE', 'WAIT_SETTLE', 'WAIT_SETTLE', 'WAIT_SETTLE', 'WAIT_SETTLE', 'WAIT_SETTLE', 'WAIT_SETTLE', 'WAIT_SETTLE']",6.0,120.0,REGIME_F_ADVERSARIAL,FB5_State_Blind,1
bench_REGIME_F_ADVERSARIAL_001,FB6_Additive_Cost_Planner,potato,ADVERSARIAL,0.332,0.116,0.216,MARKDOWN,0.0,0.0,1.0,0.0,6.0,4.8,10.8,120.0,"{0: 0.01, 1: 0.3287, 2: 0.3254, 3: 0.4787, 4: 0.548}",12,"['WAIT_SETTLE', 'WAIT_SETTLE', 'WAIT_SETTLE', 'WAIT_SETTLE', 'WAIT_SETTLE', 'WAIT_SETTLE', 'WAIT_SETTLE', 'WAIT_SETTLE', 'WAIT_SETTLE', 'WAIT_SETTLE', 'WAIT_SETTLE', 'WAIT_SETTLE']",6.0,120.0,REGIME_F_ADVERSARIAL,FB6_Additive_Cost,1
bench_REGIME_F_ADVERSARIAL_001,FB7_Exposure_Aware_Planner,potato,ADVERSARIAL,0.332,0.116,0.216,MARKDOWN,0.0,0.0,1.0,0.0,0.0,0.0,0.0,0.0,"{0: 0.01, 1: 0.3287, 2: 0.3254, 3: 0.4787, 4: 0.548}",1,['STOP_INSPECTION'],0.0,0.0,REGIME_F_ADVERSARIAL,FB7_Proposed,1
bench_REGIME_F_ADVERSARIAL_002,FB0_Surface_Only,potato,ADVERSARIAL,0.348,0.1092,0.2388,MARKDOWN,0.0,0.0,1.0,0.0,2.0,0.2,2.2,5.0,"{0: 0.01, 1: 0.3961, 2: 0.4266, 3: 0.4046, 4: 0.5155}",2,"['OBSERVE_STRATUM', 'STOP_INSPECTION']",2.0,5.0,REGIME_F_ADVERSARIAL,FB0_Surface_Only,2
bench_REGIME_F_ADVERSARIAL_002,FB1_Fixed_Sampling,potato,ADVERSARIAL,0.348,0.1094,0.2386,MARKDOWN,0.0,0.0,1.0,0.0,45.0,3.0,48.0,75.0,"{0: 0.01, 1: 0.3961, 2: 0.4266, 3: 0.4046, 4: 0.5155}",4,"['SAMPLE_UNITS', 'SAMPLE_UNITS', 'SAMPLE_UNITS', 'STOP_INSPECTION']",45.0,75.0,REGIME_F_ADVERSARIAL,FB1_Fixed_Random,2
bench_REGIME_F_ADVERSARIAL_002,FB2_Depth_Stratified,potato,ADVERSARIAL,0.348,0.2,0.148,SPLIT_LOT,0.0,0.0,1.0,120.0,42.0,11.4,173.4,285.0,"{0: 0.01, 1: 0.3961, 2: 0.4266, 3: 0.4046, 4: 0.5155}",10,"['OBSERVE_STRATUM', 'REMOVE_LAYER', 'OBSERVE_STRATUM', 'REMOVE_LAYER', 'OBSERVE_STRATUM', 'REMOVE_LAYER', 'OBSERVE_STRATUM', 'REMOVE_LAYER', 'OBSERVE_STRATUM', 'STOP_INSPECTION']",42.0,85.0,REGIME_F_ADVERSARIAL,FB2_Depth_Stratified,2
bench_REGIME_F_ADVERSARIAL_002,FB3_Macro_Myopic_VOI,potato,ADVERSARIAL,0.348,0.1092,0.2388,MARKDOWN,0.0,0.0,1.0,0.0,2.0,0.2,2.2,5.0,"{0: 0.01, 1: 0.3961, 2: 0.4266, 3: 0.4046, 4: 0.5155}",2,"['OBSERVE_STRATUM', 'STOP_INSPECTION']",2.0,5.0,REGIME_F_ADVERSARIAL,FB3_Macro_Myopic_VOI,2
bench_REGIME_F_ADVERSARIAL_002,FB5_State_Blind_Lookahead,potato,ADVERSARIAL,0.348,0.116,0.232,MARKDOWN,0.0,0.0,1.0,0.0,6.0,4.8,10.8,120.0,"{0: 0.01, 1: 0.3961, 2: 0.4266, 3: 0.4046, 4: 0.5155}",12,"['WAIT_SETTLE', 'WAIT_SETTLE', 'WAIT_SETTLE', 'WAIT_SETTLE', 'WAIT_SETTLE', 'WAIT_SETTLE', 'WAIT_SETTLE', 'WAIT_SETTLE', 'WAIT_SETTLE', 'WAIT_SETTLE', 'WAIT_SETTLE', 'WAIT_SETTLE']",6.0,120.0,REGIME_F_ADVERSARIAL,FB5_State_Blind,2
bench_REGIME_F_ADVERSARIAL_002,FB6_Additive_Cost_Planner,potato,ADVERSARIAL,0.348,0.116,0.232,MARKDOWN,0.0,0.0,1.0,0.0,6.0,4.8,10.8,120.0,"{0: 0.01, 1: 0.3961, 2: 0.4266, 3: 0.4046, 4: 0.5155}",12,"['WAIT_SETTLE', 'WAIT_SETTLE', 'WAIT_SETTLE', 'WAIT_SETTLE', 'WAIT_SETTLE', 'WAIT_SETTLE', 'WAIT_SETTLE', 'WAIT_SETTLE', 'WAIT_SETTLE', 'WAIT_SETTLE', 'WAIT_SETTLE', 'WAIT_SETTLE']",6.0,120.0,REGIME_F_ADVERSARIAL,FB6_Additive_Cost,2
bench_REGIME_F_ADVERSARIAL_002,FB7_Exposure_Aware_Planner,potato,ADVERSARIAL,0.348,0.116,0.232,MARKDOWN,0.0,0.0,1.0,0.0,0.0,0.0,0.0,0.0,"{0: 0.01, 1: 0.3961, 2: 0.4266, 3: 0.4046, 4: 0.5155}",1,['STOP_INSPECTION'],0.0,0.0,REGIME_F_ADVERSARIAL,FB7_Proposed,2
bench_REGIME_F_ADVERSARIAL_003,FB0_Surface_Only,potato,ADVERSARIAL,0.304,0.1106,0.1934,MARKDOWN,0.0,0.0,1.0,0.0,2.0,0.2,2.2,5.0,"{0: 0.01, 1: 0.3404, 2: 0.3416, 3: 0.4035, 4: 0.4465}",2,"['OBSERVE_STRATUM', 'STOP_INSPECTION']",2.0,5.0,REGIME_F_ADVERSARIAL,FB0_Surface_Only,3
bench_REGIME_F_ADVERSARIAL_003,FB1_Fixed_Sampling,potato,ADVERSARIAL,0.304,0.1058,0.1982,MARKDOWN,0.0,0.0,1.0,0.0,45.0,3.0,48.0,75.0,"{0: 0.01, 1: 0.3404, 2: 0.3416, 3: 0.4035, 4: 0.4465}",4,"['SAMPLE_UNITS', 'SAMPLE_UNITS', 'SAMPLE_UNITS', 'STOP_INSPECTION']",45.0,75.0,REGIME_F_ADVERSARIAL,FB1_Fixed_Random,3
bench_REGIME_F_ADVERSARIAL_003,FB2_Depth_Stratified,potato,ADVERSARIAL,0.304,0.179,0.125,SPLIT_LOT,0.0,0.0,1.0,120.0,42.0,11.4,173.4,285.0,"{0: 0.01, 1: 0.3404, 2: 0.3416, 3: 0.4035, 4: 0.4465}",10,"['OBSERVE_STRATUM', 'REMOVE_LAYER', 'OBSERVE_STRATUM', 'REMOVE_LAYER', 'OBSERVE_STRATUM', 'REMOVE_LAYER', 'OBSERVE_STRATUM', 'REMOVE_LAYER', 'OBSERVE_STRATUM', 'STOP_INSPECTION']",42.0,85.0,REGIME_F_ADVERSARIAL,FB2_Depth_Stratified,3
bench_REGIME_F_ADVERSARIAL_003,FB3_Macro_Myopic_VOI,potato,ADVERSARIAL,0.304,0.1106,0.1934,MARKDOWN,0.0,0.0,1.0,0.0,2.0,0.2,2.2,5.0,"{0: 0.01, 1: 0.3404, 2: 0.3416, 3: 0.4035, 4: 0.4465}",2,"['OBSERVE_STRATUM', 'STOP_INSPECTION']",2.0,5.0,REGIME_F_ADVERSARIAL,FB3_Macro_Myopic_VOI,3
bench_REGIME_F_ADVERSARIAL_003,FB5_State_Blind_Lookahead,potato,ADVERSARIAL,0.304,0.116,0.188,MARKDOWN,0.0,0.0,1.0,0.0,6.0,4.8,10.8,120.0,"{0: 0.01, 1: 0.3404, 2: 0.3416, 3: 0.4035, 4: 0.4465}",12,"['WAIT_SETTLE', 'WAIT_SETTLE', 'WAIT_SETTLE', 'WAIT_SETTLE', 'WAIT_SETTLE', 'WAIT_SETTLE', 'WAIT_SETTLE', 'WAIT_SETTLE', 'WAIT_SETTLE', 'WAIT_SETTLE', 'WAIT_SETTLE', 'WAIT_SETTLE']",6.0,120.0,REGIME_F_ADVERSARIAL,FB5_State_Blind,3
bench_REGIME_F_ADVERSARIAL_003,FB6_Additive_Cost_Planner,potato,ADVERSARIAL,0.304,0.116,0.188,MARKDOWN,0.0,0.0,1.0,0.0,6.0,4.8,10.8,120.0,"{0: 0.01, 1: 0.3404, 2: 0.3416, 3: 0.4035, 4: 0.4465}",12,"['WAIT_SETTLE', 'WAIT_SETTLE', 'WAIT_SETTLE', 'WAIT_SETTLE', 'WAIT_SETTLE', 'WAIT_SETTLE', 'WAIT_SETTLE', 'WAIT_SETTLE', 'WAIT_SETTLE', 'WAIT_SETTLE', 'WAIT_SETTLE', 'WAIT_SETTLE']",6.0,120.0,REGIME_F_ADVERSARIAL,FB6_Additive_Cost,3
bench_REGIME_F_ADVERSARIAL_003,FB7_Exposure_Aware_Planner,potato,ADVERSARIAL,0.304,0.116,0.188,MARKDOWN,0.0,0.0,1.0,0.0,0.0,0.0,0.0,0.0,"{0: 0.01, 1: 0.3404, 2: 0.3416, 3: 0.4035, 4: 0.4465}",1,['STOP_INSPECTION'],0.0,0.0,REGIME_F_ADVERSARIAL,FB7_Proposed,3
bench_REGIME_F_ADVERSARIAL_004,FB0_Surface_Only,potato,ADVERSARIAL,0.344,0.1109,0.2331,MARKDOWN,0.0,0.0,1.0,0.0,2.0,0.2,2.2,5.0,"{0: 0.01, 1: 0.4075, 2: 0.453, 3: 0.3233, 4: 0.5322}",2,"['OBSERVE_STRATUM', 'STOP_INSPECTION']",2.0,5.0,REGIME_F_ADVERSARIAL,FB0_Surface_Only,4
bench_REGIME_F_ADVERSARIAL_004,FB1_Fixed_Sampling,potato,ADVERSARIAL,0.344,0.1051,0.2389,MARKDOWN,0.0,0.0,1.0,0.0,45.0,3.0,48.0,75.0,"{0: 0.01, 1: 0.4075, 2: 0.453, 3: 0.3233, 4: 0.5322}",4,"['SAMPLE_UNITS', 'SAMPLE_UNITS', 'SAMPLE_UNITS', 'STOP_INSPECTION']",45.0,75.0,REGIME_F_ADVERSARIAL,FB1_Fixed_Random,4
bench_REGIME_F_ADVERSARIAL_004,FB2_Depth_Stratified,potato,ADVERSARIAL,0.344,0.196,0.148,SPLIT_LOT,0.0,0.0,1.0,120.0,42.0,11.4,173.4,285.0,"{0: 0.01, 1: 0.4075, 2: 0.453, 3: 0.3233, 4: 0.5322}",10,"['OBSERVE_STRATUM', 'REMOVE_LAYER', 'OBSERVE_STRATUM', 'REMOVE_LAYER', 'OBSERVE_STRATUM', 'REMOVE_LAYER', 'OBSERVE_STRATUM', 'REMOVE_LAYER', 'OBSERVE_STRATUM', 'STOP_INSPECTION']",42.0,85.0,REGIME_F_ADVERSARIAL,FB2_Depth_Stratified,4
bench_REGIME_F_ADVERSARIAL_004,FB3_Macro_Myopic_VOI,potato,ADVERSARIAL,0.344,0.1117,0.2323,MARKDOWN,0.0,0.0,1.0,0.0,2.0,0.2,2.2,5.0,"{0: 0.01, 1: 0.4075, 2: 0.453, 3: 0.3233, 4: 0.5322}",2,"['OBSERVE_STRATUM', 'STOP_INSPECTION']",2.0,5.0,REGIME_F_ADVERSARIAL,FB3_Macro_Myopic_VOI,4
bench_REGIME_F_ADVERSARIAL_004,FB5_State_Blind_Lookahead,potato,ADVERSARIAL,0.344,0.116,0.228,MARKDOWN,0.0,0.0,1.0,0.0,6.0,4.8,10.8,120.0,"{0: 0.01, 1: 0.4075, 2: 0.453, 3: 0.3233, 4: 0.5322}",12,"['WAIT_SETTLE', 'WAIT_SETTLE', 'WAIT_SETTLE', 'WAIT_SETTLE', 'WAIT_SETTLE', 'WAIT_SETTLE', 'WAIT_SETTLE', 'WAIT_SETTLE', 'WAIT_SETTLE', 'WAIT_SETTLE', 'WAIT_SETTLE', 'WAIT_SETTLE']",6.0,120.0,REGIME_F_ADVERSARIAL,FB5_State_Blind,4
bench_REGIME_F_ADVERSARIAL_004,FB6_Additive_Cost_Planner,potato,ADVERSARIAL,0.344,0.116,0.228,MARKDOWN,0.0,0.0,1.0,0.0,6.0,4.8,10.8,120.0,"{0: 0.01, 1: 0.4075, 2: 0.453, 3: 0.3233, 4: 0.5322}",12,"['WAIT_SETTLE', 'WAIT_SETTLE', 'WAIT_SETTLE', 'WAIT_SETTLE', 'WAIT_SETTLE', 'WAIT_SETTLE', 'WAIT_SETTLE', 'WAIT_SETTLE', 'WAIT_SETTLE', 'WAIT_SETTLE', 'WAIT_SETTLE', 'WAIT_SETTLE']",6.0,120.0,REGIME_F_ADVERSARIAL,FB6_Additive_Cost,4
bench_REGIME_F_ADVERSARIAL_004,FB7_Exposure_Aware_Planner,potato,ADVERSARIAL,0.344,0.116,0.228,MARKDOWN,0.0,0.0,1.0,0.0,0.0,0.0,0.0,0.0,"{0: 0.01, 1: 0.4075, 2: 0.453, 3: 0.3233, 4: 0.5322}",1,['STOP_INSPECTION'],0.0,0.0,REGIME_F_ADVERSARIAL,FB7_Proposed,4
bench_REGIME_F_ADVERSARIAL_005,FB0_Surface_Only,potato,ADVERSARIAL,0.308,0.1092,0.1988,MARKDOWN,0.0,0.0,1.0,0.0,2.0,0.2,2.2,5.0,"{0: 0.01, 1: 0.4697, 2: 0.4245, 3: 0.3323, 4: 0.3233}",2,"['OBSERVE_STRATUM', 'STOP_INSPECTION']",2.0,5.0,REGIME_F_ADVERSARIAL,FB0_Surface_Only,5
bench_REGIME_F_ADVERSARIAL_005,FB1_Fixed_Sampling,potato,ADVERSARIAL,0.308,0.1053,0.2027,MARKDOWN,0.0,0.0,1.0,0.0,45.0,3.0,48.0,75.0,"{0: 0.01, 1: 0.4697, 2: 0.4245, 3: 0.3323, 4: 0.3233}",4,"['SAMPLE_UNITS', 'SAMPLE_UNITS', 'SAMPLE_UNITS', 'STOP_INSPECTION']",45.0,75.0,REGIME_F_ADVERSARIAL,FB1_Fixed_Random,5
bench_REGIME_F_ADVERSARIAL_005,FB2_Depth_Stratified,potato,ADVERSARIAL,0.308,0.1848,0.1232,SPLIT_LOT,0.0,0.0,1.0,120.0,42.0,11.4,173.4,285.0,"{0: 0.01, 1: 0.4697, 2: 0.4245, 3: 0.3323, 4: 0.3233}",10,"['OBSERVE_STRATUM', 'REMOVE_LAYER', 'OBSERVE_STRATUM', 'REMOVE_LAYER', 'OBSERVE_STRATUM', 'REMOVE_LAYER', 'OBSERVE_STRATUM', 'REMOVE_LAYER', 'OBSERVE_STRATUM', 'STOP_INSPECTION']",42.0,85.0,REGIME_F_ADVERSARIAL,FB2_Depth_Stratified,5
bench_REGIME_F_ADVERSARIAL_005,FB3_Macro_Myopic_VOI,potato,ADVERSARIAL,0.308,0.1092,0.1988,MARKDOWN,0.0,0.0,1.0,0.0,2.0,0.2,2.2,5.0,"{0: 0.01, 1: 0.4697, 2: 0.4245, 3: 0.3323, 4: 0.3233}",2,"['OBSERVE_STRATUM', 'STOP_INSPECTION']",2.0,5.0,REGIME_F_ADVERSARIAL,FB3_Macro_Myopic_VOI,5
bench_REGIME_F_ADVERSARIAL_005,FB5_State_Blind_Lookahead,potato,ADVERSARIAL,0.308,0.116,0.192,MARKDOWN,0.0,0.0,1.0,0.0,6.0,4.8,10.8,120.0,"{0: 0.01, 1: 0.4697, 2: 0.4245, 3: 0.3323, 4: 0.3233}",12,"['WAIT_SETTLE', 'WAIT_SETTLE', 'WAIT_SETTLE', 'WAIT_SETTLE', 'WAIT_SETTLE', 'WAIT_SETTLE', 'WAIT_SETTLE', 'WAIT_SETTLE', 'WAIT_SETTLE', 'WAIT_SETTLE', 'WAIT_SETTLE', 'WAIT_SETTLE']",6.0,120.0,REGIME_F_ADVERSARIAL,FB5_State_Blind,5
bench_REGIME_F_ADVERSARIAL_005,FB6_Additive_Cost_Planner,potato,ADVERSARIAL,0.308,0.116,0.192,MARKDOWN,0.0,0.0,1.0,0.0,6.0,4.8,10.8,120.0,"{0: 0.01, 1: 0.4697, 2: 0.4245, 3: 0.3323, 4: 0.3233}",12,"['WAIT_SETTLE', 'WAIT_SETTLE', 'WAIT_SETTLE', 'WAIT_SETTLE', 'WAIT_SETTLE', 'WAIT_SETTLE', 'WAIT_SETTLE', 'WAIT_SETTLE', 'WAIT_SETTLE', 'WAIT_SETTLE', 'WAIT_SETTLE', 'WAIT_SETTLE']",6.0,120.0,REGIME_F_ADVERSARIAL,FB6_Additive_Cost,5
bench_REGIME_F_ADVERSARIAL_005,FB7_Exposure_Aware_Planner,potato,ADVERSARIAL,0.308,0.116,0.192,MARKDOWN,0.0,0.0,1.0,0.0,0.0,0.0,0.0,0.0,"{0: 0.01, 1: 0.4697, 2: 0.4245, 3: 0.3323, 4: 0.3233}",1,['STOP_INSPECTION'],0.0,0.0,REGIME_F_ADVERSARIAL,FB7_Proposed,5
bench_REGIME_F_ADVERSARIAL_006,FB0_Surface_Only,potato,ADVERSARIAL,0.348,0.1094,0.2386,MARKDOWN,0.0,0.0,1.0,0.0,2.0,0.2,2.2,5.0,"{0: 0.01, 1: 0.3868, 2: 0.3244, 3: 0.549, 4: 0.499}",2,"['OBSERVE_STRATUM', 'STOP_INSPECTION']",2.0,5.0,REGIME_F_ADVERSARIAL,FB0_Surface_Only,6
bench_REGIME_F_ADVERSARIAL_006,FB1_Fixed_Sampling,potato,ADVERSARIAL,0.348,0.1063,0.2417,MARKDOWN,0.0,0.0,1.0,0.0,45.0,3.0,48.0,75.0,"{0: 0.01, 1: 0.3868, 2: 0.3244, 3: 0.549, 4: 0.499}",4,"['SAMPLE_UNITS', 'SAMPLE_UNITS', 'SAMPLE_UNITS', 'STOP_INSPECTION']",45.0,75.0,REGIME_F_ADVERSARIAL,FB1_Fixed_Random,6
bench_REGIME_F_ADVERSARIAL_006,FB2_Depth_Stratified,potato,ADVERSARIAL,0.348,0.187,0.161,SPLIT_LOT,0.0,0.0,1.0,120.0,42.0,11.4,173.4,285.0,"{0: 0.01, 1: 0.3868, 2: 0.3244, 3: 0.549, 4: 0.499}",10,"['OBSERVE_STRATUM', 'REMOVE_LAYER', 'OBSERVE_STRATUM', 'REMOVE_LAYER', 'OBSERVE_STRATUM', 'REMOVE_LAYER', 'OBSERVE_STRATUM', 'REMOVE_LAYER', 'OBSERVE_STRATUM', 'STOP_INSPECTION']",42.0,85.0,REGIME_F_ADVERSARIAL,FB2_Depth_Stratified,6
bench_REGIME_F_ADVERSARIAL_006,FB3_Macro_Myopic_VOI,potato,ADVERSARIAL,0.348,0.111,0.237,MARKDOWN,0.0,0.0,1.0,0.0,2.0,0.2,2.2,5.0,"{0: 0.01, 1: 0.3868, 2: 0.3244, 3: 0.549, 4: 0.499}",2,"['OBSERVE_STRATUM', 'STOP_INSPECTION']",2.0,5.0,REGIME_F_ADVERSARIAL,FB3_Macro_Myopic_VOI,6
bench_REGIME_F_ADVERSARIAL_006,FB5_State_Blind_Lookahead,potato,ADVERSARIAL,0.348,0.116,0.232,MARKDOWN,0.0,0.0,1.0,0.0,6.0,4.8,10.8,120.0,"{0: 0.01, 1: 0.3868, 2: 0.3244, 3: 0.549, 4: 0.499}",12,"['WAIT_SETTLE', 'WAIT_SETTLE', 'WAIT_SETTLE', 'WAIT_SETTLE', 'WAIT_SETTLE', 'WAIT_SETTLE', 'WAIT_SETTLE', 'WAIT_SETTLE', 'WAIT_SETTLE', 'WAIT_SETTLE', 'WAIT_SETTLE', 'WAIT_SETTLE']",6.0,120.0,REGIME_F_ADVERSARIAL,FB5_State_Blind,6
bench_REGIME_F_ADVERSARIAL_006,FB6_Additive_Cost_Planner,potato,ADVERSARIAL,0.348,0.116,0.232,MARKDOWN,0.0,0.0,1.0,0.0,6.0,4.8,10.8,120.0,"{0: 0.01, 1: 0.3868, 2: 0.3244, 3: 0.549, 4: 0.499}",12,"['WAIT_SETTLE', 'WAIT_SETTLE', 'WAIT_SETTLE', 'WAIT_SETTLE', 'WAIT_SETTLE', 'WAIT_SETTLE', 'WAIT_SETTLE', 'WAIT_SETTLE', 'WAIT_SETTLE', 'WAIT_SETTLE', 'WAIT_SETTLE', 'WAIT_SETTLE']",6.0,120.0,REGIME_F_ADVERSARIAL,FB6_Additive_Cost,6
bench_REGIME_F_ADVERSARIAL_006,FB7_Exposure_Aware_Planner,potato,ADVERSARIAL,0.348,0.116,0.232,MARKDOWN,0.0,0.0,1.0,0.0,0.0,0.0,0.0,0.0,"{0: 0.01, 1: 0.3868, 2: 0.3244, 3: 0.549, 4: 0.499}",1,['STOP_INSPECTION'],0.0,0.0,REGIME_F_ADVERSARIAL,FB7_Proposed,6
bench_REGIME_F_ADVERSARIAL_007,FB0_Surface_Only,potato,ADVERSARIAL,0.288,0.1122,0.1758,MARKDOWN,0.0,0.0,1.0,0.0,2.0,0.2,2.2,5.0,"{0: 0.01, 1: 0.4279, 2: 0.3472, 3: 0.3484, 4: 0.3471}",2,"['OBSERVE_STRATUM', 'STOP_INSPECTION']",2.0,5.0,REGIME_F_ADVERSARIAL,FB0_Surface_Only,7
bench_REGIME_F_ADVERSARIAL_007,FB1_Fixed_Sampling,potato,ADVERSARIAL,0.288,0.1079,0.1801,MARKDOWN,0.0,0.0,1.0,0.0,45.0,3.0,48.0,75.0,"{0: 0.01, 1: 0.4279, 2: 0.3472, 3: 0.3484, 4: 0.3471}",4,"['SAMPLE_UNITS', 'SAMPLE_UNITS', 'SAMPLE_UNITS', 'STOP_INSPECTION']",45.0,75.0,REGIME_F_ADVERSARIAL,FB1_Fixed_Random,7
bench_REGIME_F_ADVERSARIAL_007,FB2_Depth_Stratified,potato,ADVERSARIAL,0.288,0.1825,0.1055,SPLIT_LOT,0.0,0.0,1.0,120.0,42.0,11.4,173.4,285.0,"{0: 0.01, 1: 0.4279, 2: 0.3472, 3: 0.3484, 4: 0.3471}",10,"['OBSERVE_STRATUM', 'REMOVE_LAYER', 'OBSERVE_STRATUM', 'REMOVE_LAYER', 'OBSERVE_STRATUM', 'REMOVE_LAYER', 'OBSERVE_STRATUM', 'REMOVE_LAYER', 'OBSERVE_STRATUM', 'STOP_INSPECTION']",42.0,85.0,REGIME_F_ADVERSARIAL,FB2_Depth_Stratified,7
bench_REGIME_F_ADVERSARIAL_007,FB3_Macro_Myopic_VOI,potato,ADVERSARIAL,0.288,0.1124,0.1756,MARKDOWN,0.0,0.0,1.0,0.0,2.0,0.2,2.2,5.0,"{0: 0.01, 1: 0.4279, 2: 0.3472, 3: 0.3484, 4: 0.3471}",2,"['OBSERVE_STRATUM', 'STOP_INSPECTION']",2.0,5.0,REGIME_F_ADVERSARIAL,FB3_Macro_Myopic_VOI,7
bench_REGIME_F_ADVERSARIAL_007,FB5_State_Blind_Lookahead,potato,ADVERSARIAL,0.288,0.116,0.172,MARKDOWN,0.0,0.0,1.0,0.0,6.0,4.8,10.8,120.0,"{0: 0.01, 1: 0.4279, 2: 0.3472, 3: 0.3484, 4: 0.3471}",12,"['WAIT_SETTLE', 'WAIT_SETTLE', 'WAIT_SETTLE', 'WAIT_SETTLE', 'WAIT_SETTLE', 'WAIT_SETTLE', 'WAIT_SETTLE', 'WAIT_SETTLE', 'WAIT_SETTLE', 'WAIT_SETTLE', 'WAIT_SETTLE', 'WAIT_SETTLE']",6.0,120.0,REGIME_F_ADVERSARIAL,FB5_State_Blind,7
bench_REGIME_F_ADVERSARIAL_007,FB6_Additive_Cost_Planner,potato,ADVERSARIAL,0.288,0.116,0.172,MARKDOWN,0.0,0.0,1.0,0.0,6.0,4.8,10.8,120.0,"{0: 0.01, 1: 0.4279, 2: 0.3472, 3: 0.3484, 4: 0.3471}",12,"['WAIT_SETTLE', 'WAIT_SETTLE', 'WAIT_SETTLE', 'WAIT_SETTLE', 'WAIT_SETTLE', 'WAIT_SETTLE', 'WAIT_SETTLE', 'WAIT_SETTLE', 'WAIT_SETTLE', 'WAIT_SETTLE', 'WAIT_SETTLE', 'WAIT_SETTLE']",6.0,120.0,REGIME_F_ADVERSARIAL,FB6_Additive_Cost,7
bench_REGIME_F_ADVERSARIAL_007,FB7_Exposure_Aware_Planner,potato,ADVERSARIAL,0.288,0.116,0.172,MARKDOWN,0.0,0.0,1.0,0.0,0.0,0.0,0.0,0.0,"{0: 0.01, 1: 0.4279, 2: 0.3472, 3: 0.3484, 4: 0.3471}",1,['STOP_INSPECTION'],0.0,0.0,REGIME_F_ADVERSARIAL,FB7_Proposed,7
bench_REGIME_F_ADVERSARIAL_008,FB0_Surface_Only,potato,ADVERSARIAL,0.3,0.1092,0.1908,MARKDOWN,0.0,0.0,1.0,0.0,2.0,0.2,2.2,5.0,"{0: 0.01, 1: 0.3483, 2: 0.319, 3: 0.4947, 4: 0.3357}",2,"['OBSERVE_STRATUM', 'STOP_INSPECTION']",2.0,5.0,REGIME_F_ADVERSARIAL,FB0_Surface_Only,8
bench_REGIME_F_ADVERSARIAL_008,FB1_Fixed_Sampling,potato,ADVERSARIAL,0.3,0.1054,0.1946,MARKDOWN,0.0,0.0,1.0,0.0,45.0,3.0,48.0,75.0,"{0: 0.01, 1: 0.3483, 2: 0.319, 3: 0.4947, 4: 0.3357}",4,"['SAMPLE_UNITS', 'SAMPLE_UNITS', 'SAMPLE_UNITS', 'STOP_INSPECTION']",45.0,75.0,REGIME_F_ADVERSARIAL,FB1_Fixed_Random,8
bench_REGIME_F_ADVERSARIAL_008,FB2_Depth_Stratified,potato,ADVERSARIAL,0.3,0.1729,0.1271,SPLIT_LOT,0.0,0.0,1.0,120.0,42.0,11.4,173.4,285.0,"{0: 0.01, 1: 0.3483, 2: 0.319, 3: 0.4947, 4: 0.3357}",10,"['OBSERVE_STRATUM', 'REMOVE_LAYER', 'OBSERVE_STRATUM', 'REMOVE_LAYER', 'OBSERVE_STRATUM', 'REMOVE_LAYER', 'OBSERVE_STRATUM', 'REMOVE_LAYER', 'OBSERVE_STRATUM', 'STOP_INSPECTION']",42.0,85.0,REGIME_F_ADVERSARIAL,FB2_Depth_Stratified,8
bench_REGIME_F_ADVERSARIAL_008,FB3_Macro_Myopic_VOI,potato,ADVERSARIAL,0.3,0.1097,0.1903,MARKDOWN,0.0,0.0,1.0,0.0,2.0,0.2,2.2,5.0,"{0: 0.01, 1: 0.3483, 2: 0.319, 3: 0.4947, 4: 0.3357}",2,"['OBSERVE_STRATUM', 'STOP_INSPECTION']",2.0,5.0,REGIME_F_ADVERSARIAL,FB3_Macro_Myopic_VOI,8
bench_REGIME_F_ADVERSARIAL_008,FB5_State_Blind_Lookahead,potato,ADVERSARIAL,0.3,0.116,0.184,MARKDOWN,0.0,0.0,1.0,0.0,6.0,4.8,10.8,120.0,"{0: 0.01, 1: 0.3483, 2: 0.319, 3: 0.4947, 4: 0.3357}",12,"['WAIT_SETTLE', 'WAIT_SETTLE', 'WAIT_SETTLE', 'WAIT_SETTLE', 'WAIT_SETTLE', 'WAIT_SETTLE', 'WAIT_SETTLE', 'WAIT_SETTLE', 'WAIT_SETTLE', 'WAIT_SETTLE', 'WAIT_SETTLE', 'WAIT_SETTLE']",6.0,120.0,REGIME_F_ADVERSARIAL,FB5_State_Blind,8
bench_REGIME_F_ADVERSARIAL_008,FB6_Additive_Cost_Planner,potato,ADVERSARIAL,0.3,0.116,0.184,MARKDOWN,0.0,0.0,1.0,0.0,6.0,4.8,10.8,120.0,"{0: 0.01, 1: 0.3483, 2: 0.319, 3: 0.4947, 4: 0.3357}",12,"['WAIT_SETTLE', 'WAIT_SETTLE', 'WAIT_SETTLE', 'WAIT_SETTLE', 'WAIT_SETTLE', 'WAIT_SETTLE', 'WAIT_SETTLE', 'WAIT_SETTLE', 'WAIT_SETTLE', 'WAIT_SETTLE', 'WAIT_SETTLE', 'WAIT_SETTLE']",6.0,120.0,REGIME_F_ADVERSARIAL,FB6_Additive_Cost,8
bench_REGIME_F_ADVERSARIAL_008,FB7_Exposure_Aware_Planner,potato,ADVERSARIAL,0.3,0.116,0.184,MARKDOWN,0.0,0.0,1.0,0.0,0.0,0.0,0.0,0.0,"{0: 0.01, 1: 0.3483, 2: 0.319, 3: 0.4947, 4: 0.3357}",1,['STOP_INSPECTION'],0.0,0.0,REGIME_F_ADVERSARIAL,FB7_Proposed,8
bench_REGIME_F_ADVERSARIAL_009,FB0_Surface_Only,potato,ADVERSARIAL,0.348,0.1092,0.2388,MARKDOWN,0.0,0.0,1.0,0.0,2.0,0.2,2.2,5.0,"{0: 0.01, 1: 0.3034, 2: 0.5239, 3: 0.5283, 4: 0.393}",2,"['OBSERVE_STRATUM', 'STOP_INSPECTION']",2.0,5.0,REGIME_F_ADVERSARIAL,FB0_Surface_Only,9
bench_REGIME_F_ADVERSARIAL_009,FB1_Fixed_Sampling,potato,ADVERSARIAL,0.348,0.1099,0.2381,MARKDOWN,0.0,0.0,1.0,0.0,45.0,3.0,48.0,75.0,"{0: 0.01, 1: 0.3034, 2: 0.5239, 3: 0.5283, 4: 0.393}",4,"['SAMPLE_UNITS', 'SAMPLE_UNITS', 'SAMPLE_UNITS', 'STOP_INSPECTION']",45.0,75.0,REGIME_F_ADVERSARIAL,FB1_Fixed_Random,9
bench_REGIME_F_ADVERSARIAL_009,FB2_Depth_Stratified,potato,ADVERSARIAL,0.348,0.204,0.144,REROUTE,0.0,0.0,1.0,0.0,42.0,11.4,53.4,285.0,"{0: 0.01, 1: 0.3034, 2: 0.5239, 3: 0.5283, 4: 0.393}",10,"['OBSERVE_STRATUM', 'REMOVE_LAYER', 'OBSERVE_STRATUM', 'REMOVE_LAYER', 'OBSERVE_STRATUM', 'REMOVE_LAYER', 'OBSERVE_STRATUM', 'REMOVE_LAYER', 'OBSERVE_STRATUM', 'STOP_INSPECTION']",42.0,85.0,REGIME_F_ADVERSARIAL,FB2_Depth_Stratified,9
bench_REGIME_F_ADVERSARIAL_009,FB3_Macro_Myopic_VOI,potato,ADVERSARIAL,0.348,0.1092,0.2388,MARKDOWN,0.0,0.0,1.0,0.0,2.0,0.2,2.2,5.0,"{0: 0.01, 1: 0.3034, 2: 0.5239, 3: 0.5283, 4: 0.393}",2,"['OBSERVE_STRATUM', 'STOP_INSPECTION']",2.0,5.0,REGIME_F_ADVERSARIAL,FB3_Macro_Myopic_VOI,9
bench_REGIME_F_ADVERSARIAL_009,FB5_State_Blind_Lookahead,potato,ADVERSARIAL,0.348,0.116,0.232,MARKDOWN,0.0,0.0,1.0,0.0,6.0,4.8,10.8,120.0,"{0: 0.01, 1: 0.3034, 2: 0.5239, 3: 0.5283, 4: 0.393}",12,"['WAIT_SETTLE', 'WAIT_SETTLE', 'WAIT_SETTLE', 'WAIT_SETTLE', 'WAIT_SETTLE', 'WAIT_SETTLE', 'WAIT_SETTLE', 'WAIT_SETTLE', 'WAIT_SETTLE', 'WAIT_SETTLE', 'WAIT_SETTLE', 'WAIT_SETTLE']",6.0,120.0,REGIME_F_ADVERSARIAL,FB5_State_Blind,9
bench_REGIME_F_ADVERSARIAL_009,FB6_Additive_Cost_Planner,potato,ADVERSARIAL,0.348,0.116,0.232,MARKDOWN,0.0,0.0,1.0,0.0,6.0,4.8,10.8,120.0,"{0: 0.01, 1: 0.3034, 2: 0.5239, 3: 0.5283, 4: 0.393}",12,"['WAIT_SETTLE', 'WAIT_SETTLE', 'WAIT_SETTLE', 'WAIT_SETTLE', 'WAIT_SETTLE', 'WAIT_SETTLE', 'WAIT_SETTLE', 'WAIT_SETTLE', 'WAIT_SETTLE', 'WAIT_SETTLE', 'WAIT_SETTLE', 'WAIT_SETTLE']",6.0,120.0,REGIME_F_ADVERSARIAL,FB6_Additive_Cost,9
bench_REGIME_F_ADVERSARIAL_009,FB7_Exposure_Aware_Planner,potato,ADVERSARIAL,0.348,0.116,0.232,MARKDOWN,0.0,0.0,1.0,0.0,0.0,0.0,0.0,0.0,"{0: 0.01, 1: 0.3034, 2: 0.5239, 3: 0.5283, 4: 0.393}",1,['STOP_INSPECTION'],0.0,0.0,REGIME_F_ADVERSARIAL,FB7_Proposed,9
bench_REGIME_F_ADVERSARIAL_010,FB0_Surface_Only,potato,ADVERSARIAL,0.3,0.1092,0.1908,MARKDOWN,0.0,0.0,1.0,0.0,2.0,0.2,2.2,5.0,"{0: 0.01, 1: 0.4369, 2: 0.305, 3: 0.4641, 4: 0.308}",2,"['OBSERVE_STRATUM', 'STOP_INSPECTION']",2.0,5.0,REGIME_F_ADVERSARIAL,FB0_Surface_Only,10
bench_REGIME_F_ADVERSARIAL_010,FB1_Fixed_Sampling,potato,ADVERSARIAL,0.3,0.1066,0.1934,MARKDOWN,0.0,0.0,1.0,0.0,45.0,3.0,48.0,75.0,"{0: 0.01, 1: 0.4369, 2: 0.305, 3: 0.4641, 4: 0.308}",4,"['SAMPLE_UNITS', 'SAMPLE_UNITS', 'SAMPLE_UNITS', 'STOP_INSPECTION']",45.0,75.0,REGIME_F_ADVERSARIAL,FB1_Fixed_Random,10
bench_REGIME_F_ADVERSARIAL_010,FB2_Depth_Stratified,potato,ADVERSARIAL,0.3,0.1832,0.1168,SPLIT_LOT,0.0,0.0,1.0,120.0,42.0,11.4,173.4,285.0,"{0: 0.01, 1: 0.4369, 2: 0.305, 3: 0.4641, 4: 0.308}",10,"['OBSERVE_STRATUM', 'REMOVE_LAYER', 'OBSERVE_STRATUM', 'REMOVE_LAYER', 'OBSERVE_STRATUM', 'REMOVE_LAYER', 'OBSERVE_STRATUM', 'REMOVE_LAYER', 'OBSERVE_STRATUM', 'STOP_INSPECTION']",42.0,85.0,REGIME_F_ADVERSARIAL,FB2_Depth_Stratified,10
bench_REGIME_F_ADVERSARIAL_010,FB3_Macro_Myopic_VOI,potato,ADVERSARIAL,0.3,0.1092,0.1908,MARKDOWN,0.0,0.0,1.0,0.0,2.0,0.2,2.2,5.0,"{0: 0.01, 1: 0.4369, 2: 0.305, 3: 0.4641, 4: 0.308}",2,"['OBSERVE_STRATUM', 'STOP_INSPECTION']",2.0,5.0,REGIME_F_ADVERSARIAL,FB3_Macro_Myopic_VOI,10
bench_REGIME_F_ADVERSARIAL_010,FB5_State_Blind_Lookahead,potato,ADVERSARIAL,0.3,0.116,0.184,MARKDOWN,0.0,0.0,1.0,0.0,6.0,4.8,10.8,120.0,"{0: 0.01, 1: 0.4369, 2: 0.305, 3: 0.4641, 4: 0.308}",12,"['WAIT_SETTLE', 'WAIT_SETTLE', 'WAIT_SETTLE', 'WAIT_SETTLE', 'WAIT_SETTLE', 'WAIT_SETTLE', 'WAIT_SETTLE', 'WAIT_SETTLE', 'WAIT_SETTLE', 'WAIT_SETTLE', 'WAIT_SETTLE', 'WAIT_SETTLE']",6.0,120.0,REGIME_F_ADVERSARIAL,FB5_State_Blind,10
bench_REGIME_F_ADVERSARIAL_010,FB6_Additive_Cost_Planner,potato,ADVERSARIAL,0.3,0.116,0.184,MARKDOWN,0.0,0.0,1.0,0.0,6.0,4.8,10.8,120.0,"{0: 0.01, 1: 0.4369, 2: 0.305, 3: 0.4641, 4: 0.308}",12,"['WAIT_SETTLE', 'WAIT_SETTLE', 'WAIT_SETTLE', 'WAIT_SETTLE', 'WAIT_SETTLE', 'WAIT_SETTLE', 'WAIT_SETTLE', 'WAIT_SETTLE', 'WAIT_SETTLE', 'WAIT_SETTLE', 'WAIT_SETTLE', 'WAIT_SETTLE']",6.0,120.0,REGIME_F_ADVERSARIAL,FB6_Additive_Cost,10
bench_REGIME_F_ADVERSARIAL_010,FB7_Exposure_Aware_Planner,potato,ADVERSARIAL,0.3,0.116,0.184,MARKDOWN,0.0,0.0,1.0,0.0,0.0,0.0,0.0,0.0,"{0: 0.01, 1: 0.4369, 2: 0.305, 3: 0.4641, 4: 0.308}",1,['STOP_INSPECTION'],0.0,0.0,REGIME_F_ADVERSARIAL,FB7_Proposed,10
bench_REGIME_F_ADVERSARIAL_011,FB0_Surface_Only,potato,ADVERSARIAL,0.316,0.1111,0.2049,MARKDOWN,0.0,0.0,1.0,0.0,2.0,0.2,2.2,5.0,"{0: 0.01, 1: 0.4189, 2: 0.3741, 3: 0.4785, 4: 0.305}",2,"['OBSERVE_STRATUM', 'STOP_INSPECTION']",2.0,5.0,REGIME_F_ADVERSARIAL,FB0_Surface_Only,11
bench_REGIME_F_ADVERSARIAL_011,FB1_Fixed_Sampling,potato,ADVERSARIAL,0.316,0.1062,0.2098,MARKDOWN,0.0,0.0,1.0,0.0,45.0,3.0,48.0,75.0,"{0: 0.01, 1: 0.4189, 2: 0.3741, 3: 0.4785, 4: 0.305}",4,"['SAMPLE_UNITS', 'SAMPLE_UNITS', 'SAMPLE_UNITS', 'STOP_INSPECTION']",45.0,75.0,REGIME_F_ADVERSARIAL,FB1_Fixed_Random,11
bench_REGIME_F_ADVERSARIAL_011,FB2_Depth_Stratified,potato,ADVERSARIAL,0.316,0.185,0.131,SPLIT_LOT,0.0,0.0,1.0,120.0,42.0,11.4,173.4,285.0,"{0: 0.01, 1: 0.4189, 2: 0.3741, 3: 0.4785, 4: 0.305}",10,"['OBSERVE_STRATUM', 'REMOVE_LAYER', 'OBSERVE_STRATUM', 'REMOVE_LAYER', 'OBSERVE_STRATUM', 'REMOVE_LAYER', 'OBSERVE_STRATUM', 'REMOVE_LAYER', 'OBSERVE_STRATUM', 'STOP_INSPECTION']",42.0,85.0,REGIME_F_ADVERSARIAL,FB2_Depth_Stratified,11
bench_REGIME_F_ADVERSARIAL_011,FB3_Macro_Myopic_VOI,potato,ADVERSARIAL,0.316,0.1104,0.2056,MARKDOWN,0.0,0.0,1.0,0.0,2.0,0.2,2.2,5.0,"{0: 0.01, 1: 0.4189, 2: 0.3741, 3: 0.4785, 4: 0.305}",2,"['OBSERVE_STRATUM', 'STOP_INSPECTION']",2.0,5.0,REGIME_F_ADVERSARIAL,FB3_Macro_Myopic_VOI,11
bench_REGIME_F_ADVERSARIAL_011,FB5_State_Blind_Lookahead,potato,ADVERSARIAL,0.316,0.116,0.2,MARKDOWN,0.0,0.0,1.0,0.0,6.0,4.8,10.8,120.0,"{0: 0.01, 1: 0.4189, 2: 0.3741, 3: 0.4785, 4: 0.305}",12,"['WAIT_SETTLE', 'WAIT_SETTLE', 'WAIT_SETTLE', 'WAIT_SETTLE', 'WAIT_SETTLE', 'WAIT_SETTLE', 'WAIT_SETTLE', 'WAIT_SETTLE', 'WAIT_SETTLE', 'WAIT_SETTLE', 'WAIT_SETTLE', 'WAIT_SETTLE']",6.0,120.0,REGIME_F_ADVERSARIAL,FB5_State_Blind,11
bench_REGIME_F_ADVERSARIAL_011,FB6_Additive_Cost_Planner,potato,ADVERSARIAL,0.316,0.116,0.2,MARKDOWN,0.0,0.0,1.0,0.0,6.0,4.8,10.8,120.0,"{0: 0.01, 1: 0.4189, 2: 0.3741, 3: 0.4785, 4: 0.305}",12,"['WAIT_SETTLE', 'WAIT_SETTLE', 'WAIT_SETTLE', 'WAIT_SETTLE', 'WAIT_SETTLE', 'WAIT_SETTLE', 'WAIT_SETTLE', 'WAIT_SETTLE', 'WAIT_SETTLE', 'WAIT_SETTLE', 'WAIT_SETTLE', 'WAIT_SETTLE']",6.0,120.0,REGIME_F_ADVERSARIAL,FB6_Additive_Cost,11
bench_REGIME_F_ADVERSARIAL_011,FB7_Exposure_Aware_Planner,potato,ADVERSARIAL,0.316,0.116,0.2,MARKDOWN,0.0,0.0,1.0,0.0,0.0,0.0,0.0,0.0,"{0: 0.01, 1: 0.4189, 2: 0.3741, 3: 0.4785, 4: 0.305}",1,['STOP_INSPECTION'],0.0,0.0,REGIME_F_ADVERSARIAL,FB7_Proposed,11
bench_REGIME_F_ADVERSARIAL_012,FB0_Surface_Only,potato,ADVERSARIAL,0.328,0.1108,0.2172,MARKDOWN,0.0,0.0,1.0,0.0,2.0,0.2,2.2,5.0,"{0: 0.01, 1: 0.3686, 2: 0.4466, 3: 0.4644, 4: 0.3737}",2,"['OBSERVE_STRATUM', 'STOP_INSPECTION']",2.0,5.0,REGIME_F_ADVERSARIAL,FB0_Surface_Only,12
bench_REGIME_F_ADVERSARIAL_012,FB1_Fixed_Sampling,potato,ADVERSARIAL,0.328,0.1064,0.2216,MARKDOWN,0.0,0.0,1.0,0.0,45.0,3.0,48.0,75.0,"{0: 0.01, 1: 0.3686, 2: 0.4466, 3: 0.4644, 4: 0.3737}",4,"['SAMPLE_UNITS', 'SAMPLE_UNITS', 'SAMPLE_UNITS', 'STOP_INSPECTION']",45.0,75.0,REGIME_F_ADVERSARIAL,FB1_Fixed_Random,12
bench_REGIME_F_ADVERSARIAL_012,FB2_Depth_Stratified,potato,ADVERSARIAL,0.328,0.1994,0.1286,REROUTE,0.0,0.0,1.0,0.0,42.0,11.4,53.4,285.0,"{0: 0.01, 1: 0.3686, 2: 0.4466, 3: 0.4644, 4: 0.3737}",10,"['OBSERVE_STRATUM', 'REMOVE_LAYER', 'OBSERVE_STRATUM', 'REMOVE_LAYER', 'OBSERVE_STRATUM', 'REMOVE_LAYER', 'OBSERVE_STRATUM', 'REMOVE_LAYER', 'OBSERVE_STRATUM', 'STOP_INSPECTION']",42.0,85.0,REGIME_F_ADVERSARIAL,FB2_Depth_Stratified,12
bench_REGIME_F_ADVERSARIAL_012,FB3_Macro_Myopic_VOI,potato,ADVERSARIAL,0.328,0.1092,0.2188,MARKDOWN,0.0,0.0,1.0,0.0,2.0,0.2,2.2,5.0,"{0: 0.01, 1: 0.3686, 2: 0.4466, 3: 0.4644, 4: 0.3737}",2,"['OBSERVE_STRATUM', 'STOP_INSPECTION']",2.0,5.0,REGIME_F_ADVERSARIAL,FB3_Macro_Myopic_VOI,12
bench_REGIME_F_ADVERSARIAL_012,FB5_State_Blind_Lookahead,potato,ADVERSARIAL,0.328,0.116,0.212,MARKDOWN,0.0,0.0,1.0,0.0,6.0,4.8,10.8,120.0,"{0: 0.01, 1: 0.3686, 2: 0.4466, 3: 0.4644, 4: 0.3737}",12,"['WAIT_SETTLE', 'WAIT_SETTLE', 'WAIT_SETTLE', 'WAIT_SETTLE', 'WAIT_SETTLE', 'WAIT_SETTLE', 'WAIT_SETTLE', 'WAIT_SETTLE', 'WAIT_SETTLE', 'WAIT_SETTLE', 'WAIT_SETTLE', 'WAIT_SETTLE']",6.0,120.0,REGIME_F_ADVERSARIAL,FB5_State_Blind,12
bench_REGIME_F_ADVERSARIAL_012,FB6_Additive_Cost_Planner,potato,ADVERSARIAL,0.328,0.116,0.212,MARKDOWN,0.0,0.0,1.0,0.0,6.0,4.8,10.8,120.0,"{0: 0.01, 1: 0.3686, 2: 0.4466, 3: 0.4644, 4: 0.3737}",12,"['WAIT_SETTLE', 'WAIT_SETTLE', 'WAIT_SETTLE', 'WAIT_SETTLE', 'WAIT_SETTLE', 'WAIT_SETTLE', 'WAIT_SETTLE', 'WAIT_SETTLE', 'WAIT_SETTLE', 'WAIT_SETTLE', 'WAIT_SETTLE', 'WAIT_SETTLE']",6.0,120.0,REGIME_F_ADVERSARIAL,FB6_Additive_Cost,12
bench_REGIME_F_ADVERSARIAL_012,FB7_Exposure_Aware_Planner,potato,ADVERSARIAL,0.328,0.116,0.212,MARKDOWN,0.0,0.0,1.0,0.0,0.0,0.0,0.0,0.0,"{0: 0.01, 1: 0.3686, 2: 0.4466, 3: 0.4644, 4: 0.3737}",1,['STOP_INSPECTION'],0.0,0.0,REGIME_F_ADVERSARIAL,FB7_Proposed,12
bench_REGIME_F_ADVERSARIAL_013,FB0_Surface_Only,potato,ADVERSARIAL,0.32,0.1092,0.2108,MARKDOWN,0.0,0.0,1.0,0.0,2.0,0.2,2.2,5.0,"{0: 0.01, 1: 0.3439, 2: 0.4204, 3: 0.3592, 4: 0.4899}",2,"['OBSERVE_STRATUM', 'STOP_INSPECTION']",2.0,5.0,REGIME_F_ADVERSARIAL,FB0_Surface_Only,13
bench_REGIME_F_ADVERSARIAL_013,FB1_Fixed_Sampling,potato,ADVERSARIAL,0.32,0.1053,0.2147,MARKDOWN,0.0,0.0,1.0,0.0,45.0,3.0,48.0,75.0,"{0: 0.01, 1: 0.3439, 2: 0.4204, 3: 0.3592, 4: 0.4899}",4,"['SAMPLE_UNITS', 'SAMPLE_UNITS', 'SAMPLE_UNITS', 'STOP_INSPECTION']",45.0,75.0,REGIME_F_ADVERSARIAL,FB1_Fixed_Random,13
bench_REGIME_F_ADVERSARIAL_013,FB2_Depth_Stratified,potato,ADVERSARIAL,0.32,0.1946,0.1254,REROUTE,0.0,0.0,1.0,0.0,42.0,11.4,53.4,285.0,"{0: 0.01, 1: 0.3439, 2: 0.4204, 3: 0.3592, 4: 0.4899}",10,"['OBSERVE_STRATUM', 'REMOVE_LAYER', 'OBSERVE_STRATUM', 'REMOVE_LAYER', 'OBSERVE_STRATUM', 'REMOVE_LAYER', 'OBSERVE_STRATUM', 'REMOVE_LAYER', 'OBSERVE_STRATUM', 'STOP_INSPECTION']",42.0,85.0,REGIME_F_ADVERSARIAL,FB2_Depth_Stratified,13
bench_REGIME_F_ADVERSARIAL_013,FB3_Macro_Myopic_VOI,potato,ADVERSARIAL,0.32,0.1124,0.2076,MARKDOWN,0.0,0.0,1.0,0.0,2.0,0.2,2.2,5.0,"{0: 0.01, 1: 0.3439, 2: 0.4204, 3: 0.3592, 4: 0.4899}",2,"['OBSERVE_STRATUM', 'STOP_INSPECTION']",2.0,5.0,REGIME_F_ADVERSARIAL,FB3_Macro_Myopic_VOI,13
bench_REGIME_F_ADVERSARIAL_013,FB5_State_Blind_Lookahead,potato,ADVERSARIAL,0.32,0.116,0.204,MARKDOWN,0.0,0.0,1.0,0.0,6.0,4.8,10.8,120.0,"{0: 0.01, 1: 0.3439, 2: 0.4204, 3: 0.3592, 4: 0.4899}",12,"['WAIT_SETTLE', 'WAIT_SETTLE', 'WAIT_SETTLE', 'WAIT_SETTLE', 'WAIT_SETTLE', 'WAIT_SETTLE', 'WAIT_SETTLE', 'WAIT_SETTLE', 'WAIT_SETTLE', 'WAIT_SETTLE', 'WAIT_SETTLE', 'WAIT_SETTLE']",6.0,120.0,REGIME_F_ADVERSARIAL,FB5_State_Blind,13
bench_REGIME_F_ADVERSARIAL_013,FB6_Additive_Cost_Planner,potato,ADVERSARIAL,0.32,0.116,0.204,MARKDOWN,0.0,0.0,1.0,0.0,6.0,4.8,10.8,120.0,"{0: 0.01, 1: 0.3439, 2: 0.4204, 3: 0.3592, 4: 0.4899}",12,"['WAIT_SETTLE', 'WAIT_SETTLE', 'WAIT_SETTLE', 'WAIT_SETTLE', 'WAIT_SETTLE', 'WAIT_SETTLE', 'WAIT_SETTLE', 'WAIT_SETTLE', 'WAIT_SETTLE', 'WAIT_SETTLE', 'WAIT_SETTLE', 'WAIT_SETTLE']",6.0,120.0,REGIME_F_ADVERSARIAL,FB6_Additive_Cost,13
bench_REGIME_F_ADVERSARIAL_013,FB7_Exposure_Aware_Planner,potato,ADVERSARIAL,0.32,0.116,0.204,MARKDOWN,0.0,0.0,1.0,0.0,0.0,0.0,0.0,0.0,"{0: 0.01, 1: 0.3439, 2: 0.4204, 3: 0.3592, 4: 0.4899}",1,['STOP_INSPECTION'],0.0,0.0,REGIME_F_ADVERSARIAL,FB7_Proposed,13
bench_REGIME_F_ADVERSARIAL_014,FB0_Surface_Only,potato,ADVERSARIAL,0.38,0.1101,0.2699,MARKDOWN,1.0,0.0,0.0,300.0,2.0,0.2,302.2,5.0,"{0: 0.01, 1: 0.4989, 2: 0.4959, 3: 0.461, 4: 0.4488}",2,"['OBSERVE_STRATUM', 'STOP_INSPECTION']",2.0,5.0,REGIME_F_ADVERSARIAL,FB0_Surface_Only,14
bench_REGIME_F_ADVERSARIAL_014,FB1_Fixed_Sampling,potato,ADVERSARIAL,0.38,0.109,0.271,MARKDOWN,1.0,0.0,0.0,300.0,45.0,3.0,348.0,75.0,"{0: 0.01, 1: 0.4989, 2: 0.4959, 3: 0.461, 4: 0.4488}",4,"['SAMPLE_UNITS', 'SAMPLE_UNITS', 'SAMPLE_UNITS', 'STOP_INSPECTION']",45.0,75.0,REGIME_F_ADVERSARIAL,FB1_Fixed_Random,14
bench_REGIME_F_ADVERSARIAL_014,FB2_Depth_Stratified,potato,ADVERSARIAL,0.38,0.2121,0.1679,SPLIT_LOT,0.0,0.0,1.0,120.0,42.0,11.4,173.4,285.0,"{0: 0.01, 1: 0.4989, 2: 0.4959, 3: 0.461, 4: 0.4488}",10,"['OBSERVE_STRATUM', 'REMOVE_LAYER', 'OBSERVE_STRATUM', 'REMOVE_LAYER', 'OBSERVE_STRATUM', 'REMOVE_LAYER', 'OBSERVE_STRATUM', 'REMOVE_LAYER', 'OBSERVE_STRATUM', 'STOP_INSPECTION']",42.0,85.0,REGIME_F_ADVERSARIAL,FB2_Depth_Stratified,14
bench_REGIME_F_ADVERSARIAL_014,FB3_Macro_Myopic_VOI,potato,ADVERSARIAL,0.38,0.1116,0.2684,MARKDOWN,1.0,0.0,0.0,300.0,2.0,0.2,302.2,5.0,"{0: 0.01, 1: 0.4989, 2: 0.4959, 3: 0.461, 4: 0.4488}",2,"['OBSERVE_STRATUM', 'STOP_INSPECTION']",2.0,5.0,REGIME_F_ADVERSARIAL,FB3_Macro_Myopic_VOI,14
bench_REGIME_F_ADVERSARIAL_014,FB5_State_Blind_Lookahead,potato,ADVERSARIAL,0.38,0.116,0.264,MARKDOWN,1.0,0.0,0.0,300.0,6.0,4.8,310.8,120.0,"{0: 0.01, 1: 0.4989, 2: 0.4959, 3: 0.461, 4: 0.4488}",12,"['WAIT_SETTLE', 'WAIT_SETTLE', 'WAIT_SETTLE', 'WAIT_SETTLE', 'WAIT_SETTLE', 'WAIT_SETTLE', 'WAIT_SETTLE', 'WAIT_SETTLE', 'WAIT_SETTLE', 'WAIT_SETTLE', 'WAIT_SETTLE', 'WAIT_SETTLE']",6.0,120.0,REGIME_F_ADVERSARIAL,FB5_State_Blind,14
bench_REGIME_F_ADVERSARIAL_014,FB6_Additive_Cost_Planner,potato,ADVERSARIAL,0.38,0.116,0.264,MARKDOWN,1.0,0.0,0.0,300.0,6.0,4.8,310.8,120.0,"{0: 0.01, 1: 0.4989, 2: 0.4959, 3: 0.461, 4: 0.4488}",12,"['WAIT_SETTLE', 'WAIT_SETTLE', 'WAIT_SETTLE', 'WAIT_SETTLE', 'WAIT_SETTLE', 'WAIT_SETTLE', 'WAIT_SETTLE', 'WAIT_SETTLE', 'WAIT_SETTLE', 'WAIT_SETTLE', 'WAIT_SETTLE', 'WAIT_SETTLE']",6.0,120.0,REGIME_F_ADVERSARIAL,FB6_Additive_Cost,14
bench_REGIME_F_ADVERSARIAL_014,FB7_Exposure_Aware_Planner,potato,ADVERSARIAL,0.38,0.116,0.264,MARKDOWN,1.0,0.0,0.0,300.0,0.0,0.0,300.0,0.0,"{0: 0.01, 1: 0.4989, 2: 0.4959, 3: 0.461, 4: 0.4488}",1,['STOP_INSPECTION'],0.0,0.0,REGIME_F_ADVERSARIAL,FB7_Proposed,14
bench_REGIME_F_ADVERSARIAL_015,FB0_Surface_Only,potato,ADVERSARIAL,0.296,0.1092,0.1868,MARKDOWN,0.0,0.0,1.0,0.0,2.0,0.2,2.2,5.0,"{0: 0.01, 1: 0.3845, 2: 0.3437, 3: 0.3375, 4: 0.429}",2,"['OBSERVE_STRATUM', 'STOP_INSPECTION']",2.0,5.0,REGIME_F_ADVERSARIAL,FB0_Surface_Only,15
bench_REGIME_F_ADVERSARIAL_015,FB1_Fixed_Sampling,potato,ADVERSARIAL,0.296,0.1085,0.1875,MARKDOWN,0.0,0.0,1.0,0.0,45.0,3.0,48.0,75.0,"{0: 0.01, 1: 0.3845, 2: 0.3437, 3: 0.3375, 4: 0.429}",4,"['SAMPLE_UNITS', 'SAMPLE_UNITS', 'SAMPLE_UNITS', 'STOP_INSPECTION']",45.0,75.0,REGIME_F_ADVERSARIAL,FB1_Fixed_Random,15
bench_REGIME_F_ADVERSARIAL_015,FB2_Depth_Stratified,potato,ADVERSARIAL,0.296,0.1726,0.1234,MARKDOWN,0.0,0.0,1.0,0.0,42.0,11.4,53.4,285.0,"{0: 0.01, 1: 0.3845, 2: 0.3437, 3: 0.3375, 4: 0.429}",10,"['OBSERVE_STRATUM', 'REMOVE_LAYER', 'OBSERVE_STRATUM', 'REMOVE_LAYER', 'OBSERVE_STRATUM', 'REMOVE_LAYER', 'OBSERVE_STRATUM', 'REMOVE_LAYER', 'OBSERVE_STRATUM', 'STOP_INSPECTION']",42.0,85.0,REGIME_F_ADVERSARIAL,FB2_Depth_Stratified,15
bench_REGIME_F_ADVERSARIAL_015,FB3_Macro_Myopic_VOI,potato,ADVERSARIAL,0.296,0.1092,0.1868,MARKDOWN,0.0,0.0,1.0,0.0,2.0,0.2,2.2,5.0,"{0: 0.01, 1: 0.3845, 2: 0.3437, 3: 0.3375, 4: 0.429}",2,"['OBSERVE_STRATUM', 'STOP_INSPECTION']",2.0,5.0,REGIME_F_ADVERSARIAL,FB3_Macro_Myopic_VOI,15
bench_REGIME_F_ADVERSARIAL_015,FB5_State_Blind_Lookahead,potato,ADVERSARIAL,0.296,0.116,0.18,MARKDOWN,0.0,0.0,1.0,0.0,6.0,4.8,10.8,120.0,"{0: 0.01, 1: 0.3845, 2: 0.3437, 3: 0.3375, 4: 0.429}",12,"['WAIT_SETTLE', 'WAIT_SETTLE', 'WAIT_SETTLE', 'WAIT_SETTLE', 'WAIT_SETTLE', 'WAIT_SETTLE', 'WAIT_SETTLE', 'WAIT_SETTLE', 'WAIT_SETTLE', 'WAIT_SETTLE', 'WAIT_SETTLE', 'WAIT_SETTLE']",6.0,120.0,REGIME_F_ADVERSARIAL,FB5_State_Blind,15
bench_REGIME_F_ADVERSARIAL_015,FB6_Additive_Cost_Planner,potato,ADVERSARIAL,0.296,0.116,0.18,MARKDOWN,0.0,0.0,1.0,0.0,6.0,4.8,10.8,120.0,"{0: 0.01, 1: 0.3845, 2: 0.3437, 3: 0.3375, 4: 0.429}",12,"['WAIT_SETTLE', 'WAIT_SETTLE', 'WAIT_SETTLE', 'WAIT_SETTLE', 'WAIT_SETTLE', 'WAIT_SETTLE', 'WAIT_SETTLE', 'WAIT_SETTLE', 'WAIT_SETTLE', 'WAIT_SETTLE', 'WAIT_SETTLE', 'WAIT_SETTLE']",6.0,120.0,REGIME_F_ADVERSARIAL,FB6_Additive_Cost,15
bench_REGIME_F_ADVERSARIAL_015,FB7_Exposure_Aware_Planner,potato,ADVERSARIAL,0.296,0.116,0.18,MARKDOWN,0.0,0.0,1.0,0.0,0.0,0.0,0.0,0.0,"{0: 0.01, 1: 0.3845, 2: 0.3437, 3: 0.3375, 4: 0.429}",1,['STOP_INSPECTION'],0.0,0.0,REGIME_F_ADVERSARIAL,FB7_Proposed,15
bench_REGIME_F_ADVERSARIAL_016,FB0_Surface_Only,potato,ADVERSARIAL,0.336,0.1092,0.2268,MARKDOWN,0.0,0.0,1.0,0.0,2.0,0.2,2.2,5.0,"{0: 0.01, 1: 0.3432, 2: 0.5421, 3: 0.44, 4: 0.3548}",2,"['OBSERVE_STRATUM', 'STOP_INSPECTION']",2.0,5.0,REGIME_F_ADVERSARIAL,FB0_Surface_Only,16
bench_REGIME_F_ADVERSARIAL_016,FB1_Fixed_Sampling,potato,ADVERSARIAL,0.336,0.1077,0.2283,MARKDOWN,0.0,0.0,1.0,0.0,45.0,3.0,48.0,75.0,"{0: 0.01, 1: 0.3432, 2: 0.5421, 3: 0.44, 4: 0.3548}",4,"['SAMPLE_UNITS', 'SAMPLE_UNITS', 'SAMPLE_UNITS', 'STOP_INSPECTION']",45.0,75.0,REGIME_F_ADVERSARIAL,FB1_Fixed_Random,16
bench_REGIME_F_ADVERSARIAL_016,FB2_Depth_Stratified,potato,ADVERSARIAL,0.336,0.1888,0.1472,SPLIT_LOT,0.0,0.0,1.0,120.0,42.0,11.4,173.4,285.0,"{0: 0.01, 1: 0.3432, 2: 0.5421, 3: 0.44, 4: 0.3548}",10,"['OBSERVE_STRATUM', 'REMOVE_LAYER', 'OBSERVE_STRATUM', 'REMOVE_LAYER', 'OBSERVE_STRATUM', 'REMOVE_LAYER', 'OBSERVE_STRATUM', 'REMOVE_LAYER', 'OBSERVE_STRATUM', 'STOP_INSPECTION']",42.0,85.0,REGIME_F_ADVERSARIAL,FB2_Depth_Stratified,16
bench_REGIME_F_ADVERSARIAL_016,FB3_Macro_Myopic_VOI,potato,ADVERSARIAL,0.336,0.1129,0.2231,MARKDOWN,0.0,0.0,1.0,0.0,2.0,0.2,2.2,5.0,"{0: 0.01, 1: 0.3432, 2: 0.5421, 3: 0.44, 4: 0.3548}",2,"['OBSERVE_STRATUM', 'STOP_INSPECTION']",2.0,5.0,REGIME_F_ADVERSARIAL,FB3_Macro_Myopic_VOI,16
bench_REGIME_F_ADVERSARIAL_016,FB5_State_Blind_Lookahead,potato,ADVERSARIAL,0.336,0.116,0.22,MARKDOWN,0.0,0.0,1.0,0.0,6.0,4.8,10.8,120.0,"{0: 0.01, 1: 0.3432, 2: 0.5421, 3: 0.44, 4: 0.3548}",12,"['WAIT_SETTLE', 'WAIT_SETTLE', 'WAIT_SETTLE', 'WAIT_SETTLE', 'WAIT_SETTLE', 'WAIT_SETTLE', 'WAIT_SETTLE', 'WAIT_SETTLE', 'WAIT_SETTLE', 'WAIT_SETTLE', 'WAIT_SETTLE', 'WAIT_SETTLE']",6.0,120.0,REGIME_F_ADVERSARIAL,FB5_State_Blind,16
bench_REGIME_F_ADVERSARIAL_016,FB6_Additive_Cost_Planner,potato,ADVERSARIAL,0.336,0.116,0.22,MARKDOWN,0.0,0.0,1.0,0.0,6.0,4.8,10.8,120.0,"{0: 0.01, 1: 0.3432, 2: 0.5421, 3: 0.44, 4: 0.3548}",12,"['WAIT_SETTLE', 'WAIT_SETTLE', 'WAIT_SETTLE', 'WAIT_SETTLE', 'WAIT_SETTLE', 'WAIT_SETTLE', 'WAIT_SETTLE', 'WAIT_SETTLE', 'WAIT_SETTLE', 'WAIT_SETTLE', 'WAIT_SETTLE', 'WAIT_SETTLE']",6.0,120.0,REGIME_F_ADVERSARIAL,FB6_Additive_Cost,16
bench_REGIME_F_ADVERSARIAL_016,FB7_Exposure_Aware_Planner,potato,ADVERSARIAL,0.336,0.116,0.22,MARKDOWN,0.0,0.0,1.0,0.0,0.0,0.0,0.0,0.0,"{0: 0.01, 1: 0.3432, 2: 0.5421, 3: 0.44, 4: 0.3548}",1,['STOP_INSPECTION'],0.0,0.0,REGIME_F_ADVERSARIAL,FB7_Proposed,16
bench_REGIME_F_ADVERSARIAL_017,FB0_Surface_Only,potato,ADVERSARIAL,0.332,0.1127,0.2193,MARKDOWN,0.0,0.0,1.0,0.0,2.0,0.2,2.2,5.0,"{0: 0.01, 1: 0.3767, 2: 0.4154, 3: 0.4629, 4: 0.3959}",2,"['OBSERVE_STRATUM', 'STOP_INSPECTION']",2.0,5.0,REGIME_F_ADVERSARIAL,FB0_Surface_Only,17
bench_REGIME_F_ADVERSARIAL_017,FB1_Fixed_Sampling,potato,ADVERSARIAL,0.332,0.1061,0.2259,MARKDOWN,0.0,0.0,1.0,0.0,45.0,3.0,48.0,75.0,"{0: 0.01, 1: 0.3767, 2: 0.4154, 3: 0.4629, 4: 0.3959}",4,"['SAMPLE_UNITS', 'SAMPLE_UNITS', 'SAMPLE_UNITS', 'STOP_INSPECTION']",45.0,75.0,REGIME_F_ADVERSARIAL,FB1_Fixed_Random,17
bench_REGIME_F_ADVERSARIAL_017,FB2_Depth_Stratified,potato,ADVERSARIAL,0.332,0.1826,0.1494,SPLIT_LOT,0.0,0.0,1.0,120.0,42.0,11.4,173.4,285.0,"{0: 0.01, 1: 0.3767, 2: 0.4154, 3: 0.4629, 4: 0.3959}",10,"['OBSERVE_STRATUM', 'REMOVE_LAYER', 'OBSERVE_STRATUM', 'REMOVE_LAYER', 'OBSERVE_STRATUM', 'REMOVE_LAYER', 'OBSERVE_STRATUM', 'REMOVE_LAYER', 'OBSERVE_STRATUM', 'STOP_INSPECTION']",42.0,85.0,REGIME_F_ADVERSARIAL,FB2_Depth_Stratified,17
bench_REGIME_F_ADVERSARIAL_017,FB3_Macro_Myopic_VOI,potato,ADVERSARIAL,0.332,0.1131,0.2189,MARKDOWN,0.0,0.0,1.0,0.0,2.0,0.2,2.2,5.0,"{0: 0.01, 1: 0.3767, 2: 0.4154, 3: 0.4629, 4: 0.3959}",2,"['OBSERVE_STRATUM', 'STOP_INSPECTION']",2.0,5.0,REGIME_F_ADVERSARIAL,FB3_Macro_Myopic_VOI,17
bench_REGIME_F_ADVERSARIAL_017,FB5_State_Blind_Lookahead,potato,ADVERSARIAL,0.332,0.116,0.216,MARKDOWN,0.0,0.0,1.0,0.0,6.0,4.8,10.8,120.0,"{0: 0.01, 1: 0.3767, 2: 0.4154, 3: 0.4629, 4: 0.3959}",12,"['WAIT_SETTLE', 'WAIT_SETTLE', 'WAIT_SETTLE', 'WAIT_SETTLE', 'WAIT_SETTLE', 'WAIT_SETTLE', 'WAIT_SETTLE', 'WAIT_SETTLE', 'WAIT_SETTLE', 'WAIT_SETTLE', 'WAIT_SETTLE', 'WAIT_SETTLE']",6.0,120.0,REGIME_F_ADVERSARIAL,FB5_State_Blind,17
bench_REGIME_F_ADVERSARIAL_017,FB6_Additive_Cost_Planner,potato,ADVERSARIAL,0.332,0.116,0.216,MARKDOWN,0.0,0.0,1.0,0.0,6.0,4.8,10.8,120.0,"{0: 0.01, 1: 0.3767, 2: 0.4154, 3: 0.4629, 4: 0.3959}",12,"['WAIT_SETTLE', 'WAIT_SETTLE', 'WAIT_SETTLE', 'WAIT_SETTLE', 'WAIT_SETTLE', 'WAIT_SETTLE', 'WAIT_SETTLE', 'WAIT_SETTLE', 'WAIT_SETTLE', 'WAIT_SETTLE', 'WAIT_SETTLE', 'WAIT_SETTLE']",6.0,120.0,REGIME_F_ADVERSARIAL,FB6_Additive_Cost,17
bench_REGIME_F_ADVERSARIAL_017,FB7_Exposure_Aware_Planner,potato,ADVERSARIAL,0.332,0.116,0.216,MARKDOWN,0.0,0.0,1.0,0.0,0.0,0.0,0.0,0.0,"{0: 0.01, 1: 0.3767, 2: 0.4154, 3: 0.4629, 4: 0.3959}",1,['STOP_INSPECTION'],0.0,0.0,REGIME_F_ADVERSARIAL,FB7_Proposed,17
bench_REGIME_F_ADVERSARIAL_018,FB0_Surface_Only,potato,ADVERSARIAL,0.376,0.1108,0.2652,MARKDOWN,1.0,0.0,0.0,300.0,2.0,0.2,302.2,5.0,"{0: 0.01, 1: 0.3328, 2: 0.5049, 3: 0.531, 4: 0.5041}",2,"['OBSERVE_STRATUM', 'STOP_INSPECTION']",2.0,5.0,REGIME_F_ADVERSARIAL,FB0_Surface_Only,18
bench_REGIME_F_ADVERSARIAL_018,FB1_Fixed_Sampling,potato,ADVERSARIAL,0.376,0.1066,0.2694,MARKDOWN,1.0,0.0,0.0,300.0,45.0,3.0,348.0,75.0,"{0: 0.01, 1: 0.3328, 2: 0.5049, 3: 0.531, 4: 0.5041}",4,"['SAMPLE_UNITS', 'SAMPLE_UNITS', 'SAMPLE_UNITS', 'STOP_INSPECTION']",45.0,75.0,REGIME_F_ADVERSARIAL,FB1_Fixed_Random,18
bench_REGIME_F_ADVERSARIAL_018,FB2_Depth_Stratified,potato,ADVERSARIAL,0.376,0.2067,0.1693,SPLIT_LOT,0.0,0.0,1.0,120.0,42.0,11.4,173.4,285.0,"{0: 0.01, 1: 0.3328, 2: 0.5049, 3: 0.531, 4: 0.5041}",10,"['OBSERVE_STRATUM', 'REMOVE_LAYER', 'OBSERVE_STRATUM', 'REMOVE_LAYER', 'OBSERVE_STRATUM', 'REMOVE_LAYER', 'OBSERVE_STRATUM', 'REMOVE_LAYER', 'OBSERVE_STRATUM', 'STOP_INSPECTION']",42.0,85.0,REGIME_F_ADVERSARIAL,FB2_Depth_Stratified,18
bench_REGIME_F_ADVERSARIAL_018,FB3_Macro_Myopic_VOI,potato,ADVERSARIAL,0.376,0.11,0.266,MARKDOWN,1.0,0.0,0.0,300.0,2.0,0.2,302.2,5.0,"{0: 0.01, 1: 0.3328, 2: 0.5049, 3: 0.531, 4: 0.5041}",2,"['OBSERVE_STRATUM', 'STOP_INSPECTION']",2.0,5.0,REGIME_F_ADVERSARIAL,FB3_Macro_Myopic_VOI,18
bench_REGIME_F_ADVERSARIAL_018,FB5_State_Blind_Lookahead,potato,ADVERSARIAL,0.376,0.116,0.26,MARKDOWN,1.0,0.0,0.0,300.0,6.0,4.8,310.8,120.0,"{0: 0.01, 1: 0.3328, 2: 0.5049, 3: 0.531, 4: 0.5041}",12,"['WAIT_SETTLE', 'WAIT_SETTLE', 'WAIT_SETTLE', 'WAIT_SETTLE', 'WAIT_SETTLE', 'WAIT_SETTLE', 'WAIT_SETTLE', 'WAIT_SETTLE', 'WAIT_SETTLE', 'WAIT_SETTLE', 'WAIT_SETTLE', 'WAIT_SETTLE']",6.0,120.0,REGIME_F_ADVERSARIAL,FB5_State_Blind,18
bench_REGIME_F_ADVERSARIAL_018,FB6_Additive_Cost_Planner,potato,ADVERSARIAL,0.376,0.116,0.26,MARKDOWN,1.0,0.0,0.0,300.0,6.0,4.8,310.8,120.0,"{0: 0.01, 1: 0.3328, 2: 0.5049, 3: 0.531, 4: 0.5041}",12,"['WAIT_SETTLE', 'WAIT_SETTLE', 'WAIT_SETTLE', 'WAIT_SETTLE', 'WAIT_SETTLE', 'WAIT_SETTLE', 'WAIT_SETTLE', 'WAIT_SETTLE', 'WAIT_SETTLE', 'WAIT_SETTLE', 'WAIT_SETTLE', 'WAIT_SETTLE']",6.0,120.0,REGIME_F_ADVERSARIAL,FB6_Additive_Cost,18
bench_REGIME_F_ADVERSARIAL_018,FB7_Exposure_Aware_Planner,potato,ADVERSARIAL,0.376,0.116,0.26,MARKDOWN,1.0,0.0,0.0,300.0,0.0,0.0,300.0,0.0,"{0: 0.01, 1: 0.3328, 2: 0.5049, 3: 0.531, 4: 0.5041}",1,['STOP_INSPECTION'],0.0,0.0,REGIME_F_ADVERSARIAL,FB7_Proposed,18
bench_REGIME_F_ADVERSARIAL_019,FB0_Surface_Only,potato,ADVERSARIAL,0.388,0.11,0.278,MARKDOWN,1.0,0.0,0.0,300.0,2.0,0.2,302.2,5.0,"{0: 0.01, 1: 0.394, 2: 0.5442, 3: 0.5018, 4: 0.4933}",2,"['OBSERVE_STRATUM', 'STOP_INSPECTION']",2.0,5.0,REGIME_F_ADVERSARIAL,FB0_Surface_Only,19
bench_REGIME_F_ADVERSARIAL_019,FB1_Fixed_Sampling,potato,ADVERSARIAL,0.388,0.1049,0.2831,MARKDOWN,1.0,0.0,0.0,300.0,45.0,3.0,348.0,75.0,"{0: 0.01, 1: 0.394, 2: 0.5442, 3: 0.5018, 4: 0.4933}",4,"['SAMPLE_UNITS', 'SAMPLE_UNITS', 'SAMPLE_UNITS', 'STOP_INSPECTION']",45.0,75.0,REGIME_F_ADVERSARIAL,FB1_Fixed_Random,19
bench_REGIME_F_ADVERSARIAL_019,FB2_Depth_Stratified,potato,ADVERSARIAL,0.388,0.208,0.18,SPLIT_LOT,0.0,0.0,1.0,120.0,42.0,11.4,173.4,285.0,"{0: 0.01, 1: 0.394, 2: 0.5442, 3: 0.5018, 4: 0.4933}",10,"['OBSERVE_STRATUM', 'REMOVE_LAYER', 'OBSERVE_STRATUM', 'REMOVE_LAYER', 'OBSERVE_STRATUM', 'REMOVE_LAYER', 'OBSERVE_STRATUM', 'REMOVE_LAYER', 'OBSERVE_STRATUM', 'STOP_INSPECTION']",42.0,85.0,REGIME_F_ADVERSARIAL,FB2_Depth_Stratified,19
bench_REGIME_F_ADVERSARIAL_019,FB3_Macro_Myopic_VOI,potato,ADVERSARIAL,0.388,0.1092,0.2788,MARKDOWN,1.0,0.0,0.0,300.0,2.0,0.2,302.2,5.0,"{0: 0.01, 1: 0.394, 2: 0.5442, 3: 0.5018, 4: 0.4933}",2,"['OBSERVE_STRATUM', 'STOP_INSPECTION']",2.0,5.0,REGIME_F_ADVERSARIAL,FB3_Macro_Myopic_VOI,19
bench_REGIME_F_ADVERSARIAL_019,FB5_State_Blind_Lookahead,potato,ADVERSARIAL,0.388,0.116,0.272,MARKDOWN,1.0,0.0,0.0,300.0,6.0,4.8,310.8,120.0,"{0: 0.01, 1: 0.394, 2: 0.5442, 3: 0.5018, 4: 0.4933}",12,"['WAIT_SETTLE', 'WAIT_SETTLE', 'WAIT_SETTLE', 'WAIT_SETTLE', 'WAIT_SETTLE', 'WAIT_SETTLE', 'WAIT_SETTLE', 'WAIT_SETTLE', 'WAIT_SETTLE', 'WAIT_SETTLE', 'WAIT_SETTLE', 'WAIT_SETTLE']",6.0,120.0,REGIME_F_ADVERSARIAL,FB5_State_Blind,19
bench_REGIME_F_ADVERSARIAL_019,FB6_Additive_Cost_Planner,potato,ADVERSARIAL,0.388,0.116,0.272,MARKDOWN,1.0,0.0,0.0,300.0,6.0,4.8,310.8,120.0,"{0: 0.01, 1: 0.394, 2: 0.5442, 3: 0.5018, 4: 0.4933}",12,"['WAIT_SETTLE', 'WAIT_SETTLE', 'WAIT_SETTLE', 'WAIT_SETTLE', 'WAIT_SETTLE', 'WAIT_SETTLE', 'WAIT_SETTLE', 'WAIT_SETTLE', 'WAIT_SETTLE', 'WAIT_SETTLE', 'WAIT_SETTLE', 'WAIT_SETTLE']",6.0,120.0,REGIME_F_ADVERSARIAL,FB6_Additive_Cost,19
bench_REGIME_F_ADVERSARIAL_019,FB7_Exposure_Aware_Planner,potato,ADVERSARIAL,0.388,0.116,0.272,MARKDOWN,1.0,0.0,0.0,300.0,0.0,0.0,300.0,0.0,"{0: 0.01, 1: 0.394, 2: 0.5442, 3: 0.5018, 4: 0.4933}",1,['STOP_INSPECTION'],0.0,0.0,REGIME_F_ADVERSARIAL,FB7_Proposed,19
bench_REGIME_F_ADVERSARIAL_020,FB0_Surface_Only,potato,ADVERSARIAL,0.324,0.1126,0.2114,MARKDOWN,0.0,0.0,1.0,0.0,2.0,0.2,2.2,5.0,"{0: 0.01, 1: 0.3895, 2: 0.4479, 3: 0.4949, 4: 0.3011}",2,"['OBSERVE_STRATUM', 'STOP_INSPECTION']",2.0,5.0,REGIME_F_ADVERSARIAL,FB0_Surface_Only,20
bench_REGIME_F_ADVERSARIAL_020,FB1_Fixed_Sampling,potato,ADVERSARIAL,0.324,0.1049,0.2191,MARKDOWN,0.0,0.0,1.0,0.0,45.0,3.0,48.0,75.0,"{0: 0.01, 1: 0.3895, 2: 0.4479, 3: 0.4949, 4: 0.3011}",4,"['SAMPLE_UNITS', 'SAMPLE_UNITS', 'SAMPLE_UNITS', 'STOP_INSPECTION']",45.0,75.0,REGIME_F_ADVERSARIAL,FB1_Fixed_Random,20
bench_REGIME_F_ADVERSARIAL_020,FB2_Depth_Stratified,potato,ADVERSARIAL,0.324,0.1828,0.1412,SPLIT_LOT,0.0,0.0,1.0,120.0,42.0,11.4,173.4,285.0,"{0: 0.01, 1: 0.3895, 2: 0.4479, 3: 0.4949, 4: 0.3011}",10,"['OBSERVE_STRATUM', 'REMOVE_LAYER', 'OBSERVE_STRATUM', 'REMOVE_LAYER', 'OBSERVE_STRATUM', 'REMOVE_LAYER', 'OBSERVE_STRATUM', 'REMOVE_LAYER', 'OBSERVE_STRATUM', 'STOP_INSPECTION']",42.0,85.0,REGIME_F_ADVERSARIAL,FB2_Depth_Stratified,20
bench_REGIME_F_ADVERSARIAL_020,FB3_Macro_Myopic_VOI,potato,ADVERSARIAL,0.324,0.1092,0.2148,MARKDOWN,0.0,0.0,1.0,0.0,2.0,0.2,2.2,5.0,"{0: 0.01, 1: 0.3895, 2: 0.4479, 3: 0.4949, 4: 0.3011}",2,"['OBSERVE_STRATUM', 'STOP_INSPECTION']",2.0,5.0,REGIME_F_ADVERSARIAL,FB3_Macro_Myopic_VOI,20
bench_REGIME_F_ADVERSARIAL_020,FB5_State_Blind_Lookahead,potato,ADVERSARIAL,0.324,0.116,0.208,MARKDOWN,0.0,0.0,1.0,0.0,6.0,4.8,10.8,120.0,"{0: 0.01, 1: 0.3895, 2: 0.4479, 3: 0.4949, 4: 0.3011}",12,"['WAIT_SETTLE', 'WAIT_SETTLE', 'WAIT_SETTLE', 'WAIT_SETTLE', 'WAIT_SETTLE', 'WAIT_SETTLE', 'WAIT_SETTLE', 'WAIT_SETTLE', 'WAIT_SETTLE', 'WAIT_SETTLE', 'WAIT_SETTLE', 'WAIT_SETTLE']",6.0,120.0,REGIME_F_ADVERSARIAL,FB5_State_Blind,20
bench_REGIME_F_ADVERSARIAL_020,FB6_Additive_Cost_Planner,potato,ADVERSARIAL,0.324,0.116,0.208,MARKDOWN,0.0,0.0,1.0,0.0,6.0,4.8,10.8,120.0,"{0: 0.01, 1: 0.3895, 2: 0.4479, 3: 0.4949, 4: 0.3011}",12,"['WAIT_SETTLE', 'WAIT_SETTLE', 'WAIT_SETTLE', 'WAIT_SETTLE', 'WAIT_SETTLE', 'WAIT_SETTLE', 'WAIT_SETTLE', 'WAIT_SETTLE', 'WAIT_SETTLE', 'WAIT_SETTLE', 'WAIT_SETTLE', 'WAIT_SETTLE']",6.0,120.0,REGIME_F_ADVERSARIAL,FB6_Additive_Cost,20
bench_REGIME_F_ADVERSARIAL_020,FB7_Exposure_Aware_Planner,potato,ADVERSARIAL,0.324,0.116,0.208,MARKDOWN,0.0,0.0,1.0,0.0,0.0,0.0,0.0,0.0,"{0: 0.01, 1: 0.3895, 2: 0.4479, 3: 0.4949, 4: 0.3011}",1,['STOP_INSPECTION'],0.0,0.0,REGIME_F_ADVERSARIAL,FB7_Proposed,20
bench_REGIME_F_ADVERSARIAL_021,FB0_Surface_Only,potato,ADVERSARIAL,0.376,0.1101,0.2659,MARKDOWN,1.0,0.0,0.0,300.0,2.0,0.2,302.2,5.0,"{0: 0.01, 1: 0.5225, 2: 0.4118, 3: 0.3973, 4: 0.5314}",2,"['OBSERVE_STRATUM', 'STOP_INSPECTION']",2.0,5.0,REGIME_F_ADVERSARIAL,FB0_Surface_Only,21
bench_REGIME_F_ADVERSARIAL_021,FB1_Fixed_Sampling,potato,ADVERSARIAL,0.376,0.1074,0.2686,MARKDOWN,1.0,0.0,0.0,300.0,45.0,3.0,348.0,75.0,"{0: 0.01, 1: 0.5225, 2: 0.4118, 3: 0.3973, 4: 0.5314}",4,"['SAMPLE_UNITS', 'SAMPLE_UNITS', 'SAMPLE_UNITS', 'STOP_INSPECTION']",45.0,75.0,REGIME_F_ADVERSARIAL,FB1_Fixed_Random,21
bench_REGIME_F_ADVERSARIAL_021,FB2_Depth_Stratified,potato,ADVERSARIAL,0.376,0.2049,0.1711,SPLIT_LOT,0.0,0.0,1.0,120.0,42.0,11.4,173.4,285.0,"{0: 0.01, 1: 0.5225, 2: 0.4118, 3: 0.3973, 4: 0.5314}",10,"['OBSERVE_STRATUM', 'REMOVE_LAYER', 'OBSERVE_STRATUM', 'REMOVE_LAYER', 'OBSERVE_STRATUM', 'REMOVE_LAYER', 'OBSERVE_STRATUM', 'REMOVE_LAYER', 'OBSERVE_STRATUM', 'STOP_INSPECTION']",42.0,85.0,REGIME_F_ADVERSARIAL,FB2_Depth_Stratified,21
bench_REGIME_F_ADVERSARIAL_021,FB3_Macro_Myopic_VOI,potato,ADVERSARIAL,0.376,0.1113,0.2647,MARKDOWN,1.0,0.0,0.0,300.0,2.0,0.2,302.2,5.0,"{0: 0.01, 1: 0.5225, 2: 0.4118, 3: 0.3973, 4: 0.5314}",2,"['OBSERVE_STRATUM', 'STOP_INSPECTION']",2.0,5.0,REGIME_F_ADVERSARIAL,FB3_Macro_Myopic_VOI,21
bench_REGIME_F_ADVERSARIAL_021,FB5_State_Blind_Lookahead,potato,ADVERSARIAL,0.376,0.116,0.26,MARKDOWN,1.0,0.0,0.0,300.0,6.0,4.8,310.8,120.0,"{0: 0.01, 1: 0.5225, 2: 0.4118, 3: 0.3973, 4: 0.5314}",12,"['WAIT_SETTLE', 'WAIT_SETTLE', 'WAIT_SETTLE', 'WAIT_SETTLE', 'WAIT_SETTLE', 'WAIT_SETTLE', 'WAIT_SETTLE', 'WAIT_SETTLE', 'WAIT_SETTLE', 'WAIT_SETTLE', 'WAIT_SETTLE', 'WAIT_SETTLE']",6.0,120.0,REGIME_F_ADVERSARIAL,FB5_State_Blind,21
bench_REGIME_F_ADVERSARIAL_021,FB6_Additive_Cost_Planner,potato,ADVERSARIAL,0.376,0.116,0.26,MARKDOWN,1.0,0.0,0.0,300.0,6.0,4.8,310.8,120.0,"{0: 0.01, 1: 0.5225, 2: 0.4118, 3: 0.3973, 4: 0.5314}",12,"['WAIT_SETTLE', 'WAIT_SETTLE', 'WAIT_SETTLE', 'WAIT_SETTLE', 'WAIT_SETTLE', 'WAIT_SETTLE', 'WAIT_SETTLE', 'WAIT_SETTLE', 'WAIT_SETTLE', 'WAIT_SETTLE', 'WAIT_SETTLE', 'WAIT_SETTLE']",6.0,120.0,REGIME_F_ADVERSARIAL,FB6_Additive_Cost,21
bench_REGIME_F_ADVERSARIAL_021,FB7_Exposure_Aware_Planner,potato,ADVERSARIAL,0.376,0.116,0.26,MARKDOWN,1.0,0.0,0.0,300.0,0.0,0.0,300.0,0.0,"{0: 0.01, 1: 0.5225, 2: 0.4118, 3: 0.3973, 4: 0.5314}",1,['STOP_INSPECTION'],0.0,0.0,REGIME_F_ADVERSARIAL,FB7_Proposed,21
bench_REGIME_F_ADVERSARIAL_022,FB0_Surface_Only,potato,ADVERSARIAL,0.28,0.1092,0.1708,MARKDOWN,0.0,0.0,1.0,0.0,2.0,0.2,2.2,5.0,"{0: 0.01, 1: 0.319, 2: 0.3702, 3: 0.404, 4: 0.3002}",2,"['OBSERVE_STRATUM', 'STOP_INSPECTION']",2.0,5.0,REGIME_F_ADVERSARIAL,FB0_Surface_Only,22
bench_REGIME_F_ADVERSARIAL_022,FB1_Fixed_Sampling,potato,ADVERSARIAL,0.28,0.1094,0.1706,MARKDOWN,0.0,0.0,1.0,0.0,45.0,3.0,48.0,75.0,"{0: 0.01, 1: 0.319, 2: 0.3702, 3: 0.404, 4: 0.3002}",4,"['SAMPLE_UNITS', 'SAMPLE_UNITS', 'SAMPLE_UNITS', 'STOP_INSPECTION']",45.0,75.0,REGIME_F_ADVERSARIAL,FB1_Fixed_Random,22
bench_REGIME_F_ADVERSARIAL_022,FB2_Depth_Stratified,potato,ADVERSARIAL,0.28,0.1713,0.1087,SPLIT_LOT,0.0,0.0,1.0,120.0,42.0,11.4,173.4,285.0,"{0: 0.01, 1: 0.319, 2: 0.3702, 3: 0.404, 4: 0.3002}",10,"['OBSERVE_STRATUM', 'REMOVE_LAYER', 'OBSERVE_STRATUM', 'REMOVE_LAYER', 'OBSERVE_STRATUM', 'REMOVE_LAYER', 'OBSERVE_STRATUM', 'REMOVE_LAYER', 'OBSERVE_STRATUM', 'STOP_INSPECTION']",42.0,85.0,REGIME_F_ADVERSARIAL,FB2_Depth_Stratified,22
bench_REGIME_F_ADVERSARIAL_022,FB3_Macro_Myopic_VOI,potato,ADVERSARIAL,0.28,0.1108,0.1692,MARKDOWN,0.0,0.0,1.0,0.0,2.0,0.2,2.2,5.0,"{0: 0.01, 1: 0.319, 2: 0.3702, 3: 0.404, 4: 0.3002}",2,"['OBSERVE_STRATUM', 'STOP_INSPECTION']",2.0,5.0,REGIME_F_ADVERSARIAL,FB3_Macro_Myopic_VOI,22
bench_REGIME_F_ADVERSARIAL_022,FB5_State_Blind_Lookahead,potato,ADVERSARIAL,0.28,0.116,0.164,MARKDOWN,0.0,0.0,1.0,0.0,6.0,4.8,10.8,120.0,"{0: 0.01, 1: 0.319, 2: 0.3702, 3: 0.404, 4: 0.3002}",12,"['WAIT_SETTLE', 'WAIT_SETTLE', 'WAIT_SETTLE', 'WAIT_SETTLE', 'WAIT_SETTLE', 'WAIT_SETTLE', 'WAIT_SETTLE', 'WAIT_SETTLE', 'WAIT_SETTLE', 'WAIT_SETTLE', 'WAIT_SETTLE', 'WAIT_SETTLE']",6.0,120.0,REGIME_F_ADVERSARIAL,FB5_State_Blind,22
bench_REGIME_F_ADVERSARIAL_022,FB6_Additive_Cost_Planner,potato,ADVERSARIAL,0.28,0.116,0.164,MARKDOWN,0.0,0.0,1.0,0.0,6.0,4.8,10.8,120.0,"{0: 0.01, 1: 0.319, 2: 0.3702, 3: 0.404, 4: 0.3002}",12,"['WAIT_SETTLE', 'WAIT_SETTLE', 'WAIT_SETTLE', 'WAIT_SETTLE', 'WAIT_SETTLE', 'WAIT_SETTLE', 'WAIT_SETTLE', 'WAIT_SETTLE', 'WAIT_SETTLE', 'WAIT_SETTLE', 'WAIT_SETTLE', 'WAIT_SETTLE']",6.0,120.0,REGIME_F_ADVERSARIAL,FB6_Additive_Cost,22
bench_REGIME_F_ADVERSARIAL_022,FB7_Exposure_Aware_Planner,potato,ADVERSARIAL,0.28,0.116,0.164,MARKDOWN,0.0,0.0,1.0,0.0,0.0,0.0,0.0,0.0,"{0: 0.01, 1: 0.319, 2: 0.3702, 3: 0.404, 4: 0.3002}",1,['STOP_INSPECTION'],0.0,0.0,REGIME_F_ADVERSARIAL,FB7_Proposed,22
bench_REGIME_F_ADVERSARIAL_023,FB0_Surface_Only,potato,ADVERSARIAL,0.352,0.111,0.241,MARKDOWN,1.0,0.0,0.0,300.0,2.0,0.2,302.2,5.0,"{0: 0.01, 1: 0.3426, 2: 0.4661, 3: 0.5074, 4: 0.4552}",2,"['OBSERVE_STRATUM', 'STOP_INSPECTION']",2.0,5.0,REGIME_F_ADVERSARIAL,FB0_Surface_Only,23
bench_REGIME_F_ADVERSARIAL_023,FB1_Fixed_Sampling,potato,ADVERSARIAL,0.352,0.1049,0.2471,MARKDOWN,1.0,0.0,0.0,300.0,45.0,3.0,348.0,75.0,"{0: 0.01, 1: 0.3426, 2: 0.4661, 3: 0.5074, 4: 0.4552}",4,"['SAMPLE_UNITS', 'SAMPLE_UNITS', 'SAMPLE_UNITS', 'STOP_INSPECTION']",45.0,75.0,REGIME_F_ADVERSARIAL,FB1_Fixed_Random,23
bench_REGIME_F_ADVERSARIAL_023,FB2_Depth_Stratified,potato,ADVERSARIAL,0.352,0.2039,0.1481,REROUTE,0.0,0.0,1.0,0.0,42.0,11.4,53.4,285.0,"{0: 0.01, 1: 0.3426, 2: 0.4661, 3: 0.5074, 4: 0.4552}",10,"['OBSERVE_STRATUM', 'REMOVE_LAYER', 'OBSERVE_STRATUM', 'REMOVE_LAYER', 'OBSERVE_STRATUM', 'REMOVE_LAYER', 'OBSERVE_STRATUM', 'REMOVE_LAYER', 'OBSERVE_STRATUM', 'STOP_INSPECTION']",42.0,85.0,REGIME_F_ADVERSARIAL,FB2_Depth_Stratified,23
bench_REGIME_F_ADVERSARIAL_023,FB3_Macro_Myopic_VOI,potato,ADVERSARIAL,0.352,0.1134,0.2386,MARKDOWN,1.0,0.0,0.0,300.0,2.0,0.2,302.2,5.0,"{0: 0.01, 1: 0.3426, 2: 0.4661, 3: 0.5074, 4: 0.4552}",2,"['OBSERVE_STRATUM', 'STOP_INSPECTION']",2.0,5.0,REGIME_F_ADVERSARIAL,FB3_Macro_Myopic_VOI,23
bench_REGIME_F_ADVERSARIAL_023,FB5_State_Blind_Lookahead,potato,ADVERSARIAL,0.352,0.116,0.236,MARKDOWN,1.0,0.0,0.0,300.0,6.0,4.8,310.8,120.0,"{0: 0.01, 1: 0.3426, 2: 0.4661, 3: 0.5074, 4: 0.4552}",12,"['WAIT_SETTLE', 'WAIT_SETTLE', 'WAIT_SETTLE', 'WAIT_SETTLE', 'WAIT_SETTLE', 'WAIT_SETTLE', 'WAIT_SETTLE', 'WAIT_SETTLE', 'WAIT_SETTLE', 'WAIT_SETTLE', 'WAIT_SETTLE', 'WAIT_SETTLE']",6.0,120.0,REGIME_F_ADVERSARIAL,FB5_State_Blind,23
bench_REGIME_F_ADVERSARIAL_023,FB6_Additive_Cost_Planner,potato,ADVERSARIAL,0.352,0.116,0.236,MARKDOWN,1.0,0.0,0.0,300.0,6.0,4.8,310.8,120.0,"{0: 0.01, 1: 0.3426, 2: 0.4661, 3: 0.5074, 4: 0.4552}",12,"['WAIT_SETTLE', 'WAIT_SETTLE', 'WAIT_SETTLE', 'WAIT_SETTLE', 'WAIT_SETTLE', 'WAIT_SETTLE', 'WAIT_SETTLE', 'WAIT_SETTLE', 'WAIT_SETTLE', 'WAIT_SETTLE', 'WAIT_SETTLE', 'WAIT_SETTLE']",6.0,120.0,REGIME_F_ADVERSARIAL,FB6_Additive_Cost,23
bench_REGIME_F_ADVERSARIAL_023,FB7_Exposure_Aware_Planner,potato,ADVERSARIAL,0.352,0.116,0.236,MARKDOWN,1.0,0.0,0.0,300.0,0.0,0.0,300.0,0.0,"{0: 0.01, 1: 0.3426, 2: 0.4661, 3: 0.5074, 4: 0.4552}",1,['STOP_INSPECTION'],0.0,0.0,REGIME_F_ADVERSARIAL,FB7_Proposed,23
bench_REGIME_F_ADVERSARIAL_024,FB0_Surface_Only,potato,ADVERSARIAL,0.344,0.1092,0.2348,MARKDOWN,0.0,0.0,1.0,0.0,2.0,0.2,2.2,5.0,"{0: 0.01, 1: 0.4991, 2: 0.4816, 3: 0.3276, 4: 0.4166}",2,"['OBSERVE_STRATUM', 'STOP_INSPECTION']",2.0,5.0,REGIME_F_ADVERSARIAL,FB0_Surface_Only,24
bench_REGIME_F_ADVERSARIAL_024,FB1_Fixed_Sampling,potato,ADVERSARIAL,0.344,0.1077,0.2363,MARKDOWN,0.0,0.0,1.0,0.0,45.0,3.0,48.0,75.0,"{0: 0.01, 1: 0.4991, 2: 0.4816, 3: 0.3276, 4: 0.4166}",4,"['SAMPLE_UNITS', 'SAMPLE_UNITS', 'SAMPLE_UNITS', 'STOP_INSPECTION']",45.0,75.0,REGIME_F_ADVERSARIAL,FB1_Fixed_Random,24
bench_REGIME_F_ADVERSARIAL_024,FB2_Depth_Stratified,potato,ADVERSARIAL,0.344,0.2032,0.1408,REROUTE,0.0,0.0,1.0,0.0,42.0,11.4,53.4,285.0,"{0: 0.01, 1: 0.4991, 2: 0.4816, 3: 0.3276, 4: 0.4166}",10,"['OBSERVE_STRATUM', 'REMOVE_LAYER', 'OBSERVE_STRATUM', 'REMOVE_LAYER', 'OBSERVE_STRATUM', 'REMOVE_LAYER', 'OBSERVE_STRATUM', 'REMOVE_LAYER', 'OBSERVE_STRATUM', 'STOP_INSPECTION']",42.0,85.0,REGIME_F_ADVERSARIAL,FB2_Depth_Stratified,24
bench_REGIME_F_ADVERSARIAL_024,FB3_Macro_Myopic_VOI,potato,ADVERSARIAL,0.344,0.1092,0.2348,MARKDOWN,0.0,0.0,1.0,0.0,2.0,0.2,2.2,5.0,"{0: 0.01, 1: 0.4991, 2: 0.4816, 3: 0.3276, 4: 0.4166}",2,"['OBSERVE_STRATUM', 'STOP_INSPECTION']",2.0,5.0,REGIME_F_ADVERSARIAL,FB3_Macro_Myopic_VOI,24
bench_REGIME_F_ADVERSARIAL_024,FB5_State_Blind_Lookahead,potato,ADVERSARIAL,0.344,0.116,0.228,MARKDOWN,0.0,0.0,1.0,0.0,6.0,4.8,10.8,120.0,"{0: 0.01, 1: 0.4991, 2: 0.4816, 3: 0.3276, 4: 0.4166}",12,"['WAIT_SETTLE', 'WAIT_SETTLE', 'WAIT_SETTLE', 'WAIT_SETTLE', 'WAIT_SETTLE', 'WAIT_SETTLE', 'WAIT_SETTLE', 'WAIT_SETTLE', 'WAIT_SETTLE', 'WAIT_SETTLE', 'WAIT_SETTLE', 'WAIT_SETTLE']",6.0,120.0,REGIME_F_ADVERSARIAL,FB5_State_Blind,24
bench_REGIME_F_ADVERSARIAL_024,FB6_Additive_Cost_Planner,potato,ADVERSARIAL,0.344,0.116,0.228,MARKDOWN,0.0,0.0,1.0,0.0,6.0,4.8,10.8,120.0,"{0: 0.01, 1: 0.4991, 2: 0.4816, 3: 0.3276, 4: 0.4166}",12,"['WAIT_SETTLE', 'WAIT_SETTLE', 'WAIT_SETTLE', 'WAIT_SETTLE', 'WAIT_SETTLE', 'WAIT_SETTLE', 'WAIT_SETTLE', 'WAIT_SETTLE', 'WAIT_SETTLE', 'WAIT_SETTLE', 'WAIT_SETTLE', 'WAIT_SETTLE']",6.0,120.0,REGIME_F_ADVERSARIAL,FB6_Additive_Cost,24
bench_REGIME_F_ADVERSARIAL_024,FB7_Exposure_Aware_Planner,potato,ADVERSARIAL,0.344,0.116,0.228,MARKDOWN,0.0,0.0,1.0,0.0,0.0,0.0,0.0,0.0,"{0: 0.01, 1: 0.4991, 2: 0.4816, 3: 0.3276, 4: 0.4166}",1,['STOP_INSPECTION'],0.0,0.0,REGIME_F_ADVERSARIAL,FB7_Proposed,24
bench_REGIME_F_ADVERSARIAL_025,FB0_Surface_Only,potato,ADVERSARIAL,0.276,0.1092,0.1668,MARKDOWN,0.0,0.0,1.0,0.0,2.0,0.2,2.2,5.0,"{0: 0.01, 1: 0.3223, 2: 0.3209, 3: 0.33, 4: 0.4021}",2,"['OBSERVE_STRATUM', 'STOP_INSPECTION']",2.0,5.0,REGIME_F_ADVERSARIAL,FB0_Surface_Only,25
bench_REGIME_F_ADVERSARIAL_025,FB1_Fixed_Sampling,potato,ADVERSARIAL,0.276,0.1047,0.1713,MARKDOWN,0.0,0.0,1.0,0.0,45.0,3.0,48.0,75.0,"{0: 0.01, 1: 0.3223, 2: 0.3209, 3: 0.33, 4: 0.4021}",4,"['SAMPLE_UNITS', 'SAMPLE_UNITS', 'SAMPLE_UNITS', 'STOP_INSPECTION']",45.0,75.0,REGIME_F_ADVERSARIAL,FB1_Fixed_Random,25
bench_REGIME_F_ADVERSARIAL_025,FB2_Depth_Stratified,potato,ADVERSARIAL,0.276,0.1665,0.1095,SPLIT_LOT,0.0,0.0,1.0,120.0,42.0,11.4,173.4,285.0,"{0: 0.01, 1: 0.3223, 2: 0.3209, 3: 0.33, 4: 0.4021}",10,"['OBSERVE_STRATUM', 'REMOVE_LAYER', 'OBSERVE_STRATUM', 'REMOVE_LAYER', 'OBSERVE_STRATUM', 'REMOVE_LAYER', 'OBSERVE_STRATUM', 'REMOVE_LAYER', 'OBSERVE_STRATUM', 'STOP_INSPECTION']",42.0,85.0,REGIME_F_ADVERSARIAL,FB2_Depth_Stratified,25
bench_REGIME_F_ADVERSARIAL_025,FB3_Macro_Myopic_VOI,potato,ADVERSARIAL,0.276,0.1092,0.1668,MARKDOWN,0.0,0.0,1.0,0.0,2.0,0.2,2.2,5.0,"{0: 0.01, 1: 0.3223, 2: 0.3209, 3: 0.33, 4: 0.4021}",2,"['OBSERVE_STRATUM', 'STOP_INSPECTION']",2.0,5.0,REGIME_F_ADVERSARIAL,FB3_Macro_Myopic_VOI,25
bench_REGIME_F_ADVERSARIAL_025,FB5_State_Blind_Lookahead,potato,ADVERSARIAL,0.276,0.116,0.16,MARKDOWN,0.0,0.0,1.0,0.0,6.0,4.8,10.8,120.0,"{0: 0.01, 1: 0.3223, 2: 0.3209, 3: 0.33, 4: 0.4021}",12,"['WAIT_SETTLE', 'WAIT_SETTLE', 'WAIT_SETTLE', 'WAIT_SETTLE', 'WAIT_SETTLE', 'WAIT_SETTLE', 'WAIT_SETTLE', 'WAIT_SETTLE', 'WAIT_SETTLE', 'WAIT_SETTLE', 'WAIT_SETTLE', 'WAIT_SETTLE']",6.0,120.0,REGIME_F_ADVERSARIAL,FB5_State_Blind,25
bench_REGIME_F_ADVERSARIAL_025,FB6_Additive_Cost_Planner,potato,ADVERSARIAL,0.276,0.116,0.16,MARKDOWN,0.0,0.0,1.0,0.0,6.0,4.8,10.8,120.0,"{0: 0.01, 1: 0.3223, 2: 0.3209, 3: 0.33, 4: 0.4021}",12,"['WAIT_SETTLE', 'WAIT_SETTLE', 'WAIT_SETTLE', 'WAIT_SETTLE', 'WAIT_SETTLE', 'WAIT_SETTLE', 'WAIT_SETTLE', 'WAIT_SETTLE', 'WAIT_SETTLE', 'WAIT_SETTLE', 'WAIT_SETTLE', 'WAIT_SETTLE']",6.0,120.0,REGIME_F_ADVERSARIAL,FB6_Additive_Cost,25
bench_REGIME_F_ADVERSARIAL_025,FB7_Exposure_Aware_Planner,potato,ADVERSARIAL,0.276,0.116,0.16,MARKDOWN,0.0,0.0,1.0,0.0,0.0,0.0,0.0,0.0,"{0: 0.01, 1: 0.3223, 2: 0.3209, 3: 0.33, 4: 0.4021}",1,['STOP_INSPECTION'],0.0,0.0,REGIME_F_ADVERSARIAL,FB7_Proposed,25
bench_REGIME_F_ADVERSARIAL_026,FB0_Surface_Only,potato,ADVERSARIAL,0.34,0.1097,0.2303,MARKDOWN,0.0,0.0,1.0,0.0,2.0,0.2,2.2,5.0,"{0: 0.01, 1: 0.3705, 2: 0.5298, 3: 0.3773, 4: 0.4286}",2,"['OBSERVE_STRATUM', 'STOP_INSPECTION']",2.0,5.0,REGIME_F_ADVERSARIAL,FB0_Surface_Only,26
bench_REGIME_F_ADVERSARIAL_026,FB1_Fixed_Sampling,potato,ADVERSARIAL,0.34,0.1064,0.2336,MARKDOWN,0.0,0.0,1.0,0.0,45.0,3.0,48.0,75.0,"{0: 0.01, 1: 0.3705, 2: 0.5298, 3: 0.3773, 4: 0.4286}",4,"['SAMPLE_UNITS', 'SAMPLE_UNITS', 'SAMPLE_UNITS', 'STOP_INSPECTION']",45.0,75.0,REGIME_F_ADVERSARIAL,FB1_Fixed_Random,26
bench_REGIME_F_ADVERSARIAL_026,FB2_Depth_Stratified,potato,ADVERSARIAL,0.34,0.1985,0.1415,SPLIT_LOT,0.0,0.0,1.0,120.0,42.0,11.4,173.4,285.0,"{0: 0.01, 1: 0.3705, 2: 0.5298, 3: 0.3773, 4: 0.4286}",10,"['OBSERVE_STRATUM', 'REMOVE_LAYER', 'OBSERVE_STRATUM', 'REMOVE_LAYER', 'OBSERVE_STRATUM', 'REMOVE_LAYER', 'OBSERVE_STRATUM', 'REMOVE_LAYER', 'OBSERVE_STRATUM', 'STOP_INSPECTION']",42.0,85.0,REGIME_F_ADVERSARIAL,FB2_Depth_Stratified,26
bench_REGIME_F_ADVERSARIAL_026,FB3_Macro_Myopic_VOI,potato,ADVERSARIAL,0.34,0.1092,0.2308,MARKDOWN,0.0,0.0,1.0,0.0,2.0,0.2,2.2,5.0,"{0: 0.01, 1: 0.3705, 2: 0.5298, 3: 0.3773, 4: 0.4286}",2,"['OBSERVE_STRATUM', 'STOP_INSPECTION']",2.0,5.0,REGIME_F_ADVERSARIAL,FB3_Macro_Myopic_VOI,26
bench_REGIME_F_ADVERSARIAL_026,FB5_State_Blind_Lookahead,potato,ADVERSARIAL,0.34,0.116,0.224,MARKDOWN,0.0,0.0,1.0,0.0,6.0,4.8,10.8,120.0,"{0: 0.01, 1: 0.3705, 2: 0.5298, 3: 0.3773, 4: 0.4286}",12,"['WAIT_SETTLE', 'WAIT_SETTLE', 'WAIT_SETTLE', 'WAIT_SETTLE', 'WAIT_SETTLE', 'WAIT_SETTLE', 'WAIT_SETTLE', 'WAIT_SETTLE', 'WAIT_SETTLE', 'WAIT_SETTLE', 'WAIT_SETTLE', 'WAIT_SETTLE']",6.0,120.0,REGIME_F_ADVERSARIAL,FB5_State_Blind,26
bench_REGIME_F_ADVERSARIAL_026,FB6_Additive_Cost_Planner,potato,ADVERSARIAL,0.34,0.116,0.224,MARKDOWN,0.0,0.0,1.0,0.0,6.0,4.8,10.8,120.0,"{0: 0.01, 1: 0.3705, 2: 0.5298, 3: 0.3773, 4: 0.4286}",12,"['WAIT_SETTLE', 'WAIT_SETTLE', 'WAIT_SETTLE', 'WAIT_SETTLE', 'WAIT_SETTLE', 'WAIT_SETTLE', 'WAIT_SETTLE', 'WAIT_SETTLE', 'WAIT_SETTLE', 'WAIT_SETTLE', 'WAIT_SETTLE', 'WAIT_SETTLE']",6.0,120.0,REGIME_F_ADVERSARIAL,FB6_Additive_Cost,26
bench_REGIME_F_ADVERSARIAL_026,FB7_Exposure_Aware_Planner,potato,ADVERSARIAL,0.34,0.116,0.224,MARKDOWN,0.0,0.0,1.0,0.0,0.0,0.0,0.0,0.0,"{0: 0.01, 1: 0.3705, 2: 0.5298, 3: 0.3773, 4: 0.4286}",1,['STOP_INSPECTION'],0.0,0.0,REGIME_F_ADVERSARIAL,FB7_Proposed,26
bench_REGIME_F_ADVERSARIAL_027,FB0_Surface_Only,potato,ADVERSARIAL,0.304,0.1101,0.1939,MARKDOWN,0.0,0.0,1.0,0.0,2.0,0.2,2.2,5.0,"{0: 0.01, 1: 0.312, 2: 0.531, 3: 0.3456, 4: 0.3213}",2,"['OBSERVE_STRATUM', 'STOP_INSPECTION']",2.0,5.0,REGIME_F_ADVERSARIAL,FB0_Surface_Only,27
bench_REGIME_F_ADVERSARIAL_027,FB1_Fixed_Sampling,potato,ADVERSARIAL,0.304,0.1064,0.1976,MARKDOWN,0.0,0.0,1.0,0.0,45.0,3.0,48.0,75.0,"{0: 0.01, 1: 0.312, 2: 0.531, 3: 0.3456, 4: 0.3213}",4,"['SAMPLE_UNITS', 'SAMPLE_UNITS', 'SAMPLE_UNITS', 'STOP_INSPECTION']",45.0,75.0,REGIME_F_ADVERSARIAL,FB1_Fixed_Random,27
bench_REGIME_F_ADVERSARIAL_027,FB2_Depth_Stratified,potato,ADVERSARIAL,0.304,0.1883,0.1157,SPLIT_LOT,0.0,0.0,1.0,120.0,42.0,11.4,173.4,285.0,"{0: 0.01, 1: 0.312, 2: 0.531, 3: 0.3456, 4: 0.3213}",10,"['OBSERVE_STRATUM', 'REMOVE_LAYER', 'OBSERVE_STRATUM', 'REMOVE_LAYER', 'OBSERVE_STRATUM', 'REMOVE_LAYER', 'OBSERVE_STRATUM', 'REMOVE_LAYER', 'OBSERVE_STRATUM', 'STOP_INSPECTION']",42.0,85.0,REGIME_F_ADVERSARIAL,FB2_Depth_Stratified,27
bench_REGIME_F_ADVERSARIAL_027,FB3_Macro_Myopic_VOI,potato,ADVERSARIAL,0.304,0.1097,0.1943,MARKDOWN,0.0,0.0,1.0,0.0,2.0,0.2,2.2,5.0,"{0: 0.01, 1: 0.312, 2: 0.531, 3: 0.3456, 4: 0.3213}",2,"['OBSERVE_STRATUM', 'STOP_INSPECTION']",2.0,5.0,REGIME_F_ADVERSARIAL,FB3_Macro_Myopic_VOI,27
bench_REGIME_F_ADVERSARIAL_027,FB5_State_Blind_Lookahead,potato,ADVERSARIAL,0.304,0.116,0.188,MARKDOWN,0.0,0.0,1.0,0.0,6.0,4.8,10.8,120.0,"{0: 0.01, 1: 0.312, 2: 0.531, 3: 0.3456, 4: 0.3213}",12,"['WAIT_SETTLE', 'WAIT_SETTLE', 'WAIT_SETTLE', 'WAIT_SETTLE', 'WAIT_SETTLE', 'WAIT_SETTLE', 'WAIT_SETTLE', 'WAIT_SETTLE', 'WAIT_SETTLE', 'WAIT_SETTLE', 'WAIT_SETTLE', 'WAIT_SETTLE']",6.0,120.0,REGIME_F_ADVERSARIAL,FB5_State_Blind,27
bench_REGIME_F_ADVERSARIAL_027,FB6_Additive_Cost_Planner,potato,ADVERSARIAL,0.304,0.116,0.188,MARKDOWN,0.0,0.0,1.0,0.0,6.0,4.8,10.8,120.0,"{0: 0.01, 1: 0.312, 2: 0.531, 3: 0.3456, 4: 0.3213}",12,"['WAIT_SETTLE', 'WAIT_SETTLE', 'WAIT_SETTLE', 'WAIT_SETTLE', 'WAIT_SETTLE', 'WAIT_SETTLE', 'WAIT_SETTLE', 'WAIT_SETTLE', 'WAIT_SETTLE', 'WAIT_SETTLE', 'WAIT_SETTLE', 'WAIT_SETTLE']",6.0,120.0,REGIME_F_ADVERSARIAL,FB6_Additive_Cost,27
bench_REGIME_F_ADVERSARIAL_027,FB7_Exposure_Aware_Planner,potato,ADVERSARIAL,0.304,0.116,0.188,MARKDOWN,0.0,0.0,1.0,0.0,0.0,0.0,0.0,0.0,"{0: 0.01, 1: 0.312, 2: 0.531, 3: 0.3456, 4: 0.3213}",1,['STOP_INSPECTION'],0.0,0.0,REGIME_F_ADVERSARIAL,FB7_Proposed,27
bench_REGIME_F_ADVERSARIAL_028,FB0_Surface_Only,potato,ADVERSARIAL,0.312,0.11,0.202,MARKDOWN,0.0,0.0,1.0,0.0,2.0,0.2,2.2,5.0,"{0: 0.01, 1: 0.4459, 2: 0.3221, 3: 0.5004, 4: 0.3005}",2,"['OBSERVE_STRATUM', 'STOP_INSPECTION']",2.0,5.0,REGIME_F_ADVERSARIAL,FB0_Surface_Only,28
bench_REGIME_F_ADVERSARIAL_028,FB1_Fixed_Sampling,potato,ADVERSARIAL,0.312,0.1047,0.2073,MARKDOWN,0.0,0.0,1.0,0.0,45.0,3.0,48.0,75.0,"{0: 0.01, 1: 0.4459, 2: 0.3221, 3: 0.5004, 4: 0.3005}",4,"['SAMPLE_UNITS', 'SAMPLE_UNITS', 'SAMPLE_UNITS', 'STOP_INSPECTION']",45.0,75.0,REGIME_F_ADVERSARIAL,FB1_Fixed_Random,28
bench_REGIME_F_ADVERSARIAL_028,FB2_Depth_Stratified,potato,ADVERSARIAL,0.312,0.1923,0.1197,REROUTE,0.0,0.0,1.0,0.0,42.0,11.4,53.4,285.0,"{0: 0.01, 1: 0.4459, 2: 0.3221, 3: 0.5004, 4: 0.3005}",10,"['OBSERVE_STRATUM', 'REMOVE_LAYER', 'OBSERVE_STRATUM', 'REMOVE_LAYER', 'OBSERVE_STRATUM', 'REMOVE_LAYER', 'OBSERVE_STRATUM', 'REMOVE_LAYER', 'OBSERVE_STRATUM', 'STOP_INSPECTION']",42.0,85.0,REGIME_F_ADVERSARIAL,FB2_Depth_Stratified,28
bench_REGIME_F_ADVERSARIAL_028,FB3_Macro_Myopic_VOI,potato,ADVERSARIAL,0.312,0.114,0.198,MARKDOWN,0.0,0.0,1.0,0.0,2.0,0.2,2.2,5.0,"{0: 0.01, 1: 0.4459, 2: 0.3221, 3: 0.5004, 4: 0.3005}",2,"['OBSERVE_STRATUM', 'STOP_INSPECTION']",2.0,5.0,REGIME_F_ADVERSARIAL,FB3_Macro_Myopic_VOI,28
bench_REGIME_F_ADVERSARIAL_028,FB5_State_Blind_Lookahead,potato,ADVERSARIAL,0.312,0.116,0.196,MARKDOWN,0.0,0.0,1.0,0.0,6.0,4.8,10.8,120.0,"{0: 0.01, 1: 0.4459, 2: 0.3221, 3: 0.5004, 4: 0.3005}",12,"['WAIT_SETTLE', 'WAIT_SETTLE', 'WAIT_SETTLE', 'WAIT_SETTLE', 'WAIT_SETTLE', 'WAIT_SETTLE', 'WAIT_SETTLE', 'WAIT_SETTLE', 'WAIT_SETTLE', 'WAIT_SETTLE', 'WAIT_SETTLE', 'WAIT_SETTLE']",6.0,120.0,REGIME_F_ADVERSARIAL,FB5_State_Blind,28
bench_REGIME_F_ADVERSARIAL_028,FB6_Additive_Cost_Planner,potato,ADVERSARIAL,0.312,0.116,0.196,MARKDOWN,0.0,0.0,1.0,0.0,6.0,4.8,10.8,120.0,"{0: 0.01, 1: 0.4459, 2: 0.3221, 3: 0.5004, 4: 0.3005}",12,"['WAIT_SETTLE', 'WAIT_SETTLE', 'WAIT_SETTLE', 'WAIT_SETTLE', 'WAIT_SETTLE', 'WAIT_SETTLE', 'WAIT_SETTLE', 'WAIT_SETTLE', 'WAIT_SETTLE', 'WAIT_SETTLE', 'WAIT_SETTLE', 'WAIT_SETTLE']",6.0,120.0,REGIME_F_ADVERSARIAL,FB6_Additive_Cost,28
bench_REGIME_F_ADVERSARIAL_028,FB7_Exposure_Aware_Planner,potato,ADVERSARIAL,0.312,0.116,0.196,MARKDOWN,0.0,0.0,1.0,0.0,0.0,0.0,0.0,0.0,"{0: 0.01, 1: 0.4459, 2: 0.3221, 3: 0.5004, 4: 0.3005}",1,['STOP_INSPECTION'],0.0,0.0,REGIME_F_ADVERSARIAL,FB7_Proposed,28
bench_REGIME_F_ADVERSARIAL_029,FB0_Surface_Only,potato,ADVERSARIAL,0.304,0.1092,0.1948,MARKDOWN,0.0,0.0,1.0,0.0,2.0,0.2,2.2,5.0,"{0: 0.01, 1: 0.3033, 2: 0.4643, 3: 0.462, 4: 0.3091}",2,"['OBSERVE_STRATUM', 'STOP_INSPECTION']",2.0,5.0,REGIME_F_ADVERSARIAL,FB0_Surface_Only,29
bench_REGIME_F_ADVERSARIAL_029,FB1_Fixed_Sampling,potato,ADVERSARIAL,0.304,0.1064,0.1976,MARKDOWN,0.0,0.0,1.0,0.0,45.0,3.0,48.0,75.0,"{0: 0.01, 1: 0.3033, 2: 0.4643, 3: 0.462, 4: 0.3091}",4,"['SAMPLE_UNITS', 'SAMPLE_UNITS', 'SAMPLE_UNITS', 'STOP_INSPECTION']",45.0,75.0,REGIME_F_ADVERSARIAL,FB1_Fixed_Random,29
bench_REGIME_F_ADVERSARIAL_029,FB2_Depth_Stratified,potato,ADVERSARIAL,0.304,0.1925,0.1115,SPLIT_LOT,0.0,0.0,1.0,120.0,42.0,11.4,173.4,285.0,"{0: 0.01, 1: 0.3033, 2: 0.4643, 3: 0.462, 4: 0.3091}",10,"['OBSERVE_STRATUM', 'REMOVE_LAYER', 'OBSERVE_STRATUM', 'REMOVE_LAYER', 'OBSERVE_STRATUM', 'REMOVE_LAYER', 'OBSERVE_STRATUM', 'REMOVE_LAYER', 'OBSERVE_STRATUM', 'STOP_INSPECTION']",42.0,85.0,REGIME_F_ADVERSARIAL,FB2_Depth_Stratified,29
bench_REGIME_F_ADVERSARIAL_029,FB3_Macro_Myopic_VOI,potato,ADVERSARIAL,0.304,0.1092,0.1948,MARKDOWN,0.0,0.0,1.0,0.0,2.0,0.2,2.2,5.0,"{0: 0.01, 1: 0.3033, 2: 0.4643, 3: 0.462, 4: 0.3091}",2,"['OBSERVE_STRATUM', 'STOP_INSPECTION']",2.0,5.0,REGIME_F_ADVERSARIAL,FB3_Macro_Myopic_VOI,29
bench_REGIME_F_ADVERSARIAL_029,FB5_State_Blind_Lookahead,potato,ADVERSARIAL,0.304,0.116,0.188,MARKDOWN,0.0,0.0,1.0,0.0,6.0,4.8,10.8,120.0,"{0: 0.01, 1: 0.3033, 2: 0.4643, 3: 0.462, 4: 0.3091}",12,"['WAIT_SETTLE', 'WAIT_SETTLE', 'WAIT_SETTLE', 'WAIT_SETTLE', 'WAIT_SETTLE', 'WAIT_SETTLE', 'WAIT_SETTLE', 'WAIT_SETTLE', 'WAIT_SETTLE', 'WAIT_SETTLE', 'WAIT_SETTLE', 'WAIT_SETTLE']",6.0,120.0,REGIME_F_ADVERSARIAL,FB5_State_Blind,29
bench_REGIME_F_ADVERSARIAL_029,FB6_Additive_Cost_Planner,potato,ADVERSARIAL,0.304,0.116,0.188,MARKDOWN,0.0,0.0,1.0,0.0,6.0,4.8,10.8,120.0,"{0: 0.01, 1: 0.3033, 2: 0.4643, 3: 0.462, 4: 0.3091}",12,"['WAIT_SETTLE', 'WAIT_SETTLE', 'WAIT_SETTLE', 'WAIT_SETTLE', 'WAIT_SETTLE', 'WAIT_SETTLE', 'WAIT_SETTLE', 'WAIT_SETTLE', 'WAIT_SETTLE', 'WAIT_SETTLE', 'WAIT_SETTLE', 'WAIT_SETTLE']",6.0,120.0,REGIME_F_ADVERSARIAL,FB6_Additive_Cost,29
bench_REGIME_F_ADVERSARIAL_029,FB7_Exposure_Aware_Planner,potato,ADVERSARIAL,0.304,0.116,0.188,MARKDOWN,0.0,0.0,1.0,0.0,0.0,0.0,0.0,0.0,"{0: 0.01, 1: 0.3033, 2: 0.4643, 3: 0.462, 4: 0.3091}",1,['STOP_INSPECTION'],0.0,0.0,REGIME_F_ADVERSARIAL,FB7_Proposed,29
bench_REGIME_F_ADVERSARIAL_030,FB0_Surface_Only,potato,ADVERSARIAL,0.376,0.1093,0.2667,MARKDOWN,1.0,0.0,0.0,300.0,2.0,0.2,302.2,5.0,"{0: 0.01, 1: 0.4808, 2: 0.5116, 3: 0.5276, 4: 0.3692}",2,"['OBSERVE_STRATUM', 'STOP_INSPECTION']",2.0,5.0,REGIME_F_ADVERSARIAL,FB0_Surface_Only,30
bench_REGIME_F_ADVERSARIAL_030,FB1_Fixed_Sampling,potato,ADVERSARIAL,0.376,0.1073,0.2687,MARKDOWN,1.0,0.0,0.0,300.0,45.0,3.0,348.0,75.0,"{0: 0.01, 1: 0.4808, 2: 0.5116, 3: 0.5276, 4: 0.3692}",4,"['SAMPLE_UNITS', 'SAMPLE_UNITS', 'SAMPLE_UNITS', 'STOP_INSPECTION']",45.0,75.0,REGIME_F_ADVERSARIAL,FB1_Fixed_Random,30
bench_REGIME_F_ADVERSARIAL_030,FB2_Depth_Stratified,potato,ADVERSARIAL,0.376,0.2015,0.1745,SPLIT_LOT,0.0,0.0,1.0,120.0,42.0,11.4,173.4,285.0,"{0: 0.01, 1: 0.4808, 2: 0.5116, 3: 0.5276, 4: 0.3692}",10,"['OBSERVE_STRATUM', 'REMOVE_LAYER', 'OBSERVE_STRATUM', 'REMOVE_LAYER', 'OBSERVE_STRATUM', 'REMOVE_LAYER', 'OBSERVE_STRATUM', 'REMOVE_LAYER', 'OBSERVE_STRATUM', 'STOP_INSPECTION']",42.0,85.0,REGIME_F_ADVERSARIAL,FB2_Depth_Stratified,30
bench_REGIME_F_ADVERSARIAL_030,FB3_Macro_Myopic_VOI,potato,ADVERSARIAL,0.376,0.1115,0.2645,MARKDOWN,1.0,0.0,0.0,300.0,2.0,0.2,302.2,5.0,"{0: 0.01, 1: 0.4808, 2: 0.5116, 3: 0.5276, 4: 0.3692}",2,"['OBSERVE_STRATUM', 'STOP_INSPECTION']",2.0,5.0,REGIME_F_ADVERSARIAL,FB3_Macro_Myopic_VOI,30
bench_REGIME_F_ADVERSARIAL_030,FB5_State_Blind_Lookahead,potato,ADVERSARIAL,0.376,0.116,0.26,MARKDOWN,1.0,0.0,0.0,300.0,6.0,4.8,310.8,120.0,"{0: 0.01, 1: 0.4808, 2: 0.5116, 3: 0.5276, 4: 0.3692}",12,"['WAIT_SETTLE', 'WAIT_SETTLE', 'WAIT_SETTLE', 'WAIT_SETTLE', 'WAIT_SETTLE', 'WAIT_SETTLE', 'WAIT_SETTLE', 'WAIT_SETTLE', 'WAIT_SETTLE', 'WAIT_SETTLE', 'WAIT_SETTLE', 'WAIT_SETTLE']",6.0,120.0,REGIME_F_ADVERSARIAL,FB5_State_Blind,30
bench_REGIME_F_ADVERSARIAL_030,FB6_Additive_Cost_Planner,potato,ADVERSARIAL,0.376,0.116,0.26,MARKDOWN,1.0,0.0,0.0,300.0,6.0,4.8,310.8,120.0,"{0: 0.01, 1: 0.4808, 2: 0.5116, 3: 0.5276, 4: 0.3692}",12,"['WAIT_SETTLE', 'WAIT_SETTLE', 'WAIT_SETTLE', 'WAIT_SETTLE', 'WAIT_SETTLE', 'WAIT_SETTLE', 'WAIT_SETTLE', 'WAIT_SETTLE', 'WAIT_SETTLE', 'WAIT_SETTLE', 'WAIT_SETTLE', 'WAIT_SETTLE']",6.0,120.0,REGIME_F_ADVERSARIAL,FB6_Additive_Cost,30
bench_REGIME_F_ADVERSARIAL_030,FB7_Exposure_Aware_Planner,potato,ADVERSARIAL,0.376,0.116,0.26,MARKDOWN,1.0,0.0,0.0,300.0,0.0,0.0,300.0,0.0,"{0: 0.01, 1: 0.4808, 2: 0.5116, 3: 0.5276, 4: 0.3692}",1,['STOP_INSPECTION'],0.0,0.0,REGIME_F_ADVERSARIAL,FB7_Proposed,30
bench_REGIME_F_ADVERSARIAL_031,FB0_Surface_Only,potato,ADVERSARIAL,0.324,0.1125,0.2115,MARKDOWN,0.0,0.0,1.0,0.0,2.0,0.2,2.2,5.0,"{0: 0.01, 1: 0.3012, 2: 0.3617, 3: 0.4671, 4: 0.5086}",2,"['OBSERVE_STRATUM', 'STOP_INSPECTION']",2.0,5.0,REGIME_F_ADVERSARIAL,FB0_Surface_Only,31
bench_REGIME_F_ADVERSARIAL_031,FB1_Fixed_Sampling,potato,ADVERSARIAL,0.324,0.106,0.218,MARKDOWN,0.0,0.0,1.0,0.0,45.0,3.0,48.0,75.0,"{0: 0.01, 1: 0.3012, 2: 0.3617, 3: 0.4671, 4: 0.5086}",4,"['SAMPLE_UNITS', 'SAMPLE_UNITS', 'SAMPLE_UNITS', 'STOP_INSPECTION']",45.0,75.0,REGIME_F_ADVERSARIAL,FB1_Fixed_Random,31
bench_REGIME_F_ADVERSARIAL_031,FB2_Depth_Stratified,potato,ADVERSARIAL,0.324,0.194,0.13,SPLIT_LOT,0.0,0.0,1.0,120.0,42.0,11.4,173.4,285.0,"{0: 0.01, 1: 0.3012, 2: 0.3617, 3: 0.4671, 4: 0.5086}",10,"['OBSERVE_STRATUM', 'REMOVE_LAYER', 'OBSERVE_STRATUM', 'REMOVE_LAYER', 'OBSERVE_STRATUM', 'REMOVE_LAYER', 'OBSERVE_STRATUM', 'REMOVE_LAYER', 'OBSERVE_STRATUM', 'STOP_INSPECTION']",42.0,85.0,REGIME_F_ADVERSARIAL,FB2_Depth_Stratified,31
bench_REGIME_F_ADVERSARIAL_031,FB3_Macro_Myopic_VOI,potato,ADVERSARIAL,0.324,0.11,0.214,MARKDOWN,0.0,0.0,1.0,0.0,2.0,0.2,2.2,5.0,"{0: 0.01, 1: 0.3012, 2: 0.3617, 3: 0.4671, 4: 0.5086}",2,"['OBSERVE_STRATUM', 'STOP_INSPECTION']",2.0,5.0,REGIME_F_ADVERSARIAL,FB3_Macro_Myopic_VOI,31
bench_REGIME_F_ADVERSARIAL_031,FB5_State_Blind_Lookahead,potato,ADVERSARIAL,0.324,0.116,0.208,MARKDOWN,0.0,0.0,1.0,0.0,6.0,4.8,10.8,120.0,"{0: 0.01, 1: 0.3012, 2: 0.3617, 3: 0.4671, 4: 0.5086}",12,"['WAIT_SETTLE', 'WAIT_SETTLE', 'WAIT_SETTLE', 'WAIT_SETTLE', 'WAIT_SETTLE', 'WAIT_SETTLE', 'WAIT_SETTLE', 'WAIT_SETTLE', 'WAIT_SETTLE', 'WAIT_SETTLE', 'WAIT_SETTLE', 'WAIT_SETTLE']",6.0,120.0,REGIME_F_ADVERSARIAL,FB5_State_Blind,31
bench_REGIME_F_ADVERSARIAL_031,FB6_Additive_Cost_Planner,potato,ADVERSARIAL,0.324,0.116,0.208,MARKDOWN,0.0,0.0,1.0,0.0,6.0,4.8,10.8,120.0,"{0: 0.01, 1: 0.3012, 2: 0.3617, 3: 0.4671, 4: 0.5086}",12,"['WAIT_SETTLE', 'WAIT_SETTLE', 'WAIT_SETTLE', 'WAIT_SETTLE', 'WAIT_SETTLE', 'WAIT_SETTLE', 'WAIT_SETTLE', 'WAIT_SETTLE', 'WAIT_SETTLE', 'WAIT_SETTLE', 'WAIT_SETTLE', 'WAIT_SETTLE']",6.0,120.0,REGIME_F_ADVERSARIAL,FB6_Additive_Cost,31
bench_REGIME_F_ADVERSARIAL_031,FB7_Exposure_Aware_Planner,potato,ADVERSARIAL,0.324,0.116,0.208,MARKDOWN,0.0,0.0,1.0,0.0,0.0,0.0,0.0,0.0,"{0: 0.01, 1: 0.3012, 2: 0.3617, 3: 0.4671, 4: 0.5086}",1,['STOP_INSPECTION'],0.0,0.0,REGIME_F_ADVERSARIAL,FB7_Proposed,31
bench_REGIME_F_ADVERSARIAL_032,FB0_Surface_Only,potato,ADVERSARIAL,0.316,0.1093,0.2067,MARKDOWN,0.0,0.0,1.0,0.0,2.0,0.2,2.2,5.0,"{0: 0.01, 1: 0.3104, 2: 0.3929, 3: 0.4119, 4: 0.4377}",2,"['OBSERVE_STRATUM', 'STOP_INSPECTION']",2.0,5.0,REGIME_F_ADVERSARIAL,FB0_Surface_Only,32
bench_REGIME_F_ADVERSARIAL_032,FB1_Fixed_Sampling,potato,ADVERSARIAL,0.316,0.109,0.207,MARKDOWN,0.0,0.0,1.0,0.0,45.0,3.0,48.0,75.0,"{0: 0.01, 1: 0.3104, 2: 0.3929, 3: 0.4119, 4: 0.4377}",4,"['SAMPLE_UNITS', 'SAMPLE_UNITS', 'SAMPLE_UNITS', 'STOP_INSPECTION']",45.0,75.0,REGIME_F_ADVERSARIAL,FB1_Fixed_Random,32
bench_REGIME_F_ADVERSARIAL_032,FB2_Depth_Stratified,potato,ADVERSARIAL,0.316,0.18,0.136,SPLIT_LOT,0.0,0.0,1.0,120.0,42.0,11.4,173.4,285.0,"{0: 0.01, 1: 0.3104, 2: 0.3929, 3: 0.4119, 4: 0.4377}",10,"['OBSERVE_STRATUM', 'REMOVE_LAYER', 'OBSERVE_STRATUM', 'REMOVE_LAYER', 'OBSERVE_STRATUM', 'REMOVE_LAYER', 'OBSERVE_STRATUM', 'REMOVE_LAYER', 'OBSERVE_STRATUM', 'STOP_INSPECTION']",42.0,85.0,REGIME_F_ADVERSARIAL,FB2_Depth_Stratified,32
bench_REGIME_F_ADVERSARIAL_032,FB3_Macro_Myopic_VOI,potato,ADVERSARIAL,0.316,0.1115,0.2045,MARKDOWN,0.0,0.0,1.0,0.0,2.0,0.2,2.2,5.0,"{0: 0.01, 1: 0.3104, 2: 0.3929, 3: 0.4119, 4: 0.4377}",2,"['OBSERVE_STRATUM', 'STOP_INSPECTION']",2.0,5.0,REGIME_F_ADVERSARIAL,FB3_Macro_Myopic_VOI,32
bench_REGIME_F_ADVERSARIAL_032,FB5_State_Blind_Lookahead,potato,ADVERSARIAL,0.316,0.116,0.2,MARKDOWN,0.0,0.0,1.0,0.0,6.0,4.8,10.8,120.0,"{0: 0.01, 1: 0.3104, 2: 0.3929, 3: 0.4119, 4: 0.4377}",12,"['WAIT_SETTLE', 'WAIT_SETTLE', 'WAIT_SETTLE', 'WAIT_SETTLE', 'WAIT_SETTLE', 'WAIT_SETTLE', 'WAIT_SETTLE', 'WAIT_SETTLE', 'WAIT_SETTLE', 'WAIT_SETTLE', 'WAIT_SETTLE', 'WAIT_SETTLE']",6.0,120.0,REGIME_F_ADVERSARIAL,FB5_State_Blind,32
bench_REGIME_F_ADVERSARIAL_032,FB6_Additive_Cost_Planner,potato,ADVERSARIAL,0.316,0.116,0.2,MARKDOWN,0.0,0.0,1.0,0.0,6.0,4.8,10.8,120.0,"{0: 0.01, 1: 0.3104, 2: 0.3929, 3: 0.4119, 4: 0.4377}",12,"['WAIT_SETTLE', 'WAIT_SETTLE', 'WAIT_SETTLE', 'WAIT_SETTLE', 'WAIT_SETTLE', 'WAIT_SETTLE', 'WAIT_SETTLE', 'WAIT_SETTLE', 'WAIT_SETTLE', 'WAIT_SETTLE', 'WAIT_SETTLE', 'WAIT_SETTLE']",6.0,120.0,REGIME_F_ADVERSARIAL,FB6_Additive_Cost,32
bench_REGIME_F_ADVERSARIAL_032,FB7_Exposure_Aware_Planner,potato,ADVERSARIAL,0.316,0.116,0.2,MARKDOWN,0.0,0.0,1.0,0.0,0.0,0.0,0.0,0.0,"{0: 0.01, 1: 0.3104, 2: 0.3929, 3: 0.4119, 4: 0.4377}",1,['STOP_INSPECTION'],0.0,0.0,REGIME_F_ADVERSARIAL,FB7_Proposed,32
bench_REGIME_F_ADVERSARIAL_033,FB0_Surface_Only,potato,ADVERSARIAL,0.296,0.1134,0.1826,MARKDOWN,0.0,0.0,1.0,0.0,2.0,0.2,2.2,5.0,"{0: 0.01, 1: 0.3422, 2: 0.3634, 3: 0.3607, 4: 0.423}",2,"['OBSERVE_STRATUM', 'STOP_INSPECTION']",2.0,5.0,REGIME_F_ADVERSARIAL,FB0_Surface_Only,33
bench_REGIME_F_ADVERSARIAL_033,FB1_Fixed_Sampling,potato,ADVERSARIAL,0.296,0.1058,0.1902,MARKDOWN,0.0,0.0,1.0,0.0,45.0,3.0,48.0,75.0,"{0: 0.01, 1: 0.3422, 2: 0.3634, 3: 0.3607, 4: 0.423}",4,"['SAMPLE_UNITS', 'SAMPLE_UNITS', 'SAMPLE_UNITS', 'STOP_INSPECTION']",45.0,75.0,REGIME_F_ADVERSARIAL,FB1_Fixed_Random,33
bench_REGIME_F_ADVERSARIAL_033,FB2_Depth_Stratified,potato,ADVERSARIAL,0.296,0.175,0.121,SPLIT_LOT,0.0,0.0,1.0,120.0,42.0,11.4,173.4,285.0,"{0: 0.01, 1: 0.3422, 2: 0.3634, 3: 0.3607, 4: 0.423}",10,"['OBSERVE_STRATUM', 'REMOVE_LAYER', 'OBSERVE_STRATUM', 'REMOVE_LAYER', 'OBSERVE_STRATUM', 'REMOVE_LAYER', 'OBSERVE_STRATUM', 'REMOVE_LAYER', 'OBSERVE_STRATUM', 'STOP_INSPECTION']",42.0,85.0,REGIME_F_ADVERSARIAL,FB2_Depth_Stratified,33
bench_REGIME_F_ADVERSARIAL_033,FB3_Macro_Myopic_VOI,potato,ADVERSARIAL,0.296,0.1092,0.1868,MARKDOWN,0.0,0.0,1.0,0.0,2.0,0.2,2.2,5.0,"{0: 0.01, 1: 0.3422, 2: 0.3634, 3: 0.3607, 4: 0.423}",2,"['OBSERVE_STRATUM', 'STOP_INSPECTION']",2.0,5.0,REGIME_F_ADVERSARIAL,FB3_Macro_Myopic_VOI,33
bench_REGIME_F_ADVERSARIAL_033,FB5_State_Blind_Lookahead,potato,ADVERSARIAL,0.296,0.116,0.18,MARKDOWN,0.0,0.0,1.0,0.0,6.0,4.8,10.8,120.0,"{0: 0.01, 1: 0.3422, 2: 0.3634, 3: 0.3607, 4: 0.423}",12,"['WAIT_SETTLE', 'WAIT_SETTLE', 'WAIT_SETTLE', 'WAIT_SETTLE', 'WAIT_SETTLE', 'WAIT_SETTLE', 'WAIT_SETTLE', 'WAIT_SETTLE', 'WAIT_SETTLE', 'WAIT_SETTLE', 'WAIT_SETTLE', 'WAIT_SETTLE']",6.0,120.0,REGIME_F_ADVERSARIAL,FB5_State_Blind,33
bench_REGIME_F_ADVERSARIAL_033,FB6_Additive_Cost_Planner,potato,ADVERSARIAL,0.296,0.116,0.18,MARKDOWN,0.0,0.0,1.0,0.0,6.0,4.8,10.8,120.0,"{0: 0.01, 1: 0.3422, 2: 0.3634, 3: 0.3607, 4: 0.423}",12,"['WAIT_SETTLE', 'WAIT_SETTLE', 'WAIT_SETTLE', 'WAIT_SETTLE', 'WAIT_SETTLE', 'WAIT_SETTLE', 'WAIT_SETTLE', 'WAIT_SETTLE', 'WAIT_SETTLE', 'WAIT_SETTLE', 'WAIT_SETTLE', 'WAIT_SETTLE']",6.0,120.0,REGIME_F_ADVERSARIAL,FB6_Additive_Cost,33
bench_REGIME_F_ADVERSARIAL_033,FB7_Exposure_Aware_Planner,potato,ADVERSARIAL,0.296,0.116,0.18,MARKDOWN,0.0,0.0,1.0,0.0,0.0,0.0,0.0,0.0,"{0: 0.01, 1: 0.3422, 2: 0.3634, 3: 0.3607, 4: 0.423}",1,['STOP_INSPECTION'],0.0,0.0,REGIME_F_ADVERSARIAL,FB7_Proposed,33
bench_REGIME_F_ADVERSARIAL_034,FB0_Surface_Only,potato,ADVERSARIAL,0.336,0.1092,0.2268,MARKDOWN,0.0,0.0,1.0,0.0,2.0,0.2,2.2,5.0,"{0: 0.01, 1: 0.4456, 2: 0.3452, 3: 0.4335, 4: 0.4585}",2,"['OBSERVE_STRATUM', 'STOP_INSPECTION']",2.0,5.0,REGIME_F_ADVERSARIAL,FB0_Surface_Only,34
bench_REGIME_F_ADVERSARIAL_034,FB1_Fixed_Sampling,potato,ADVERSARIAL,0.336,0.108,0.228,MARKDOWN,0.0,0.0,1.0,0.0,45.0,3.0,48.0,75.0,"{0: 0.01, 1: 0.4456, 2: 0.3452, 3: 0.4335, 4: 0.4585}",4,"['SAMPLE_UNITS', 'SAMPLE_UNITS', 'SAMPLE_UNITS', 'STOP_INSPECTION']",45.0,75.0,REGIME_F_ADVERSARIAL,FB1_Fixed_Random,34
bench_REGIME_F_ADVERSARIAL_034,FB2_Depth_Stratified,potato,ADVERSARIAL,0.336,0.1988,0.1372,REROUTE,0.0,0.0,1.0,0.0,42.0,11.4,53.4,285.0,"{0: 0.01, 1: 0.4456, 2: 0.3452, 3: 0.4335, 4: 0.4585}",10,"['OBSERVE_STRATUM', 'REMOVE_LAYER', 'OBSERVE_STRATUM', 'REMOVE_LAYER', 'OBSERVE_STRATUM', 'REMOVE_LAYER', 'OBSERVE_STRATUM', 'REMOVE_LAYER', 'OBSERVE_STRATUM', 'STOP_INSPECTION']",42.0,85.0,REGIME_F_ADVERSARIAL,FB2_Depth_Stratified,34
bench_REGIME_F_ADVERSARIAL_034,FB3_Macro_Myopic_VOI,potato,ADVERSARIAL,0.336,0.1132,0.2228,MARKDOWN,0.0,0.0,1.0,0.0,2.0,0.2,2.2,5.0,"{0: 0.01, 1: 0.4456, 2: 0.3452, 3: 0.4335, 4: 0.4585}",2,"['OBSERVE_STRATUM', 'STOP_INSPECTION']",2.0,5.0,REGIME_F_ADVERSARIAL,FB3_Macro_Myopic_VOI,34
bench_REGIME_F_ADVERSARIAL_034,FB5_State_Blind_Lookahead,potato,ADVERSARIAL,0.336,0.116,0.22,MARKDOWN,0.0,0.0,1.0,0.0,6.0,4.8,10.8,120.0,"{0: 0.01, 1: 0.4456, 2: 0.3452, 3: 0.4335, 4: 0.4585}",12,"['WAIT_SETTLE', 'WAIT_SETTLE', 'WAIT_SETTLE', 'WAIT_SETTLE', 'WAIT_SETTLE', 'WAIT_SETTLE', 'WAIT_SETTLE', 'WAIT_SETTLE', 'WAIT_SETTLE', 'WAIT_SETTLE', 'WAIT_SETTLE', 'WAIT_SETTLE']",6.0,120.0,REGIME_F_ADVERSARIAL,FB5_State_Blind,34
bench_REGIME_F_ADVERSARIAL_034,FB6_Additive_Cost_Planner,potato,ADVERSARIAL,0.336,0.116,0.22,MARKDOWN,0.0,0.0,1.0,0.0,6.0,4.8,10.8,120.0,"{0: 0.01, 1: 0.4456, 2: 0.3452, 3: 0.4335, 4: 0.4585}",12,"['WAIT_SETTLE', 'WAIT_SETTLE', 'WAIT_SETTLE', 'WAIT_SETTLE', 'WAIT_SETTLE', 'WAIT_SETTLE', 'WAIT_SETTLE', 'WAIT_SETTLE', 'WAIT_SETTLE', 'WAIT_SETTLE', 'WAIT_SETTLE', 'WAIT_SETTLE']",6.0,120.0,REGIME_F_ADVERSARIAL,FB6_Additive_Cost,34
bench_REGIME_F_ADVERSARIAL_034,FB7_Exposure_Aware_Planner,potato,ADVERSARIAL,0.336,0.116,0.22,MARKDOWN,0.0,0.0,1.0,0.0,0.0,0.0,0.0,0.0,"{0: 0.01, 1: 0.4456, 2: 0.3452, 3: 0.4335, 4: 0.4585}",1,['STOP_INSPECTION'],0.0,0.0,REGIME_F_ADVERSARIAL,FB7_Proposed,34
bench_REGIME_F_ADVERSARIAL_035,FB0_Surface_Only,potato,ADVERSARIAL,0.364,0.1092,0.2548,MARKDOWN,1.0,0.0,0.0,300.0,2.0,0.2,302.2,5.0,"{0: 0.01, 1: 0.5175, 2: 0.3204, 3: 0.4567, 4: 0.5222}",2,"['OBSERVE_STRATUM', 'STOP_INSPECTION']",2.0,5.0,REGIME_F_ADVERSARIAL,FB0_Surface_Only,35
bench_REGIME_F_ADVERSARIAL_035,FB1_Fixed_Sampling,potato,ADVERSARIAL,0.364,0.1063,0.2577,MARKDOWN,1.0,0.0,0.0,300.0,45.0,3.0,348.0,75.0,"{0: 0.01, 1: 0.5175, 2: 0.3204, 3: 0.4567, 4: 0.5222}",4,"['SAMPLE_UNITS', 'SAMPLE_UNITS', 'SAMPLE_UNITS', 'STOP_INSPECTION']",45.0,75.0,REGIME_F_ADVERSARIAL,FB1_Fixed_Random,35
bench_REGIME_F_ADVERSARIAL_035,FB2_Depth_Stratified,potato,ADVERSARIAL,0.364,0.1995,0.1645,REROUTE,0.0,0.0,1.0,0.0,42.0,11.4,53.4,285.0,"{0: 0.01, 1: 0.5175, 2: 0.3204, 3: 0.4567, 4: 0.5222}",10,"['OBSERVE_STRATUM', 'REMOVE_LAYER', 'OBSERVE_STRATUM', 'REMOVE_LAYER', 'OBSERVE_STRATUM', 'REMOVE_LAYER', 'OBSERVE_STRATUM', 'REMOVE_LAYER', 'OBSERVE_STRATUM', 'STOP_INSPECTION']",42.0,85.0,REGIME_F_ADVERSARIAL,FB2_Depth_Stratified,35
bench_REGIME_F_ADVERSARIAL_035,FB3_Macro_Myopic_VOI,potato,ADVERSARIAL,0.364,0.1112,0.2528,MARKDOWN,1.0,0.0,0.0,300.0,2.0,0.2,302.2,5.0,"{0: 0.01, 1: 0.5175, 2: 0.3204, 3: 0.4567, 4: 0.5222}",2,"['OBSERVE_STRATUM', 'STOP_INSPECTION']",2.0,5.0,REGIME_F_ADVERSARIAL,FB3_Macro_Myopic_VOI,35
bench_REGIME_F_ADVERSARIAL_035,FB5_State_Blind_Lookahead,potato,ADVERSARIAL,0.364,0.116,0.248,MARKDOWN,1.0,0.0,0.0,300.0,6.0,4.8,310.8,120.0,"{0: 0.01, 1: 0.5175, 2: 0.3204, 3: 0.4567, 4: 0.5222}",12,"['WAIT_SETTLE', 'WAIT_SETTLE', 'WAIT_SETTLE', 'WAIT_SETTLE', 'WAIT_SETTLE', 'WAIT_SETTLE', 'WAIT_SETTLE', 'WAIT_SETTLE', 'WAIT_SETTLE', 'WAIT_SETTLE', 'WAIT_SETTLE', 'WAIT_SETTLE']",6.0,120.0,REGIME_F_ADVERSARIAL,FB5_State_Blind,35
bench_REGIME_F_ADVERSARIAL_035,FB6_Additive_Cost_Planner,potato,ADVERSARIAL,0.364,0.116,0.248,MARKDOWN,1.0,0.0,0.0,300.0,6.0,4.8,310.8,120.0,"{0: 0.01, 1: 0.5175, 2: 0.3204, 3: 0.4567, 4: 0.5222}",12,"['WAIT_SETTLE', 'WAIT_SETTLE', 'WAIT_SETTLE', 'WAIT_SETTLE', 'WAIT_SETTLE', 'WAIT_SETTLE', 'WAIT_SETTLE', 'WAIT_SETTLE', 'WAIT_SETTLE', 'WAIT_SETTLE', 'WAIT_SETTLE', 'WAIT_SETTLE']",6.0,120.0,REGIME_F_ADVERSARIAL,FB6_Additive_Cost,35
bench_REGIME_F_ADVERSARIAL_035,FB7_Exposure_Aware_Planner,potato,ADVERSARIAL,0.364,0.116,0.248,MARKDOWN,1.0,0.0,0.0,300.0,0.0,0.0,300.0,0.0,"{0: 0.01, 1: 0.5175, 2: 0.3204, 3: 0.4567, 4: 0.5222}",1,['STOP_INSPECTION'],0.0,0.0,REGIME_F_ADVERSARIAL,FB7_Proposed,35
bench_REGIME_F_ADVERSARIAL_036,FB0_Surface_Only,potato,ADVERSARIAL,0.344,0.1126,0.2314,MARKDOWN,0.0,0.0,1.0,0.0,2.0,0.2,2.2,5.0,"{0: 0.01, 1: 0.4849, 2: 0.4877, 3: 0.3628, 4: 0.3915}",2,"['OBSERVE_STRATUM', 'STOP_INSPECTION']",2.0,5.0,REGIME_F_ADVERSARIAL,FB0_Surface_Only,36
bench_REGIME_F_ADVERSARIAL_036,FB1_Fixed_Sampling,potato,ADVERSARIAL,0.344,0.108,0.236,MARKDOWN,0.0,0.0,1.0,0.0,45.0,3.0,48.0,75.0,"{0: 0.01, 1: 0.4849, 2: 0.4877, 3: 0.3628, 4: 0.3915}",4,"['SAMPLE_UNITS', 'SAMPLE_UNITS', 'SAMPLE_UNITS', 'STOP_INSPECTION']",45.0,75.0,REGIME_F_ADVERSARIAL,FB1_Fixed_Random,36
bench_REGIME_F_ADVERSARIAL_036,FB2_Depth_Stratified,potato,ADVERSARIAL,0.344,0.1955,0.1485,REROUTE,0.0,0.0,1.0,0.0,42.0,11.4,53.4,285.0,"{0: 0.01, 1: 0.4849, 2: 0.4877, 3: 0.3628, 4: 0.3915}",10,"['OBSERVE_STRATUM', 'REMOVE_LAYER', 'OBSERVE_STRATUM', 'REMOVE_LAYER', 'OBSERVE_STRATUM', 'REMOVE_LAYER', 'OBSERVE_STRATUM', 'REMOVE_LAYER', 'OBSERVE_STRATUM', 'STOP_INSPECTION']",42.0,85.0,REGIME_F_ADVERSARIAL,FB2_Depth_Stratified,36
bench_REGIME_F_ADVERSARIAL_036,FB3_Macro_Myopic_VOI,potato,ADVERSARIAL,0.344,0.1119,0.2321,MARKDOWN,0.0,0.0,1.0,0.0,2.0,0.2,2.2,5.0,"{0: 0.01, 1: 0.4849, 2: 0.4877, 3: 0.3628, 4: 0.3915}",2,"['OBSERVE_STRATUM', 'STOP_INSPECTION']",2.0,5.0,REGIME_F_ADVERSARIAL,FB3_Macro_Myopic_VOI,36
bench_REGIME_F_ADVERSARIAL_036,FB5_State_Blind_Lookahead,potato,ADVERSARIAL,0.344,0.116,0.228,MARKDOWN,0.0,0.0,1.0,0.0,6.0,4.8,10.8,120.0,"{0: 0.01, 1: 0.4849, 2: 0.4877, 3: 0.3628, 4: 0.3915}",12,"['WAIT_SETTLE', 'WAIT_SETTLE', 'WAIT_SETTLE', 'WAIT_SETTLE', 'WAIT_SETTLE', 'WAIT_SETTLE', 'WAIT_SETTLE', 'WAIT_SETTLE', 'WAIT_SETTLE', 'WAIT_SETTLE', 'WAIT_SETTLE', 'WAIT_SETTLE']",6.0,120.0,REGIME_F_ADVERSARIAL,FB5_State_Blind,36
bench_REGIME_F_ADVERSARIAL_036,FB6_Additive_Cost_Planner,potato,ADVERSARIAL,0.344,0.116,0.228,MARKDOWN,0.0,0.0,1.0,0.0,6.0,4.8,10.8,120.0,"{0: 0.01, 1: 0.4849, 2: 0.4877, 3: 0.3628, 4: 0.3915}",12,"['WAIT_SETTLE', 'WAIT_SETTLE', 'WAIT_SETTLE', 'WAIT_SETTLE', 'WAIT_SETTLE', 'WAIT_SETTLE', 'WAIT_SETTLE', 'WAIT_SETTLE', 'WAIT_SETTLE', 'WAIT_SETTLE', 'WAIT_SETTLE', 'WAIT_SETTLE']",6.0,120.0,REGIME_F_ADVERSARIAL,FB6_Additive_Cost,36
bench_REGIME_F_ADVERSARIAL_036,FB7_Exposure_Aware_Planner,potato,ADVERSARIAL,0.344,0.116,0.228,MARKDOWN,0.0,0.0,1.0,0.0,0.0,0.0,0.0,0.0,"{0: 0.01, 1: 0.4849, 2: 0.4877, 3: 0.3628, 4: 0.3915}",1,['STOP_INSPECTION'],0.0,0.0,REGIME_F_ADVERSARIAL,FB7_Proposed,36
bench_REGIME_F_ADVERSARIAL_037,FB0_Surface_Only,potato,ADVERSARIAL,0.356,0.1131,0.2429,MARKDOWN,1.0,0.0,0.0,300.0,2.0,0.2,302.2,5.0,"{0: 0.01, 1: 0.5074, 2: 0.4037, 3: 0.5265, 4: 0.3688}",2,"['OBSERVE_STRATUM', 'STOP_INSPECTION']",2.0,5.0,REGIME_F_ADVERSARIAL,FB0_Surface_Only,37
bench_REGIME_F_ADVERSARIAL_037,FB1_Fixed_Sampling,potato,ADVERSARIAL,0.356,0.1087,0.2473,MARKDOWN,1.0,0.0,0.0,300.0,45.0,3.0,348.0,75.0,"{0: 0.01, 1: 0.5074, 2: 0.4037, 3: 0.5265, 4: 0.3688}",4,"['SAMPLE_UNITS', 'SAMPLE_UNITS', 'SAMPLE_UNITS', 'STOP_INSPECTION']",45.0,75.0,REGIME_F_ADVERSARIAL,FB1_Fixed_Random,37
bench_REGIME_F_ADVERSARIAL_037,FB2_Depth_Stratified,potato,ADVERSARIAL,0.356,0.2018,0.1542,SPLIT_LOT,0.0,0.0,1.0,120.0,42.0,11.4,173.4,285.0,"{0: 0.01, 1: 0.5074, 2: 0.4037, 3: 0.5265, 4: 0.3688}",10,"['OBSERVE_STRATUM', 'REMOVE_LAYER', 'OBSERVE_STRATUM', 'REMOVE_LAYER', 'OBSERVE_STRATUM', 'REMOVE_LAYER', 'OBSERVE_STRATUM', 'REMOVE_LAYER', 'OBSERVE_STRATUM', 'STOP_INSPECTION']",42.0,85.0,REGIME_F_ADVERSARIAL,FB2_Depth_Stratified,37
bench_REGIME_F_ADVERSARIAL_037,FB3_Macro_Myopic_VOI,potato,ADVERSARIAL,0.356,0.1107,0.2453,MARKDOWN,1.0,0.0,0.0,300.0,2.0,0.2,302.2,5.0,"{0: 0.01, 1: 0.5074, 2: 0.4037, 3: 0.5265, 4: 0.3688}",2,"['OBSERVE_STRATUM', 'STOP_INSPECTION']",2.0,5.0,REGIME_F_ADVERSARIAL,FB3_Macro_Myopic_VOI,37
bench_REGIME_F_ADVERSARIAL_037,FB5_State_Blind_Lookahead,potato,ADVERSARIAL,0.356,0.116,0.24,MARKDOWN,1.0,0.0,0.0,300.0,6.0,4.8,310.8,120.0,"{0: 0.01, 1: 0.5074, 2: 0.4037, 3: 0.5265, 4: 0.3688}",12,"['WAIT_SETTLE', 'WAIT_SETTLE', 'WAIT_SETTLE', 'WAIT_SETTLE', 'WAIT_SETTLE', 'WAIT_SETTLE', 'WAIT_SETTLE', 'WAIT_SETTLE', 'WAIT_SETTLE', 'WAIT_SETTLE', 'WAIT_SETTLE', 'WAIT_SETTLE']",6.0,120.0,REGIME_F_ADVERSARIAL,FB5_State_Blind,37
bench_REGIME_F_ADVERSARIAL_037,FB6_Additive_Cost_Planner,potato,ADVERSARIAL,0.356,0.116,0.24,MARKDOWN,1.0,0.0,0.0,300.0,6.0,4.8,310.8,120.0,"{0: 0.01, 1: 0.5074, 2: 0.4037, 3: 0.5265, 4: 0.3688}",12,"['WAIT_SETTLE', 'WAIT_SETTLE', 'WAIT_SETTLE', 'WAIT_SETTLE', 'WAIT_SETTLE', 'WAIT_SETTLE', 'WAIT_SETTLE', 'WAIT_SETTLE', 'WAIT_SETTLE', 'WAIT_SETTLE', 'WAIT_SETTLE', 'WAIT_SETTLE']",6.0,120.0,REGIME_F_ADVERSARIAL,FB6_Additive_Cost,37
bench_REGIME_F_ADVERSARIAL_037,FB7_Exposure_Aware_Planner,potato,ADVERSARIAL,0.356,0.116,0.24,MARKDOWN,1.0,0.0,0.0,300.0,0.0,0.0,300.0,0.0,"{0: 0.01, 1: 0.5074, 2: 0.4037, 3: 0.5265, 4: 0.3688}",1,['STOP_INSPECTION'],0.0,0.0,REGIME_F_ADVERSARIAL,FB7_Proposed,37
bench_REGIME_F_ADVERSARIAL_038,FB0_Surface_Only,potato,ADVERSARIAL,0.336,0.1105,0.2255,MARKDOWN,0.0,0.0,1.0,0.0,2.0,0.2,2.2,5.0,"{0: 0.01, 1: 0.3104, 2: 0.3733, 3: 0.5032, 4: 0.4712}",2,"['OBSERVE_STRATUM', 'STOP_INSPECTION']",2.0,5.0,REGIME_F_ADVERSARIAL,FB0_Surface_Only,38
bench_REGIME_F_ADVERSARIAL_038,FB1_Fixed_Sampling,potato,ADVERSARIAL,0.336,0.1083,0.2277,MARKDOWN,0.0,0.0,1.0,0.0,45.0,3.0,48.0,75.0,"{0: 0.01, 1: 0.3104, 2: 0.3733, 3: 0.5032, 4: 0.4712}",4,"['SAMPLE_UNITS', 'SAMPLE_UNITS', 'SAMPLE_UNITS', 'STOP_INSPECTION']",45.0,75.0,REGIME_F_ADVERSARIAL,FB1_Fixed_Random,38
bench_REGIME_F_ADVERSARIAL_038,FB2_Depth_Stratified,potato,ADVERSARIAL,0.336,0.1869,0.1491,SPLIT_LOT,0.0,0.0,1.0,120.0,42.0,11.4,173.4,285.0,"{0: 0.01, 1: 0.3104, 2: 0.3733, 3: 0.5032, 4: 0.4712}",10,"['OBSERVE_STRATUM', 'REMOVE_LAYER', 'OBSERVE_STRATUM', 'REMOVE_LAYER', 'OBSERVE_STRATUM', 'REMOVE_LAYER', 'OBSERVE_STRATUM', 'REMOVE_LAYER', 'OBSERVE_STRATUM', 'STOP_INSPECTION']",42.0,85.0,REGIME_F_ADVERSARIAL,FB2_Depth_Stratified,38
bench_REGIME_F_ADVERSARIAL_038,FB3_Macro_Myopic_VOI,potato,ADVERSARIAL,0.336,0.1129,0.2231,MARKDOWN,0.0,0.0,1.0,0.0,2.0,0.2,2.2,5.0,"{0: 0.01, 1: 0.3104, 2: 0.3733, 3: 0.5032, 4: 0.4712}",2,"['OBSERVE_STRATUM', 'STOP_INSPECTION']",2.0,5.0,REGIME_F_ADVERSARIAL,FB3_Macro_Myopic_VOI,38
bench_REGIME_F_ADVERSARIAL_038,FB5_State_Blind_Lookahead,potato,ADVERSARIAL,0.336,0.116,0.22,MARKDOWN,0.0,0.0,1.0,0.0,6.0,4.8,10.8,120.0,"{0: 0.01, 1: 0.3104, 2: 0.3733, 3: 0.5032, 4: 0.4712}",12,"['WAIT_SETTLE', 'WAIT_SETTLE', 'WAIT_SETTLE', 'WAIT_SETTLE', 'WAIT_SETTLE', 'WAIT_SETTLE', 'WAIT_SETTLE', 'WAIT_SETTLE', 'WAIT_SETTLE', 'WAIT_SETTLE', 'WAIT_SETTLE', 'WAIT_SETTLE']",6.0,120.0,REGIME_F_ADVERSARIAL,FB5_State_Blind,38
bench_REGIME_F_ADVERSARIAL_038,FB6_Additive_Cost_Planner,potato,ADVERSARIAL,0.336,0.116,0.22,MARKDOWN,0.0,0.0,1.0,0.0,6.0,4.8,10.8,120.0,"{0: 0.01, 1: 0.3104, 2: 0.3733, 3: 0.5032, 4: 0.4712}",12,"['WAIT_SETTLE', 'WAIT_SETTLE', 'WAIT_SETTLE', 'WAIT_SETTLE', 'WAIT_SETTLE', 'WAIT_SETTLE', 'WAIT_SETTLE', 'WAIT_SETTLE', 'WAIT_SETTLE', 'WAIT_SETTLE', 'WAIT_SETTLE', 'WAIT_SETTLE']",6.0,120.0,REGIME_F_ADVERSARIAL,FB6_Additive_Cost,38
bench_REGIME_F_ADVERSARIAL_038,FB7_Exposure_Aware_Planner,potato,ADVERSARIAL,0.336,0.116,0.22,MARKDOWN,0.0,0.0,1.0,0.0,0.0,0.0,0.0,0.0,"{0: 0.01, 1: 0.3104, 2: 0.3733, 3: 0.5032, 4: 0.4712}",1,['STOP_INSPECTION'],0.0,0.0,REGIME_F_ADVERSARIAL,FB7_Proposed,38
bench_REGIME_F_ADVERSARIAL_039,FB0_Surface_Only,potato,ADVERSARIAL,0.34,0.1117,0.2283,MARKDOWN,0.0,0.0,1.0,0.0,2.0,0.2,2.2,5.0,"{0: 0.01, 1: 0.4821, 2: 0.4167, 3: 0.4773, 4: 0.3269}",2,"['OBSERVE_STRATUM', 'STOP_INSPECTION']",2.0,5.0,REGIME_F_ADVERSARIAL,FB0_Surface_Only,39
bench_REGIME_F_ADVERSARIAL_039,FB1_Fixed_Sampling,potato,ADVERSARIAL,0.34,0.1056,0.2344,MARKDOWN,0.0,0.0,1.0,0.0,45.0,3.0,48.0,75.0,"{0: 0.01, 1: 0.4821, 2: 0.4167, 3: 0.4773, 4: 0.3269}",4,"['SAMPLE_UNITS', 'SAMPLE_UNITS', 'SAMPLE_UNITS', 'STOP_INSPECTION']",45.0,75.0,REGIME_F_ADVERSARIAL,FB1_Fixed_Random,39
bench_REGIME_F_ADVERSARIAL_039,FB2_Depth_Stratified,potato,ADVERSARIAL,0.34,0.2,0.14,SPLIT_LOT,0.0,0.0,1.0,120.0,42.0,11.4,173.4,285.0,"{0: 0.01, 1: 0.4821, 2: 0.4167, 3: 0.4773, 4: 0.3269}",10,"['OBSERVE_STRATUM', 'REMOVE_LAYER', 'OBSERVE_STRATUM', 'REMOVE_LAYER', 'OBSERVE_STRATUM', 'REMOVE_LAYER', 'OBSERVE_STRATUM', 'REMOVE_LAYER', 'OBSERVE_STRATUM', 'STOP_INSPECTION']",42.0,85.0,REGIME_F_ADVERSARIAL,FB2_Depth_Stratified,39
bench_REGIME_F_ADVERSARIAL_039,FB3_Macro_Myopic_VOI,potato,ADVERSARIAL,0.34,0.1127,0.2273,MARKDOWN,0.0,0.0,1.0,0.0,2.0,0.2,2.2,5.0,"{0: 0.01, 1: 0.4821, 2: 0.4167, 3: 0.4773, 4: 0.3269}",2,"['OBSERVE_STRATUM', 'STOP_INSPECTION']",2.0,5.0,REGIME_F_ADVERSARIAL,FB3_Macro_Myopic_VOI,39
bench_REGIME_F_ADVERSARIAL_039,FB5_State_Blind_Lookahead,potato,ADVERSARIAL,0.34,0.116,0.224,MARKDOWN,0.0,0.0,1.0,0.0,6.0,4.8,10.8,120.0,"{0: 0.01, 1: 0.4821, 2: 0.4167, 3: 0.4773, 4: 0.3269}",12,"['WAIT_SETTLE', 'WAIT_SETTLE', 'WAIT_SETTLE', 'WAIT_SETTLE', 'WAIT_SETTLE', 'WAIT_SETTLE', 'WAIT_SETTLE', 'WAIT_SETTLE', 'WAIT_SETTLE', 'WAIT_SETTLE', 'WAIT_SETTLE', 'WAIT_SETTLE']",6.0,120.0,REGIME_F_ADVERSARIAL,FB5_State_Blind,39
bench_REGIME_F_ADVERSARIAL_039,FB6_Additive_Cost_Planner,potato,ADVERSARIAL,0.34,0.116,0.224,MARKDOWN,0.0,0.0,1.0,0.0,6.0,4.8,10.8,120.0,"{0: 0.01, 1: 0.4821, 2: 0.4167, 3: 0.4773, 4: 0.3269}",12,"['WAIT_SETTLE', 'WAIT_SETTLE', 'WAIT_SETTLE', 'WAIT_SETTLE', 'WAIT_SETTLE', 'WAIT_SETTLE', 'WAIT_SETTLE', 'WAIT_SETTLE', 'WAIT_SETTLE', 'WAIT_SETTLE', 'WAIT_SETTLE', 'WAIT_SETTLE']",6.0,120.0,REGIME_F_ADVERSARIAL,FB6_Additive_Cost,39
bench_REGIME_F_ADVERSARIAL_039,FB7_Exposure_Aware_Planner,potato,ADVERSARIAL,0.34,0.116,0.224,MARKDOWN,0.0,0.0,1.0,0.0,0.0,0.0,0.0,0.0,"{0: 0.01, 1: 0.4821, 2: 0.4167, 3: 0.4773, 4: 0.3269}",1,['STOP_INSPECTION'],0.0,0.0,REGIME_F_ADVERSARIAL,FB7_Proposed,39
bench_REGIME_G_HIGH_AMBIENT_000,FB0_Surface_Only,potato,DEPTH_CORRELATED,0.2,0.1104,0.0896,MARKDOWN,0.0,0.0,1.0,0.0,2.0,0.2,2.2,5.0,"{0: 0.0424, 1: 0.1249, 2: 0.2068, 3: 0.2735, 4: 0.3532}",2,"['OBSERVE_STRATUM', 'STOP_INSPECTION']",2.0,5.0,REGIME_G_HIGH_AMBIENT,FB0_Surface_Only,0
bench_REGIME_G_HIGH_AMBIENT_000,FB1_Fixed_Sampling,potato,DEPTH_CORRELATED,0.2,0.1072,0.0928,MARKDOWN,0.0,0.0,1.0,0.0,45.0,3.0,48.0,75.0,"{0: 0.0424, 1: 0.1249, 2: 0.2068, 3: 0.2735, 4: 0.3532}",4,"['SAMPLE_UNITS', 'SAMPLE_UNITS', 'SAMPLE_UNITS', 'STOP_INSPECTION']",45.0,75.0,REGIME_G_HIGH_AMBIENT,FB1_Fixed_Random,0
bench_REGIME_G_HIGH_AMBIENT_000,FB2_Depth_Stratified,potato,DEPTH_CORRELATED,0.2,0.1409,0.0591,MARKDOWN,0.0,0.0,1.0,0.0,42.0,11.4,53.4,285.0,"{0: 0.0424, 1: 0.1249, 2: 0.2068, 3: 0.2735, 4: 0.3532}",10,"['OBSERVE_STRATUM', 'REMOVE_LAYER', 'OBSERVE_STRATUM', 'REMOVE_LAYER', 'OBSERVE_STRATUM', 'REMOVE_LAYER', 'OBSERVE_STRATUM', 'REMOVE_LAYER', 'OBSERVE_STRATUM', 'STOP_INSPECTION']",42.0,85.0,REGIME_G_HIGH_AMBIENT,FB2_Depth_Stratified,0
bench_REGIME_G_HIGH_AMBIENT_000,FB3_Macro_Myopic_VOI,potato,DEPTH_CORRELATED,0.2,0.1136,0.0864,MARKDOWN,0.0,0.0,1.0,0.0,2.0,0.2,2.2,5.0,"{0: 0.0424, 1: 0.1249, 2: 0.2068, 3: 0.2735, 4: 0.3532}",2,"['OBSERVE_STRATUM', 'STOP_INSPECTION']",2.0,5.0,REGIME_G_HIGH_AMBIENT,FB3_Macro_Myopic_VOI,0
bench_REGIME_G_HIGH_AMBIENT_000,FB5_State_Blind_Lookahead,potato,DEPTH_CORRELATED,0.2,0.116,0.084,MARKDOWN,0.0,0.0,1.0,0.0,6.0,4.8,10.8,120.0,"{0: 0.0424, 1: 0.1249, 2: 0.2068, 3: 0.2735, 4: 0.3532}",12,"['WAIT_SETTLE', 'WAIT_SETTLE', 'WAIT_SETTLE', 'WAIT_SETTLE', 'WAIT_SETTLE', 'WAIT_SETTLE', 'WAIT_SETTLE', 'WAIT_SETTLE', 'WAIT_SETTLE', 'WAIT_SETTLE', 'WAIT_SETTLE', 'WAIT_SETTLE']",6.0,120.0,REGIME_G_HIGH_AMBIENT,FB5_State_Blind,0
bench_REGIME_G_HIGH_AMBIENT_000,FB6_Additive_Cost_Planner,potato,DEPTH_CORRELATED,0.2,0.116,0.084,MARKDOWN,0.0,0.0,1.0,0.0,6.0,4.8,10.8,120.0,"{0: 0.0424, 1: 0.1249, 2: 0.2068, 3: 0.2735, 4: 0.3532}",12,"['WAIT_SETTLE', 'WAIT_SETTLE', 'WAIT_SETTLE', 'WAIT_SETTLE', 'WAIT_SETTLE', 'WAIT_SETTLE', 'WAIT_SETTLE', 'WAIT_SETTLE', 'WAIT_SETTLE', 'WAIT_SETTLE', 'WAIT_SETTLE', 'WAIT_SETTLE']",6.0,120.0,REGIME_G_HIGH_AMBIENT,FB6_Additive_Cost,0
bench_REGIME_G_HIGH_AMBIENT_000,FB7_Exposure_Aware_Planner,potato,DEPTH_CORRELATED,0.2,0.116,0.084,MARKDOWN,0.0,0.0,1.0,0.0,0.0,0.0,0.0,0.0,"{0: 0.0424, 1: 0.1249, 2: 0.2068, 3: 0.2735, 4: 0.3532}",1,['STOP_INSPECTION'],0.0,0.0,REGIME_G_HIGH_AMBIENT,FB7_Proposed,0
bench_REGIME_G_HIGH_AMBIENT_001,FB0_Surface_Only,potato,DEPTH_CORRELATED,0.204,0.1154,0.0886,MARKDOWN,0.0,0.0,1.0,0.0,2.0,0.2,2.2,5.0,"{0: 0.0527, 1: 0.1009, 2: 0.2139, 3: 0.2924, 4: 0.3425}",2,"['OBSERVE_STRATUM', 'STOP_INSPECTION']",2.0,5.0,REGIME_G_HIGH_AMBIENT,FB0_Surface_Only,1
bench_REGIME_G_HIGH_AMBIENT_001,FB1_Fixed_Sampling,potato,DEPTH_CORRELATED,0.204,0.1105,0.0935,MARKDOWN,0.0,0.0,1.0,0.0,45.0,3.0,48.0,75.0,"{0: 0.0527, 1: 0.1009, 2: 0.2139, 3: 0.2924, 4: 0.3425}",4,"['SAMPLE_UNITS', 'SAMPLE_UNITS', 'SAMPLE_UNITS', 'STOP_INSPECTION']",45.0,75.0,REGIME_G_HIGH_AMBIENT,FB1_Fixed_Random,1
bench_REGIME_G_HIGH_AMBIENT_001,FB2_Depth_Stratified,potato,DEPTH_CORRELATED,0.204,0.1482,0.0558,MARKDOWN,0.0,0.0,1.0,0.0,42.0,11.4,53.4,285.0,"{0: 0.0527, 1: 0.1009, 2: 0.2139, 3: 0.2924, 4: 0.3425}",10,"['OBSERVE_STRATUM', 'REMOVE_LAYER', 'OBSERVE_STRATUM', 'REMOVE_LAYER', 'OBSERVE_STRATUM', 'REMOVE_LAYER', 'OBSERVE_STRATUM', 'REMOVE_LAYER', 'OBSERVE_STRATUM', 'STOP_INSPECTION']",42.0,85.0,REGIME_G_HIGH_AMBIENT,FB2_Depth_Stratified,1
bench_REGIME_G_HIGH_AMBIENT_001,FB3_Macro_Myopic_VOI,potato,DEPTH_CORRELATED,0.204,0.1156,0.0884,MARKDOWN,0.0,0.0,1.0,0.0,2.0,0.2,2.2,5.0,"{0: 0.0527, 1: 0.1009, 2: 0.2139, 3: 0.2924, 4: 0.3425}",2,"['OBSERVE_STRATUM', 'STOP_INSPECTION']",2.0,5.0,REGIME_G_HIGH_AMBIENT,FB3_Macro_Myopic_VOI,1
bench_REGIME_G_HIGH_AMBIENT_001,FB5_State_Blind_Lookahead,potato,DEPTH_CORRELATED,0.204,0.116,0.088,MARKDOWN,0.0,0.0,1.0,0.0,6.0,4.8,10.8,120.0,"{0: 0.0527, 1: 0.1009, 2: 0.2139, 3: 0.2924, 4: 0.3425}",12,"['WAIT_SETTLE', 'WAIT_SETTLE', 'WAIT_SETTLE', 'WAIT_SETTLE', 'WAIT_SETTLE', 'WAIT_SETTLE', 'WAIT_SETTLE', 'WAIT_SETTLE', 'WAIT_SETTLE', 'WAIT_SETTLE', 'WAIT_SETTLE', 'WAIT_SETTLE']",6.0,120.0,REGIME_G_HIGH_AMBIENT,FB5_State_Blind,1
bench_REGIME_G_HIGH_AMBIENT_001,FB6_Additive_Cost_Planner,potato,DEPTH_CORRELATED,0.204,0.116,0.088,MARKDOWN,0.0,0.0,1.0,0.0,6.0,4.8,10.8,120.0,"{0: 0.0527, 1: 0.1009, 2: 0.2139, 3: 0.2924, 4: 0.3425}",12,"['WAIT_SETTLE', 'WAIT_SETTLE', 'WAIT_SETTLE', 'WAIT_SETTLE', 'WAIT_SETTLE', 'WAIT_SETTLE', 'WAIT_SETTLE', 'WAIT_SETTLE', 'WAIT_SETTLE', 'WAIT_SETTLE', 'WAIT_SETTLE', 'WAIT_SETTLE']",6.0,120.0,REGIME_G_HIGH_AMBIENT,FB6_Additive_Cost,1
bench_REGIME_G_HIGH_AMBIENT_001,FB7_Exposure_Aware_Planner,potato,DEPTH_CORRELATED,0.204,0.116,0.088,MARKDOWN,0.0,0.0,1.0,0.0,0.0,0.0,0.0,0.0,"{0: 0.0527, 1: 0.1009, 2: 0.2139, 3: 0.2924, 4: 0.3425}",1,['STOP_INSPECTION'],0.0,0.0,REGIME_G_HIGH_AMBIENT,FB7_Proposed,1
bench_REGIME_G_HIGH_AMBIENT_002,FB0_Surface_Only,potato,DEPTH_CORRELATED,0.204,0.1161,0.0879,MARKDOWN,0.0,0.0,1.0,0.0,2.0,0.2,2.2,5.0,"{0: 0.0561, 1: 0.121, 2: 0.1829, 3: 0.3006, 4: 0.3693}",2,"['OBSERVE_STRATUM', 'STOP_INSPECTION']",2.0,5.0,REGIME_G_HIGH_AMBIENT,FB0_Surface_Only,2
bench_REGIME_G_HIGH_AMBIENT_002,FB1_Fixed_Sampling,potato,DEPTH_CORRELATED,0.204,0.1129,0.0911,MARKDOWN,0.0,0.0,1.0,0.0,45.0,3.0,48.0,75.0,"{0: 0.0561, 1: 0.121, 2: 0.1829, 3: 0.3006, 4: 0.3693}",4,"['SAMPLE_UNITS', 'SAMPLE_UNITS', 'SAMPLE_UNITS', 'STOP_INSPECTION']",45.0,75.0,REGIME_G_HIGH_AMBIENT,FB1_Fixed_Random,2
bench_REGIME_G_HIGH_AMBIENT_002,FB2_Depth_Stratified,potato,DEPTH_CORRELATED,0.204,0.1472,0.0568,MARKDOWN,0.0,0.0,1.0,0.0,42.0,11.4,53.4,285.0,"{0: 0.0561, 1: 0.121, 2: 0.1829, 3: 0.3006, 4: 0.3693}",10,"['OBSERVE_STRATUM', 'REMOVE_LAYER', 'OBSERVE_STRATUM', 'REMOVE_LAYER', 'OBSERVE_STRATUM', 'REMOVE_LAYER', 'OBSERVE_STRATUM', 'REMOVE_LAYER', 'OBSERVE_STRATUM', 'STOP_INSPECTION']",42.0,85.0,REGIME_G_HIGH_AMBIENT,FB2_Depth_Stratified,2
bench_REGIME_G_HIGH_AMBIENT_002,FB3_Macro_Myopic_VOI,potato,DEPTH_CORRELATED,0.204,0.112,0.092,MARKDOWN,0.0,0.0,1.0,0.0,2.0,0.2,2.2,5.0,"{0: 0.0561, 1: 0.121, 2: 0.1829, 3: 0.3006, 4: 0.3693}",2,"['OBSERVE_STRATUM', 'STOP_INSPECTION']",2.0,5.0,REGIME_G_HIGH_AMBIENT,FB3_Macro_Myopic_VOI,2
bench_REGIME_G_HIGH_AMBIENT_002,FB5_State_Blind_Lookahead,potato,DEPTH_CORRELATED,0.204,0.116,0.088,MARKDOWN,0.0,0.0,1.0,0.0,6.0,4.8,10.8,120.0,"{0: 0.0561, 1: 0.121, 2: 0.1829, 3: 0.3006, 4: 0.3693}",12,"['WAIT_SETTLE', 'WAIT_SETTLE', 'WAIT_SETTLE', 'WAIT_SETTLE', 'WAIT_SETTLE', 'WAIT_SETTLE', 'WAIT_SETTLE', 'WAIT_SETTLE', 'WAIT_SETTLE', 'WAIT_SETTLE', 'WAIT_SETTLE', 'WAIT_SETTLE']",6.0,120.0,REGIME_G_HIGH_AMBIENT,FB5_State_Blind,2
bench_REGIME_G_HIGH_AMBIENT_002,FB6_Additive_Cost_Planner,potato,DEPTH_CORRELATED,0.204,0.116,0.088,MARKDOWN,0.0,0.0,1.0,0.0,6.0,4.8,10.8,120.0,"{0: 0.0561, 1: 0.121, 2: 0.1829, 3: 0.3006, 4: 0.3693}",12,"['WAIT_SETTLE', 'WAIT_SETTLE', 'WAIT_SETTLE', 'WAIT_SETTLE', 'WAIT_SETTLE', 'WAIT_SETTLE', 'WAIT_SETTLE', 'WAIT_SETTLE', 'WAIT_SETTLE', 'WAIT_SETTLE', 'WAIT_SETTLE', 'WAIT_SETTLE']",6.0,120.0,REGIME_G_HIGH_AMBIENT,FB6_Additive_Cost,2
bench_REGIME_G_HIGH_AMBIENT_002,FB7_Exposure_Aware_Planner,potato,DEPTH_CORRELATED,0.204,0.116,0.088,MARKDOWN,0.0,0.0,1.0,0.0,0.0,0.0,0.0,0.0,"{0: 0.0561, 1: 0.121, 2: 0.1829, 3: 0.3006, 4: 0.3693}",1,['STOP_INSPECTION'],0.0,0.0,REGIME_G_HIGH_AMBIENT,FB7_Proposed,2
bench_REGIME_G_HIGH_AMBIENT_003,FB0_Surface_Only,potato,DEPTH_CORRELATED,0.204,0.1131,0.0909,MARKDOWN,0.0,0.0,1.0,0.0,2.0,0.2,2.2,5.0,"{0: 0.0645, 1: 0.1081, 2: 0.204, 3: 0.2853, 4: 0.3863}",2,"['OBSERVE_STRATUM', 'STOP_INSPECTION']",2.0,5.0,REGIME_G_HIGH_AMBIENT,FB0_Surface_Only,3
bench_REGIME_G_HIGH_AMBIENT_003,FB1_Fixed_Sampling,potato,DEPTH_CORRELATED,0.204,0.1156,0.0884,MARKDOWN,0.0,0.0,1.0,0.0,45.0,3.0,48.0,75.0,"{0: 0.0645, 1: 0.1081, 2: 0.204, 3: 0.2853, 4: 0.3863}",4,"['SAMPLE_UNITS', 'SAMPLE_UNITS', 'SAMPLE_UNITS', 'STOP_INSPECTION']",45.0,75.0,REGIME_G_HIGH_AMBIENT,FB1_Fixed_Random,3
bench_REGIME_G_HIGH_AMBIENT_003,FB2_Depth_Stratified,potato,DEPTH_CORRELATED,0.204,0.1458,0.0582,MARKDOWN,0.0,0.0,1.0,0.0,42.0,11.4,53.4,285.0,"{0: 0.0645, 1: 0.1081, 2: 0.204, 3: 0.2853, 4: 0.3863}",10,"['OBSERVE_STRATUM', 'REMOVE_LAYER', 'OBSERVE_STRATUM', 'REMOVE_LAYER', 'OBSERVE_STRATUM', 'REMOVE_LAYER', 'OBSERVE_STRATUM', 'REMOVE_LAYER', 'OBSERVE_STRATUM', 'STOP_INSPECTION']",42.0,85.0,REGIME_G_HIGH_AMBIENT,FB2_Depth_Stratified,3
bench_REGIME_G_HIGH_AMBIENT_003,FB3_Macro_Myopic_VOI,potato,DEPTH_CORRELATED,0.204,0.1154,0.0886,MARKDOWN,0.0,0.0,1.0,0.0,2.0,0.2,2.2,5.0,"{0: 0.0645, 1: 0.1081, 2: 0.204, 3: 0.2853, 4: 0.3863}",2,"['OBSERVE_STRATUM', 'STOP_INSPECTION']",2.0,5.0,REGIME_G_HIGH_AMBIENT,FB3_Macro_Myopic_VOI,3
bench_REGIME_G_HIGH_AMBIENT_003,FB5_State_Blind_Lookahead,potato,DEPTH_CORRELATED,0.204,0.116,0.088,MARKDOWN,0.0,0.0,1.0,0.0,6.0,4.8,10.8,120.0,"{0: 0.0645, 1: 0.1081, 2: 0.204, 3: 0.2853, 4: 0.3863}",12,"['WAIT_SETTLE', 'WAIT_SETTLE', 'WAIT_SETTLE', 'WAIT_SETTLE', 'WAIT_SETTLE', 'WAIT_SETTLE', 'WAIT_SETTLE', 'WAIT_SETTLE', 'WAIT_SETTLE', 'WAIT_SETTLE', 'WAIT_SETTLE', 'WAIT_SETTLE']",6.0,120.0,REGIME_G_HIGH_AMBIENT,FB5_State_Blind,3
bench_REGIME_G_HIGH_AMBIENT_003,FB6_Additive_Cost_Planner,potato,DEPTH_CORRELATED,0.204,0.116,0.088,MARKDOWN,0.0,0.0,1.0,0.0,6.0,4.8,10.8,120.0,"{0: 0.0645, 1: 0.1081, 2: 0.204, 3: 0.2853, 4: 0.3863}",12,"['WAIT_SETTLE', 'WAIT_SETTLE', 'WAIT_SETTLE', 'WAIT_SETTLE', 'WAIT_SETTLE', 'WAIT_SETTLE', 'WAIT_SETTLE', 'WAIT_SETTLE', 'WAIT_SETTLE', 'WAIT_SETTLE', 'WAIT_SETTLE', 'WAIT_SETTLE']",6.0,120.0,REGIME_G_HIGH_AMBIENT,FB6_Additive_Cost,3
bench_REGIME_G_HIGH_AMBIENT_003,FB7_Exposure_Aware_Planner,potato,DEPTH_CORRELATED,0.204,0.116,0.088,MARKDOWN,0.0,0.0,1.0,0.0,0.0,0.0,0.0,0.0,"{0: 0.0645, 1: 0.1081, 2: 0.204, 3: 0.2853, 4: 0.3863}",1,['STOP_INSPECTION'],0.0,0.0,REGIME_G_HIGH_AMBIENT,FB7_Proposed,3
bench_REGIME_G_HIGH_AMBIENT_004,FB0_Surface_Only,potato,DEPTH_CORRELATED,0.204,0.1127,0.0913,MARKDOWN,0.0,0.0,1.0,0.0,2.0,0.2,2.2,5.0,"{0: 0.0284, 1: 0.1318, 2: 0.2006, 3: 0.2962, 4: 0.3686}",2,"['OBSERVE_STRATUM', 'STOP_INSPECTION']",2.0,5.0,REGIME_G_HIGH_AMBIENT,FB0_Surface_Only,4
bench_REGIME_G_HIGH_AMBIENT_004,FB1_Fixed_Sampling,potato,DEPTH_CORRELATED,0.204,0.1107,0.0933,MARKDOWN,0.0,0.0,1.0,0.0,45.0,3.0,48.0,75.0,"{0: 0.0284, 1: 0.1318, 2: 0.2006, 3: 0.2962, 4: 0.3686}",4,"['SAMPLE_UNITS', 'SAMPLE_UNITS', 'SAMPLE_UNITS', 'STOP_INSPECTION']",45.0,75.0,REGIME_G_HIGH_AMBIENT,FB1_Fixed_Random,4
bench_REGIME_G_HIGH_AMBIENT_004,FB2_Depth_Stratified,potato,DEPTH_CORRELATED,0.204,0.1465,0.0575,MARKDOWN,0.0,0.0,1.0,0.0,42.0,11.4,53.4,285.0,"{0: 0.0284, 1: 0.1318, 2: 0.2006, 3: 0.2962, 4: 0.3686}",10,"['OBSERVE_STRATUM', 'REMOVE_LAYER', 'OBSERVE_STRATUM', 'REMOVE_LAYER', 'OBSERVE_STRATUM', 'REMOVE_LAYER', 'OBSERVE_STRATUM', 'REMOVE_LAYER', 'OBSERVE_STRATUM', 'STOP_INSPECTION']",42.0,85.0,REGIME_G_HIGH_AMBIENT,FB2_Depth_Stratified,4
bench_REGIME_G_HIGH_AMBIENT_004,FB3_Macro_Myopic_VOI,potato,DEPTH_CORRELATED,0.204,0.1103,0.0937,MARKDOWN,0.0,0.0,1.0,0.0,2.0,0.2,2.2,5.0,"{0: 0.0284, 1: 0.1318, 2: 0.2006, 3: 0.2962, 4: 0.3686}",2,"['OBSERVE_STRATUM', 'STOP_INSPECTION']",2.0,5.0,REGIME_G_HIGH_AMBIENT,FB3_Macro_Myopic_VOI,4
bench_REGIME_G_HIGH_AMBIENT_004,FB5_State_Blind_Lookahead,potato,DEPTH_CORRELATED,0.204,0.116,0.088,MARKDOWN,0.0,0.0,1.0,0.0,6.0,4.8,10.8,120.0,"{0: 0.0284, 1: 0.1318, 2: 0.2006, 3: 0.2962, 4: 0.3686}",12,"['WAIT_SETTLE', 'WAIT_SETTLE', 'WAIT_SETTLE', 'WAIT_SETTLE', 'WAIT_SETTLE', 'WAIT_SETTLE', 'WAIT_SETTLE', 'WAIT_SETTLE', 'WAIT_SETTLE', 'WAIT_SETTLE', 'WAIT_SETTLE', 'WAIT_SETTLE']",6.0,120.0,REGIME_G_HIGH_AMBIENT,FB5_State_Blind,4
bench_REGIME_G_HIGH_AMBIENT_004,FB6_Additive_Cost_Planner,potato,DEPTH_CORRELATED,0.204,0.116,0.088,MARKDOWN,0.0,0.0,1.0,0.0,6.0,4.8,10.8,120.0,"{0: 0.0284, 1: 0.1318, 2: 0.2006, 3: 0.2962, 4: 0.3686}",12,"['WAIT_SETTLE', 'WAIT_SETTLE', 'WAIT_SETTLE', 'WAIT_SETTLE', 'WAIT_SETTLE', 'WAIT_SETTLE', 'WAIT_SETTLE', 'WAIT_SETTLE', 'WAIT_SETTLE', 'WAIT_SETTLE', 'WAIT_SETTLE', 'WAIT_SETTLE']",6.0,120.0,REGIME_G_HIGH_AMBIENT,FB6_Additive_Cost,4
bench_REGIME_G_HIGH_AMBIENT_004,FB7_Exposure_Aware_Planner,potato,DEPTH_CORRELATED,0.204,0.116,0.088,MARKDOWN,0.0,0.0,1.0,0.0,0.0,0.0,0.0,0.0,"{0: 0.0284, 1: 0.1318, 2: 0.2006, 3: 0.2962, 4: 0.3686}",1,['STOP_INSPECTION'],0.0,0.0,REGIME_G_HIGH_AMBIENT,FB7_Proposed,4
bench_REGIME_G_HIGH_AMBIENT_005,FB0_Surface_Only,potato,DEPTH_CORRELATED,0.204,0.1146,0.0894,MARKDOWN,0.0,0.0,1.0,0.0,2.0,0.2,2.2,5.0,"{0: 0.0354, 1: 0.147, 2: 0.2114, 3: 0.2864, 4: 0.3436}",2,"['OBSERVE_STRATUM', 'STOP_INSPECTION']",2.0,5.0,REGIME_G_HIGH_AMBIENT,FB0_Surface_Only,5
bench_REGIME_G_HIGH_AMBIENT_005,FB1_Fixed_Sampling,potato,DEPTH_CORRELATED,0.204,0.1098,0.0942,MARKDOWN,0.0,0.0,1.0,0.0,45.0,3.0,48.0,75.0,"{0: 0.0354, 1: 0.147, 2: 0.2114, 3: 0.2864, 4: 0.3436}",4,"['SAMPLE_UNITS', 'SAMPLE_UNITS', 'SAMPLE_UNITS', 'STOP_INSPECTION']",45.0,75.0,REGIME_G_HIGH_AMBIENT,FB1_Fixed_Random,5
bench_REGIME_G_HIGH_AMBIENT_005,FB2_Depth_Stratified,potato,DEPTH_CORRELATED,0.204,0.1522,0.0518,MARKDOWN,0.0,0.0,1.0,0.0,42.0,11.4,53.4,285.0,"{0: 0.0354, 1: 0.147, 2: 0.2114, 3: 0.2864, 4: 0.3436}",10,"['OBSERVE_STRATUM', 'REMOVE_LAYER', 'OBSERVE_STRATUM', 'REMOVE_LAYER', 'OBSERVE_STRATUM', 'REMOVE_LAYER', 'OBSERVE_STRATUM', 'REMOVE_LAYER', 'OBSERVE_STRATUM', 'STOP_INSPECTION']",42.0,85.0,REGIME_G_HIGH_AMBIENT,FB2_Depth_Stratified,5
bench_REGIME_G_HIGH_AMBIENT_005,FB3_Macro_Myopic_VOI,potato,DEPTH_CORRELATED,0.204,0.1168,0.0872,MARKDOWN,0.0,0.0,1.0,0.0,2.0,0.2,2.2,5.0,"{0: 0.0354, 1: 0.147, 2: 0.2114, 3: 0.2864, 4: 0.3436}",2,"['OBSERVE_STRATUM', 'STOP_INSPECTION']",2.0,5.0,REGIME_G_HIGH_AMBIENT,FB3_Macro_Myopic_VOI,5
bench_REGIME_G_HIGH_AMBIENT_005,FB5_State_Blind_Lookahead,potato,DEPTH_CORRELATED,0.204,0.116,0.088,MARKDOWN,0.0,0.0,1.0,0.0,6.0,4.8,10.8,120.0,"{0: 0.0354, 1: 0.147, 2: 0.2114, 3: 0.2864, 4: 0.3436}",12,"['WAIT_SETTLE', 'WAIT_SETTLE', 'WAIT_SETTLE', 'WAIT_SETTLE', 'WAIT_SETTLE', 'WAIT_SETTLE', 'WAIT_SETTLE', 'WAIT_SETTLE', 'WAIT_SETTLE', 'WAIT_SETTLE', 'WAIT_SETTLE', 'WAIT_SETTLE']",6.0,120.0,REGIME_G_HIGH_AMBIENT,FB5_State_Blind,5
bench_REGIME_G_HIGH_AMBIENT_005,FB6_Additive_Cost_Planner,potato,DEPTH_CORRELATED,0.204,0.116,0.088,MARKDOWN,0.0,0.0,1.0,0.0,6.0,4.8,10.8,120.0,"{0: 0.0354, 1: 0.147, 2: 0.2114, 3: 0.2864, 4: 0.3436}",12,"['WAIT_SETTLE', 'WAIT_SETTLE', 'WAIT_SETTLE', 'WAIT_SETTLE', 'WAIT_SETTLE', 'WAIT_SETTLE', 'WAIT_SETTLE', 'WAIT_SETTLE', 'WAIT_SETTLE', 'WAIT_SETTLE', 'WAIT_SETTLE', 'WAIT_SETTLE']",6.0,120.0,REGIME_G_HIGH_AMBIENT,FB6_Additive_Cost,5
bench_REGIME_G_HIGH_AMBIENT_005,FB7_Exposure_Aware_Planner,potato,DEPTH_CORRELATED,0.204,0.116,0.088,MARKDOWN,0.0,0.0,1.0,0.0,0.0,0.0,0.0,0.0,"{0: 0.0354, 1: 0.147, 2: 0.2114, 3: 0.2864, 4: 0.3436}",1,['STOP_INSPECTION'],0.0,0.0,REGIME_G_HIGH_AMBIENT,FB7_Proposed,5
bench_REGIME_G_HIGH_AMBIENT_006,FB0_Surface_Only,potato,DEPTH_CORRELATED,0.196,0.1124,0.0836,MARKDOWN,0.0,0.0,1.0,0.0,2.0,0.2,2.2,5.0,"{0: 0.0315, 1: 0.1293, 2: 0.1985, 3: 0.2715, 4: 0.3435}",2,"['OBSERVE_STRATUM', 'STOP_INSPECTION']",2.0,5.0,REGIME_G_HIGH_AMBIENT,FB0_Surface_Only,6
bench_REGIME_G_HIGH_AMBIENT_006,FB1_Fixed_Sampling,potato,DEPTH_CORRELATED,0.196,0.1054,0.0906,MARKDOWN,0.0,0.0,1.0,0.0,45.0,3.0,48.0,75.0,"{0: 0.0315, 1: 0.1293, 2: 0.1985, 3: 0.2715, 4: 0.3435}",4,"['SAMPLE_UNITS', 'SAMPLE_UNITS', 'SAMPLE_UNITS', 'STOP_INSPECTION']",45.0,75.0,REGIME_G_HIGH_AMBIENT,FB1_Fixed_Random,6
bench_REGIME_G_HIGH_AMBIENT_006,FB2_Depth_Stratified,potato,DEPTH_CORRELATED,0.196,0.1452,0.0508,MARKDOWN,0.0,0.0,1.0,0.0,42.0,11.4,53.4,285.0,"{0: 0.0315, 1: 0.1293, 2: 0.1985, 3: 0.2715, 4: 0.3435}",10,"['OBSERVE_STRATUM', 'REMOVE_LAYER', 'OBSERVE_STRATUM', 'REMOVE_LAYER', 'OBSERVE_STRATUM', 'REMOVE_LAYER', 'OBSERVE_STRATUM', 'REMOVE_LAYER', 'OBSERVE_STRATUM', 'STOP_INSPECTION']",42.0,85.0,REGIME_G_HIGH_AMBIENT,FB2_Depth_Stratified,6
bench_REGIME_G_HIGH_AMBIENT_006,FB3_Macro_Myopic_VOI,potato,DEPTH_CORRELATED,0.196,0.1113,0.0847,MARKDOWN,0.0,0.0,1.0,0.0,2.0,0.2,2.2,5.0,"{0: 0.0315, 1: 0.1293, 2: 0.1985, 3: 0.2715, 4: 0.3435}",2,"['OBSERVE_STRATUM', 'STOP_INSPECTION']",2.0,5.0,REGIME_G_HIGH_AMBIENT,FB3_Macro_Myopic_VOI,6
bench_REGIME_G_HIGH_AMBIENT_006,FB5_State_Blind_Lookahead,potato,DEPTH_CORRELATED,0.196,0.116,0.08,MARKDOWN,0.0,0.0,1.0,0.0,6.0,4.8,10.8,120.0,"{0: 0.0315, 1: 0.1293, 2: 0.1985, 3: 0.2715, 4: 0.3435}",12,"['WAIT_SETTLE', 'WAIT_SETTLE', 'WAIT_SETTLE', 'WAIT_SETTLE', 'WAIT_SETTLE', 'WAIT_SETTLE', 'WAIT_SETTLE', 'WAIT_SETTLE', 'WAIT_SETTLE', 'WAIT_SETTLE', 'WAIT_SETTLE', 'WAIT_SETTLE']",6.0,120.0,REGIME_G_HIGH_AMBIENT,FB5_State_Blind,6
bench_REGIME_G_HIGH_AMBIENT_006,FB6_Additive_Cost_Planner,potato,DEPTH_CORRELATED,0.196,0.116,0.08,MARKDOWN,0.0,0.0,1.0,0.0,6.0,4.8,10.8,120.0,"{0: 0.0315, 1: 0.1293, 2: 0.1985, 3: 0.2715, 4: 0.3435}",12,"['WAIT_SETTLE', 'WAIT_SETTLE', 'WAIT_SETTLE', 'WAIT_SETTLE', 'WAIT_SETTLE', 'WAIT_SETTLE', 'WAIT_SETTLE', 'WAIT_SETTLE', 'WAIT_SETTLE', 'WAIT_SETTLE', 'WAIT_SETTLE', 'WAIT_SETTLE']",6.0,120.0,REGIME_G_HIGH_AMBIENT,FB6_Additive_Cost,6
bench_REGIME_G_HIGH_AMBIENT_006,FB7_Exposure_Aware_Planner,potato,DEPTH_CORRELATED,0.196,0.116,0.08,MARKDOWN,0.0,0.0,1.0,0.0,0.0,0.0,0.0,0.0,"{0: 0.0315, 1: 0.1293, 2: 0.1985, 3: 0.2715, 4: 0.3435}",1,['STOP_INSPECTION'],0.0,0.0,REGIME_G_HIGH_AMBIENT,FB7_Proposed,6
bench_REGIME_G_HIGH_AMBIENT_007,FB0_Surface_Only,potato,DEPTH_CORRELATED,0.204,0.1128,0.0912,MARKDOWN,0.0,0.0,1.0,0.0,2.0,0.2,2.2,5.0,"{0: 0.0653, 1: 0.1432, 2: 0.185, 3: 0.2819, 4: 0.3517}",2,"['OBSERVE_STRATUM', 'STOP_INSPECTION']",2.0,5.0,REGIME_G_HIGH_AMBIENT,FB0_Surface_Only,7
bench_REGIME_G_HIGH_AMBIENT_007,FB1_Fixed_Sampling,potato,DEPTH_CORRELATED,0.204,0.109,0.095,MARKDOWN,0.0,0.0,1.0,0.0,45.0,3.0,48.0,75.0,"{0: 0.0653, 1: 0.1432, 2: 0.185, 3: 0.2819, 4: 0.3517}",4,"['SAMPLE_UNITS', 'SAMPLE_UNITS', 'SAMPLE_UNITS', 'STOP_INSPECTION']",45.0,75.0,REGIME_G_HIGH_AMBIENT,FB1_Fixed_Random,7
bench_REGIME_G_HIGH_AMBIENT_007,FB2_Depth_Stratified,potato,DEPTH_CORRELATED,0.204,0.148,0.056,MARKDOWN,0.0,0.0,1.0,0.0,42.0,11.4,53.4,285.0,"{0: 0.0653, 1: 0.1432, 2: 0.185, 3: 0.2819, 4: 0.3517}",10,"['OBSERVE_STRATUM', 'REMOVE_LAYER', 'OBSERVE_STRATUM', 'REMOVE_LAYER', 'OBSERVE_STRATUM', 'REMOVE_LAYER', 'OBSERVE_STRATUM', 'REMOVE_LAYER', 'OBSERVE_STRATUM', 'STOP_INSPECTION']",42.0,85.0,REGIME_G_HIGH_AMBIENT,FB2_Depth_Stratified,7
bench_REGIME_G_HIGH_AMBIENT_007,FB3_Macro_Myopic_VOI,potato,DEPTH_CORRELATED,0.204,0.1205,0.0835,MARKDOWN,0.0,0.0,1.0,0.0,2.0,0.2,2.2,5.0,"{0: 0.0653, 1: 0.1432, 2: 0.185, 3: 0.2819, 4: 0.3517}",2,"['OBSERVE_STRATUM', 'STOP_INSPECTION']",2.0,5.0,REGIME_G_HIGH_AMBIENT,FB3_Macro_Myopic_VOI,7
bench_REGIME_G_HIGH_AMBIENT_007,FB5_State_Blind_Lookahead,potato,DEPTH_CORRELATED,0.204,0.116,0.088,MARKDOWN,0.0,0.0,1.0,0.0,6.0,4.8,10.8,120.0,"{0: 0.0653, 1: 0.1432, 2: 0.185, 3: 0.2819, 4: 0.3517}",12,"['WAIT_SETTLE', 'WAIT_SETTLE', 'WAIT_SETTLE', 'WAIT_SETTLE', 'WAIT_SETTLE', 'WAIT_SETTLE', 'WAIT_SETTLE', 'WAIT_SETTLE', 'WAIT_SETTLE', 'WAIT_SETTLE', 'WAIT_SETTLE', 'WAIT_SETTLE']",6.0,120.0,REGIME_G_HIGH_AMBIENT,FB5_State_Blind,7
bench_REGIME_G_HIGH_AMBIENT_007,FB6_Additive_Cost_Planner,potato,DEPTH_CORRELATED,0.204,0.116,0.088,MARKDOWN,0.0,0.0,1.0,0.0,6.0,4.8,10.8,120.0,"{0: 0.0653, 1: 0.1432, 2: 0.185, 3: 0.2819, 4: 0.3517}",12,"['WAIT_SETTLE', 'WAIT_SETTLE', 'WAIT_SETTLE', 'WAIT_SETTLE', 'WAIT_SETTLE', 'WAIT_SETTLE', 'WAIT_SETTLE', 'WAIT_SETTLE', 'WAIT_SETTLE', 'WAIT_SETTLE', 'WAIT_SETTLE', 'WAIT_SETTLE']",6.0,120.0,REGIME_G_HIGH_AMBIENT,FB6_Additive_Cost,7
bench_REGIME_G_HIGH_AMBIENT_007,FB7_Exposure_Aware_Planner,potato,DEPTH_CORRELATED,0.204,0.116,0.088,MARKDOWN,0.0,0.0,1.0,0.0,0.0,0.0,0.0,0.0,"{0: 0.0653, 1: 0.1432, 2: 0.185, 3: 0.2819, 4: 0.3517}",1,['STOP_INSPECTION'],0.0,0.0,REGIME_G_HIGH_AMBIENT,FB7_Proposed,7
bench_REGIME_G_HIGH_AMBIENT_008,FB0_Surface_Only,potato,DEPTH_CORRELATED,0.2,0.1092,0.0908,MARKDOWN,0.0,0.0,1.0,0.0,2.0,0.2,2.2,5.0,"{0: 0.0201, 1: 0.1225, 2: 0.1976, 3: 0.2841, 4: 0.387}",2,"['OBSERVE_STRATUM', 'STOP_INSPECTION']",2.0,5.0,REGIME_G_HIGH_AMBIENT,FB0_Surface_Only,8
bench_REGIME_G_HIGH_AMBIENT_008,FB1_Fixed_Sampling,potato,DEPTH_CORRELATED,0.2,0.107,0.093,MARKDOWN,0.0,0.0,1.0,0.0,45.0,3.0,48.0,75.0,"{0: 0.0201, 1: 0.1225, 2: 0.1976, 3: 0.2841, 4: 0.387}",4,"['SAMPLE_UNITS', 'SAMPLE_UNITS', 'SAMPLE_UNITS', 'STOP_INSPECTION']",45.0,75.0,REGIME_G_HIGH_AMBIENT,FB1_Fixed_Random,8
bench_REGIME_G_HIGH_AMBIENT_008,FB2_Depth_Stratified,potato,DEPTH_CORRELATED,0.2,0.1511,0.0489,MARKDOWN,0.0,0.0,1.0,0.0,42.0,11.4,53.4,285.0,"{0: 0.0201, 1: 0.1225, 2: 0.1976, 3: 0.2841, 4: 0.387}",10,"['OBSERVE_STRATUM', 'REMOVE_LAYER', 'OBSERVE_STRATUM', 'REMOVE_LAYER', 'OBSERVE_STRATUM', 'REMOVE_LAYER', 'OBSERVE_STRATUM', 'REMOVE_LAYER', 'OBSERVE_STRATUM', 'STOP_INSPECTION']",42.0,85.0,REGIME_G_HIGH_AMBIENT,FB2_Depth_Stratified,8
bench_REGIME_G_HIGH_AMBIENT_008,FB3_Macro_Myopic_VOI,potato,DEPTH_CORRELATED,0.2,0.1103,0.0897,MARKDOWN,0.0,0.0,1.0,0.0,2.0,0.2,2.2,5.0,"{0: 0.0201, 1: 0.1225, 2: 0.1976, 3: 0.2841, 4: 0.387}",2,"['OBSERVE_STRATUM', 'STOP_INSPECTION']",2.0,5.0,REGIME_G_HIGH_AMBIENT,FB3_Macro_Myopic_VOI,8
bench_REGIME_G_HIGH_AMBIENT_008,FB5_State_Blind_Lookahead,potato,DEPTH_CORRELATED,0.2,0.116,0.084,MARKDOWN,0.0,0.0,1.0,0.0,6.0,4.8,10.8,120.0,"{0: 0.0201, 1: 0.1225, 2: 0.1976, 3: 0.2841, 4: 0.387}",12,"['WAIT_SETTLE', 'WAIT_SETTLE', 'WAIT_SETTLE', 'WAIT_SETTLE', 'WAIT_SETTLE', 'WAIT_SETTLE', 'WAIT_SETTLE', 'WAIT_SETTLE', 'WAIT_SETTLE', 'WAIT_SETTLE', 'WAIT_SETTLE', 'WAIT_SETTLE']",6.0,120.0,REGIME_G_HIGH_AMBIENT,FB5_State_Blind,8
bench_REGIME_G_HIGH_AMBIENT_008,FB6_Additive_Cost_Planner,potato,DEPTH_CORRELATED,0.2,0.116,0.084,MARKDOWN,0.0,0.0,1.0,0.0,6.0,4.8,10.8,120.0,"{0: 0.0201, 1: 0.1225, 2: 0.1976, 3: 0.2841, 4: 0.387}",12,"['WAIT_SETTLE', 'WAIT_SETTLE', 'WAIT_SETTLE', 'WAIT_SETTLE', 'WAIT_SETTLE', 'WAIT_SETTLE', 'WAIT_SETTLE', 'WAIT_SETTLE', 'WAIT_SETTLE', 'WAIT_SETTLE', 'WAIT_SETTLE', 'WAIT_SETTLE']",6.0,120.0,REGIME_G_HIGH_AMBIENT,FB6_Additive_Cost,8
bench_REGIME_G_HIGH_AMBIENT_008,FB7_Exposure_Aware_Planner,potato,DEPTH_CORRELATED,0.2,0.116,0.084,MARKDOWN,0.0,0.0,1.0,0.0,0.0,0.0,0.0,0.0,"{0: 0.0201, 1: 0.1225, 2: 0.1976, 3: 0.2841, 4: 0.387}",1,['STOP_INSPECTION'],0.0,0.0,REGIME_G_HIGH_AMBIENT,FB7_Proposed,8
bench_REGIME_G_HIGH_AMBIENT_009,FB0_Surface_Only,potato,DEPTH_CORRELATED,0.188,0.115,0.073,MARKDOWN,0.0,0.0,1.0,0.0,2.0,0.2,2.2,5.0,"{0: 0.0486, 1: 0.1073, 2: 0.2009, 3: 0.2645, 4: 0.3431}",2,"['OBSERVE_STRATUM', 'STOP_INSPECTION']",2.0,5.0,REGIME_G_HIGH_AMBIENT,FB0_Surface_Only,9
bench_REGIME_G_HIGH_AMBIENT_009,FB1_Fixed_Sampling,potato,DEPTH_CORRELATED,0.188,0.109,0.079,MARKDOWN,0.0,0.0,1.0,0.0,45.0,3.0,48.0,75.0,"{0: 0.0486, 1: 0.1073, 2: 0.2009, 3: 0.2645, 4: 0.3431}",4,"['SAMPLE_UNITS', 'SAMPLE_UNITS', 'SAMPLE_UNITS', 'STOP_INSPECTION']",45.0,75.0,REGIME_G_HIGH_AMBIENT,FB1_Fixed_Random,9
bench_REGIME_G_HIGH_AMBIENT_009,FB2_Depth_Stratified,potato,DEPTH_CORRELATED,0.188,0.1429,0.0451,MARKDOWN,0.0,0.0,1.0,0.0,42.0,11.4,53.4,285.0,"{0: 0.0486, 1: 0.1073, 2: 0.2009, 3: 0.2645, 4: 0.3431}",10,"['OBSERVE_STRATUM', 'REMOVE_LAYER', 'OBSERVE_STRATUM', 'REMOVE_LAYER', 'OBSERVE_STRATUM', 'REMOVE_LAYER', 'OBSERVE_STRATUM', 'REMOVE_LAYER', 'OBSERVE_STRATUM', 'STOP_INSPECTION']",42.0,85.0,REGIME_G_HIGH_AMBIENT,FB2_Depth_Stratified,9
bench_REGIME_G_HIGH_AMBIENT_009,FB3_Macro_Myopic_VOI,potato,DEPTH_CORRELATED,0.188,0.113,0.075,MARKDOWN,0.0,0.0,1.0,0.0,2.0,0.2,2.2,5.0,"{0: 0.0486, 1: 0.1073, 2: 0.2009, 3: 0.2645, 4: 0.3431}",2,"['OBSERVE_STRATUM', 'STOP_INSPECTION']",2.0,5.0,REGIME_G_HIGH_AMBIENT,FB3_Macro_Myopic_VOI,9
bench_REGIME_G_HIGH_AMBIENT_009,FB5_State_Blind_Lookahead,potato,DEPTH_CORRELATED,0.188,0.116,0.072,MARKDOWN,0.0,0.0,1.0,0.0,6.0,4.8,10.8,120.0,"{0: 0.0486, 1: 0.1073, 2: 0.2009, 3: 0.2645, 4: 0.3431}",12,"['WAIT_SETTLE', 'WAIT_SETTLE', 'WAIT_SETTLE', 'WAIT_SETTLE', 'WAIT_SETTLE', 'WAIT_SETTLE', 'WAIT_SETTLE', 'WAIT_SETTLE', 'WAIT_SETTLE', 'WAIT_SETTLE', 'WAIT_SETTLE', 'WAIT_SETTLE']",6.0,120.0,REGIME_G_HIGH_AMBIENT,FB5_State_Blind,9
bench_REGIME_G_HIGH_AMBIENT_009,FB6_Additive_Cost_Planner,potato,DEPTH_CORRELATED,0.188,0.116,0.072,MARKDOWN,0.0,0.0,1.0,0.0,6.0,4.8,10.8,120.0,"{0: 0.0486, 1: 0.1073, 2: 0.2009, 3: 0.2645, 4: 0.3431}",12,"['WAIT_SETTLE', 'WAIT_SETTLE', 'WAIT_SETTLE', 'WAIT_SETTLE', 'WAIT_SETTLE', 'WAIT_SETTLE', 'WAIT_SETTLE', 'WAIT_SETTLE', 'WAIT_SETTLE', 'WAIT_SETTLE', 'WAIT_SETTLE', 'WAIT_SETTLE']",6.0,120.0,REGIME_G_HIGH_AMBIENT,FB6_Additive_Cost,9
bench_REGIME_G_HIGH_AMBIENT_009,FB7_Exposure_Aware_Planner,potato,DEPTH_CORRELATED,0.188,0.116,0.072,MARKDOWN,0.0,0.0,1.0,0.0,0.0,0.0,0.0,0.0,"{0: 0.0486, 1: 0.1073, 2: 0.2009, 3: 0.2645, 4: 0.3431}",1,['STOP_INSPECTION'],0.0,0.0,REGIME_G_HIGH_AMBIENT,FB7_Proposed,9
bench_REGIME_G_HIGH_AMBIENT_010,FB0_Surface_Only,potato,DEPTH_CORRELATED,0.196,0.1159,0.0801,MARKDOWN,0.0,0.0,1.0,0.0,2.0,0.2,2.2,5.0,"{0: 0.0293, 1: 0.1205, 2: 0.2068, 3: 0.2607, 4: 0.3701}",2,"['OBSERVE_STRATUM', 'STOP_INSPECTION']",2.0,5.0,REGIME_G_HIGH_AMBIENT,FB0_Surface_Only,10
bench_REGIME_G_HIGH_AMBIENT_010,FB1_Fixed_Sampling,potato,DEPTH_CORRELATED,0.196,0.1099,0.0861,MARKDOWN,0.0,0.0,1.0,0.0,45.0,3.0,48.0,75.0,"{0: 0.0293, 1: 0.1205, 2: 0.2068, 3: 0.2607, 4: 0.3701}",4,"['SAMPLE_UNITS', 'SAMPLE_UNITS', 'SAMPLE_UNITS', 'STOP_INSPECTION']",45.0,75.0,REGIME_G_HIGH_AMBIENT,FB1_Fixed_Random,10
bench_REGIME_G_HIGH_AMBIENT_010,FB2_Depth_Stratified,potato,DEPTH_CORRELATED,0.196,0.1466,0.0494,MARKDOWN,0.0,0.0,1.0,0.0,42.0,11.4,53.4,285.0,"{0: 0.0293, 1: 0.1205, 2: 0.2068, 3: 0.2607, 4: 0.3701}",10,"['OBSERVE_STRATUM', 'REMOVE_LAYER', 'OBSERVE_STRATUM', 'REMOVE_LAYER', 'OBSERVE_STRATUM', 'REMOVE_LAYER', 'OBSERVE_STRATUM', 'REMOVE_LAYER', 'OBSERVE_STRATUM', 'STOP_INSPECTION']",42.0,85.0,REGIME_G_HIGH_AMBIENT,FB2_Depth_Stratified,10
bench_REGIME_G_HIGH_AMBIENT_010,FB3_Macro_Myopic_VOI,potato,DEPTH_CORRELATED,0.196,0.1092,0.0868,MARKDOWN,0.0,0.0,1.0,0.0,2.0,0.2,2.2,5.0,"{0: 0.0293, 1: 0.1205, 2: 0.2068, 3: 0.2607, 4: 0.3701}",2,"['OBSERVE_STRATUM', 'STOP_INSPECTION']",2.0,5.0,REGIME_G_HIGH_AMBIENT,FB3_Macro_Myopic_VOI,10
bench_REGIME_G_HIGH_AMBIENT_010,FB5_State_Blind_Lookahead,potato,DEPTH_CORRELATED,0.196,0.116,0.08,MARKDOWN,0.0,0.0,1.0,0.0,6.0,4.8,10.8,120.0,"{0: 0.0293, 1: 0.1205, 2: 0.2068, 3: 0.2607, 4: 0.3701}",12,"['WAIT_SETTLE', 'WAIT_SETTLE', 'WAIT_SETTLE', 'WAIT_SETTLE', 'WAIT_SETTLE', 'WAIT_SETTLE', 'WAIT_SETTLE', 'WAIT_SETTLE', 'WAIT_SETTLE', 'WAIT_SETTLE', 'WAIT_SETTLE', 'WAIT_SETTLE']",6.0,120.0,REGIME_G_HIGH_AMBIENT,FB5_State_Blind,10
bench_REGIME_G_HIGH_AMBIENT_010,FB6_Additive_Cost_Planner,potato,DEPTH_CORRELATED,0.196,0.116,0.08,MARKDOWN,0.0,0.0,1.0,0.0,6.0,4.8,10.8,120.0,"{0: 0.0293, 1: 0.1205, 2: 0.2068, 3: 0.2607, 4: 0.3701}",12,"['WAIT_SETTLE', 'WAIT_SETTLE', 'WAIT_SETTLE', 'WAIT_SETTLE', 'WAIT_SETTLE', 'WAIT_SETTLE', 'WAIT_SETTLE', 'WAIT_SETTLE', 'WAIT_SETTLE', 'WAIT_SETTLE', 'WAIT_SETTLE', 'WAIT_SETTLE']",6.0,120.0,REGIME_G_HIGH_AMBIENT,FB6_Additive_Cost,10
bench_REGIME_G_HIGH_AMBIENT_010,FB7_Exposure_Aware_Planner,potato,DEPTH_CORRELATED,0.196,0.116,0.08,MARKDOWN,0.0,0.0,1.0,0.0,0.0,0.0,0.0,0.0,"{0: 0.0293, 1: 0.1205, 2: 0.2068, 3: 0.2607, 4: 0.3701}",1,['STOP_INSPECTION'],0.0,0.0,REGIME_G_HIGH_AMBIENT,FB7_Proposed,10
bench_REGIME_G_HIGH_AMBIENT_011,FB0_Surface_Only,potato,DEPTH_CORRELATED,0.204,0.1131,0.0909,MARKDOWN,0.0,0.0,1.0,0.0,2.0,0.2,2.2,5.0,"{0: 0.0501, 1: 0.1011, 2: 0.2075, 3: 0.2808, 4: 0.3701}",2,"['OBSERVE_STRATUM', 'STOP_INSPECTION']",2.0,5.0,REGIME_G_HIGH_AMBIENT,FB0_Surface_Only,11
bench_REGIME_G_HIGH_AMBIENT_011,FB1_Fixed_Sampling,potato,DEPTH_CORRELATED,0.204,0.1137,0.0903,MARKDOWN,0.0,0.0,1.0,0.0,45.0,3.0,48.0,75.0,"{0: 0.0501, 1: 0.1011, 2: 0.2075, 3: 0.2808, 4: 0.3701}",4,"['SAMPLE_UNITS', 'SAMPLE_UNITS', 'SAMPLE_UNITS', 'STOP_INSPECTION']",45.0,75.0,REGIME_G_HIGH_AMBIENT,FB1_Fixed_Random,11
bench_REGIME_G_HIGH_AMBIENT_011,FB2_Depth_Stratified,potato,DEPTH_CORRELATED,0.204,0.157,0.047,MARKDOWN,0.0,0.0,1.0,0.0,42.0,11.4,53.4,285.0,"{0: 0.0501, 1: 0.1011, 2: 0.2075, 3: 0.2808, 4: 0.3701}",10,"['OBSERVE_STRATUM', 'REMOVE_LAYER', 'OBSERVE_STRATUM', 'REMOVE_LAYER', 'OBSERVE_STRATUM', 'REMOVE_LAYER', 'OBSERVE_STRATUM', 'REMOVE_LAYER', 'OBSERVE_STRATUM', 'STOP_INSPECTION']",42.0,85.0,REGIME_G_HIGH_AMBIENT,FB2_Depth_Stratified,11
bench_REGIME_G_HIGH_AMBIENT_011,FB3_Macro_Myopic_VOI,potato,DEPTH_CORRELATED,0.204,0.1135,0.0905,MARKDOWN,0.0,0.0,1.0,0.0,2.0,0.2,2.2,5.0,"{0: 0.0501, 1: 0.1011, 2: 0.2075, 3: 0.2808, 4: 0.3701}",2,"['OBSERVE_STRATUM', 'STOP_INSPECTION']",2.0,5.0,REGIME_G_HIGH_AMBIENT,FB3_Macro_Myopic_VOI,11
bench_REGIME_G_HIGH_AMBIENT_011,FB5_State_Blind_Lookahead,potato,DEPTH_CORRELATED,0.204,0.116,0.088,MARKDOWN,0.0,0.0,1.0,0.0,6.0,4.8,10.8,120.0,"{0: 0.0501, 1: 0.1011, 2: 0.2075, 3: 0.2808, 4: 0.3701}",12,"['WAIT_SETTLE', 'WAIT_SETTLE', 'WAIT_SETTLE', 'WAIT_SETTLE', 'WAIT_SETTLE', 'WAIT_SETTLE', 'WAIT_SETTLE', 'WAIT_SETTLE', 'WAIT_SETTLE', 'WAIT_SETTLE', 'WAIT_SETTLE', 'WAIT_SETTLE']",6.0,120.0,REGIME_G_HIGH_AMBIENT,FB5_State_Blind,11
bench_REGIME_G_HIGH_AMBIENT_011,FB6_Additive_Cost_Planner,potato,DEPTH_CORRELATED,0.204,0.116,0.088,MARKDOWN,0.0,0.0,1.0,0.0,6.0,4.8,10.8,120.0,"{0: 0.0501, 1: 0.1011, 2: 0.2075, 3: 0.2808, 4: 0.3701}",12,"['WAIT_SETTLE', 'WAIT_SETTLE', 'WAIT_SETTLE', 'WAIT_SETTLE', 'WAIT_SETTLE', 'WAIT_SETTLE', 'WAIT_SETTLE', 'WAIT_SETTLE', 'WAIT_SETTLE', 'WAIT_SETTLE', 'WAIT_SETTLE', 'WAIT_SETTLE']",6.0,120.0,REGIME_G_HIGH_AMBIENT,FB6_Additive_Cost,11
bench_REGIME_G_HIGH_AMBIENT_011,FB7_Exposure_Aware_Planner,potato,DEPTH_CORRELATED,0.204,0.116,0.088,MARKDOWN,0.0,0.0,1.0,0.0,0.0,0.0,0.0,0.0,"{0: 0.0501, 1: 0.1011, 2: 0.2075, 3: 0.2808, 4: 0.3701}",1,['STOP_INSPECTION'],0.0,0.0,REGIME_G_HIGH_AMBIENT,FB7_Proposed,11
bench_REGIME_G_HIGH_AMBIENT_012,FB0_Surface_Only,potato,DEPTH_CORRELATED,0.196,0.1092,0.0868,MARKDOWN,0.0,0.0,1.0,0.0,2.0,0.2,2.2,5.0,"{0: 0.0267, 1: 0.1129, 2: 0.2233, 3: 0.2845, 4: 0.3452}",2,"['OBSERVE_STRATUM', 'STOP_INSPECTION']",2.0,5.0,REGIME_G_HIGH_AMBIENT,FB0_Surface_Only,12
bench_REGIME_G_HIGH_AMBIENT_012,FB1_Fixed_Sampling,potato,DEPTH_CORRELATED,0.196,0.1078,0.0882,MARKDOWN,0.0,0.0,1.0,0.0,45.0,3.0,48.0,75.0,"{0: 0.0267, 1: 0.1129, 2: 0.2233, 3: 0.2845, 4: 0.3452}",4,"['SAMPLE_UNITS', 'SAMPLE_UNITS', 'SAMPLE_UNITS', 'STOP_INSPECTION']",45.0,75.0,REGIME_G_HIGH_AMBIENT,FB1_Fixed_Random,12
bench_REGIME_G_HIGH_AMBIENT_012,FB2_Depth_Stratified,potato,DEPTH_CORRELATED,0.196,0.1399,0.0561,MARKDOWN,0.0,0.0,1.0,0.0,42.0,11.4,53.4,285.0,"{0: 0.0267, 1: 0.1129, 2: 0.2233, 3: 0.2845, 4: 0.3452}",10,"['OBSERVE_STRATUM', 'REMOVE_LAYER', 'OBSERVE_STRATUM', 'REMOVE_LAYER', 'OBSERVE_STRATUM', 'REMOVE_LAYER', 'OBSERVE_STRATUM', 'REMOVE_LAYER', 'OBSERVE_STRATUM', 'STOP_INSPECTION']",42.0,85.0,REGIME_G_HIGH_AMBIENT,FB2_Depth_Stratified,12
bench_REGIME_G_HIGH_AMBIENT_012,FB3_Macro_Myopic_VOI,potato,DEPTH_CORRELATED,0.196,0.1117,0.0843,MARKDOWN,0.0,0.0,1.0,0.0,2.0,0.2,2.2,5.0,"{0: 0.0267, 1: 0.1129, 2: 0.2233, 3: 0.2845, 4: 0.3452}",2,"['OBSERVE_STRATUM', 'STOP_INSPECTION']",2.0,5.0,REGIME_G_HIGH_AMBIENT,FB3_Macro_Myopic_VOI,12
bench_REGIME_G_HIGH_AMBIENT_012,FB5_State_Blind_Lookahead,potato,DEPTH_CORRELATED,0.196,0.116,0.08,MARKDOWN,0.0,0.0,1.0,0.0,6.0,4.8,10.8,120.0,"{0: 0.0267, 1: 0.1129, 2: 0.2233, 3: 0.2845, 4: 0.3452}",12,"['WAIT_SETTLE', 'WAIT_SETTLE', 'WAIT_SETTLE', 'WAIT_SETTLE', 'WAIT_SETTLE', 'WAIT_SETTLE', 'WAIT_SETTLE', 'WAIT_SETTLE', 'WAIT_SETTLE', 'WAIT_SETTLE', 'WAIT_SETTLE', 'WAIT_SETTLE']",6.0,120.0,REGIME_G_HIGH_AMBIENT,FB5_State_Blind,12
bench_REGIME_G_HIGH_AMBIENT_012,FB6_Additive_Cost_Planner,potato,DEPTH_CORRELATED,0.196,0.116,0.08,MARKDOWN,0.0,0.0,1.0,0.0,6.0,4.8,10.8,120.0,"{0: 0.0267, 1: 0.1129, 2: 0.2233, 3: 0.2845, 4: 0.3452}",12,"['WAIT_SETTLE', 'WAIT_SETTLE', 'WAIT_SETTLE', 'WAIT_SETTLE', 'WAIT_SETTLE', 'WAIT_SETTLE', 'WAIT_SETTLE', 'WAIT_SETTLE', 'WAIT_SETTLE', 'WAIT_SETTLE', 'WAIT_SETTLE', 'WAIT_SETTLE']",6.0,120.0,REGIME_G_HIGH_AMBIENT,FB6_Additive_Cost,12
bench_REGIME_G_HIGH_AMBIENT_012,FB7_Exposure_Aware_Planner,potato,DEPTH_CORRELATED,0.196,0.116,0.08,MARKDOWN,0.0,0.0,1.0,0.0,0.0,0.0,0.0,0.0,"{0: 0.0267, 1: 0.1129, 2: 0.2233, 3: 0.2845, 4: 0.3452}",1,['STOP_INSPECTION'],0.0,0.0,REGIME_G_HIGH_AMBIENT,FB7_Proposed,12
bench_REGIME_G_HIGH_AMBIENT_013,FB0_Surface_Only,potato,DEPTH_CORRELATED,0.192,0.1129,0.0791,MARKDOWN,0.0,0.0,1.0,0.0,2.0,0.2,2.2,5.0,"{0: 0.0427, 1: 0.1097, 2: 0.2053, 3: 0.2717, 4: 0.3441}",2,"['OBSERVE_STRATUM', 'STOP_INSPECTION']",2.0,5.0,REGIME_G_HIGH_AMBIENT,FB0_Surface_Only,13
bench_REGIME_G_HIGH_AMBIENT_013,FB1_Fixed_Sampling,potato,DEPTH_CORRELATED,0.192,0.1096,0.0824,MARKDOWN,0.0,0.0,1.0,0.0,45.0,3.0,48.0,75.0,"{0: 0.0427, 1: 0.1097, 2: 0.2053, 3: 0.2717, 4: 0.3441}",4,"['SAMPLE_UNITS', 'SAMPLE_UNITS', 'SAMPLE_UNITS', 'STOP_INSPECTION']",45.0,75.0,REGIME_G_HIGH_AMBIENT,FB1_Fixed_Random,13
bench_REGIME_G_HIGH_AMBIENT_013,FB2_Depth_Stratified,potato,DEPTH_CORRELATED,0.192,0.1442,0.0478,MARKDOWN,0.0,0.0,1.0,0.0,42.0,11.4,53.4,285.0,"{0: 0.0427, 1: 0.1097, 2: 0.2053, 3: 0.2717, 4: 0.3441}",10,"['OBSERVE_STRATUM', 'REMOVE_LAYER', 'OBSERVE_STRATUM', 'REMOVE_LAYER', 'OBSERVE_STRATUM', 'REMOVE_LAYER', 'OBSERVE_STRATUM', 'REMOVE_LAYER', 'OBSERVE_STRATUM', 'STOP_INSPECTION']",42.0,85.0,REGIME_G_HIGH_AMBIENT,FB2_Depth_Stratified,13
bench_REGIME_G_HIGH_AMBIENT_013,FB3_Macro_Myopic_VOI,potato,DEPTH_CORRELATED,0.192,0.1109,0.0811,MARKDOWN,0.0,0.0,1.0,0.0,2.0,0.2,2.2,5.0,"{0: 0.0427, 1: 0.1097, 2: 0.2053, 3: 0.2717, 4: 0.3441}",2,"['OBSERVE_STRATUM', 'STOP_INSPECTION']",2.0,5.0,REGIME_G_HIGH_AMBIENT,FB3_Macro_Myopic_VOI,13
bench_REGIME_G_HIGH_AMBIENT_013,FB5_State_Blind_Lookahead,potato,DEPTH_CORRELATED,0.192,0.116,0.076,MARKDOWN,0.0,0.0,1.0,0.0,6.0,4.8,10.8,120.0,"{0: 0.0427, 1: 0.1097, 2: 0.2053, 3: 0.2717, 4: 0.3441}",12,"['WAIT_SETTLE', 'WAIT_SETTLE', 'WAIT_SETTLE', 'WAIT_SETTLE', 'WAIT_SETTLE', 'WAIT_SETTLE', 'WAIT_SETTLE', 'WAIT_SETTLE', 'WAIT_SETTLE', 'WAIT_SETTLE', 'WAIT_SETTLE', 'WAIT_SETTLE']",6.0,120.0,REGIME_G_HIGH_AMBIENT,FB5_State_Blind,13
bench_REGIME_G_HIGH_AMBIENT_013,FB6_Additive_Cost_Planner,potato,DEPTH_CORRELATED,0.192,0.116,0.076,MARKDOWN,0.0,0.0,1.0,0.0,6.0,4.8,10.8,120.0,"{0: 0.0427, 1: 0.1097, 2: 0.2053, 3: 0.2717, 4: 0.3441}",12,"['WAIT_SETTLE', 'WAIT_SETTLE', 'WAIT_SETTLE', 'WAIT_SETTLE', 'WAIT_SETTLE', 'WAIT_SETTLE', 'WAIT_SETTLE', 'WAIT_SETTLE', 'WAIT_SETTLE', 'WAIT_SETTLE', 'WAIT_SETTLE', 'WAIT_SETTLE']",6.0,120.0,REGIME_G_HIGH_AMBIENT,FB6_Additive_Cost,13
bench_REGIME_G_HIGH_AMBIENT_013,FB7_Exposure_Aware_Planner,potato,DEPTH_CORRELATED,0.192,0.116,0.076,MARKDOWN,0.0,0.0,1.0,0.0,0.0,0.0,0.0,0.0,"{0: 0.0427, 1: 0.1097, 2: 0.2053, 3: 0.2717, 4: 0.3441}",1,['STOP_INSPECTION'],0.0,0.0,REGIME_G_HIGH_AMBIENT,FB7_Proposed,13
bench_REGIME_G_HIGH_AMBIENT_014,FB0_Surface_Only,potato,DEPTH_CORRELATED,0.196,0.1137,0.0823,MARKDOWN,0.0,0.0,1.0,0.0,2.0,0.2,2.2,5.0,"{0: 0.0264, 1: 0.1033, 2: 0.2158, 3: 0.2719, 4: 0.3515}",2,"['OBSERVE_STRATUM', 'STOP_INSPECTION']",2.0,5.0,REGIME_G_HIGH_AMBIENT,FB0_Surface_Only,14
bench_REGIME_G_HIGH_AMBIENT_014,FB1_Fixed_Sampling,potato,DEPTH_CORRELATED,0.196,0.1089,0.0871,MARKDOWN,0.0,0.0,1.0,0.0,45.0,3.0,48.0,75.0,"{0: 0.0264, 1: 0.1033, 2: 0.2158, 3: 0.2719, 4: 0.3515}",4,"['SAMPLE_UNITS', 'SAMPLE_UNITS', 'SAMPLE_UNITS', 'STOP_INSPECTION']",45.0,75.0,REGIME_G_HIGH_AMBIENT,FB1_Fixed_Random,14
bench_REGIME_G_HIGH_AMBIENT_014,FB2_Depth_Stratified,potato,DEPTH_CORRELATED,0.196,0.136,0.06,MARKDOWN,0.0,0.0,1.0,0.0,42.0,11.4,53.4,285.0,"{0: 0.0264, 1: 0.1033, 2: 0.2158, 3: 0.2719, 4: 0.3515}",10,"['OBSERVE_STRATUM', 'REMOVE_LAYER', 'OBSERVE_STRATUM', 'REMOVE_LAYER', 'OBSERVE_STRATUM', 'REMOVE_LAYER', 'OBSERVE_STRATUM', 'REMOVE_LAYER', 'OBSERVE_STRATUM', 'STOP_INSPECTION']",42.0,85.0,REGIME_G_HIGH_AMBIENT,FB2_Depth_Stratified,14
bench_REGIME_G_HIGH_AMBIENT_014,FB3_Macro_Myopic_VOI,potato,DEPTH_CORRELATED,0.196,0.1141,0.0819,MARKDOWN,0.0,0.0,1.0,0.0,2.0,0.2,2.2,5.0,"{0: 0.0264, 1: 0.1033, 2: 0.2158, 3: 0.2719, 4: 0.3515}",2,"['OBSERVE_STRATUM', 'STOP_INSPECTION']",2.0,5.0,REGIME_G_HIGH_AMBIENT,FB3_Macro_Myopic_VOI,14
bench_REGIME_G_HIGH_AMBIENT_014,FB5_State_Blind_Lookahead,potato,DEPTH_CORRELATED,0.196,0.116,0.08,MARKDOWN,0.0,0.0,1.0,0.0,6.0,4.8,10.8,120.0,"{0: 0.0264, 1: 0.1033, 2: 0.2158, 3: 0.2719, 4: 0.3515}",12,"['WAIT_SETTLE', 'WAIT_SETTLE', 'WAIT_SETTLE', 'WAIT_SETTLE', 'WAIT_SETTLE', 'WAIT_SETTLE', 'WAIT_SETTLE', 'WAIT_SETTLE', 'WAIT_SETTLE', 'WAIT_SETTLE', 'WAIT_SETTLE', 'WAIT_SETTLE']",6.0,120.0,REGIME_G_HIGH_AMBIENT,FB5_State_Blind,14
bench_REGIME_G_HIGH_AMBIENT_014,FB6_Additive_Cost_Planner,potato,DEPTH_CORRELATED,0.196,0.116,0.08,MARKDOWN,0.0,0.0,1.0,0.0,6.0,4.8,10.8,120.0,"{0: 0.0264, 1: 0.1033, 2: 0.2158, 3: 0.2719, 4: 0.3515}",12,"['WAIT_SETTLE', 'WAIT_SETTLE', 'WAIT_SETTLE', 'WAIT_SETTLE', 'WAIT_SETTLE', 'WAIT_SETTLE', 'WAIT_SETTLE', 'WAIT_SETTLE', 'WAIT_SETTLE', 'WAIT_SETTLE', 'WAIT_SETTLE', 'WAIT_SETTLE']",6.0,120.0,REGIME_G_HIGH_AMBIENT,FB6_Additive_Cost,14
bench_REGIME_G_HIGH_AMBIENT_014,FB7_Exposure_Aware_Planner,potato,DEPTH_CORRELATED,0.196,0.116,0.08,MARKDOWN,0.0,0.0,1.0,0.0,0.0,0.0,0.0,0.0,"{0: 0.0264, 1: 0.1033, 2: 0.2158, 3: 0.2719, 4: 0.3515}",1,['STOP_INSPECTION'],0.0,0.0,REGIME_G_HIGH_AMBIENT,FB7_Proposed,14
bench_REGIME_G_HIGH_AMBIENT_015,FB0_Surface_Only,potato,DEPTH_CORRELATED,0.2,0.1092,0.0908,MARKDOWN,0.0,0.0,1.0,0.0,2.0,0.2,2.2,5.0,"{0: 0.0222, 1: 0.1371, 2: 0.1879, 3: 0.2927, 4: 0.3676}",2,"['OBSERVE_STRATUM', 'STOP_INSPECTION']",2.0,5.0,REGIME_G_HIGH_AMBIENT,FB0_Surface_Only,15
bench_REGIME_G_HIGH_AMBIENT_015,FB1_Fixed_Sampling,potato,DEPTH_CORRELATED,0.2,0.1063,0.0937,MARKDOWN,0.0,0.0,1.0,0.0,45.0,3.0,48.0,75.0,"{0: 0.0222, 1: 0.1371, 2: 0.1879, 3: 0.2927, 4: 0.3676}",4,"['SAMPLE_UNITS', 'SAMPLE_UNITS', 'SAMPLE_UNITS', 'STOP_INSPECTION']",45.0,75.0,REGIME_G_HIGH_AMBIENT,FB1_Fixed_Random,15
bench_REGIME_G_HIGH_AMBIENT_015,FB2_Depth_Stratified,potato,DEPTH_CORRELATED,0.2,0.1387,0.0613,MARKDOWN,0.0,0.0,1.0,0.0,42.0,11.4,53.4,285.0,"{0: 0.0222, 1: 0.1371, 2: 0.1879, 3: 0.2927, 4: 0.3676}",10,"['OBSERVE_STRATUM', 'REMOVE_LAYER', 'OBSERVE_STRATUM', 'REMOVE_LAYER', 'OBSERVE_STRATUM', 'REMOVE_LAYER', 'OBSERVE_STRATUM', 'REMOVE_LAYER', 'OBSERVE_STRATUM', 'STOP_INSPECTION']",42.0,85.0,REGIME_G_HIGH_AMBIENT,FB2_Depth_Stratified,15
bench_REGIME_G_HIGH_AMBIENT_015,FB3_Macro_Myopic_VOI,potato,DEPTH_CORRELATED,0.2,0.1092,0.0908,MARKDOWN,0.0,0.0,1.0,0.0,2.0,0.2,2.2,5.0,"{0: 0.0222, 1: 0.1371, 2: 0.1879, 3: 0.2927, 4: 0.3676}",2,"['OBSERVE_STRATUM', 'STOP_INSPECTION']",2.0,5.0,REGIME_G_HIGH_AMBIENT,FB3_Macro_Myopic_VOI,15
bench_REGIME_G_HIGH_AMBIENT_015,FB5_State_Blind_Lookahead,potato,DEPTH_CORRELATED,0.2,0.116,0.084,MARKDOWN,0.0,0.0,1.0,0.0,6.0,4.8,10.8,120.0,"{0: 0.0222, 1: 0.1371, 2: 0.1879, 3: 0.2927, 4: 0.3676}",12,"['WAIT_SETTLE', 'WAIT_SETTLE', 'WAIT_SETTLE', 'WAIT_SETTLE', 'WAIT_SETTLE', 'WAIT_SETTLE', 'WAIT_SETTLE', 'WAIT_SETTLE', 'WAIT_SETTLE', 'WAIT_SETTLE', 'WAIT_SETTLE', 'WAIT_SETTLE']",6.0,120.0,REGIME_G_HIGH_AMBIENT,FB5_State_Blind,15
bench_REGIME_G_HIGH_AMBIENT_015,FB6_Additive_Cost_Planner,potato,DEPTH_CORRELATED,0.2,0.116,0.084,MARKDOWN,0.0,0.0,1.0,0.0,6.0,4.8,10.8,120.0,"{0: 0.0222, 1: 0.1371, 2: 0.1879, 3: 0.2927, 4: 0.3676}",12,"['WAIT_SETTLE', 'WAIT_SETTLE', 'WAIT_SETTLE', 'WAIT_SETTLE', 'WAIT_SETTLE', 'WAIT_SETTLE', 'WAIT_SETTLE', 'WAIT_SETTLE', 'WAIT_SETTLE', 'WAIT_SETTLE', 'WAIT_SETTLE', 'WAIT_SETTLE']",6.0,120.0,REGIME_G_HIGH_AMBIENT,FB6_Additive_Cost,15
bench_REGIME_G_HIGH_AMBIENT_015,FB7_Exposure_Aware_Planner,potato,DEPTH_CORRELATED,0.2,0.116,0.084,MARKDOWN,0.0,0.0,1.0,0.0,0.0,0.0,0.0,0.0,"{0: 0.0222, 1: 0.1371, 2: 0.1879, 3: 0.2927, 4: 0.3676}",1,['STOP_INSPECTION'],0.0,0.0,REGIME_G_HIGH_AMBIENT,FB7_Proposed,15
bench_REGIME_G_HIGH_AMBIENT_016,FB0_Surface_Only,potato,DEPTH_CORRELATED,0.2,0.1095,0.0905,MARKDOWN,0.0,0.0,1.0,0.0,2.0,0.2,2.2,5.0,"{0: 0.0253, 1: 0.1217, 2: 0.2132, 3: 0.2732, 4: 0.3533}",2,"['OBSERVE_STRATUM', 'STOP_INSPECTION']",2.0,5.0,REGIME_G_HIGH_AMBIENT,FB0_Surface_Only,16
bench_REGIME_G_HIGH_AMBIENT_016,FB1_Fixed_Sampling,potato,DEPTH_CORRELATED,0.2,0.1098,0.0902,MARKDOWN,0.0,0.0,1.0,0.0,45.0,3.0,48.0,75.0,"{0: 0.0253, 1: 0.1217, 2: 0.2132, 3: 0.2732, 4: 0.3533}",4,"['SAMPLE_UNITS', 'SAMPLE_UNITS', 'SAMPLE_UNITS', 'STOP_INSPECTION']",45.0,75.0,REGIME_G_HIGH_AMBIENT,FB1_Fixed_Random,16
bench_REGIME_G_HIGH_AMBIENT_016,FB2_Depth_Stratified,potato,DEPTH_CORRELATED,0.2,0.1519,0.0481,MARKDOWN,0.0,0.0,1.0,0.0,42.0,11.4,53.4,285.0,"{0: 0.0253, 1: 0.1217, 2: 0.2132, 3: 0.2732, 4: 0.3533}",10,"['OBSERVE_STRATUM', 'REMOVE_LAYER', 'OBSERVE_STRATUM', 'REMOVE_LAYER', 'OBSERVE_STRATUM', 'REMOVE_LAYER', 'OBSERVE_STRATUM', 'REMOVE_LAYER', 'OBSERVE_STRATUM', 'STOP_INSPECTION']",42.0,85.0,REGIME_G_HIGH_AMBIENT,FB2_Depth_Stratified,16
bench_REGIME_G_HIGH_AMBIENT_016,FB3_Macro_Myopic_VOI,potato,DEPTH_CORRELATED,0.2,0.1096,0.0904,MARKDOWN,0.0,0.0,1.0,0.0,2.0,0.2,2.2,5.0,"{0: 0.0253, 1: 0.1217, 2: 0.2132, 3: 0.2732, 4: 0.3533}",2,"['OBSERVE_STRATUM', 'STOP_INSPECTION']",2.0,5.0,REGIME_G_HIGH_AMBIENT,FB3_Macro_Myopic_VOI,16
bench_REGIME_G_HIGH_AMBIENT_016,FB5_State_Blind_Lookahead,potato,DEPTH_CORRELATED,0.2,0.116,0.084,MARKDOWN,0.0,0.0,1.0,0.0,6.0,4.8,10.8,120.0,"{0: 0.0253, 1: 0.1217, 2: 0.2132, 3: 0.2732, 4: 0.3533}",12,"['WAIT_SETTLE', 'WAIT_SETTLE', 'WAIT_SETTLE', 'WAIT_SETTLE', 'WAIT_SETTLE', 'WAIT_SETTLE', 'WAIT_SETTLE', 'WAIT_SETTLE', 'WAIT_SETTLE', 'WAIT_SETTLE', 'WAIT_SETTLE', 'WAIT_SETTLE']",6.0,120.0,REGIME_G_HIGH_AMBIENT,FB5_State_Blind,16
bench_REGIME_G_HIGH_AMBIENT_016,FB6_Additive_Cost_Planner,potato,DEPTH_CORRELATED,0.2,0.116,0.084,MARKDOWN,0.0,0.0,1.0,0.0,6.0,4.8,10.8,120.0,"{0: 0.0253, 1: 0.1217, 2: 0.2132, 3: 0.2732, 4: 0.3533}",12,"['WAIT_SETTLE', 'WAIT_SETTLE', 'WAIT_SETTLE', 'WAIT_SETTLE', 'WAIT_SETTLE', 'WAIT_SETTLE', 'WAIT_SETTLE', 'WAIT_SETTLE', 'WAIT_SETTLE', 'WAIT_SETTLE', 'WAIT_SETTLE', 'WAIT_SETTLE']",6.0,120.0,REGIME_G_HIGH_AMBIENT,FB6_Additive_Cost,16
bench_REGIME_G_HIGH_AMBIENT_016,FB7_Exposure_Aware_Planner,potato,DEPTH_CORRELATED,0.2,0.116,0.084,MARKDOWN,0.0,0.0,1.0,0.0,0.0,0.0,0.0,0.0,"{0: 0.0253, 1: 0.1217, 2: 0.2132, 3: 0.2732, 4: 0.3533}",1,['STOP_INSPECTION'],0.0,0.0,REGIME_G_HIGH_AMBIENT,FB7_Proposed,16
bench_REGIME_G_HIGH_AMBIENT_017,FB0_Surface_Only,potato,DEPTH_CORRELATED,0.2,0.1147,0.0853,MARKDOWN,0.0,0.0,1.0,0.0,2.0,0.2,2.2,5.0,"{0: 0.0573, 1: 0.1385, 2: 0.1835, 3: 0.2887, 4: 0.3408}",2,"['OBSERVE_STRATUM', 'STOP_INSPECTION']",2.0,5.0,REGIME_G_HIGH_AMBIENT,FB0_Surface_Only,17
bench_REGIME_G_HIGH_AMBIENT_017,FB1_Fixed_Sampling,potato,DEPTH_CORRELATED,0.2,0.1081,0.0919,MARKDOWN,0.0,0.0,1.0,0.0,45.0,3.0,48.0,75.0,"{0: 0.0573, 1: 0.1385, 2: 0.1835, 3: 0.2887, 4: 0.3408}",4,"['SAMPLE_UNITS', 'SAMPLE_UNITS', 'SAMPLE_UNITS', 'STOP_INSPECTION']",45.0,75.0,REGIME_G_HIGH_AMBIENT,FB1_Fixed_Random,17
bench_REGIME_G_HIGH_AMBIENT_017,FB2_Depth_Stratified,potato,DEPTH_CORRELATED,0.2,0.1508,0.0492,MARKDOWN,0.0,0.0,1.0,0.0,42.0,11.4,53.4,285.0,"{0: 0.0573, 1: 0.1385, 2: 0.1835, 3: 0.2887, 4: 0.3408}",10,"['OBSERVE_STRATUM', 'REMOVE_LAYER', 'OBSERVE_STRATUM', 'REMOVE_LAYER', 'OBSERVE_STRATUM', 'REMOVE_LAYER', 'OBSERVE_STRATUM', 'REMOVE_LAYER', 'OBSERVE_STRATUM', 'STOP_INSPECTION']",42.0,85.0,REGIME_G_HIGH_AMBIENT,FB2_Depth_Stratified,17
bench_REGIME_G_HIGH_AMBIENT_017,FB3_Macro_Myopic_VOI,potato,DEPTH_CORRELATED,0.2,0.1142,0.0858,MARKDOWN,0.0,0.0,1.0,0.0,2.0,0.2,2.2,5.0,"{0: 0.0573, 1: 0.1385, 2: 0.1835, 3: 0.2887, 4: 0.3408}",2,"['OBSERVE_STRATUM', 'STOP_INSPECTION']",2.0,5.0,REGIME_G_HIGH_AMBIENT,FB3_Macro_Myopic_VOI,17
bench_REGIME_G_HIGH_AMBIENT_017,FB5_State_Blind_Lookahead,potato,DEPTH_CORRELATED,0.2,0.116,0.084,MARKDOWN,0.0,0.0,1.0,0.0,6.0,4.8,10.8,120.0,"{0: 0.0573, 1: 0.1385, 2: 0.1835, 3: 0.2887, 4: 0.3408}",12,"['WAIT_SETTLE', 'WAIT_SETTLE', 'WAIT_SETTLE', 'WAIT_SETTLE', 'WAIT_SETTLE', 'WAIT_SETTLE', 'WAIT_SETTLE', 'WAIT_SETTLE', 'WAIT_SETTLE', 'WAIT_SETTLE', 'WAIT_SETTLE', 'WAIT_SETTLE']",6.0,120.0,REGIME_G_HIGH_AMBIENT,FB5_State_Blind,17
bench_REGIME_G_HIGH_AMBIENT_017,FB6_Additive_Cost_Planner,potato,DEPTH_CORRELATED,0.2,0.116,0.084,MARKDOWN,0.0,0.0,1.0,0.0,6.0,4.8,10.8,120.0,"{0: 0.0573, 1: 0.1385, 2: 0.1835, 3: 0.2887, 4: 0.3408}",12,"['WAIT_SETTLE', 'WAIT_SETTLE', 'WAIT_SETTLE', 'WAIT_SETTLE', 'WAIT_SETTLE', 'WAIT_SETTLE', 'WAIT_SETTLE', 'WAIT_SETTLE', 'WAIT_SETTLE', 'WAIT_SETTLE', 'WAIT_SETTLE', 'WAIT_SETTLE']",6.0,120.0,REGIME_G_HIGH_AMBIENT,FB6_Additive_Cost,17
bench_REGIME_G_HIGH_AMBIENT_017,FB7_Exposure_Aware_Planner,potato,DEPTH_CORRELATED,0.2,0.116,0.084,MARKDOWN,0.0,0.0,1.0,0.0,0.0,0.0,0.0,0.0,"{0: 0.0573, 1: 0.1385, 2: 0.1835, 3: 0.2887, 4: 0.3408}",1,['STOP_INSPECTION'],0.0,0.0,REGIME_G_HIGH_AMBIENT,FB7_Proposed,17
bench_REGIME_G_HIGH_AMBIENT_018,FB0_Surface_Only,potato,DEPTH_CORRELATED,0.2,0.1124,0.0876,MARKDOWN,0.0,0.0,1.0,0.0,2.0,0.2,2.2,5.0,"{0: 0.0491, 1: 0.1133, 2: 0.1905, 3: 0.2778, 4: 0.3614}",2,"['OBSERVE_STRATUM', 'STOP_INSPECTION']",2.0,5.0,REGIME_G_HIGH_AMBIENT,FB0_Surface_Only,18
bench_REGIME_G_HIGH_AMBIENT_018,FB1_Fixed_Sampling,potato,DEPTH_CORRELATED,0.2,0.1081,0.0919,MARKDOWN,0.0,0.0,1.0,0.0,45.0,3.0,48.0,75.0,"{0: 0.0491, 1: 0.1133, 2: 0.1905, 3: 0.2778, 4: 0.3614}",4,"['SAMPLE_UNITS', 'SAMPLE_UNITS', 'SAMPLE_UNITS', 'STOP_INSPECTION']",45.0,75.0,REGIME_G_HIGH_AMBIENT,FB1_Fixed_Random,18
bench_REGIME_G_HIGH_AMBIENT_018,FB2_Depth_Stratified,potato,DEPTH_CORRELATED,0.2,0.1492,0.0508,MARKDOWN,0.0,0.0,1.0,0.0,42.0,11.4,53.4,285.0,"{0: 0.0491, 1: 0.1133, 2: 0.1905, 3: 0.2778, 4: 0.3614}",10,"['OBSERVE_STRATUM', 'REMOVE_LAYER', 'OBSERVE_STRATUM', 'REMOVE_LAYER', 'OBSERVE_STRATUM', 'REMOVE_LAYER', 'OBSERVE_STRATUM', 'REMOVE_LAYER', 'OBSERVE_STRATUM', 'STOP_INSPECTION']",42.0,85.0,REGIME_G_HIGH_AMBIENT,FB2_Depth_Stratified,18
bench_REGIME_G_HIGH_AMBIENT_018,FB3_Macro_Myopic_VOI,potato,DEPTH_CORRELATED,0.2,0.1113,0.0887,MARKDOWN,0.0,0.0,1.0,0.0,2.0,0.2,2.2,5.0,"{0: 0.0491, 1: 0.1133, 2: 0.1905, 3: 0.2778, 4: 0.3614}",2,"['OBSERVE_STRATUM', 'STOP_INSPECTION']",2.0,5.0,REGIME_G_HIGH_AMBIENT,FB3_Macro_Myopic_VOI,18
bench_REGIME_G_HIGH_AMBIENT_018,FB5_State_Blind_Lookahead,potato,DEPTH_CORRELATED,0.2,0.116,0.084,MARKDOWN,0.0,0.0,1.0,0.0,6.0,4.8,10.8,120.0,"{0: 0.0491, 1: 0.1133, 2: 0.1905, 3: 0.2778, 4: 0.3614}",12,"['WAIT_SETTLE', 'WAIT_SETTLE', 'WAIT_SETTLE', 'WAIT_SETTLE', 'WAIT_SETTLE', 'WAIT_SETTLE', 'WAIT_SETTLE', 'WAIT_SETTLE', 'WAIT_SETTLE', 'WAIT_SETTLE', 'WAIT_SETTLE', 'WAIT_SETTLE']",6.0,120.0,REGIME_G_HIGH_AMBIENT,FB5_State_Blind,18
bench_REGIME_G_HIGH_AMBIENT_018,FB6_Additive_Cost_Planner,potato,DEPTH_CORRELATED,0.2,0.116,0.084,MARKDOWN,0.0,0.0,1.0,0.0,6.0,4.8,10.8,120.0,"{0: 0.0491, 1: 0.1133, 2: 0.1905, 3: 0.2778, 4: 0.3614}",12,"['WAIT_SETTLE', 'WAIT_SETTLE', 'WAIT_SETTLE', 'WAIT_SETTLE', 'WAIT_SETTLE', 'WAIT_SETTLE', 'WAIT_SETTLE', 'WAIT_SETTLE', 'WAIT_SETTLE', 'WAIT_SETTLE', 'WAIT_SETTLE', 'WAIT_SETTLE']",6.0,120.0,REGIME_G_HIGH_AMBIENT,FB6_Additive_Cost,18
bench_REGIME_G_HIGH_AMBIENT_018,FB7_Exposure_Aware_Planner,potato,DEPTH_CORRELATED,0.2,0.116,0.084,MARKDOWN,0.0,0.0,1.0,0.0,0.0,0.0,0.0,0.0,"{0: 0.0491, 1: 0.1133, 2: 0.1905, 3: 0.2778, 4: 0.3614}",1,['STOP_INSPECTION'],0.0,0.0,REGIME_G_HIGH_AMBIENT,FB7_Proposed,18
bench_REGIME_G_HIGH_AMBIENT_019,FB0_Surface_Only,potato,DEPTH_CORRELATED,0.196,0.1099,0.0861,MARKDOWN,0.0,0.0,1.0,0.0,2.0,0.2,2.2,5.0,"{0: 0.0223, 1: 0.1365, 2: 0.2027, 3: 0.2693, 4: 0.3505}",2,"['OBSERVE_STRATUM', 'STOP_INSPECTION']",2.0,5.0,REGIME_G_HIGH_AMBIENT,FB0_Surface_Only,19
bench_REGIME_G_HIGH_AMBIENT_019,FB1_Fixed_Sampling,potato,DEPTH_CORRELATED,0.196,0.1085,0.0875,MARKDOWN,0.0,0.0,1.0,0.0,45.0,3.0,48.0,75.0,"{0: 0.0223, 1: 0.1365, 2: 0.2027, 3: 0.2693, 4: 0.3505}",4,"['SAMPLE_UNITS', 'SAMPLE_UNITS', 'SAMPLE_UNITS', 'STOP_INSPECTION']",45.0,75.0,REGIME_G_HIGH_AMBIENT,FB1_Fixed_Random,19
bench_REGIME_G_HIGH_AMBIENT_019,FB2_Depth_Stratified,potato,DEPTH_CORRELATED,0.196,0.1384,0.0576,MARKDOWN,0.0,0.0,1.0,0.0,42.0,11.4,53.4,285.0,"{0: 0.0223, 1: 0.1365, 2: 0.2027, 3: 0.2693, 4: 0.3505}",10,"['OBSERVE_STRATUM', 'REMOVE_LAYER', 'OBSERVE_STRATUM', 'REMOVE_LAYER', 'OBSERVE_STRATUM', 'REMOVE_LAYER', 'OBSERVE_STRATUM', 'REMOVE_LAYER', 'OBSERVE_STRATUM', 'STOP_INSPECTION']",42.0,85.0,REGIME_G_HIGH_AMBIENT,FB2_Depth_Stratified,19
bench_REGIME_G_HIGH_AMBIENT_019,FB3_Macro_Myopic_VOI,potato,DEPTH_CORRELATED,0.196,0.1092,0.0868,MARKDOWN,0.0,0.0,1.0,0.0,2.0,0.2,2.2,5.0,"{0: 0.0223, 1: 0.1365, 2: 0.2027, 3: 0.2693, 4: 0.3505}",2,"['OBSERVE_STRATUM', 'STOP_INSPECTION']",2.0,5.0,REGIME_G_HIGH_AMBIENT,FB3_Macro_Myopic_VOI,19
bench_REGIME_G_HIGH_AMBIENT_019,FB5_State_Blind_Lookahead,potato,DEPTH_CORRELATED,0.196,0.116,0.08,MARKDOWN,0.0,0.0,1.0,0.0,6.0,4.8,10.8,120.0,"{0: 0.0223, 1: 0.1365, 2: 0.2027, 3: 0.2693, 4: 0.3505}",12,"['WAIT_SETTLE', 'WAIT_SETTLE', 'WAIT_SETTLE', 'WAIT_SETTLE', 'WAIT_SETTLE', 'WAIT_SETTLE', 'WAIT_SETTLE', 'WAIT_SETTLE', 'WAIT_SETTLE', 'WAIT_SETTLE', 'WAIT_SETTLE', 'WAIT_SETTLE']",6.0,120.0,REGIME_G_HIGH_AMBIENT,FB5_State_Blind,19
bench_REGIME_G_HIGH_AMBIENT_019,FB6_Additive_Cost_Planner,potato,DEPTH_CORRELATED,0.196,0.116,0.08,MARKDOWN,0.0,0.0,1.0,0.0,6.0,4.8,10.8,120.0,"{0: 0.0223, 1: 0.1365, 2: 0.2027, 3: 0.2693, 4: 0.3505}",12,"['WAIT_SETTLE', 'WAIT_SETTLE', 'WAIT_SETTLE', 'WAIT_SETTLE', 'WAIT_SETTLE', 'WAIT_SETTLE', 'WAIT_SETTLE', 'WAIT_SETTLE', 'WAIT_SETTLE', 'WAIT_SETTLE', 'WAIT_SETTLE', 'WAIT_SETTLE']",6.0,120.0,REGIME_G_HIGH_AMBIENT,FB6_Additive_Cost,19
bench_REGIME_G_HIGH_AMBIENT_019,FB7_Exposure_Aware_Planner,potato,DEPTH_CORRELATED,0.196,0.116,0.08,MARKDOWN,0.0,0.0,1.0,0.0,0.0,0.0,0.0,0.0,"{0: 0.0223, 1: 0.1365, 2: 0.2027, 3: 0.2693, 4: 0.3505}",1,['STOP_INSPECTION'],0.0,0.0,REGIME_G_HIGH_AMBIENT,FB7_Proposed,19
bench_REGIME_G_HIGH_AMBIENT_020,FB0_Surface_Only,potato,DEPTH_CORRELATED,0.204,0.113,0.091,MARKDOWN,0.0,0.0,1.0,0.0,2.0,0.2,2.2,5.0,"{0: 0.056, 1: 0.1118, 2: 0.2009, 3: 0.3006, 4: 0.3498}",2,"['OBSERVE_STRATUM', 'STOP_INSPECTION']",2.0,5.0,REGIME_G_HIGH_AMBIENT,FB0_Surface_Only,20
bench_REGIME_G_HIGH_AMBIENT_020,FB1_Fixed_Sampling,potato,DEPTH_CORRELATED,0.204,0.1102,0.0938,MARKDOWN,0.0,0.0,1.0,0.0,45.0,3.0,48.0,75.0,"{0: 0.056, 1: 0.1118, 2: 0.2009, 3: 0.3006, 4: 0.3498}",4,"['SAMPLE_UNITS', 'SAMPLE_UNITS', 'SAMPLE_UNITS', 'STOP_INSPECTION']",45.0,75.0,REGIME_G_HIGH_AMBIENT,FB1_Fixed_Random,20
bench_REGIME_G_HIGH_AMBIENT_020,FB2_Depth_Stratified,potato,DEPTH_CORRELATED,0.204,0.1493,0.0547,MARKDOWN,0.0,0.0,1.0,0.0,42.0,11.4,53.4,285.0,"{0: 0.056, 1: 0.1118, 2: 0.2009, 3: 0.3006, 4: 0.3498}",10,"['OBSERVE_STRATUM', 'REMOVE_LAYER', 'OBSERVE_STRATUM', 'REMOVE_LAYER', 'OBSERVE_STRATUM', 'REMOVE_LAYER', 'OBSERVE_STRATUM', 'REMOVE_LAYER', 'OBSERVE_STRATUM', 'STOP_INSPECTION']",42.0,85.0,REGIME_G_HIGH_AMBIENT,FB2_Depth_Stratified,20
bench_REGIME_G_HIGH_AMBIENT_020,FB3_Macro_Myopic_VOI,potato,DEPTH_CORRELATED,0.204,0.1108,0.0932,MARKDOWN,0.0,0.0,1.0,0.0,2.0,0.2,2.2,5.0,"{0: 0.056, 1: 0.1118, 2: 0.2009, 3: 0.3006, 4: 0.3498}",2,"['OBSERVE_STRATUM', 'STOP_INSPECTION']",2.0,5.0,REGIME_G_HIGH_AMBIENT,FB3_Macro_Myopic_VOI,20
bench_REGIME_G_HIGH_AMBIENT_020,FB5_State_Blind_Lookahead,potato,DEPTH_CORRELATED,0.204,0.116,0.088,MARKDOWN,0.0,0.0,1.0,0.0,6.0,4.8,10.8,120.0,"{0: 0.056, 1: 0.1118, 2: 0.2009, 3: 0.3006, 4: 0.3498}",12,"['WAIT_SETTLE', 'WAIT_SETTLE', 'WAIT_SETTLE', 'WAIT_SETTLE', 'WAIT_SETTLE', 'WAIT_SETTLE', 'WAIT_SETTLE', 'WAIT_SETTLE', 'WAIT_SETTLE', 'WAIT_SETTLE', 'WAIT_SETTLE', 'WAIT_SETTLE']",6.0,120.0,REGIME_G_HIGH_AMBIENT,FB5_State_Blind,20
bench_REGIME_G_HIGH_AMBIENT_020,FB6_Additive_Cost_Planner,potato,DEPTH_CORRELATED,0.204,0.116,0.088,MARKDOWN,0.0,0.0,1.0,0.0,6.0,4.8,10.8,120.0,"{0: 0.056, 1: 0.1118, 2: 0.2009, 3: 0.3006, 4: 0.3498}",12,"['WAIT_SETTLE', 'WAIT_SETTLE', 'WAIT_SETTLE', 'WAIT_SETTLE', 'WAIT_SETTLE', 'WAIT_SETTLE', 'WAIT_SETTLE', 'WAIT_SETTLE', 'WAIT_SETTLE', 'WAIT_SETTLE', 'WAIT_SETTLE', 'WAIT_SETTLE']",6.0,120.0,REGIME_G_HIGH_AMBIENT,FB6_Additive_Cost,20
bench_REGIME_G_HIGH_AMBIENT_020,FB7_Exposure_Aware_Planner,potato,DEPTH_CORRELATED,0.204,0.116,0.088,MARKDOWN,0.0,0.0,1.0,0.0,0.0,0.0,0.0,0.0,"{0: 0.056, 1: 0.1118, 2: 0.2009, 3: 0.3006, 4: 0.3498}",1,['STOP_INSPECTION'],0.0,0.0,REGIME_G_HIGH_AMBIENT,FB7_Proposed,20
bench_REGIME_G_HIGH_AMBIENT_021,FB0_Surface_Only,potato,DEPTH_CORRELATED,0.204,0.1107,0.0933,MARKDOWN,0.0,0.0,1.0,0.0,2.0,0.2,2.2,5.0,"{0: 0.0602, 1: 0.1167, 2: 0.2113, 3: 0.2702, 4: 0.342}",2,"['OBSERVE_STRATUM', 'STOP_INSPECTION']",2.0,5.0,REGIME_G_HIGH_AMBIENT,FB0_Surface_Only,21
bench_REGIME_G_HIGH_AMBIENT_021,FB1_Fixed_Sampling,potato,DEPTH_CORRELATED,0.204,0.1101,0.0939,MARKDOWN,0.0,0.0,1.0,0.0,45.0,3.0,48.0,75.0,"{0: 0.0602, 1: 0.1167, 2: 0.2113, 3: 0.2702, 4: 0.342}",4,"['SAMPLE_UNITS', 'SAMPLE_UNITS', 'SAMPLE_UNITS', 'STOP_INSPECTION']",45.0,75.0,REGIME_G_HIGH_AMBIENT,FB1_Fixed_Random,21
bench_REGIME_G_HIGH_AMBIENT_021,FB2_Depth_Stratified,potato,DEPTH_CORRELATED,0.204,0.1438,0.0602,MARKDOWN,0.0,0.0,1.0,0.0,42.0,11.4,53.4,285.0,"{0: 0.0602, 1: 0.1167, 2: 0.2113, 3: 0.2702, 4: 0.342}",10,"['OBSERVE_STRATUM', 'REMOVE_LAYER', 'OBSERVE_STRATUM', 'REMOVE_LAYER', 'OBSERVE_STRATUM', 'REMOVE_LAYER', 'OBSERVE_STRATUM', 'REMOVE_LAYER', 'OBSERVE_STRATUM', 'STOP_INSPECTION']",42.0,85.0,REGIME_G_HIGH_AMBIENT,FB2_Depth_Stratified,21
bench_REGIME_G_HIGH_AMBIENT_021,FB3_Macro_Myopic_VOI,potato,DEPTH_CORRELATED,0.204,0.112,0.092,MARKDOWN,0.0,0.0,1.0,0.0,2.0,0.2,2.2,5.0,"{0: 0.0602, 1: 0.1167, 2: 0.2113, 3: 0.2702, 4: 0.342}",2,"['OBSERVE_STRATUM', 'STOP_INSPECTION']",2.0,5.0,REGIME_G_HIGH_AMBIENT,FB3_Macro_Myopic_VOI,21
bench_REGIME_G_HIGH_AMBIENT_021,FB5_State_Blind_Lookahead,potato,DEPTH_CORRELATED,0.204,0.116,0.088,MARKDOWN,0.0,0.0,1.0,0.0,6.0,4.8,10.8,120.0,"{0: 0.0602, 1: 0.1167, 2: 0.2113, 3: 0.2702, 4: 0.342}",12,"['WAIT_SETTLE', 'WAIT_SETTLE', 'WAIT_SETTLE', 'WAIT_SETTLE', 'WAIT_SETTLE', 'WAIT_SETTLE', 'WAIT_SETTLE', 'WAIT_SETTLE', 'WAIT_SETTLE', 'WAIT_SETTLE', 'WAIT_SETTLE', 'WAIT_SETTLE']",6.0,120.0,REGIME_G_HIGH_AMBIENT,FB5_State_Blind,21
bench_REGIME_G_HIGH_AMBIENT_021,FB6_Additive_Cost_Planner,potato,DEPTH_CORRELATED,0.204,0.116,0.088,MARKDOWN,0.0,0.0,1.0,0.0,6.0,4.8,10.8,120.0,"{0: 0.0602, 1: 0.1167, 2: 0.2113, 3: 0.2702, 4: 0.342}",12,"['WAIT_SETTLE', 'WAIT_SETTLE', 'WAIT_SETTLE', 'WAIT_SETTLE', 'WAIT_SETTLE', 'WAIT_SETTLE', 'WAIT_SETTLE', 'WAIT_SETTLE', 'WAIT_SETTLE', 'WAIT_SETTLE', 'WAIT_SETTLE', 'WAIT_SETTLE']",6.0,120.0,REGIME_G_HIGH_AMBIENT,FB6_Additive_Cost,21
bench_REGIME_G_HIGH_AMBIENT_021,FB7_Exposure_Aware_Planner,potato,DEPTH_CORRELATED,0.204,0.116,0.088,MARKDOWN,0.0,0.0,1.0,0.0,0.0,0.0,0.0,0.0,"{0: 0.0602, 1: 0.1167, 2: 0.2113, 3: 0.2702, 4: 0.342}",1,['STOP_INSPECTION'],0.0,0.0,REGIME_G_HIGH_AMBIENT,FB7_Proposed,21
bench_REGIME_G_HIGH_AMBIENT_022,FB0_Surface_Only,potato,DEPTH_CORRELATED,0.204,0.1095,0.0945,MARKDOWN,0.0,0.0,1.0,0.0,2.0,0.2,2.2,5.0,"{0: 0.0375, 1: 0.108, 2: 0.2132, 3: 0.292, 4: 0.3509}",2,"['OBSERVE_STRATUM', 'STOP_INSPECTION']",2.0,5.0,REGIME_G_HIGH_AMBIENT,FB0_Surface_Only,22
bench_REGIME_G_HIGH_AMBIENT_022,FB1_Fixed_Sampling,potato,DEPTH_CORRELATED,0.204,0.1068,0.0972,MARKDOWN,0.0,0.0,1.0,0.0,45.0,3.0,48.0,75.0,"{0: 0.0375, 1: 0.108, 2: 0.2132, 3: 0.292, 4: 0.3509}",4,"['SAMPLE_UNITS', 'SAMPLE_UNITS', 'SAMPLE_UNITS', 'STOP_INSPECTION']",45.0,75.0,REGIME_G_HIGH_AMBIENT,FB1_Fixed_Random,22
bench_REGIME_G_HIGH_AMBIENT_022,FB2_Depth_Stratified,potato,DEPTH_CORRELATED,0.204,0.1374,0.0666,MARKDOWN,0.0,0.0,1.0,0.0,42.0,11.4,53.4,285.0,"{0: 0.0375, 1: 0.108, 2: 0.2132, 3: 0.292, 4: 0.3509}",10,"['OBSERVE_STRATUM', 'REMOVE_LAYER', 'OBSERVE_STRATUM', 'REMOVE_LAYER', 'OBSERVE_STRATUM', 'REMOVE_LAYER', 'OBSERVE_STRATUM', 'REMOVE_LAYER', 'OBSERVE_STRATUM', 'STOP_INSPECTION']",42.0,85.0,REGIME_G_HIGH_AMBIENT,FB2_Depth_Stratified,22
bench_REGIME_G_HIGH_AMBIENT_022,FB3_Macro_Myopic_VOI,potato,DEPTH_CORRELATED,0.204,0.1093,0.0947,MARKDOWN,0.0,0.0,1.0,0.0,2.0,0.2,2.2,5.0,"{0: 0.0375, 1: 0.108, 2: 0.2132, 3: 0.292, 4: 0.3509}",2,"['OBSERVE_STRATUM', 'STOP_INSPECTION']",2.0,5.0,REGIME_G_HIGH_AMBIENT,FB3_Macro_Myopic_VOI,22
bench_REGIME_G_HIGH_AMBIENT_022,FB5_State_Blind_Lookahead,potato,DEPTH_CORRELATED,0.204,0.116,0.088,MARKDOWN,0.0,0.0,1.0,0.0,6.0,4.8,10.8,120.0,"{0: 0.0375, 1: 0.108, 2: 0.2132, 3: 0.292, 4: 0.3509}",12,"['WAIT_SETTLE', 'WAIT_SETTLE', 'WAIT_SETTLE', 'WAIT_SETTLE', 'WAIT_SETTLE', 'WAIT_SETTLE', 'WAIT_SETTLE', 'WAIT_SETTLE', 'WAIT_SETTLE', 'WAIT_SETTLE', 'WAIT_SETTLE', 'WAIT_SETTLE']",6.0,120.0,REGIME_G_HIGH_AMBIENT,FB5_State_Blind,22
bench_REGIME_G_HIGH_AMBIENT_022,FB6_Additive_Cost_Planner,potato,DEPTH_CORRELATED,0.204,0.116,0.088,MARKDOWN,0.0,0.0,1.0,0.0,6.0,4.8,10.8,120.0,"{0: 0.0375, 1: 0.108, 2: 0.2132, 3: 0.292, 4: 0.3509}",12,"['WAIT_SETTLE', 'WAIT_SETTLE', 'WAIT_SETTLE', 'WAIT_SETTLE', 'WAIT_SETTLE', 'WAIT_SETTLE', 'WAIT_SETTLE', 'WAIT_SETTLE', 'WAIT_SETTLE', 'WAIT_SETTLE', 'WAIT_SETTLE', 'WAIT_SETTLE']",6.0,120.0,REGIME_G_HIGH_AMBIENT,FB6_Additive_Cost,22
bench_REGIME_G_HIGH_AMBIENT_022,FB7_Exposure_Aware_Planner,potato,DEPTH_CORRELATED,0.204,0.116,0.088,MARKDOWN,0.0,0.0,1.0,0.0,0.0,0.0,0.0,0.0,"{0: 0.0375, 1: 0.108, 2: 0.2132, 3: 0.292, 4: 0.3509}",1,['STOP_INSPECTION'],0.0,0.0,REGIME_G_HIGH_AMBIENT,FB7_Proposed,22
bench_REGIME_G_HIGH_AMBIENT_023,FB0_Surface_Only,potato,DEPTH_CORRELATED,0.196,0.1144,0.0816,MARKDOWN,0.0,0.0,1.0,0.0,2.0,0.2,2.2,5.0,"{0: 0.021, 1: 0.1053, 2: 0.1949, 3: 0.3055, 4: 0.3547}",2,"['OBSERVE_STRATUM', 'STOP_INSPECTION']",2.0,5.0,REGIME_G_HIGH_AMBIENT,FB0_Surface_Only,23
bench_REGIME_G_HIGH_AMBIENT_023,FB1_Fixed_Sampling,potato,DEPTH_CORRELATED,0.196,0.1085,0.0875,MARKDOWN,0.0,0.0,1.0,0.0,45.0,3.0,48.0,75.0,"{0: 0.021, 1: 0.1053, 2: 0.1949, 3: 0.3055, 4: 0.3547}",4,"['SAMPLE_UNITS', 'SAMPLE_UNITS', 'SAMPLE_UNITS', 'STOP_INSPECTION']",45.0,75.0,REGIME_G_HIGH_AMBIENT,FB1_Fixed_Random,23
bench_REGIME_G_HIGH_AMBIENT_023,FB2_Depth_Stratified,potato,DEPTH_CORRELATED,0.196,0.1456,0.0504,MARKDOWN,0.0,0.0,1.0,0.0,42.0,11.4,53.4,285.0,"{0: 0.021, 1: 0.1053, 2: 0.1949, 3: 0.3055, 4: 0.3547}",10,"['OBSERVE_STRATUM', 'REMOVE_LAYER', 'OBSERVE_STRATUM', 'REMOVE_LAYER', 'OBSERVE_STRATUM', 'REMOVE_LAYER', 'OBSERVE_STRATUM', 'REMOVE_LAYER', 'OBSERVE_STRATUM', 'STOP_INSPECTION']",42.0,85.0,REGIME_G_HIGH_AMBIENT,FB2_Depth_Stratified,23
bench_REGIME_G_HIGH_AMBIENT_023,FB3_Macro_Myopic_VOI,potato,DEPTH_CORRELATED,0.196,0.1118,0.0842,MARKDOWN,0.0,0.0,1.0,0.0,2.0,0.2,2.2,5.0,"{0: 0.021, 1: 0.1053, 2: 0.1949, 3: 0.3055, 4: 0.3547}",2,"['OBSERVE_STRATUM', 'STOP_INSPECTION']",2.0,5.0,REGIME_G_HIGH_AMBIENT,FB3_Macro_Myopic_VOI,23
bench_REGIME_G_HIGH_AMBIENT_023,FB5_State_Blind_Lookahead,potato,DEPTH_CORRELATED,0.196,0.116,0.08,MARKDOWN,0.0,0.0,1.0,0.0,6.0,4.8,10.8,120.0,"{0: 0.021, 1: 0.1053, 2: 0.1949, 3: 0.3055, 4: 0.3547}",12,"['WAIT_SETTLE', 'WAIT_SETTLE', 'WAIT_SETTLE', 'WAIT_SETTLE', 'WAIT_SETTLE', 'WAIT_SETTLE', 'WAIT_SETTLE', 'WAIT_SETTLE', 'WAIT_SETTLE', 'WAIT_SETTLE', 'WAIT_SETTLE', 'WAIT_SETTLE']",6.0,120.0,REGIME_G_HIGH_AMBIENT,FB5_State_Blind,23
bench_REGIME_G_HIGH_AMBIENT_023,FB6_Additive_Cost_Planner,potato,DEPTH_CORRELATED,0.196,0.116,0.08,MARKDOWN,0.0,0.0,1.0,0.0,6.0,4.8,10.8,120.0,"{0: 0.021, 1: 0.1053, 2: 0.1949, 3: 0.3055, 4: 0.3547}",12,"['WAIT_SETTLE', 'WAIT_SETTLE', 'WAIT_SETTLE', 'WAIT_SETTLE', 'WAIT_SETTLE', 'WAIT_SETTLE', 'WAIT_SETTLE', 'WAIT_SETTLE', 'WAIT_SETTLE', 'WAIT_SETTLE', 'WAIT_SETTLE', 'WAIT_SETTLE']",6.0,120.0,REGIME_G_HIGH_AMBIENT,FB6_Additive_Cost,23
bench_REGIME_G_HIGH_AMBIENT_023,FB7_Exposure_Aware_Planner,potato,DEPTH_CORRELATED,0.196,0.116,0.08,MARKDOWN,0.0,0.0,1.0,0.0,0.0,0.0,0.0,0.0,"{0: 0.021, 1: 0.1053, 2: 0.1949, 3: 0.3055, 4: 0.3547}",1,['STOP_INSPECTION'],0.0,0.0,REGIME_G_HIGH_AMBIENT,FB7_Proposed,23
bench_REGIME_G_HIGH_AMBIENT_024,FB0_Surface_Only,potato,DEPTH_CORRELATED,0.196,0.1109,0.0851,MARKDOWN,0.0,0.0,1.0,0.0,2.0,0.2,2.2,5.0,"{0: 0.0306, 1: 0.1144, 2: 0.1941, 3: 0.2753, 4: 0.3489}",2,"['OBSERVE_STRATUM', 'STOP_INSPECTION']",2.0,5.0,REGIME_G_HIGH_AMBIENT,FB0_Surface_Only,24
bench_REGIME_G_HIGH_AMBIENT_024,FB1_Fixed_Sampling,potato,DEPTH_CORRELATED,0.196,0.1084,0.0876,MARKDOWN,0.0,0.0,1.0,0.0,45.0,3.0,48.0,75.0,"{0: 0.0306, 1: 0.1144, 2: 0.1941, 3: 0.2753, 4: 0.3489}",4,"['SAMPLE_UNITS', 'SAMPLE_UNITS', 'SAMPLE_UNITS', 'STOP_INSPECTION']",45.0,75.0,REGIME_G_HIGH_AMBIENT,FB1_Fixed_Random,24
bench_REGIME_G_HIGH_AMBIENT_024,FB2_Depth_Stratified,potato,DEPTH_CORRELATED,0.196,0.1444,0.0516,MARKDOWN,0.0,0.0,1.0,0.0,42.0,11.4,53.4,285.0,"{0: 0.0306, 1: 0.1144, 2: 0.1941, 3: 0.2753, 4: 0.3489}",10,"['OBSERVE_STRATUM', 'REMOVE_LAYER', 'OBSERVE_STRATUM', 'REMOVE_LAYER', 'OBSERVE_STRATUM', 'REMOVE_LAYER', 'OBSERVE_STRATUM', 'REMOVE_LAYER', 'OBSERVE_STRATUM', 'STOP_INSPECTION']",42.0,85.0,REGIME_G_HIGH_AMBIENT,FB2_Depth_Stratified,24
bench_REGIME_G_HIGH_AMBIENT_024,FB3_Macro_Myopic_VOI,potato,DEPTH_CORRELATED,0.196,0.1092,0.0868,MARKDOWN,0.0,0.0,1.0,0.0,2.0,0.2,2.2,5.0,"{0: 0.0306, 1: 0.1144, 2: 0.1941, 3: 0.2753, 4: 0.3489}",2,"['OBSERVE_STRATUM', 'STOP_INSPECTION']",2.0,5.0,REGIME_G_HIGH_AMBIENT,FB3_Macro_Myopic_VOI,24
bench_REGIME_G_HIGH_AMBIENT_024,FB5_State_Blind_Lookahead,potato,DEPTH_CORRELATED,0.196,0.116,0.08,MARKDOWN,0.0,0.0,1.0,0.0,6.0,4.8,10.8,120.0,"{0: 0.0306, 1: 0.1144, 2: 0.1941, 3: 0.2753, 4: 0.3489}",12,"['WAIT_SETTLE', 'WAIT_SETTLE', 'WAIT_SETTLE', 'WAIT_SETTLE', 'WAIT_SETTLE', 'WAIT_SETTLE', 'WAIT_SETTLE', 'WAIT_SETTLE', 'WAIT_SETTLE', 'WAIT_SETTLE', 'WAIT_SETTLE', 'WAIT_SETTLE']",6.0,120.0,REGIME_G_HIGH_AMBIENT,FB5_State_Blind,24
bench_REGIME_G_HIGH_AMBIENT_024,FB6_Additive_Cost_Planner,potato,DEPTH_CORRELATED,0.196,0.116,0.08,MARKDOWN,0.0,0.0,1.0,0.0,6.0,4.8,10.8,120.0,"{0: 0.0306, 1: 0.1144, 2: 0.1941, 3: 0.2753, 4: 0.3489}",12,"['WAIT_SETTLE', 'WAIT_SETTLE', 'WAIT_SETTLE', 'WAIT_SETTLE', 'WAIT_SETTLE', 'WAIT_SETTLE', 'WAIT_SETTLE', 'WAIT_SETTLE', 'WAIT_SETTLE', 'WAIT_SETTLE', 'WAIT_SETTLE', 'WAIT_SETTLE']",6.0,120.0,REGIME_G_HIGH_AMBIENT,FB6_Additive_Cost,24
bench_REGIME_G_HIGH_AMBIENT_024,FB7_Exposure_Aware_Planner,potato,DEPTH_CORRELATED,0.196,0.116,0.08,MARKDOWN,0.0,0.0,1.0,0.0,0.0,0.0,0.0,0.0,"{0: 0.0306, 1: 0.1144, 2: 0.1941, 3: 0.2753, 4: 0.3489}",1,['STOP_INSPECTION'],0.0,0.0,REGIME_G_HIGH_AMBIENT,FB7_Proposed,24
bench_REGIME_G_HIGH_AMBIENT_025,FB0_Surface_Only,potato,DEPTH_CORRELATED,0.188,0.113,0.075,MARKDOWN,0.0,0.0,1.0,0.0,2.0,0.2,2.2,5.0,"{0: 0.021, 1: 0.1061, 2: 0.1944, 3: 0.265, 4: 0.3543}",2,"['OBSERVE_STRATUM', 'STOP_INSPECTION']",2.0,5.0,REGIME_G_HIGH_AMBIENT,FB0_Surface_Only,25
bench_REGIME_G_HIGH_AMBIENT_025,FB1_Fixed_Sampling,potato,DEPTH_CORRELATED,0.188,0.1091,0.0789,MARKDOWN,0.0,0.0,1.0,0.0,45.0,3.0,48.0,75.0,"{0: 0.021, 1: 0.1061, 2: 0.1944, 3: 0.265, 4: 0.3543}",4,"['SAMPLE_UNITS', 'SAMPLE_UNITS', 'SAMPLE_UNITS', 'STOP_INSPECTION']",45.0,75.0,REGIME_G_HIGH_AMBIENT,FB1_Fixed_Random,25
bench_REGIME_G_HIGH_AMBIENT_025,FB2_Depth_Stratified,potato,DEPTH_CORRELATED,0.188,0.142,0.046,MARKDOWN,0.0,0.0,1.0,0.0,42.0,11.4,53.4,285.0,"{0: 0.021, 1: 0.1061, 2: 0.1944, 3: 0.265, 4: 0.3543}",10,"['OBSERVE_STRATUM', 'REMOVE_LAYER', 'OBSERVE_STRATUM', 'REMOVE_LAYER', 'OBSERVE_STRATUM', 'REMOVE_LAYER', 'OBSERVE_STRATUM', 'REMOVE_LAYER', 'OBSERVE_STRATUM', 'STOP_INSPECTION']",42.0,85.0,REGIME_G_HIGH_AMBIENT,FB2_Depth_Stratified,25
bench_REGIME_G_HIGH_AMBIENT_025,FB3_Macro_Myopic_VOI,potato,DEPTH_CORRELATED,0.188,0.1094,0.0786,MARKDOWN,0.0,0.0,1.0,0.0,2.0,0.2,2.2,5.0,"{0: 0.021, 1: 0.1061, 2: 0.1944, 3: 0.265, 4: 0.3543}",2,"['OBSERVE_STRATUM', 'STOP_INSPECTION']",2.0,5.0,REGIME_G_HIGH_AMBIENT,FB3_Macro_Myopic_VOI,25
bench_REGIME_G_HIGH_AMBIENT_025,FB5_State_Blind_Lookahead,potato,DEPTH_CORRELATED,0.188,0.116,0.072,MARKDOWN,0.0,0.0,1.0,0.0,6.0,4.8,10.8,120.0,"{0: 0.021, 1: 0.1061, 2: 0.1944, 3: 0.265, 4: 0.3543}",12,"['WAIT_SETTLE', 'WAIT_SETTLE', 'WAIT_SETTLE', 'WAIT_SETTLE', 'WAIT_SETTLE', 'WAIT_SETTLE', 'WAIT_SETTLE', 'WAIT_SETTLE', 'WAIT_SETTLE', 'WAIT_SETTLE', 'WAIT_SETTLE', 'WAIT_SETTLE']",6.0,120.0,REGIME_G_HIGH_AMBIENT,FB5_State_Blind,25
bench_REGIME_G_HIGH_AMBIENT_025,FB6_Additive_Cost_Planner,potato,DEPTH_CORRELATED,0.188,0.116,0.072,MARKDOWN,0.0,0.0,1.0,0.0,6.0,4.8,10.8,120.0,"{0: 0.021, 1: 0.1061, 2: 0.1944, 3: 0.265, 4: 0.3543}",12,"['WAIT_SETTLE', 'WAIT_SETTLE', 'WAIT_SETTLE', 'WAIT_SETTLE', 'WAIT_SETTLE', 'WAIT_SETTLE', 'WAIT_SETTLE', 'WAIT_SETTLE', 'WAIT_SETTLE', 'WAIT_SETTLE', 'WAIT_SETTLE', 'WAIT_SETTLE']",6.0,120.0,REGIME_G_HIGH_AMBIENT,FB6_Additive_Cost,25
bench_REGIME_G_HIGH_AMBIENT_025,FB7_Exposure_Aware_Planner,potato,DEPTH_CORRELATED,0.188,0.116,0.072,MARKDOWN,0.0,0.0,1.0,0.0,0.0,0.0,0.0,0.0,"{0: 0.021, 1: 0.1061, 2: 0.1944, 3: 0.265, 4: 0.3543}",1,['STOP_INSPECTION'],0.0,0.0,REGIME_G_HIGH_AMBIENT,FB7_Proposed,25
bench_REGIME_G_HIGH_AMBIENT_026,FB0_Surface_Only,potato,DEPTH_CORRELATED,0.212,0.1135,0.0985,MARKDOWN,0.0,0.0,1.0,0.0,2.0,0.2,2.2,5.0,"{0: 0.0495, 1: 0.1491, 2: 0.2127, 3: 0.2907, 4: 0.3675}",2,"['OBSERVE_STRATUM', 'STOP_INSPECTION']",2.0,5.0,REGIME_G_HIGH_AMBIENT,FB0_Surface_Only,26
bench_REGIME_G_HIGH_AMBIENT_026,FB1_Fixed_Sampling,potato,DEPTH_CORRELATED,0.212,0.1094,0.1026,MARKDOWN,0.0,0.0,1.0,0.0,45.0,3.0,48.0,75.0,"{0: 0.0495, 1: 0.1491, 2: 0.2127, 3: 0.2907, 4: 0.3675}",4,"['SAMPLE_UNITS', 'SAMPLE_UNITS', 'SAMPLE_UNITS', 'STOP_INSPECTION']",45.0,75.0,REGIME_G_HIGH_AMBIENT,FB1_Fixed_Random,26
bench_REGIME_G_HIGH_AMBIENT_026,FB2_Depth_Stratified,potato,DEPTH_CORRELATED,0.212,0.1469,0.0651,MARKDOWN,0.0,0.0,1.0,0.0,42.0,11.4,53.4,285.0,"{0: 0.0495, 1: 0.1491, 2: 0.2127, 3: 0.2907, 4: 0.3675}",10,"['OBSERVE_STRATUM', 'REMOVE_LAYER', 'OBSERVE_STRATUM', 'REMOVE_LAYER', 'OBSERVE_STRATUM', 'REMOVE_LAYER', 'OBSERVE_STRATUM', 'REMOVE_LAYER', 'OBSERVE_STRATUM', 'STOP_INSPECTION']",42.0,85.0,REGIME_G_HIGH_AMBIENT,FB2_Depth_Stratified,26
bench_REGIME_G_HIGH_AMBIENT_026,FB3_Macro_Myopic_VOI,potato,DEPTH_CORRELATED,0.212,0.1103,0.1017,MARKDOWN,0.0,0.0,1.0,0.0,2.0,0.2,2.2,5.0,"{0: 0.0495, 1: 0.1491, 2: 0.2127, 3: 0.2907, 4: 0.3675}",2,"['OBSERVE_STRATUM', 'STOP_INSPECTION']",2.0,5.0,REGIME_G_HIGH_AMBIENT,FB3_Macro_Myopic_VOI,26
bench_REGIME_G_HIGH_AMBIENT_026,FB5_State_Blind_Lookahead,potato,DEPTH_CORRELATED,0.212,0.116,0.096,MARKDOWN,0.0,0.0,1.0,0.0,6.0,4.8,10.8,120.0,"{0: 0.0495, 1: 0.1491, 2: 0.2127, 3: 0.2907, 4: 0.3675}",12,"['WAIT_SETTLE', 'WAIT_SETTLE', 'WAIT_SETTLE', 'WAIT_SETTLE', 'WAIT_SETTLE', 'WAIT_SETTLE', 'WAIT_SETTLE', 'WAIT_SETTLE', 'WAIT_SETTLE', 'WAIT_SETTLE', 'WAIT_SETTLE', 'WAIT_SETTLE']",6.0,120.0,REGIME_G_HIGH_AMBIENT,FB5_State_Blind,26
bench_REGIME_G_HIGH_AMBIENT_026,FB6_Additive_Cost_Planner,potato,DEPTH_CORRELATED,0.212,0.116,0.096,MARKDOWN,0.0,0.0,1.0,0.0,6.0,4.8,10.8,120.0,"{0: 0.0495, 1: 0.1491, 2: 0.2127, 3: 0.2907, 4: 0.3675}",12,"['WAIT_SETTLE', 'WAIT_SETTLE', 'WAIT_SETTLE', 'WAIT_SETTLE', 'WAIT_SETTLE', 'WAIT_SETTLE', 'WAIT_SETTLE', 'WAIT_SETTLE', 'WAIT_SETTLE', 'WAIT_SETTLE', 'WAIT_SETTLE', 'WAIT_SETTLE']",6.0,120.0,REGIME_G_HIGH_AMBIENT,FB6_Additive_Cost,26
bench_REGIME_G_HIGH_AMBIENT_026,FB7_Exposure_Aware_Planner,potato,DEPTH_CORRELATED,0.212,0.116,0.096,MARKDOWN,0.0,0.0,1.0,0.0,0.0,0.0,0.0,0.0,"{0: 0.0495, 1: 0.1491, 2: 0.2127, 3: 0.2907, 4: 0.3675}",1,['STOP_INSPECTION'],0.0,0.0,REGIME_G_HIGH_AMBIENT,FB7_Proposed,26
bench_REGIME_G_HIGH_AMBIENT_027,FB0_Surface_Only,potato,DEPTH_CORRELATED,0.212,0.1137,0.0983,MARKDOWN,0.0,0.0,1.0,0.0,2.0,0.2,2.2,5.0,"{0: 0.0403, 1: 0.1369, 2: 0.2088, 3: 0.3014, 4: 0.3772}",2,"['OBSERVE_STRATUM', 'STOP_INSPECTION']",2.0,5.0,REGIME_G_HIGH_AMBIENT,FB0_Surface_Only,27
bench_REGIME_G_HIGH_AMBIENT_027,FB1_Fixed_Sampling,potato,DEPTH_CORRELATED,0.212,0.108,0.104,MARKDOWN,0.0,0.0,1.0,0.0,45.0,3.0,48.0,75.0,"{0: 0.0403, 1: 0.1369, 2: 0.2088, 3: 0.3014, 4: 0.3772}",4,"['SAMPLE_UNITS', 'SAMPLE_UNITS', 'SAMPLE_UNITS', 'STOP_INSPECTION']",45.0,75.0,REGIME_G_HIGH_AMBIENT,FB1_Fixed_Random,27
bench_REGIME_G_HIGH_AMBIENT_027,FB2_Depth_Stratified,potato,DEPTH_CORRELATED,0.212,0.1448,0.0672,MARKDOWN,0.0,0.0,1.0,0.0,42.0,11.4,53.4,285.0,"{0: 0.0403, 1: 0.1369, 2: 0.2088, 3: 0.3014, 4: 0.3772}",10,"['OBSERVE_STRATUM', 'REMOVE_LAYER', 'OBSERVE_STRATUM', 'REMOVE_LAYER', 'OBSERVE_STRATUM', 'REMOVE_LAYER', 'OBSERVE_STRATUM', 'REMOVE_LAYER', 'OBSERVE_STRATUM', 'STOP_INSPECTION']",42.0,85.0,REGIME_G_HIGH_AMBIENT,FB2_Depth_Stratified,27
bench_REGIME_G_HIGH_AMBIENT_027,FB3_Macro_Myopic_VOI,potato,DEPTH_CORRELATED,0.212,0.111,0.101,MARKDOWN,0.0,0.0,1.0,0.0,2.0,0.2,2.2,5.0,"{0: 0.0403, 1: 0.1369, 2: 0.2088, 3: 0.3014, 4: 0.3772}",2,"['OBSERVE_STRATUM', 'STOP_INSPECTION']",2.0,5.0,REGIME_G_HIGH_AMBIENT,FB3_Macro_Myopic_VOI,27
bench_REGIME_G_HIGH_AMBIENT_027,FB5_State_Blind_Lookahead,potato,DEPTH_CORRELATED,0.212,0.116,0.096,MARKDOWN,0.0,0.0,1.0,0.0,6.0,4.8,10.8,120.0,"{0: 0.0403, 1: 0.1369, 2: 0.2088, 3: 0.3014, 4: 0.3772}",12,"['WAIT_SETTLE', 'WAIT_SETTLE', 'WAIT_SETTLE', 'WAIT_SETTLE', 'WAIT_SETTLE', 'WAIT_SETTLE', 'WAIT_SETTLE', 'WAIT_SETTLE', 'WAIT_SETTLE', 'WAIT_SETTLE', 'WAIT_SETTLE', 'WAIT_SETTLE']",6.0,120.0,REGIME_G_HIGH_AMBIENT,FB5_State_Blind,27
bench_REGIME_G_HIGH_AMBIENT_027,FB6_Additive_Cost_Planner,potato,DEPTH_CORRELATED,0.212,0.116,0.096,MARKDOWN,0.0,0.0,1.0,0.0,6.0,4.8,10.8,120.0,"{0: 0.0403, 1: 0.1369, 2: 0.2088, 3: 0.3014, 4: 0.3772}",12,"['WAIT_SETTLE', 'WAIT_SETTLE', 'WAIT_SETTLE', 'WAIT_SETTLE', 'WAIT_SETTLE', 'WAIT_SETTLE', 'WAIT_SETTLE', 'WAIT_SETTLE', 'WAIT_SETTLE', 'WAIT_SETTLE', 'WAIT_SETTLE', 'WAIT_SETTLE']",6.0,120.0,REGIME_G_HIGH_AMBIENT,FB6_Additive_Cost,27
bench_REGIME_G_HIGH_AMBIENT_027,FB7_Exposure_Aware_Planner,potato,DEPTH_CORRELATED,0.212,0.116,0.096,MARKDOWN,0.0,0.0,1.0,0.0,0.0,0.0,0.0,0.0,"{0: 0.0403, 1: 0.1369, 2: 0.2088, 3: 0.3014, 4: 0.3772}",1,['STOP_INSPECTION'],0.0,0.0,REGIME_G_HIGH_AMBIENT,FB7_Proposed,27
bench_REGIME_G_HIGH_AMBIENT_028,FB0_Surface_Only,potato,DEPTH_CORRELATED,0.192,0.1112,0.0808,MARKDOWN,0.0,0.0,1.0,0.0,2.0,0.2,2.2,5.0,"{0: 0.0284, 1: 0.1261, 2: 0.2065, 3: 0.2772, 4: 0.3488}",2,"['OBSERVE_STRATUM', 'STOP_INSPECTION']",2.0,5.0,REGIME_G_HIGH_AMBIENT,FB0_Surface_Only,28
bench_REGIME_G_HIGH_AMBIENT_028,FB1_Fixed_Sampling,potato,DEPTH_CORRELATED,0.192,0.1089,0.0831,MARKDOWN,0.0,0.0,1.0,0.0,45.0,3.0,48.0,75.0,"{0: 0.0284, 1: 0.1261, 2: 0.2065, 3: 0.2772, 4: 0.3488}",4,"['SAMPLE_UNITS', 'SAMPLE_UNITS', 'SAMPLE_UNITS', 'STOP_INSPECTION']",45.0,75.0,REGIME_G_HIGH_AMBIENT,FB1_Fixed_Random,28
bench_REGIME_G_HIGH_AMBIENT_028,FB2_Depth_Stratified,potato,DEPTH_CORRELATED,0.192,0.1479,0.0441,MARKDOWN,0.0,0.0,1.0,0.0,42.0,11.4,53.4,285.0,"{0: 0.0284, 1: 0.1261, 2: 0.2065, 3: 0.2772, 4: 0.3488}",10,"['OBSERVE_STRATUM', 'REMOVE_LAYER', 'OBSERVE_STRATUM', 'REMOVE_LAYER', 'OBSERVE_STRATUM', 'REMOVE_LAYER', 'OBSERVE_STRATUM', 'REMOVE_LAYER', 'OBSERVE_STRATUM', 'STOP_INSPECTION']",42.0,85.0,REGIME_G_HIGH_AMBIENT,FB2_Depth_Stratified,28
bench_REGIME_G_HIGH_AMBIENT_028,FB3_Macro_Myopic_VOI,potato,DEPTH_CORRELATED,0.192,0.1092,0.0828,MARKDOWN,0.0,0.0,1.0,0.0,2.0,0.2,2.2,5.0,"{0: 0.0284, 1: 0.1261, 2: 0.2065, 3: 0.2772, 4: 0.3488}",2,"['OBSERVE_STRATUM', 'STOP_INSPECTION']",2.0,5.0,REGIME_G_HIGH_AMBIENT,FB3_Macro_Myopic_VOI,28
bench_REGIME_G_HIGH_AMBIENT_028,FB5_State_Blind_Lookahead,potato,DEPTH_CORRELATED,0.192,0.116,0.076,MARKDOWN,0.0,0.0,1.0,0.0,6.0,4.8,10.8,120.0,"{0: 0.0284, 1: 0.1261, 2: 0.2065, 3: 0.2772, 4: 0.3488}",12,"['WAIT_SETTLE', 'WAIT_SETTLE', 'WAIT_SETTLE', 'WAIT_SETTLE', 'WAIT_SETTLE', 'WAIT_SETTLE', 'WAIT_SETTLE', 'WAIT_SETTLE', 'WAIT_SETTLE', 'WAIT_SETTLE', 'WAIT_SETTLE', 'WAIT_SETTLE']",6.0,120.0,REGIME_G_HIGH_AMBIENT,FB5_State_Blind,28
bench_REGIME_G_HIGH_AMBIENT_028,FB6_Additive_Cost_Planner,potato,DEPTH_CORRELATED,0.192,0.116,0.076,MARKDOWN,0.0,0.0,1.0,0.0,6.0,4.8,10.8,120.0,"{0: 0.0284, 1: 0.1261, 2: 0.2065, 3: 0.2772, 4: 0.3488}",12,"['WAIT_SETTLE', 'WAIT_SETTLE', 'WAIT_SETTLE', 'WAIT_SETTLE', 'WAIT_SETTLE', 'WAIT_SETTLE', 'WAIT_SETTLE', 'WAIT_SETTLE', 'WAIT_SETTLE', 'WAIT_SETTLE', 'WAIT_SETTLE', 'WAIT_SETTLE']",6.0,120.0,REGIME_G_HIGH_AMBIENT,FB6_Additive_Cost,28
bench_REGIME_G_HIGH_AMBIENT_028,FB7_Exposure_Aware_Planner,potato,DEPTH_CORRELATED,0.192,0.116,0.076,MARKDOWN,0.0,0.0,1.0,0.0,0.0,0.0,0.0,0.0,"{0: 0.0284, 1: 0.1261, 2: 0.2065, 3: 0.2772, 4: 0.3488}",1,['STOP_INSPECTION'],0.0,0.0,REGIME_G_HIGH_AMBIENT,FB7_Proposed,28
bench_REGIME_G_HIGH_AMBIENT_029,FB0_Surface_Only,potato,DEPTH_CORRELATED,0.196,0.1092,0.0868,MARKDOWN,0.0,0.0,1.0,0.0,2.0,0.2,2.2,5.0,"{0: 0.0223, 1: 0.1078, 2: 0.213, 3: 0.2862, 4: 0.3559}",2,"['OBSERVE_STRATUM', 'STOP_INSPECTION']",2.0,5.0,REGIME_G_HIGH_AMBIENT,FB0_Surface_Only,29
bench_REGIME_G_HIGH_AMBIENT_029,FB1_Fixed_Sampling,potato,DEPTH_CORRELATED,0.196,0.108,0.088,MARKDOWN,0.0,0.0,1.0,0.0,45.0,3.0,48.0,75.0,"{0: 0.0223, 1: 0.1078, 2: 0.213, 3: 0.2862, 4: 0.3559}",4,"['SAMPLE_UNITS', 'SAMPLE_UNITS', 'SAMPLE_UNITS', 'STOP_INSPECTION']",45.0,75.0,REGIME_G_HIGH_AMBIENT,FB1_Fixed_Random,29
bench_REGIME_G_HIGH_AMBIENT_029,FB2_Depth_Stratified,potato,DEPTH_CORRELATED,0.196,0.1458,0.0502,MARKDOWN,0.0,0.0,1.0,0.0,42.0,11.4,53.4,285.0,"{0: 0.0223, 1: 0.1078, 2: 0.213, 3: 0.2862, 4: 0.3559}",10,"['OBSERVE_STRATUM', 'REMOVE_LAYER', 'OBSERVE_STRATUM', 'REMOVE_LAYER', 'OBSERVE_STRATUM', 'REMOVE_LAYER', 'OBSERVE_STRATUM', 'REMOVE_LAYER', 'OBSERVE_STRATUM', 'STOP_INSPECTION']",42.0,85.0,REGIME_G_HIGH_AMBIENT,FB2_Depth_Stratified,29
bench_REGIME_G_HIGH_AMBIENT_029,FB3_Macro_Myopic_VOI,potato,DEPTH_CORRELATED,0.196,0.1092,0.0868,MARKDOWN,0.0,0.0,1.0,0.0,2.0,0.2,2.2,5.0,"{0: 0.0223, 1: 0.1078, 2: 0.213, 3: 0.2862, 4: 0.3559}",2,"['OBSERVE_STRATUM', 'STOP_INSPECTION']",2.0,5.0,REGIME_G_HIGH_AMBIENT,FB3_Macro_Myopic_VOI,29
bench_REGIME_G_HIGH_AMBIENT_029,FB5_State_Blind_Lookahead,potato,DEPTH_CORRELATED,0.196,0.116,0.08,MARKDOWN,0.0,0.0,1.0,0.0,6.0,4.8,10.8,120.0,"{0: 0.0223, 1: 0.1078, 2: 0.213, 3: 0.2862, 4: 0.3559}",12,"['WAIT_SETTLE', 'WAIT_SETTLE', 'WAIT_SETTLE', 'WAIT_SETTLE', 'WAIT_SETTLE', 'WAIT_SETTLE', 'WAIT_SETTLE', 'WAIT_SETTLE', 'WAIT_SETTLE', 'WAIT_SETTLE', 'WAIT_SETTLE', 'WAIT_SETTLE']",6.0,120.0,REGIME_G_HIGH_AMBIENT,FB5_State_Blind,29
bench_REGIME_G_HIGH_AMBIENT_029,FB6_Additive_Cost_Planner,potato,DEPTH_CORRELATED,0.196,0.116,0.08,MARKDOWN,0.0,0.0,1.0,0.0,6.0,4.8,10.8,120.0,"{0: 0.0223, 1: 0.1078, 2: 0.213, 3: 0.2862, 4: 0.3559}",12,"['WAIT_SETTLE', 'WAIT_SETTLE', 'WAIT_SETTLE', 'WAIT_SETTLE', 'WAIT_SETTLE', 'WAIT_SETTLE', 'WAIT_SETTLE', 'WAIT_SETTLE', 'WAIT_SETTLE', 'WAIT_SETTLE', 'WAIT_SETTLE', 'WAIT_SETTLE']",6.0,120.0,REGIME_G_HIGH_AMBIENT,FB6_Additive_Cost,29
bench_REGIME_G_HIGH_AMBIENT_029,FB7_Exposure_Aware_Planner,potato,DEPTH_CORRELATED,0.196,0.116,0.08,MARKDOWN,0.0,0.0,1.0,0.0,0.0,0.0,0.0,0.0,"{0: 0.0223, 1: 0.1078, 2: 0.213, 3: 0.2862, 4: 0.3559}",1,['STOP_INSPECTION'],0.0,0.0,REGIME_G_HIGH_AMBIENT,FB7_Proposed,29
bench_REGIME_G_HIGH_AMBIENT_030,FB0_Surface_Only,potato,DEPTH_CORRELATED,0.204,0.1124,0.0916,MARKDOWN,0.0,0.0,1.0,0.0,2.0,0.2,2.2,5.0,"{0: 0.0439, 1: 0.1019, 2: 0.2119, 3: 0.2747, 4: 0.3727}",2,"['OBSERVE_STRATUM', 'STOP_INSPECTION']",2.0,5.0,REGIME_G_HIGH_AMBIENT,FB0_Surface_Only,30
bench_REGIME_G_HIGH_AMBIENT_030,FB1_Fixed_Sampling,potato,DEPTH_CORRELATED,0.204,0.1113,0.0927,MARKDOWN,0.0,0.0,1.0,0.0,45.0,3.0,48.0,75.0,"{0: 0.0439, 1: 0.1019, 2: 0.2119, 3: 0.2747, 4: 0.3727}",4,"['SAMPLE_UNITS', 'SAMPLE_UNITS', 'SAMPLE_UNITS', 'STOP_INSPECTION']",45.0,75.0,REGIME_G_HIGH_AMBIENT,FB1_Fixed_Random,30
bench_REGIME_G_HIGH_AMBIENT_030,FB2_Depth_Stratified,potato,DEPTH_CORRELATED,0.204,0.1419,0.0621,MARKDOWN,0.0,0.0,1.0,0.0,42.0,11.4,53.4,285.0,"{0: 0.0439, 1: 0.1019, 2: 0.2119, 3: 0.2747, 4: 0.3727}",10,"['OBSERVE_STRATUM', 'REMOVE_LAYER', 'OBSERVE_STRATUM', 'REMOVE_LAYER', 'OBSERVE_STRATUM', 'REMOVE_LAYER', 'OBSERVE_STRATUM', 'REMOVE_LAYER', 'OBSERVE_STRATUM', 'STOP_INSPECTION']",42.0,85.0,REGIME_G_HIGH_AMBIENT,FB2_Depth_Stratified,30
bench_REGIME_G_HIGH_AMBIENT_030,FB3_Macro_Myopic_VOI,potato,DEPTH_CORRELATED,0.204,0.1126,0.0914,MARKDOWN,0.0,0.0,1.0,0.0,2.0,0.2,2.2,5.0,"{0: 0.0439, 1: 0.1019, 2: 0.2119, 3: 0.2747, 4: 0.3727}",2,"['OBSERVE_STRATUM', 'STOP_INSPECTION']",2.0,5.0,REGIME_G_HIGH_AMBIENT,FB3_Macro_Myopic_VOI,30
bench_REGIME_G_HIGH_AMBIENT_030,FB5_State_Blind_Lookahead,potato,DEPTH_CORRELATED,0.204,0.116,0.088,MARKDOWN,0.0,0.0,1.0,0.0,6.0,4.8,10.8,120.0,"{0: 0.0439, 1: 0.1019, 2: 0.2119, 3: 0.2747, 4: 0.3727}",12,"['WAIT_SETTLE', 'WAIT_SETTLE', 'WAIT_SETTLE', 'WAIT_SETTLE', 'WAIT_SETTLE', 'WAIT_SETTLE', 'WAIT_SETTLE', 'WAIT_SETTLE', 'WAIT_SETTLE', 'WAIT_SETTLE', 'WAIT_SETTLE', 'WAIT_SETTLE']",6.0,120.0,REGIME_G_HIGH_AMBIENT,FB5_State_Blind,30
bench_REGIME_G_HIGH_AMBIENT_030,FB6_Additive_Cost_Planner,potato,DEPTH_CORRELATED,0.204,0.116,0.088,MARKDOWN,0.0,0.0,1.0,0.0,6.0,4.8,10.8,120.0,"{0: 0.0439, 1: 0.1019, 2: 0.2119, 3: 0.2747, 4: 0.3727}",12,"['WAIT_SETTLE', 'WAIT_SETTLE', 'WAIT_SETTLE', 'WAIT_SETTLE', 'WAIT_SETTLE', 'WAIT_SETTLE', 'WAIT_SETTLE', 'WAIT_SETTLE', 'WAIT_SETTLE', 'WAIT_SETTLE', 'WAIT_SETTLE', 'WAIT_SETTLE']",6.0,120.0,REGIME_G_HIGH_AMBIENT,FB6_Additive_Cost,30
bench_REGIME_G_HIGH_AMBIENT_030,FB7_Exposure_Aware_Planner,potato,DEPTH_CORRELATED,0.204,0.116,0.088,MARKDOWN,0.0,0.0,1.0,0.0,0.0,0.0,0.0,0.0,"{0: 0.0439, 1: 0.1019, 2: 0.2119, 3: 0.2747, 4: 0.3727}",1,['STOP_INSPECTION'],0.0,0.0,REGIME_G_HIGH_AMBIENT,FB7_Proposed,30
bench_REGIME_G_HIGH_AMBIENT_031,FB0_Surface_Only,potato,DEPTH_CORRELATED,0.204,0.111,0.093,MARKDOWN,0.0,0.0,1.0,0.0,2.0,0.2,2.2,5.0,"{0: 0.0697, 1: 0.112, 2: 0.1872, 3: 0.2966, 4: 0.367}",2,"['OBSERVE_STRATUM', 'STOP_INSPECTION']",2.0,5.0,REGIME_G_HIGH_AMBIENT,FB0_Surface_Only,31
bench_REGIME_G_HIGH_AMBIENT_031,FB1_Fixed_Sampling,potato,DEPTH_CORRELATED,0.204,0.1075,0.0965,MARKDOWN,0.0,0.0,1.0,0.0,45.0,3.0,48.0,75.0,"{0: 0.0697, 1: 0.112, 2: 0.1872, 3: 0.2966, 4: 0.367}",4,"['SAMPLE_UNITS', 'SAMPLE_UNITS', 'SAMPLE_UNITS', 'STOP_INSPECTION']",45.0,75.0,REGIME_G_HIGH_AMBIENT,FB1_Fixed_Random,31
bench_REGIME_G_HIGH_AMBIENT_031,FB2_Depth_Stratified,potato,DEPTH_CORRELATED,0.204,0.1384,0.0656,MARKDOWN,0.0,0.0,1.0,0.0,42.0,11.4,53.4,285.0,"{0: 0.0697, 1: 0.112, 2: 0.1872, 3: 0.2966, 4: 0.367}",10,"['OBSERVE_STRATUM', 'REMOVE_LAYER', 'OBSERVE_STRATUM', 'REMOVE_LAYER', 'OBSERVE_STRATUM', 'REMOVE_LAYER', 'OBSERVE_STRATUM', 'REMOVE_LAYER', 'OBSERVE_STRATUM', 'STOP_INSPECTION']",42.0,85.0,REGIME_G_HIGH_AMBIENT,FB2_Depth_Stratified,31
bench_REGIME_G_HIGH_AMBIENT_031,FB3_Macro_Myopic_VOI,potato,DEPTH_CORRELATED,0.204,0.1115,0.0925,MARKDOWN,0.0,0.0,1.0,0.0,2.0,0.2,2.2,5.0,"{0: 0.0697, 1: 0.112, 2: 0.1872, 3: 0.2966, 4: 0.367}",2,"['OBSERVE_STRATUM', 'STOP_INSPECTION']",2.0,5.0,REGIME_G_HIGH_AMBIENT,FB3_Macro_Myopic_VOI,31
bench_REGIME_G_HIGH_AMBIENT_031,FB5_State_Blind_Lookahead,potato,DEPTH_CORRELATED,0.204,0.116,0.088,MARKDOWN,0.0,0.0,1.0,0.0,6.0,4.8,10.8,120.0,"{0: 0.0697, 1: 0.112, 2: 0.1872, 3: 0.2966, 4: 0.367}",12,"['WAIT_SETTLE', 'WAIT_SETTLE', 'WAIT_SETTLE', 'WAIT_SETTLE', 'WAIT_SETTLE', 'WAIT_SETTLE', 'WAIT_SETTLE', 'WAIT_SETTLE', 'WAIT_SETTLE', 'WAIT_SETTLE', 'WAIT_SETTLE', 'WAIT_SETTLE']",6.0,120.0,REGIME_G_HIGH_AMBIENT,FB5_State_Blind,31
bench_REGIME_G_HIGH_AMBIENT_031,FB6_Additive_Cost_Planner,potato,DEPTH_CORRELATED,0.204,0.116,0.088,MARKDOWN,0.0,0.0,1.0,0.0,6.0,4.8,10.8,120.0,"{0: 0.0697, 1: 0.112, 2: 0.1872, 3: 0.2966, 4: 0.367}",12,"['WAIT_SETTLE', 'WAIT_SETTLE', 'WAIT_SETTLE', 'WAIT_SETTLE', 'WAIT_SETTLE', 'WAIT_SETTLE', 'WAIT_SETTLE', 'WAIT_SETTLE', 'WAIT_SETTLE', 'WAIT_SETTLE', 'WAIT_SETTLE', 'WAIT_SETTLE']",6.0,120.0,REGIME_G_HIGH_AMBIENT,FB6_Additive_Cost,31
bench_REGIME_G_HIGH_AMBIENT_031,FB7_Exposure_Aware_Planner,potato,DEPTH_CORRELATED,0.204,0.116,0.088,MARKDOWN,0.0,0.0,1.0,0.0,0.0,0.0,0.0,0.0,"{0: 0.0697, 1: 0.112, 2: 0.1872, 3: 0.2966, 4: 0.367}",1,['STOP_INSPECTION'],0.0,0.0,REGIME_G_HIGH_AMBIENT,FB7_Proposed,31
bench_REGIME_G_HIGH_AMBIENT_032,FB0_Surface_Only,potato,DEPTH_CORRELATED,0.196,0.1118,0.0842,MARKDOWN,0.0,0.0,1.0,0.0,2.0,0.2,2.2,5.0,"{0: 0.0415, 1: 0.103, 2: 0.1878, 3: 0.3052, 4: 0.3663}",2,"['OBSERVE_STRATUM', 'STOP_INSPECTION']",2.0,5.0,REGIME_G_HIGH_AMBIENT,FB0_Surface_Only,32
bench_REGIME_G_HIGH_AMBIENT_032,FB1_Fixed_Sampling,potato,DEPTH_CORRELATED,0.196,0.109,0.087,MARKDOWN,0.0,0.0,1.0,0.0,45.0,3.0,48.0,75.0,"{0: 0.0415, 1: 0.103, 2: 0.1878, 3: 0.3052, 4: 0.3663}",4,"['SAMPLE_UNITS', 'SAMPLE_UNITS', 'SAMPLE_UNITS', 'STOP_INSPECTION']",45.0,75.0,REGIME_G_HIGH_AMBIENT,FB1_Fixed_Random,32
bench_REGIME_G_HIGH_AMBIENT_032,FB2_Depth_Stratified,potato,DEPTH_CORRELATED,0.196,0.1502,0.0458,MARKDOWN,0.0,0.0,1.0,0.0,42.0,11.4,53.4,285.0,"{0: 0.0415, 1: 0.103, 2: 0.1878, 3: 0.3052, 4: 0.3663}",10,"['OBSERVE_STRATUM', 'REMOVE_LAYER', 'OBSERVE_STRATUM', 'REMOVE_LAYER', 'OBSERVE_STRATUM', 'REMOVE_LAYER', 'OBSERVE_STRATUM', 'REMOVE_LAYER', 'OBSERVE_STRATUM', 'STOP_INSPECTION']",42.0,85.0,REGIME_G_HIGH_AMBIENT,FB2_Depth_Stratified,32
bench_REGIME_G_HIGH_AMBIENT_032,FB3_Macro_Myopic_VOI,potato,DEPTH_CORRELATED,0.196,0.113,0.083,MARKDOWN,0.0,0.0,1.0,0.0,2.0,0.2,2.2,5.0,"{0: 0.0415, 1: 0.103, 2: 0.1878, 3: 0.3052, 4: 0.3663}",2,"['OBSERVE_STRATUM', 'STOP_INSPECTION']",2.0,5.0,REGIME_G_HIGH_AMBIENT,FB3_Macro_Myopic_VOI,32
bench_REGIME_G_HIGH_AMBIENT_032,FB5_State_Blind_Lookahead,potato,DEPTH_CORRELATED,0.196,0.116,0.08,MARKDOWN,0.0,0.0,1.0,0.0,6.0,4.8,10.8,120.0,"{0: 0.0415, 1: 0.103, 2: 0.1878, 3: 0.3052, 4: 0.3663}",12,"['WAIT_SETTLE', 'WAIT_SETTLE', 'WAIT_SETTLE', 'WAIT_SETTLE', 'WAIT_SETTLE', 'WAIT_SETTLE', 'WAIT_SETTLE', 'WAIT_SETTLE', 'WAIT_SETTLE', 'WAIT_SETTLE', 'WAIT_SETTLE', 'WAIT_SETTLE']",6.0,120.0,REGIME_G_HIGH_AMBIENT,FB5_State_Blind,32
bench_REGIME_G_HIGH_AMBIENT_032,FB6_Additive_Cost_Planner,potato,DEPTH_CORRELATED,0.196,0.116,0.08,MARKDOWN,0.0,0.0,1.0,0.0,6.0,4.8,10.8,120.0,"{0: 0.0415, 1: 0.103, 2: 0.1878, 3: 0.3052, 4: 0.3663}",12,"['WAIT_SETTLE', 'WAIT_SETTLE', 'WAIT_SETTLE', 'WAIT_SETTLE', 'WAIT_SETTLE', 'WAIT_SETTLE', 'WAIT_SETTLE', 'WAIT_SETTLE', 'WAIT_SETTLE', 'WAIT_SETTLE', 'WAIT_SETTLE', 'WAIT_SETTLE']",6.0,120.0,REGIME_G_HIGH_AMBIENT,FB6_Additive_Cost,32
bench_REGIME_G_HIGH_AMBIENT_032,FB7_Exposure_Aware_Planner,potato,DEPTH_CORRELATED,0.196,0.116,0.08,MARKDOWN,0.0,0.0,1.0,0.0,0.0,0.0,0.0,0.0,"{0: 0.0415, 1: 0.103, 2: 0.1878, 3: 0.3052, 4: 0.3663}",1,['STOP_INSPECTION'],0.0,0.0,REGIME_G_HIGH_AMBIENT,FB7_Proposed,32
bench_REGIME_G_HIGH_AMBIENT_033,FB0_Surface_Only,potato,DEPTH_CORRELATED,0.2,0.1101,0.0899,MARKDOWN,0.0,0.0,1.0,0.0,2.0,0.2,2.2,5.0,"{0: 0.0232, 1: 0.1128, 2: 0.2252, 3: 0.3031, 4: 0.3427}",2,"['OBSERVE_STRATUM', 'STOP_INSPECTION']",2.0,5.0,REGIME_G_HIGH_AMBIENT,FB0_Surface_Only,33
bench_REGIME_G_HIGH_AMBIENT_033,FB1_Fixed_Sampling,potato,DEPTH_CORRELATED,0.2,0.11,0.09,MARKDOWN,0.0,0.0,1.0,0.0,45.0,3.0,48.0,75.0,"{0: 0.0232, 1: 0.1128, 2: 0.2252, 3: 0.3031, 4: 0.3427}",4,"['SAMPLE_UNITS', 'SAMPLE_UNITS', 'SAMPLE_UNITS', 'STOP_INSPECTION']",45.0,75.0,REGIME_G_HIGH_AMBIENT,FB1_Fixed_Random,33
bench_REGIME_G_HIGH_AMBIENT_033,FB2_Depth_Stratified,potato,DEPTH_CORRELATED,0.2,0.1484,0.0516,MARKDOWN,0.0,0.0,1.0,0.0,42.0,11.4,53.4,285.0,"{0: 0.0232, 1: 0.1128, 2: 0.2252, 3: 0.3031, 4: 0.3427}",10,"['OBSERVE_STRATUM', 'REMOVE_LAYER', 'OBSERVE_STRATUM', 'REMOVE_LAYER', 'OBSERVE_STRATUM', 'REMOVE_LAYER', 'OBSERVE_STRATUM', 'REMOVE_LAYER', 'OBSERVE_STRATUM', 'STOP_INSPECTION']",42.0,85.0,REGIME_G_HIGH_AMBIENT,FB2_Depth_Stratified,33
bench_REGIME_G_HIGH_AMBIENT_033,FB3_Macro_Myopic_VOI,potato,DEPTH_CORRELATED,0.2,0.115,0.085,MARKDOWN,0.0,0.0,1.0,0.0,2.0,0.2,2.2,5.0,"{0: 0.0232, 1: 0.1128, 2: 0.2252, 3: 0.3031, 4: 0.3427}",2,"['OBSERVE_STRATUM', 'STOP_INSPECTION']",2.0,5.0,REGIME_G_HIGH_AMBIENT,FB3_Macro_Myopic_VOI,33
bench_REGIME_G_HIGH_AMBIENT_033,FB5_State_Blind_Lookahead,potato,DEPTH_CORRELATED,0.2,0.116,0.084,MARKDOWN,0.0,0.0,1.0,0.0,6.0,4.8,10.8,120.0,"{0: 0.0232, 1: 0.1128, 2: 0.2252, 3: 0.3031, 4: 0.3427}",12,"['WAIT_SETTLE', 'WAIT_SETTLE', 'WAIT_SETTLE', 'WAIT_SETTLE', 'WAIT_SETTLE', 'WAIT_SETTLE', 'WAIT_SETTLE', 'WAIT_SETTLE', 'WAIT_SETTLE', 'WAIT_SETTLE', 'WAIT_SETTLE', 'WAIT_SETTLE']",6.0,120.0,REGIME_G_HIGH_AMBIENT,FB5_State_Blind,33
bench_REGIME_G_HIGH_AMBIENT_033,FB6_Additive_Cost_Planner,potato,DEPTH_CORRELATED,0.2,0.116,0.084,MARKDOWN,0.0,0.0,1.0,0.0,6.0,4.8,10.8,120.0,"{0: 0.0232, 1: 0.1128, 2: 0.2252, 3: 0.3031, 4: 0.3427}",12,"['WAIT_SETTLE', 'WAIT_SETTLE', 'WAIT_SETTLE', 'WAIT_SETTLE', 'WAIT_SETTLE', 'WAIT_SETTLE', 'WAIT_SETTLE', 'WAIT_SETTLE', 'WAIT_SETTLE', 'WAIT_SETTLE', 'WAIT_SETTLE', 'WAIT_SETTLE']",6.0,120.0,REGIME_G_HIGH_AMBIENT,FB6_Additive_Cost,33
bench_REGIME_G_HIGH_AMBIENT_033,FB7_Exposure_Aware_Planner,potato,DEPTH_CORRELATED,0.2,0.116,0.084,MARKDOWN,0.0,0.0,1.0,0.0,0.0,0.0,0.0,0.0,"{0: 0.0232, 1: 0.1128, 2: 0.2252, 3: 0.3031, 4: 0.3427}",1,['STOP_INSPECTION'],0.0,0.0,REGIME_G_HIGH_AMBIENT,FB7_Proposed,33
bench_REGIME_G_HIGH_AMBIENT_034,FB0_Surface_Only,potato,DEPTH_CORRELATED,0.2,0.1116,0.0884,MARKDOWN,0.0,0.0,1.0,0.0,2.0,0.2,2.2,5.0,"{0: 0.037, 1: 0.1353, 2: 0.1841, 3: 0.3018, 4: 0.3475}",2,"['OBSERVE_STRATUM', 'STOP_INSPECTION']",2.0,5.0,REGIME_G_HIGH_AMBIENT,FB0_Surface_Only,34
bench_REGIME_G_HIGH_AMBIENT_034,FB1_Fixed_Sampling,potato,DEPTH_CORRELATED,0.2,0.1091,0.0909,MARKDOWN,0.0,0.0,1.0,0.0,45.0,3.0,48.0,75.0,"{0: 0.037, 1: 0.1353, 2: 0.1841, 3: 0.3018, 4: 0.3475}",4,"['SAMPLE_UNITS', 'SAMPLE_UNITS', 'SAMPLE_UNITS', 'STOP_INSPECTION']",45.0,75.0,REGIME_G_HIGH_AMBIENT,FB1_Fixed_Random,34
bench_REGIME_G_HIGH_AMBIENT_034,FB2_Depth_Stratified,potato,DEPTH_CORRELATED,0.2,0.1409,0.0591,MARKDOWN,0.0,0.0,1.0,0.0,42.0,11.4,53.4,285.0,"{0: 0.037, 1: 0.1353, 2: 0.1841, 3: 0.3018, 4: 0.3475}",10,"['OBSERVE_STRATUM', 'REMOVE_LAYER', 'OBSERVE_STRATUM', 'REMOVE_LAYER', 'OBSERVE_STRATUM', 'REMOVE_LAYER', 'OBSERVE_STRATUM', 'REMOVE_LAYER', 'OBSERVE_STRATUM', 'STOP_INSPECTION']",42.0,85.0,REGIME_G_HIGH_AMBIENT,FB2_Depth_Stratified,34
bench_REGIME_G_HIGH_AMBIENT_034,FB3_Macro_Myopic_VOI,potato,DEPTH_CORRELATED,0.2,0.111,0.089,MARKDOWN,0.0,0.0,1.0,0.0,2.0,0.2,2.2,5.0,"{0: 0.037, 1: 0.1353, 2: 0.1841, 3: 0.3018, 4: 0.3475}",2,"['OBSERVE_STRATUM', 'STOP_INSPECTION']",2.0,5.0,REGIME_G_HIGH_AMBIENT,FB3_Macro_Myopic_VOI,34
bench_REGIME_G_HIGH_AMBIENT_034,FB5_State_Blind_Lookahead,potato,DEPTH_CORRELATED,0.2,0.116,0.084,MARKDOWN,0.0,0.0,1.0,0.0,6.0,4.8,10.8,120.0,"{0: 0.037, 1: 0.1353, 2: 0.1841, 3: 0.3018, 4: 0.3475}",12,"['WAIT_SETTLE', 'WAIT_SETTLE', 'WAIT_SETTLE', 'WAIT_SETTLE', 'WAIT_SETTLE', 'WAIT_SETTLE', 'WAIT_SETTLE', 'WAIT_SETTLE', 'WAIT_SETTLE', 'WAIT_SETTLE', 'WAIT_SETTLE', 'WAIT_SETTLE']",6.0,120.0,REGIME_G_HIGH_AMBIENT,FB5_State_Blind,34
bench_REGIME_G_HIGH_AMBIENT_034,FB6_Additive_Cost_Planner,potato,DEPTH_CORRELATED,0.2,0.116,0.084,MARKDOWN,0.0,0.0,1.0,0.0,6.0,4.8,10.8,120.0,"{0: 0.037, 1: 0.1353, 2: 0.1841, 3: 0.3018, 4: 0.3475}",12,"['WAIT_SETTLE', 'WAIT_SETTLE', 'WAIT_SETTLE', 'WAIT_SETTLE', 'WAIT_SETTLE', 'WAIT_SETTLE', 'WAIT_SETTLE', 'WAIT_SETTLE', 'WAIT_SETTLE', 'WAIT_SETTLE', 'WAIT_SETTLE', 'WAIT_SETTLE']",6.0,120.0,REGIME_G_HIGH_AMBIENT,FB6_Additive_Cost,34
bench_REGIME_G_HIGH_AMBIENT_034,FB7_Exposure_Aware_Planner,potato,DEPTH_CORRELATED,0.2,0.116,0.084,MARKDOWN,0.0,0.0,1.0,0.0,0.0,0.0,0.0,0.0,"{0: 0.037, 1: 0.1353, 2: 0.1841, 3: 0.3018, 4: 0.3475}",1,['STOP_INSPECTION'],0.0,0.0,REGIME_G_HIGH_AMBIENT,FB7_Proposed,34
bench_REGIME_G_HIGH_AMBIENT_035,FB0_Surface_Only,potato,DEPTH_CORRELATED,0.204,0.1147,0.0893,MARKDOWN,0.0,0.0,1.0,0.0,2.0,0.2,2.2,5.0,"{0: 0.0609, 1: 0.1043, 2: 0.2276, 3: 0.2683, 4: 0.3854}",2,"['OBSERVE_STRATUM', 'STOP_INSPECTION']",2.0,5.0,REGIME_G_HIGH_AMBIENT,FB0_Surface_Only,35
bench_REGIME_G_HIGH_AMBIENT_035,FB1_Fixed_Sampling,potato,DEPTH_CORRELATED,0.204,0.1088,0.0952,MARKDOWN,0.0,0.0,1.0,0.0,45.0,3.0,48.0,75.0,"{0: 0.0609, 1: 0.1043, 2: 0.2276, 3: 0.2683, 4: 0.3854}",4,"['SAMPLE_UNITS', 'SAMPLE_UNITS', 'SAMPLE_UNITS', 'STOP_INSPECTION']",45.0,75.0,REGIME_G_HIGH_AMBIENT,FB1_Fixed_Random,35
bench_REGIME_G_HIGH_AMBIENT_035,FB2_Depth_Stratified,potato,DEPTH_CORRELATED,0.204,0.1481,0.0559,MARKDOWN,0.0,0.0,1.0,0.0,42.0,11.4,53.4,285.0,"{0: 0.0609, 1: 0.1043, 2: 0.2276, 3: 0.2683, 4: 0.3854}",10,"['OBSERVE_STRATUM', 'REMOVE_LAYER', 'OBSERVE_STRATUM', 'REMOVE_LAYER', 'OBSERVE_STRATUM', 'REMOVE_LAYER', 'OBSERVE_STRATUM', 'REMOVE_LAYER', 'OBSERVE_STRATUM', 'STOP_INSPECTION']",42.0,85.0,REGIME_G_HIGH_AMBIENT,FB2_Depth_Stratified,35
bench_REGIME_G_HIGH_AMBIENT_035,FB3_Macro_Myopic_VOI,potato,DEPTH_CORRELATED,0.204,0.1168,0.0872,MARKDOWN,0.0,0.0,1.0,0.0,2.0,0.2,2.2,5.0,"{0: 0.0609, 1: 0.1043, 2: 0.2276, 3: 0.2683, 4: 0.3854}",2,"['OBSERVE_STRATUM', 'STOP_INSPECTION']",2.0,5.0,REGIME_G_HIGH_AMBIENT,FB3_Macro_Myopic_VOI,35
bench_REGIME_G_HIGH_AMBIENT_035,FB5_State_Blind_Lookahead,potato,DEPTH_CORRELATED,0.204,0.116,0.088,MARKDOWN,0.0,0.0,1.0,0.0,6.0,4.8,10.8,120.0,"{0: 0.0609, 1: 0.1043, 2: 0.2276, 3: 0.2683, 4: 0.3854}",12,"['WAIT_SETTLE', 'WAIT_SETTLE', 'WAIT_SETTLE', 'WAIT_SETTLE', 'WAIT_SETTLE', 'WAIT_SETTLE', 'WAIT_SETTLE', 'WAIT_SETTLE', 'WAIT_SETTLE', 'WAIT_SETTLE', 'WAIT_SETTLE', 'WAIT_SETTLE']",6.0,120.0,REGIME_G_HIGH_AMBIENT,FB5_State_Blind,35
bench_REGIME_G_HIGH_AMBIENT_035,FB6_Additive_Cost_Planner,potato,DEPTH_CORRELATED,0.204,0.116,0.088,MARKDOWN,0.0,0.0,1.0,0.0,6.0,4.8,10.8,120.0,"{0: 0.0609, 1: 0.1043, 2: 0.2276, 3: 0.2683, 4: 0.3854}",12,"['WAIT_SETTLE', 'WAIT_SETTLE', 'WAIT_SETTLE', 'WAIT_SETTLE', 'WAIT_SETTLE', 'WAIT_SETTLE', 'WAIT_SETTLE', 'WAIT_SETTLE', 'WAIT_SETTLE', 'WAIT_SETTLE', 'WAIT_SETTLE', 'WAIT_SETTLE']",6.0,120.0,REGIME_G_HIGH_AMBIENT,FB6_Additive_Cost,35
bench_REGIME_G_HIGH_AMBIENT_035,FB7_Exposure_Aware_Planner,potato,DEPTH_CORRELATED,0.204,0.116,0.088,MARKDOWN,0.0,0.0,1.0,0.0,0.0,0.0,0.0,0.0,"{0: 0.0609, 1: 0.1043, 2: 0.2276, 3: 0.2683, 4: 0.3854}",1,['STOP_INSPECTION'],0.0,0.0,REGIME_G_HIGH_AMBIENT,FB7_Proposed,35
bench_REGIME_G_HIGH_AMBIENT_036,FB0_Surface_Only,potato,DEPTH_CORRELATED,0.196,0.1151,0.0809,MARKDOWN,0.0,0.0,1.0,0.0,2.0,0.2,2.2,5.0,"{0: 0.0238, 1: 0.1154, 2: 0.1864, 3: 0.307, 4: 0.3532}",2,"['OBSERVE_STRATUM', 'STOP_INSPECTION']",2.0,5.0,REGIME_G_HIGH_AMBIENT,FB0_Surface_Only,36
bench_REGIME_G_HIGH_AMBIENT_036,FB1_Fixed_Sampling,potato,DEPTH_CORRELATED,0.196,0.1061,0.0899,MARKDOWN,0.0,0.0,1.0,0.0,45.0,3.0,48.0,75.0,"{0: 0.0238, 1: 0.1154, 2: 0.1864, 3: 0.307, 4: 0.3532}",4,"['SAMPLE_UNITS', 'SAMPLE_UNITS', 'SAMPLE_UNITS', 'STOP_INSPECTION']",45.0,75.0,REGIME_G_HIGH_AMBIENT,FB1_Fixed_Random,36
bench_REGIME_G_HIGH_AMBIENT_036,FB2_Depth_Stratified,potato,DEPTH_CORRELATED,0.196,0.1498,0.0462,MARKDOWN,0.0,0.0,1.0,0.0,42.0,11.4,53.4,285.0,"{0: 0.0238, 1: 0.1154, 2: 0.1864, 3: 0.307, 4: 0.3532}",10,"['OBSERVE_STRATUM', 'REMOVE_LAYER', 'OBSERVE_STRATUM', 'REMOVE_LAYER', 'OBSERVE_STRATUM', 'REMOVE_LAYER', 'OBSERVE_STRATUM', 'REMOVE_LAYER', 'OBSERVE_STRATUM', 'STOP_INSPECTION']",42.0,85.0,REGIME_G_HIGH_AMBIENT,FB2_Depth_Stratified,36
bench_REGIME_G_HIGH_AMBIENT_036,FB3_Macro_Myopic_VOI,potato,DEPTH_CORRELATED,0.196,0.11,0.086,MARKDOWN,0.0,0.0,1.0,0.0,2.0,0.2,2.2,5.0,"{0: 0.0238, 1: 0.1154, 2: 0.1864, 3: 0.307, 4: 0.3532}",2,"['OBSERVE_STRATUM', 'STOP_INSPECTION']",2.0,5.0,REGIME_G_HIGH_AMBIENT,FB3_Macro_Myopic_VOI,36
bench_REGIME_G_HIGH_AMBIENT_036,FB5_State_Blind_Lookahead,potato,DEPTH_CORRELATED,0.196,0.116,0.08,MARKDOWN,0.0,0.0,1.0,0.0,6.0,4.8,10.8,120.0,"{0: 0.0238, 1: 0.1154, 2: 0.1864, 3: 0.307, 4: 0.3532}",12,"['WAIT_SETTLE', 'WAIT_SETTLE', 'WAIT_SETTLE', 'WAIT_SETTLE', 'WAIT_SETTLE', 'WAIT_SETTLE', 'WAIT_SETTLE', 'WAIT_SETTLE', 'WAIT_SETTLE', 'WAIT_SETTLE', 'WAIT_SETTLE', 'WAIT_SETTLE']",6.0,120.0,REGIME_G_HIGH_AMBIENT,FB5_State_Blind,36
bench_REGIME_G_HIGH_AMBIENT_036,FB6_Additive_Cost_Planner,potato,DEPTH_CORRELATED,0.196,0.116,0.08,MARKDOWN,0.0,0.0,1.0,0.0,6.0,4.8,10.8,120.0,"{0: 0.0238, 1: 0.1154, 2: 0.1864, 3: 0.307, 4: 0.3532}",12,"['WAIT_SETTLE', 'WAIT_SETTLE', 'WAIT_SETTLE', 'WAIT_SETTLE', 'WAIT_SETTLE', 'WAIT_SETTLE', 'WAIT_SETTLE', 'WAIT_SETTLE', 'WAIT_SETTLE', 'WAIT_SETTLE', 'WAIT_SETTLE', 'WAIT_SETTLE']",6.0,120.0,REGIME_G_HIGH_AMBIENT,FB6_Additive_Cost,36
bench_REGIME_G_HIGH_AMBIENT_036,FB7_Exposure_Aware_Planner,potato,DEPTH_CORRELATED,0.196,0.116,0.08,MARKDOWN,0.0,0.0,1.0,0.0,0.0,0.0,0.0,0.0,"{0: 0.0238, 1: 0.1154, 2: 0.1864, 3: 0.307, 4: 0.3532}",1,['STOP_INSPECTION'],0.0,0.0,REGIME_G_HIGH_AMBIENT,FB7_Proposed,36
bench_REGIME_G_HIGH_AMBIENT_037,FB0_Surface_Only,potato,DEPTH_CORRELATED,0.184,0.1103,0.0737,MARKDOWN,0.0,0.0,1.0,0.0,2.0,0.2,2.2,5.0,"{0: 0.0271, 1: 0.108, 2: 0.1842, 3: 0.265, 4: 0.3543}",2,"['OBSERVE_STRATUM', 'STOP_INSPECTION']",2.0,5.0,REGIME_G_HIGH_AMBIENT,FB0_Surface_Only,37
bench_REGIME_G_HIGH_AMBIENT_037,FB1_Fixed_Sampling,potato,DEPTH_CORRELATED,0.184,0.1091,0.0749,MARKDOWN,0.0,0.0,1.0,0.0,45.0,3.0,48.0,75.0,"{0: 0.0271, 1: 0.108, 2: 0.1842, 3: 0.265, 4: 0.3543}",4,"['SAMPLE_UNITS', 'SAMPLE_UNITS', 'SAMPLE_UNITS', 'STOP_INSPECTION']",45.0,75.0,REGIME_G_HIGH_AMBIENT,FB1_Fixed_Random,37
bench_REGIME_G_HIGH_AMBIENT_037,FB2_Depth_Stratified,potato,DEPTH_CORRELATED,0.184,0.1449,0.0391,MARKDOWN,0.0,0.0,1.0,0.0,42.0,11.4,53.4,285.0,"{0: 0.0271, 1: 0.108, 2: 0.1842, 3: 0.265, 4: 0.3543}",10,"['OBSERVE_STRATUM', 'REMOVE_LAYER', 'OBSERVE_STRATUM', 'REMOVE_LAYER', 'OBSERVE_STRATUM', 'REMOVE_LAYER', 'OBSERVE_STRATUM', 'REMOVE_LAYER', 'OBSERVE_STRATUM', 'STOP_INSPECTION']",42.0,85.0,REGIME_G_HIGH_AMBIENT,FB2_Depth_Stratified,37
bench_REGIME_G_HIGH_AMBIENT_037,FB3_Macro_Myopic_VOI,potato,DEPTH_CORRELATED,0.184,0.1094,0.0746,MARKDOWN,0.0,0.0,1.0,0.0,2.0,0.2,2.2,5.0,"{0: 0.0271, 1: 0.108, 2: 0.1842, 3: 0.265, 4: 0.3543}",2,"['OBSERVE_STRATUM', 'STOP_INSPECTION']",2.0,5.0,REGIME_G_HIGH_AMBIENT,FB3_Macro_Myopic_VOI,37
bench_REGIME_G_HIGH_AMBIENT_037,FB5_State_Blind_Lookahead,potato,DEPTH_CORRELATED,0.184,0.116,0.068,MARKDOWN,0.0,0.0,1.0,0.0,6.0,4.8,10.8,120.0,"{0: 0.0271, 1: 0.108, 2: 0.1842, 3: 0.265, 4: 0.3543}",12,"['WAIT_SETTLE', 'WAIT_SETTLE', 'WAIT_SETTLE', 'WAIT_SETTLE', 'WAIT_SETTLE', 'WAIT_SETTLE', 'WAIT_SETTLE', 'WAIT_SETTLE', 'WAIT_SETTLE', 'WAIT_SETTLE', 'WAIT_SETTLE', 'WAIT_SETTLE']",6.0,120.0,REGIME_G_HIGH_AMBIENT,FB5_State_Blind,37
bench_REGIME_G_HIGH_AMBIENT_037,FB6_Additive_Cost_Planner,potato,DEPTH_CORRELATED,0.184,0.116,0.068,MARKDOWN,0.0,0.0,1.0,0.0,6.0,4.8,10.8,120.0,"{0: 0.0271, 1: 0.108, 2: 0.1842, 3: 0.265, 4: 0.3543}",12,"['WAIT_SETTLE', 'WAIT_SETTLE', 'WAIT_SETTLE', 'WAIT_SETTLE', 'WAIT_SETTLE', 'WAIT_SETTLE', 'WAIT_SETTLE', 'WAIT_SETTLE', 'WAIT_SETTLE', 'WAIT_SETTLE', 'WAIT_SETTLE', 'WAIT_SETTLE']",6.0,120.0,REGIME_G_HIGH_AMBIENT,FB6_Additive_Cost,37
bench_REGIME_G_HIGH_AMBIENT_037,FB7_Exposure_Aware_Planner,potato,DEPTH_CORRELATED,0.184,0.116,0.068,MARKDOWN,0.0,0.0,1.0,0.0,0.0,0.0,0.0,0.0,"{0: 0.0271, 1: 0.108, 2: 0.1842, 3: 0.265, 4: 0.3543}",1,['STOP_INSPECTION'],0.0,0.0,REGIME_G_HIGH_AMBIENT,FB7_Proposed,37
bench_REGIME_G_HIGH_AMBIENT_038,FB0_Surface_Only,potato,DEPTH_CORRELATED,0.204,0.1122,0.0918,MARKDOWN,0.0,0.0,1.0,0.0,2.0,0.2,2.2,5.0,"{0: 0.0297, 1: 0.1498, 2: 0.2018, 3: 0.3057, 4: 0.3507}",2,"['OBSERVE_STRATUM', 'STOP_INSPECTION']",2.0,5.0,REGIME_G_HIGH_AMBIENT,FB0_Surface_Only,38
bench_REGIME_G_HIGH_AMBIENT_038,FB1_Fixed_Sampling,potato,DEPTH_CORRELATED,0.204,0.1079,0.0961,MARKDOWN,0.0,0.0,1.0,0.0,45.0,3.0,48.0,75.0,"{0: 0.0297, 1: 0.1498, 2: 0.2018, 3: 0.3057, 4: 0.3507}",4,"['SAMPLE_UNITS', 'SAMPLE_UNITS', 'SAMPLE_UNITS', 'STOP_INSPECTION']",45.0,75.0,REGIME_G_HIGH_AMBIENT,FB1_Fixed_Random,38
bench_REGIME_G_HIGH_AMBIENT_038,FB2_Depth_Stratified,potato,DEPTH_CORRELATED,0.204,0.1525,0.0515,MARKDOWN,0.0,0.0,1.0,0.0,42.0,11.4,53.4,285.0,"{0: 0.0297, 1: 0.1498, 2: 0.2018, 3: 0.3057, 4: 0.3507}",10,"['OBSERVE_STRATUM', 'REMOVE_LAYER', 'OBSERVE_STRATUM', 'REMOVE_LAYER', 'OBSERVE_STRATUM', 'REMOVE_LAYER', 'OBSERVE_STRATUM', 'REMOVE_LAYER', 'OBSERVE_STRATUM', 'STOP_INSPECTION']",42.0,85.0,REGIME_G_HIGH_AMBIENT,FB2_Depth_Stratified,38
bench_REGIME_G_HIGH_AMBIENT_038,FB3_Macro_Myopic_VOI,potato,DEPTH_CORRELATED,0.204,0.1134,0.0906,MARKDOWN,0.0,0.0,1.0,0.0,2.0,0.2,2.2,5.0,"{0: 0.0297, 1: 0.1498, 2: 0.2018, 3: 0.3057, 4: 0.3507}",2,"['OBSERVE_STRATUM', 'STOP_INSPECTION']",2.0,5.0,REGIME_G_HIGH_AMBIENT,FB3_Macro_Myopic_VOI,38
bench_REGIME_G_HIGH_AMBIENT_038,FB5_State_Blind_Lookahead,potato,DEPTH_CORRELATED,0.204,0.116,0.088,MARKDOWN,0.0,0.0,1.0,0.0,6.0,4.8,10.8,120.0,"{0: 0.0297, 1: 0.1498, 2: 0.2018, 3: 0.3057, 4: 0.3507}",12,"['WAIT_SETTLE', 'WAIT_SETTLE', 'WAIT_SETTLE', 'WAIT_SETTLE', 'WAIT_SETTLE', 'WAIT_SETTLE', 'WAIT_SETTLE', 'WAIT_SETTLE', 'WAIT_SETTLE', 'WAIT_SETTLE', 'WAIT_SETTLE', 'WAIT_SETTLE']",6.0,120.0,REGIME_G_HIGH_AMBIENT,FB5_State_Blind,38
bench_REGIME_G_HIGH_AMBIENT_038,FB6_Additive_Cost_Planner,potato,DEPTH_CORRELATED,0.204,0.116,0.088,MARKDOWN,0.0,0.0,1.0,0.0,6.0,4.8,10.8,120.0,"{0: 0.0297, 1: 0.1498, 2: 0.2018, 3: 0.3057, 4: 0.3507}",12,"['WAIT_SETTLE', 'WAIT_SETTLE', 'WAIT_SETTLE', 'WAIT_SETTLE', 'WAIT_SETTLE', 'WAIT_SETTLE', 'WAIT_SETTLE', 'WAIT_SETTLE', 'WAIT_SETTLE', 'WAIT_SETTLE', 'WAIT_SETTLE', 'WAIT_SETTLE']",6.0,120.0,REGIME_G_HIGH_AMBIENT,FB6_Additive_Cost,38
bench_REGIME_G_HIGH_AMBIENT_038,FB7_Exposure_Aware_Planner,potato,DEPTH_CORRELATED,0.204,0.116,0.088,MARKDOWN,0.0,0.0,1.0,0.0,0.0,0.0,0.0,0.0,"{0: 0.0297, 1: 0.1498, 2: 0.2018, 3: 0.3057, 4: 0.3507}",1,['STOP_INSPECTION'],0.0,0.0,REGIME_G_HIGH_AMBIENT,FB7_Proposed,38
bench_REGIME_G_HIGH_AMBIENT_039,FB0_Surface_Only,potato,DEPTH_CORRELATED,0.2,0.1101,0.0899,MARKDOWN,0.0,0.0,1.0,0.0,2.0,0.2,2.2,5.0,"{0: 0.0498, 1: 0.1178, 2: 0.2133, 3: 0.2641, 4: 0.3554}",2,"['OBSERVE_STRATUM', 'STOP_INSPECTION']",2.0,5.0,REGIME_G_HIGH_AMBIENT,FB0_Surface_Only,39
bench_REGIME_G_HIGH_AMBIENT_039,FB1_Fixed_Sampling,potato,DEPTH_CORRELATED,0.2,0.1082,0.0918,MARKDOWN,0.0,0.0,1.0,0.0,45.0,3.0,48.0,75.0,"{0: 0.0498, 1: 0.1178, 2: 0.2133, 3: 0.2641, 4: 0.3554}",4,"['SAMPLE_UNITS', 'SAMPLE_UNITS', 'SAMPLE_UNITS', 'STOP_INSPECTION']",45.0,75.0,REGIME_G_HIGH_AMBIENT,FB1_Fixed_Random,39
bench_REGIME_G_HIGH_AMBIENT_039,FB2_Depth_Stratified,potato,DEPTH_CORRELATED,0.2,0.1502,0.0498,MARKDOWN,0.0,0.0,1.0,0.0,42.0,11.4,53.4,285.0,"{0: 0.0498, 1: 0.1178, 2: 0.2133, 3: 0.2641, 4: 0.3554}",10,"['OBSERVE_STRATUM', 'REMOVE_LAYER', 'OBSERVE_STRATUM', 'REMOVE_LAYER', 'OBSERVE_STRATUM', 'REMOVE_LAYER', 'OBSERVE_STRATUM', 'REMOVE_LAYER', 'OBSERVE_STRATUM', 'STOP_INSPECTION']",42.0,85.0,REGIME_G_HIGH_AMBIENT,FB2_Depth_Stratified,39
bench_REGIME_G_HIGH_AMBIENT_039,FB3_Macro_Myopic_VOI,potato,DEPTH_CORRELATED,0.2,0.1115,0.0885,MARKDOWN,0.0,0.0,1.0,0.0,2.0,0.2,2.2,5.0,"{0: 0.0498, 1: 0.1178, 2: 0.2133, 3: 0.2641, 4: 0.3554}",2,"['OBSERVE_STRATUM', 'STOP_INSPECTION']",2.0,5.0,REGIME_G_HIGH_AMBIENT,FB3_Macro_Myopic_VOI,39
bench_REGIME_G_HIGH_AMBIENT_039,FB5_State_Blind_Lookahead,potato,DEPTH_CORRELATED,0.2,0.116,0.084,MARKDOWN,0.0,0.0,1.0,0.0,6.0,4.8,10.8,120.0,"{0: 0.0498, 1: 0.1178, 2: 0.2133, 3: 0.2641, 4: 0.3554}",12,"['WAIT_SETTLE', 'WAIT_SETTLE', 'WAIT_SETTLE', 'WAIT_SETTLE', 'WAIT_SETTLE', 'WAIT_SETTLE', 'WAIT_SETTLE', 'WAIT_SETTLE', 'WAIT_SETTLE', 'WAIT_SETTLE', 'WAIT_SETTLE', 'WAIT_SETTLE']",6.0,120.0,REGIME_G_HIGH_AMBIENT,FB5_State_Blind,39
bench_REGIME_G_HIGH_AMBIENT_039,FB6_Additive_Cost_Planner,potato,DEPTH_CORRELATED,0.2,0.116,0.084,MARKDOWN,0.0,0.0,1.0,0.0,6.0,4.8,10.8,120.0,"{0: 0.0498, 1: 0.1178, 2: 0.2133, 3: 0.2641, 4: 0.3554}",12,"['WAIT_SETTLE', 'WAIT_SETTLE', 'WAIT_SETTLE', 'WAIT_SETTLE', 'WAIT_SETTLE', 'WAIT_SETTLE', 'WAIT_SETTLE', 'WAIT_SETTLE', 'WAIT_SETTLE', 'WAIT_SETTLE', 'WAIT_SETTLE', 'WAIT_SETTLE']",6.0,120.0,REGIME_G_HIGH_AMBIENT,FB6_Additive_Cost,39
bench_REGIME_G_HIGH_AMBIENT_039,FB7_Exposure_Aware_Planner,potato,DEPTH_CORRELATED,0.2,0.116,0.084,MARKDOWN,0.0,0.0,1.0,0.0,0.0,0.0,0.0,0.0,"{0: 0.0498, 1: 0.1178, 2: 0.2133, 3: 0.2641, 4: 0.3554}",1,['STOP_INSPECTION'],0.0,0.0,REGIME_G_HIGH_AMBIENT,FB7_Proposed,39
bench_REGIME_H_LOW_AMBIENT_000,FB0_Surface_Only,potato,DEPTH_CORRELATED,0.196,0.1109,0.0851,MARKDOWN,0.0,0.0,1.0,0.0,2.0,0.2,2.2,5.0,"{0: 0.0248, 1: 0.1168, 2: 0.1878, 3: 0.285, 4: 0.3811}",2,"['OBSERVE_STRATUM', 'STOP_INSPECTION']",2.0,5.0,REGIME_H_LOW_AMBIENT,FB0_Surface_Only,0
bench_REGIME_H_LOW_AMBIENT_000,FB1_Fixed_Sampling,potato,DEPTH_CORRELATED,0.196,0.1068,0.0892,MARKDOWN,0.0,0.0,1.0,0.0,45.0,3.0,48.0,75.0,"{0: 0.0248, 1: 0.1168, 2: 0.1878, 3: 0.285, 4: 0.3811}",4,"['SAMPLE_UNITS', 'SAMPLE_UNITS', 'SAMPLE_UNITS', 'STOP_INSPECTION']",45.0,75.0,REGIME_H_LOW_AMBIENT,FB1_Fixed_Random,0
bench_REGIME_H_LOW_AMBIENT_000,FB2_Depth_Stratified,potato,DEPTH_CORRELATED,0.196,0.1413,0.0547,MARKDOWN,0.0,0.0,1.0,0.0,42.0,11.4,53.4,285.0,"{0: 0.0248, 1: 0.1168, 2: 0.1878, 3: 0.285, 4: 0.3811}",10,"['OBSERVE_STRATUM', 'REMOVE_LAYER', 'OBSERVE_STRATUM', 'REMOVE_LAYER', 'OBSERVE_STRATUM', 'REMOVE_LAYER', 'OBSERVE_STRATUM', 'REMOVE_LAYER', 'OBSERVE_STRATUM', 'STOP_INSPECTION']",42.0,85.0,REGIME_H_LOW_AMBIENT,FB2_Depth_Stratified,0
bench_REGIME_H_LOW_AMBIENT_000,FB3_Macro_Myopic_VOI,potato,DEPTH_CORRELATED,0.196,0.1092,0.0868,MARKDOWN,0.0,0.0,1.0,0.0,2.0,0.2,2.2,5.0,"{0: 0.0248, 1: 0.1168, 2: 0.1878, 3: 0.285, 4: 0.3811}",2,"['OBSERVE_STRATUM', 'STOP_INSPECTION']",2.0,5.0,REGIME_H_LOW_AMBIENT,FB3_Macro_Myopic_VOI,0
bench_REGIME_H_LOW_AMBIENT_000,FB5_State_Blind_Lookahead,potato,DEPTH_CORRELATED,0.196,0.116,0.08,MARKDOWN,0.0,0.0,1.0,0.0,6.0,4.8,10.8,120.0,"{0: 0.0248, 1: 0.1168, 2: 0.1878, 3: 0.285, 4: 0.3811}",12,"['WAIT_SETTLE', 'WAIT_SETTLE', 'WAIT_SETTLE', 'WAIT_SETTLE', 'WAIT_SETTLE', 'WAIT_SETTLE', 'WAIT_SETTLE', 'WAIT_SETTLE', 'WAIT_SETTLE', 'WAIT_SETTLE', 'WAIT_SETTLE', 'WAIT_SETTLE']",6.0,120.0,REGIME_H_LOW_AMBIENT,FB5_State_Blind,0
bench_REGIME_H_LOW_AMBIENT_000,FB6_Additive_Cost_Planner,potato,DEPTH_CORRELATED,0.196,0.116,0.08,MARKDOWN,0.0,0.0,1.0,0.0,6.0,4.8,10.8,120.0,"{0: 0.0248, 1: 0.1168, 2: 0.1878, 3: 0.285, 4: 0.3811}",12,"['WAIT_SETTLE', 'WAIT_SETTLE', 'WAIT_SETTLE', 'WAIT_SETTLE', 'WAIT_SETTLE', 'WAIT_SETTLE', 'WAIT_SETTLE', 'WAIT_SETTLE', 'WAIT_SETTLE', 'WAIT_SETTLE', 'WAIT_SETTLE', 'WAIT_SETTLE']",6.0,120.0,REGIME_H_LOW_AMBIENT,FB6_Additive_Cost,0
bench_REGIME_H_LOW_AMBIENT_000,FB7_Exposure_Aware_Planner,potato,DEPTH_CORRELATED,0.196,0.1083,0.0877,MARKDOWN,0.0,0.0,1.0,0.0,4.0,0.4,4.4,10.0,"{0: 0.0248, 1: 0.1168, 2: 0.1878, 3: 0.285, 4: 0.3811}",3,"['OBSERVE_STRATUM', 'OBSERVE_STRATUM', 'STOP_INSPECTION']",4.0,10.0,REGIME_H_LOW_AMBIENT,FB7_Proposed,0
bench_REGIME_H_LOW_AMBIENT_001,FB0_Surface_Only,potato,DEPTH_CORRELATED,0.208,0.1164,0.0916,MARKDOWN,0.0,0.0,1.0,0.0,2.0,0.2,2.2,5.0,"{0: 0.0666, 1: 0.1197, 2: 0.217, 3: 0.2732, 4: 0.3566}",2,"['OBSERVE_STRATUM', 'STOP_INSPECTION']",2.0,5.0,REGIME_H_LOW_AMBIENT,FB0_Surface_Only,1
bench_REGIME_H_LOW_AMBIENT_001,FB1_Fixed_Sampling,potato,DEPTH_CORRELATED,0.208,0.1132,0.0948,MARKDOWN,0.0,0.0,1.0,0.0,45.0,3.0,48.0,75.0,"{0: 0.0666, 1: 0.1197, 2: 0.217, 3: 0.2732, 4: 0.3566}",4,"['SAMPLE_UNITS', 'SAMPLE_UNITS', 'SAMPLE_UNITS', 'STOP_INSPECTION']",45.0,75.0,REGIME_H_LOW_AMBIENT,FB1_Fixed_Random,1
bench_REGIME_H_LOW_AMBIENT_001,FB2_Depth_Stratified,potato,DEPTH_CORRELATED,0.208,0.154,0.054,MARKDOWN,0.0,0.0,1.0,0.0,42.0,11.4,53.4,285.0,"{0: 0.0666, 1: 0.1197, 2: 0.217, 3: 0.2732, 4: 0.3566}",10,"['OBSERVE_STRATUM', 'REMOVE_LAYER', 'OBSERVE_STRATUM', 'REMOVE_LAYER', 'OBSERVE_STRATUM', 'REMOVE_LAYER', 'OBSERVE_STRATUM', 'REMOVE_LAYER', 'OBSERVE_STRATUM', 'STOP_INSPECTION']",42.0,85.0,REGIME_H_LOW_AMBIENT,FB2_Depth_Stratified,1
bench_REGIME_H_LOW_AMBIENT_001,FB3_Macro_Myopic_VOI,potato,DEPTH_CORRELATED,0.208,0.1152,0.0928,MARKDOWN,0.0,0.0,1.0,0.0,2.0,0.2,2.2,5.0,"{0: 0.0666, 1: 0.1197, 2: 0.217, 3: 0.2732, 4: 0.3566}",2,"['OBSERVE_STRATUM', 'STOP_INSPECTION']",2.0,5.0,REGIME_H_LOW_AMBIENT,FB3_Macro_Myopic_VOI,1
bench_REGIME_H_LOW_AMBIENT_001,FB5_State_Blind_Lookahead,potato,DEPTH_CORRELATED,0.208,0.116,0.092,MARKDOWN,0.0,0.0,1.0,0.0,6.0,4.8,10.8,120.0,"{0: 0.0666, 1: 0.1197, 2: 0.217, 3: 0.2732, 4: 0.3566}",12,"['WAIT_SETTLE', 'WAIT_SETTLE', 'WAIT_SETTLE', 'WAIT_SETTLE', 'WAIT_SETTLE', 'WAIT_SETTLE', 'WAIT_SETTLE', 'WAIT_SETTLE', 'WAIT_SETTLE', 'WAIT_SETTLE', 'WAIT_SETTLE', 'WAIT_SETTLE']",6.0,120.0,REGIME_H_LOW_AMBIENT,FB5_State_Blind,1
bench_REGIME_H_LOW_AMBIENT_001,FB6_Additive_Cost_Planner,potato,DEPTH_CORRELATED,0.208,0.116,0.092,MARKDOWN,0.0,0.0,1.0,0.0,6.0,4.8,10.8,120.0,"{0: 0.0666, 1: 0.1197, 2: 0.217, 3: 0.2732, 4: 0.3566}",12,"['WAIT_SETTLE', 'WAIT_SETTLE', 'WAIT_SETTLE', 'WAIT_SETTLE', 'WAIT_SETTLE', 'WAIT_SETTLE', 'WAIT_SETTLE', 'WAIT_SETTLE', 'WAIT_SETTLE', 'WAIT_SETTLE', 'WAIT_SETTLE', 'WAIT_SETTLE']",6.0,120.0,REGIME_H_LOW_AMBIENT,FB6_Additive_Cost,1
bench_REGIME_H_LOW_AMBIENT_001,FB7_Exposure_Aware_Planner,potato,DEPTH_CORRELATED,0.208,0.1139,0.0941,MARKDOWN,0.0,0.0,1.0,0.0,6.0,0.6,6.6,15.0,"{0: 0.0666, 1: 0.1197, 2: 0.217, 3: 0.2732, 4: 0.3566}",4,"['OBSERVE_STRATUM', 'OBSERVE_STRATUM', 'OBSERVE_STRATUM', 'STOP_INSPECTION']",6.0,15.0,REGIME_H_LOW_AMBIENT,FB7_Proposed,1
bench_REGIME_H_LOW_AMBIENT_002,FB0_Surface_Only,potato,DEPTH_CORRELATED,0.2,0.1122,0.0878,MARKDOWN,0.0,0.0,1.0,0.0,2.0,0.2,2.2,5.0,"{0: 0.0535, 1: 0.1004, 2: 0.2059, 3: 0.2608, 4: 0.3721}",2,"['OBSERVE_STRATUM', 'STOP_INSPECTION']",2.0,5.0,REGIME_H_LOW_AMBIENT,FB0_Surface_Only,2
bench_REGIME_H_LOW_AMBIENT_002,FB1_Fixed_Sampling,potato,DEPTH_CORRELATED,0.2,0.1109,0.0891,MARKDOWN,0.0,0.0,1.0,0.0,45.0,3.0,48.0,75.0,"{0: 0.0535, 1: 0.1004, 2: 0.2059, 3: 0.2608, 4: 0.3721}",4,"['SAMPLE_UNITS', 'SAMPLE_UNITS', 'SAMPLE_UNITS', 'STOP_INSPECTION']",45.0,75.0,REGIME_H_LOW_AMBIENT,FB1_Fixed_Random,2
bench_REGIME_H_LOW_AMBIENT_002,FB2_Depth_Stratified,potato,DEPTH_CORRELATED,0.2,0.1435,0.0565,MARKDOWN,0.0,0.0,1.0,0.0,42.0,11.4,53.4,285.0,"{0: 0.0535, 1: 0.1004, 2: 0.2059, 3: 0.2608, 4: 0.3721}",10,"['OBSERVE_STRATUM', 'REMOVE_LAYER', 'OBSERVE_STRATUM', 'REMOVE_LAYER', 'OBSERVE_STRATUM', 'REMOVE_LAYER', 'OBSERVE_STRATUM', 'REMOVE_LAYER', 'OBSERVE_STRATUM', 'STOP_INSPECTION']",42.0,85.0,REGIME_H_LOW_AMBIENT,FB2_Depth_Stratified,2
bench_REGIME_H_LOW_AMBIENT_002,FB3_Macro_Myopic_VOI,potato,DEPTH_CORRELATED,0.2,0.1127,0.0873,MARKDOWN,0.0,0.0,1.0,0.0,2.0,0.2,2.2,5.0,"{0: 0.0535, 1: 0.1004, 2: 0.2059, 3: 0.2608, 4: 0.3721}",2,"['OBSERVE_STRATUM', 'STOP_INSPECTION']",2.0,5.0,REGIME_H_LOW_AMBIENT,FB3_Macro_Myopic_VOI,2
bench_REGIME_H_LOW_AMBIENT_002,FB5_State_Blind_Lookahead,potato,DEPTH_CORRELATED,0.2,0.116,0.084,MARKDOWN,0.0,0.0,1.0,0.0,6.0,4.8,10.8,120.0,"{0: 0.0535, 1: 0.1004, 2: 0.2059, 3: 0.2608, 4: 0.3721}",12,"['WAIT_SETTLE', 'WAIT_SETTLE', 'WAIT_SETTLE', 'WAIT_SETTLE', 'WAIT_SETTLE', 'WAIT_SETTLE', 'WAIT_SETTLE', 'WAIT_SETTLE', 'WAIT_SETTLE', 'WAIT_SETTLE', 'WAIT_SETTLE', 'WAIT_SETTLE']",6.0,120.0,REGIME_H_LOW_AMBIENT,FB5_State_Blind,2
bench_REGIME_H_LOW_AMBIENT_002,FB6_Additive_Cost_Planner,potato,DEPTH_CORRELATED,0.2,0.116,0.084,MARKDOWN,0.0,0.0,1.0,0.0,6.0,4.8,10.8,120.0,"{0: 0.0535, 1: 0.1004, 2: 0.2059, 3: 0.2608, 4: 0.3721}",12,"['WAIT_SETTLE', 'WAIT_SETTLE', 'WAIT_SETTLE', 'WAIT_SETTLE', 'WAIT_SETTLE', 'WAIT_SETTLE', 'WAIT_SETTLE', 'WAIT_SETTLE', 'WAIT_SETTLE', 'WAIT_SETTLE', 'WAIT_SETTLE', 'WAIT_SETTLE']",6.0,120.0,REGIME_H_LOW_AMBIENT,FB6_Additive_Cost,2
bench_REGIME_H_LOW_AMBIENT_002,FB7_Exposure_Aware_Planner,potato,DEPTH_CORRELATED,0.2,0.1119,0.0881,MARKDOWN,0.0,0.0,1.0,0.0,6.0,0.6,6.6,15.0,"{0: 0.0535, 1: 0.1004, 2: 0.2059, 3: 0.2608, 4: 0.3721}",4,"['OBSERVE_STRATUM', 'OBSERVE_STRATUM', 'OBSERVE_STRATUM', 'STOP_INSPECTION']",6.0,15.0,REGIME_H_LOW_AMBIENT,FB7_Proposed,2
bench_REGIME_H_LOW_AMBIENT_003,FB0_Surface_Only,potato,DEPTH_CORRELATED,0.212,0.116,0.096,MARKDOWN,0.0,0.0,1.0,0.0,2.0,0.2,2.2,5.0,"{0: 0.0273, 1: 0.1461, 2: 0.2216, 3: 0.3048, 4: 0.3856}",2,"['OBSERVE_STRATUM', 'STOP_INSPECTION']",2.0,5.0,REGIME_H_LOW_AMBIENT,FB0_Surface_Only,3
bench_REGIME_H_LOW_AMBIENT_003,FB1_Fixed_Sampling,potato,DEPTH_CORRELATED,0.212,0.1075,0.1045,MARKDOWN,0.0,0.0,1.0,0.0,45.0,3.0,48.0,75.0,"{0: 0.0273, 1: 0.1461, 2: 0.2216, 3: 0.3048, 4: 0.3856}",4,"['SAMPLE_UNITS', 'SAMPLE_UNITS', 'SAMPLE_UNITS', 'STOP_INSPECTION']",45.0,75.0,REGIME_H_LOW_AMBIENT,FB1_Fixed_Random,3
bench_REGIME_H_LOW_AMBIENT_003,FB2_Depth_Stratified,potato,DEPTH_CORRELATED,0.212,0.1468,0.0652,MARKDOWN,0.0,0.0,1.0,0.0,42.0,11.4,53.4,285.0,"{0: 0.0273, 1: 0.1461, 2: 0.2216, 3: 0.3048, 4: 0.3856}",10,"['OBSERVE_STRATUM', 'REMOVE_LAYER', 'OBSERVE_STRATUM', 'REMOVE_LAYER', 'OBSERVE_STRATUM', 'REMOVE_LAYER', 'OBSERVE_STRATUM', 'REMOVE_LAYER', 'OBSERVE_STRATUM', 'STOP_INSPECTION']",42.0,85.0,REGIME_H_LOW_AMBIENT,FB2_Depth_Stratified,3
bench_REGIME_H_LOW_AMBIENT_003,FB3_Macro_Myopic_VOI,potato,DEPTH_CORRELATED,0.212,0.1131,0.0989,MARKDOWN,0.0,0.0,1.0,0.0,2.0,0.2,2.2,5.0,"{0: 0.0273, 1: 0.1461, 2: 0.2216, 3: 0.3048, 4: 0.3856}",2,"['OBSERVE_STRATUM', 'STOP_INSPECTION']",2.0,5.0,REGIME_H_LOW_AMBIENT,FB3_Macro_Myopic_VOI,3
bench_REGIME_H_LOW_AMBIENT_003,FB5_State_Blind_Lookahead,potato,DEPTH_CORRELATED,0.212,0.116,0.096,MARKDOWN,0.0,0.0,1.0,0.0,6.0,4.8,10.8,120.0,"{0: 0.0273, 1: 0.1461, 2: 0.2216, 3: 0.3048, 4: 0.3856}",12,"['WAIT_SETTLE', 'WAIT_SETTLE', 'WAIT_SETTLE', 'WAIT_SETTLE', 'WAIT_SETTLE', 'WAIT_SETTLE', 'WAIT_SETTLE', 'WAIT_SETTLE', 'WAIT_SETTLE', 'WAIT_SETTLE', 'WAIT_SETTLE', 'WAIT_SETTLE']",6.0,120.0,REGIME_H_LOW_AMBIENT,FB5_State_Blind,3
bench_REGIME_H_LOW_AMBIENT_003,FB6_Additive_Cost_Planner,potato,DEPTH_CORRELATED,0.212,0.116,0.096,MARKDOWN,0.0,0.0,1.0,0.0,6.0,4.8,10.8,120.0,"{0: 0.0273, 1: 0.1461, 2: 0.2216, 3: 0.3048, 4: 0.3856}",12,"['WAIT_SETTLE', 'WAIT_SETTLE', 'WAIT_SETTLE', 'WAIT_SETTLE', 'WAIT_SETTLE', 'WAIT_SETTLE', 'WAIT_SETTLE', 'WAIT_SETTLE', 'WAIT_SETTLE', 'WAIT_SETTLE', 'WAIT_SETTLE', 'WAIT_SETTLE']",6.0,120.0,REGIME_H_LOW_AMBIENT,FB6_Additive_Cost,3
bench_REGIME_H_LOW_AMBIENT_003,FB7_Exposure_Aware_Planner,potato,DEPTH_CORRELATED,0.212,0.1079,0.1041,MARKDOWN,0.0,0.0,1.0,0.0,4.0,0.4,4.4,10.0,"{0: 0.0273, 1: 0.1461, 2: 0.2216, 3: 0.3048, 4: 0.3856}",3,"['OBSERVE_STRATUM', 'OBSERVE_STRATUM', 'STOP_INSPECTION']",4.0,10.0,REGIME_H_LOW_AMBIENT,FB7_Proposed,3
bench_REGIME_H_LOW_AMBIENT_004,FB0_Surface_Only,potato,DEPTH_CORRELATED,0.208,0.1129,0.0951,MARKDOWN,0.0,0.0,1.0,0.0,2.0,0.2,2.2,5.0,"{0: 0.0309, 1: 0.1459, 2: 0.2036, 3: 0.2898, 4: 0.3719}",2,"['OBSERVE_STRATUM', 'STOP_INSPECTION']",2.0,5.0,REGIME_H_LOW_AMBIENT,FB0_Surface_Only,4
bench_REGIME_H_LOW_AMBIENT_004,FB1_Fixed_Sampling,potato,DEPTH_CORRELATED,0.208,0.1097,0.0983,MARKDOWN,0.0,0.0,1.0,0.0,45.0,3.0,48.0,75.0,"{0: 0.0309, 1: 0.1459, 2: 0.2036, 3: 0.2898, 4: 0.3719}",4,"['SAMPLE_UNITS', 'SAMPLE_UNITS', 'SAMPLE_UNITS', 'STOP_INSPECTION']",45.0,75.0,REGIME_H_LOW_AMBIENT,FB1_Fixed_Random,4
bench_REGIME_H_LOW_AMBIENT_004,FB2_Depth_Stratified,potato,DEPTH_CORRELATED,0.208,0.1476,0.0604,MARKDOWN,0.0,0.0,1.0,0.0,42.0,11.4,53.4,285.0,"{0: 0.0309, 1: 0.1459, 2: 0.2036, 3: 0.2898, 4: 0.3719}",10,"['OBSERVE_STRATUM', 'REMOVE_LAYER', 'OBSERVE_STRATUM', 'REMOVE_LAYER', 'OBSERVE_STRATUM', 'REMOVE_LAYER', 'OBSERVE_STRATUM', 'REMOVE_LAYER', 'OBSERVE_STRATUM', 'STOP_INSPECTION']",42.0,85.0,REGIME_H_LOW_AMBIENT,FB2_Depth_Stratified,4
bench_REGIME_H_LOW_AMBIENT_004,FB3_Macro_Myopic_VOI,potato,DEPTH_CORRELATED,0.208,0.1182,0.0898,MARKDOWN,0.0,0.0,1.0,0.0,2.0,0.2,2.2,5.0,"{0: 0.0309, 1: 0.1459, 2: 0.2036, 3: 0.2898, 4: 0.3719}",2,"['OBSERVE_STRATUM', 'STOP_INSPECTION']",2.0,5.0,REGIME_H_LOW_AMBIENT,FB3_Macro_Myopic_VOI,4
bench_REGIME_H_LOW_AMBIENT_004,FB5_State_Blind_Lookahead,potato,DEPTH_CORRELATED,0.208,0.116,0.092,MARKDOWN,0.0,0.0,1.0,0.0,6.0,4.8,10.8,120.0,"{0: 0.0309, 1: 0.1459, 2: 0.2036, 3: 0.2898, 4: 0.3719}",12,"['WAIT_SETTLE', 'WAIT_SETTLE', 'WAIT_SETTLE', 'WAIT_SETTLE', 'WAIT_SETTLE', 'WAIT_SETTLE', 'WAIT_SETTLE', 'WAIT_SETTLE', 'WAIT_SETTLE', 'WAIT_SETTLE', 'WAIT_SETTLE', 'WAIT_SETTLE']",6.0,120.0,REGIME_H_LOW_AMBIENT,FB5_State_Blind,4
bench_REGIME_H_LOW_AMBIENT_004,FB6_Additive_Cost_Planner,potato,DEPTH_CORRELATED,0.208,0.116,0.092,MARKDOWN,0.0,0.0,1.0,0.0,6.0,4.8,10.8,120.0,"{0: 0.0309, 1: 0.1459, 2: 0.2036, 3: 0.2898, 4: 0.3719}",12,"['WAIT_SETTLE', 'WAIT_SETTLE', 'WAIT_SETTLE', 'WAIT_SETTLE', 'WAIT_SETTLE', 'WAIT_SETTLE', 'WAIT_SETTLE', 'WAIT_SETTLE', 'WAIT_SETTLE', 'WAIT_SETTLE', 'WAIT_SETTLE', 'WAIT_SETTLE']",6.0,120.0,REGIME_H_LOW_AMBIENT,FB6_Additive_Cost,4
bench_REGIME_H_LOW_AMBIENT_004,FB7_Exposure_Aware_Planner,potato,DEPTH_CORRELATED,0.208,0.1079,0.1001,MARKDOWN,0.0,0.0,1.0,0.0,4.0,0.4,4.4,10.0,"{0: 0.0309, 1: 0.1459, 2: 0.2036, 3: 0.2898, 4: 0.3719}",3,"['OBSERVE_STRATUM', 'OBSERVE_STRATUM', 'STOP_INSPECTION']",4.0,10.0,REGIME_H_LOW_AMBIENT,FB7_Proposed,4
bench_REGIME_H_LOW_AMBIENT_005,FB0_Surface_Only,potato,DEPTH_CORRELATED,0.2,0.113,0.087,MARKDOWN,0.0,0.0,1.0,0.0,2.0,0.2,2.2,5.0,"{0: 0.0355, 1: 0.1131, 2: 0.192, 3: 0.2804, 4: 0.3656}",2,"['OBSERVE_STRATUM', 'STOP_INSPECTION']",2.0,5.0,REGIME_H_LOW_AMBIENT,FB0_Surface_Only,5
bench_REGIME_H_LOW_AMBIENT_005,FB1_Fixed_Sampling,potato,DEPTH_CORRELATED,0.2,0.1069,0.0931,MARKDOWN,0.0,0.0,1.0,0.0,45.0,3.0,48.0,75.0,"{0: 0.0355, 1: 0.1131, 2: 0.192, 3: 0.2804, 4: 0.3656}",4,"['SAMPLE_UNITS', 'SAMPLE_UNITS', 'SAMPLE_UNITS', 'STOP_INSPECTION']",45.0,75.0,REGIME_H_LOW_AMBIENT,FB1_Fixed_Random,5
bench_REGIME_H_LOW_AMBIENT_005,FB2_Depth_Stratified,potato,DEPTH_CORRELATED,0.2,0.1388,0.0612,MARKDOWN,0.0,0.0,1.0,0.0,42.0,11.4,53.4,285.0,"{0: 0.0355, 1: 0.1131, 2: 0.192, 3: 0.2804, 4: 0.3656}",10,"['OBSERVE_STRATUM', 'REMOVE_LAYER', 'OBSERVE_STRATUM', 'REMOVE_LAYER', 'OBSERVE_STRATUM', 'REMOVE_LAYER', 'OBSERVE_STRATUM', 'REMOVE_LAYER', 'OBSERVE_STRATUM', 'STOP_INSPECTION']",42.0,85.0,REGIME_H_LOW_AMBIENT,FB2_Depth_Stratified,5
bench_REGIME_H_LOW_AMBIENT_005,FB3_Macro_Myopic_VOI,potato,DEPTH_CORRELATED,0.2,0.111,0.089,MARKDOWN,0.0,0.0,1.0,0.0,2.0,0.2,2.2,5.0,"{0: 0.0355, 1: 0.1131, 2: 0.192, 3: 0.2804, 4: 0.3656}",2,"['OBSERVE_STRATUM', 'STOP_INSPECTION']",2.0,5.0,REGIME_H_LOW_AMBIENT,FB3_Macro_Myopic_VOI,5
bench_REGIME_H_LOW_AMBIENT_005,FB5_State_Blind_Lookahead,potato,DEPTH_CORRELATED,0.2,0.116,0.084,MARKDOWN,0.0,0.0,1.0,0.0,6.0,4.8,10.8,120.0,"{0: 0.0355, 1: 0.1131, 2: 0.192, 3: 0.2804, 4: 0.3656}",12,"['WAIT_SETTLE', 'WAIT_SETTLE', 'WAIT_SETTLE', 'WAIT_SETTLE', 'WAIT_SETTLE', 'WAIT_SETTLE', 'WAIT_SETTLE', 'WAIT_SETTLE', 'WAIT_SETTLE', 'WAIT_SETTLE', 'WAIT_SETTLE', 'WAIT_SETTLE']",6.0,120.0,REGIME_H_LOW_AMBIENT,FB5_State_Blind,5
bench_REGIME_H_LOW_AMBIENT_005,FB6_Additive_Cost_Planner,potato,DEPTH_CORRELATED,0.2,0.116,0.084,MARKDOWN,0.0,0.0,1.0,0.0,6.0,4.8,10.8,120.0,"{0: 0.0355, 1: 0.1131, 2: 0.192, 3: 0.2804, 4: 0.3656}",12,"['WAIT_SETTLE', 'WAIT_SETTLE', 'WAIT_SETTLE', 'WAIT_SETTLE', 'WAIT_SETTLE', 'WAIT_SETTLE', 'WAIT_SETTLE', 'WAIT_SETTLE', 'WAIT_SETTLE', 'WAIT_SETTLE', 'WAIT_SETTLE', 'WAIT_SETTLE']",6.0,120.0,REGIME_H_LOW_AMBIENT,FB6_Additive_Cost,5
bench_REGIME_H_LOW_AMBIENT_005,FB7_Exposure_Aware_Planner,potato,DEPTH_CORRELATED,0.2,0.1074,0.0926,MARKDOWN,0.0,0.0,1.0,0.0,4.0,0.4,4.4,10.0,"{0: 0.0355, 1: 0.1131, 2: 0.192, 3: 0.2804, 4: 0.3656}",3,"['OBSERVE_STRATUM', 'OBSERVE_STRATUM', 'STOP_INSPECTION']",4.0,10.0,REGIME_H_LOW_AMBIENT,FB7_Proposed,5
bench_REGIME_H_LOW_AMBIENT_006,FB0_Surface_Only,potato,DEPTH_CORRELATED,0.204,0.1104,0.0936,MARKDOWN,0.0,0.0,1.0,0.0,2.0,0.2,2.2,5.0,"{0: 0.0209, 1: 0.1435, 2: 0.1827, 3: 0.3063, 4: 0.3899}",2,"['OBSERVE_STRATUM', 'STOP_INSPECTION']",2.0,5.0,REGIME_H_LOW_AMBIENT,FB0_Surface_Only,6
bench_REGIME_H_LOW_AMBIENT_006,FB1_Fixed_Sampling,potato,DEPTH_CORRELATED,0.204,0.1072,0.0968,MARKDOWN,0.0,0.0,1.0,0.0,45.0,3.0,48.0,75.0,"{0: 0.0209, 1: 0.1435, 2: 0.1827, 3: 0.3063, 4: 0.3899}",4,"['SAMPLE_UNITS', 'SAMPLE_UNITS', 'SAMPLE_UNITS', 'STOP_INSPECTION']",45.0,75.0,REGIME_H_LOW_AMBIENT,FB1_Fixed_Random,6
bench_REGIME_H_LOW_AMBIENT_006,FB2_Depth_Stratified,potato,DEPTH_CORRELATED,0.204,0.1473,0.0567,MARKDOWN,0.0,0.0,1.0,0.0,42.0,11.4,53.4,285.0,"{0: 0.0209, 1: 0.1435, 2: 0.1827, 3: 0.3063, 4: 0.3899}",10,"['OBSERVE_STRATUM', 'REMOVE_LAYER', 'OBSERVE_STRATUM', 'REMOVE_LAYER', 'OBSERVE_STRATUM', 'REMOVE_LAYER', 'OBSERVE_STRATUM', 'REMOVE_LAYER', 'OBSERVE_STRATUM', 'STOP_INSPECTION']",42.0,85.0,REGIME_H_LOW_AMBIENT,FB2_Depth_Stratified,6
bench_REGIME_H_LOW_AMBIENT_006,FB3_Macro_Myopic_VOI,potato,DEPTH_CORRELATED,0.204,0.1124,0.0916,MARKDOWN,0.0,0.0,1.0,0.0,2.0,0.2,2.2,5.0,"{0: 0.0209, 1: 0.1435, 2: 0.1827, 3: 0.3063, 4: 0.3899}",2,"['OBSERVE_STRATUM', 'STOP_INSPECTION']",2.0,5.0,REGIME_H_LOW_AMBIENT,FB3_Macro_Myopic_VOI,6
bench_REGIME_H_LOW_AMBIENT_006,FB5_State_Blind_Lookahead,potato,DEPTH_CORRELATED,0.204,0.116,0.088,MARKDOWN,0.0,0.0,1.0,0.0,6.0,4.8,10.8,120.0,"{0: 0.0209, 1: 0.1435, 2: 0.1827, 3: 0.3063, 4: 0.3899}",12,"['WAIT_SETTLE', 'WAIT_SETTLE', 'WAIT_SETTLE', 'WAIT_SETTLE', 'WAIT_SETTLE', 'WAIT_SETTLE', 'WAIT_SETTLE', 'WAIT_SETTLE', 'WAIT_SETTLE', 'WAIT_SETTLE', 'WAIT_SETTLE', 'WAIT_SETTLE']",6.0,120.0,REGIME_H_LOW_AMBIENT,FB5_State_Blind,6
bench_REGIME_H_LOW_AMBIENT_006,FB6_Additive_Cost_Planner,potato,DEPTH_CORRELATED,0.204,0.116,0.088,MARKDOWN,0.0,0.0,1.0,0.0,6.0,4.8,10.8,120.0,"{0: 0.0209, 1: 0.1435, 2: 0.1827, 3: 0.3063, 4: 0.3899}",12,"['WAIT_SETTLE', 'WAIT_SETTLE', 'WAIT_SETTLE', 'WAIT_SETTLE', 'WAIT_SETTLE', 'WAIT_SETTLE', 'WAIT_SETTLE', 'WAIT_SETTLE', 'WAIT_SETTLE', 'WAIT_SETTLE', 'WAIT_SETTLE', 'WAIT_SETTLE']",6.0,120.0,REGIME_H_LOW_AMBIENT,FB6_Additive_Cost,6
bench_REGIME_H_LOW_AMBIENT_006,FB7_Exposure_Aware_Planner,potato,DEPTH_CORRELATED,0.204,0.1096,0.0944,MARKDOWN,0.0,0.0,1.0,0.0,6.0,0.6,6.6,15.0,"{0: 0.0209, 1: 0.1435, 2: 0.1827, 3: 0.3063, 4: 0.3899}",4,"['OBSERVE_STRATUM', 'OBSERVE_STRATUM', 'OBSERVE_STRATUM', 'STOP_INSPECTION']",6.0,15.0,REGIME_H_LOW_AMBIENT,FB7_Proposed,6
bench_REGIME_H_LOW_AMBIENT_007,FB0_Surface_Only,potato,DEPTH_CORRELATED,0.2,0.1112,0.0888,MARKDOWN,0.0,0.0,1.0,0.0,2.0,0.2,2.2,5.0,"{0: 0.0365, 1: 0.102, 2: 0.2155, 3: 0.3095, 4: 0.343}",2,"['OBSERVE_STRATUM', 'STOP_INSPECTION']",2.0,5.0,REGIME_H_LOW_AMBIENT,FB0_Surface_Only,7
bench_REGIME_H_LOW_AMBIENT_007,FB1_Fixed_Sampling,potato,DEPTH_CORRELATED,0.2,0.1135,0.0865,MARKDOWN,0.0,0.0,1.0,0.0,45.0,3.0,48.0,75.0,"{0: 0.0365, 1: 0.102, 2: 0.2155, 3: 0.3095, 4: 0.343}",4,"['SAMPLE_UNITS', 'SAMPLE_UNITS', 'SAMPLE_UNITS', 'STOP_INSPECTION']",45.0,75.0,REGIME_H_LOW_AMBIENT,FB1_Fixed_Random,7
bench_REGIME_H_LOW_AMBIENT_007,FB2_Depth_Stratified,potato,DEPTH_CORRELATED,0.2,0.1438,0.0562,MARKDOWN,0.0,0.0,1.0,0.0,42.0,11.4,53.4,285.0,"{0: 0.0365, 1: 0.102, 2: 0.2155, 3: 0.3095, 4: 0.343}",10,"['OBSERVE_STRATUM', 'REMOVE_LAYER', 'OBSERVE_STRATUM', 'REMOVE_LAYER', 'OBSERVE_STRATUM', 'REMOVE_LAYER', 'OBSERVE_STRATUM', 'REMOVE_LAYER', 'OBSERVE_STRATUM', 'STOP_INSPECTION']",42.0,85.0,REGIME_H_LOW_AMBIENT,FB2_Depth_Stratified,7
bench_REGIME_H_LOW_AMBIENT_007,FB3_Macro_Myopic_VOI,potato,DEPTH_CORRELATED,0.2,0.1159,0.0841,MARKDOWN,0.0,0.0,1.0,0.0,2.0,0.2,2.2,5.0,"{0: 0.0365, 1: 0.102, 2: 0.2155, 3: 0.3095, 4: 0.343}",2,"['OBSERVE_STRATUM', 'STOP_INSPECTION']",2.0,5.0,REGIME_H_LOW_AMBIENT,FB3_Macro_Myopic_VOI,7
bench_REGIME_H_LOW_AMBIENT_007,FB5_State_Blind_Lookahead,potato,DEPTH_CORRELATED,0.2,0.116,0.084,MARKDOWN,0.0,0.0,1.0,0.0,6.0,4.8,10.8,120.0,"{0: 0.0365, 1: 0.102, 2: 0.2155, 3: 0.3095, 4: 0.343}",12,"['WAIT_SETTLE', 'WAIT_SETTLE', 'WAIT_SETTLE', 'WAIT_SETTLE', 'WAIT_SETTLE', 'WAIT_SETTLE', 'WAIT_SETTLE', 'WAIT_SETTLE', 'WAIT_SETTLE', 'WAIT_SETTLE', 'WAIT_SETTLE', 'WAIT_SETTLE']",6.0,120.0,REGIME_H_LOW_AMBIENT,FB5_State_Blind,7
bench_REGIME_H_LOW_AMBIENT_007,FB6_Additive_Cost_Planner,potato,DEPTH_CORRELATED,0.2,0.116,0.084,MARKDOWN,0.0,0.0,1.0,0.0,6.0,4.8,10.8,120.0,"{0: 0.0365, 1: 0.102, 2: 0.2155, 3: 0.3095, 4: 0.343}",12,"['WAIT_SETTLE', 'WAIT_SETTLE', 'WAIT_SETTLE', 'WAIT_SETTLE', 'WAIT_SETTLE', 'WAIT_SETTLE', 'WAIT_SETTLE', 'WAIT_SETTLE', 'WAIT_SETTLE', 'WAIT_SETTLE', 'WAIT_SETTLE', 'WAIT_SETTLE']",6.0,120.0,REGIME_H_LOW_AMBIENT,FB6_Additive_Cost,7
bench_REGIME_H_LOW_AMBIENT_007,FB7_Exposure_Aware_Planner,potato,DEPTH_CORRELATED,0.2,0.1089,0.0911,MARKDOWN,0.0,0.0,1.0,0.0,6.0,0.6,6.6,15.0,"{0: 0.0365, 1: 0.102, 2: 0.2155, 3: 0.3095, 4: 0.343}",4,"['OBSERVE_STRATUM', 'OBSERVE_STRATUM', 'OBSERVE_STRATUM', 'STOP_INSPECTION']",6.0,15.0,REGIME_H_LOW_AMBIENT,FB7_Proposed,7
bench_REGIME_H_LOW_AMBIENT_008,FB0_Surface_Only,potato,DEPTH_CORRELATED,0.212,0.1136,0.0984,MARKDOWN,0.0,0.0,1.0,0.0,2.0,0.2,2.2,5.0,"{0: 0.0521, 1: 0.1041, 2: 0.2132, 3: 0.3007, 4: 0.3822}",2,"['OBSERVE_STRATUM', 'STOP_INSPECTION']",2.0,5.0,REGIME_H_LOW_AMBIENT,FB0_Surface_Only,8
bench_REGIME_H_LOW_AMBIENT_008,FB1_Fixed_Sampling,potato,DEPTH_CORRELATED,0.212,0.1126,0.0994,MARKDOWN,0.0,0.0,1.0,0.0,45.0,3.0,48.0,75.0,"{0: 0.0521, 1: 0.1041, 2: 0.2132, 3: 0.3007, 4: 0.3822}",4,"['SAMPLE_UNITS', 'SAMPLE_UNITS', 'SAMPLE_UNITS', 'STOP_INSPECTION']",45.0,75.0,REGIME_H_LOW_AMBIENT,FB1_Fixed_Random,8
bench_REGIME_H_LOW_AMBIENT_008,FB2_Depth_Stratified,potato,DEPTH_CORRELATED,0.212,0.1377,0.0743,MARKDOWN,0.0,0.0,1.0,0.0,42.0,11.4,53.4,285.0,"{0: 0.0521, 1: 0.1041, 2: 0.2132, 3: 0.3007, 4: 0.3822}",10,"['OBSERVE_STRATUM', 'REMOVE_LAYER', 'OBSERVE_STRATUM', 'REMOVE_LAYER', 'OBSERVE_STRATUM', 'REMOVE_LAYER', 'OBSERVE_STRATUM', 'REMOVE_LAYER', 'OBSERVE_STRATUM', 'STOP_INSPECTION']",42.0,85.0,REGIME_H_LOW_AMBIENT,FB2_Depth_Stratified,8
bench_REGIME_H_LOW_AMBIENT_008,FB3_Macro_Myopic_VOI,potato,DEPTH_CORRELATED,0.212,0.1191,0.0929,MARKDOWN,0.0,0.0,1.0,0.0,2.0,0.2,2.2,5.0,"{0: 0.0521, 1: 0.1041, 2: 0.2132, 3: 0.3007, 4: 0.3822}",2,"['OBSERVE_STRATUM', 'STOP_INSPECTION']",2.0,5.0,REGIME_H_LOW_AMBIENT,FB3_Macro_Myopic_VOI,8
bench_REGIME_H_LOW_AMBIENT_008,FB5_State_Blind_Lookahead,potato,DEPTH_CORRELATED,0.212,0.116,0.096,MARKDOWN,0.0,0.0,1.0,0.0,6.0,4.8,10.8,120.0,"{0: 0.0521, 1: 0.1041, 2: 0.2132, 3: 0.3007, 4: 0.3822}",12,"['WAIT_SETTLE', 'WAIT_SETTLE', 'WAIT_SETTLE', 'WAIT_SETTLE', 'WAIT_SETTLE', 'WAIT_SETTLE', 'WAIT_SETTLE', 'WAIT_SETTLE', 'WAIT_SETTLE', 'WAIT_SETTLE', 'WAIT_SETTLE', 'WAIT_SETTLE']",6.0,120.0,REGIME_H_LOW_AMBIENT,FB5_State_Blind,8
bench_REGIME_H_LOW_AMBIENT_008,FB6_Additive_Cost_Planner,potato,DEPTH_CORRELATED,0.212,0.116,0.096,MARKDOWN,0.0,0.0,1.0,0.0,6.0,4.8,10.8,120.0,"{0: 0.0521, 1: 0.1041, 2: 0.2132, 3: 0.3007, 4: 0.3822}",12,"['WAIT_SETTLE', 'WAIT_SETTLE', 'WAIT_SETTLE', 'WAIT_SETTLE', 'WAIT_SETTLE', 'WAIT_SETTLE', 'WAIT_SETTLE', 'WAIT_SETTLE', 'WAIT_SETTLE', 'WAIT_SETTLE', 'WAIT_SETTLE', 'WAIT_SETTLE']",6.0,120.0,REGIME_H_LOW_AMBIENT,FB6_Additive_Cost,8
bench_REGIME_H_LOW_AMBIENT_008,FB7_Exposure_Aware_Planner,potato,DEPTH_CORRELATED,0.212,0.1105,0.1015,MARKDOWN,0.0,0.0,1.0,0.0,6.0,0.6,6.6,15.0,"{0: 0.0521, 1: 0.1041, 2: 0.2132, 3: 0.3007, 4: 0.3822}",4,"['OBSERVE_STRATUM', 'OBSERVE_STRATUM', 'OBSERVE_STRATUM', 'STOP_INSPECTION']",6.0,15.0,REGIME_H_LOW_AMBIENT,FB7_Proposed,8
bench_REGIME_H_LOW_AMBIENT_009,FB0_Surface_Only,potato,DEPTH_CORRELATED,0.204,0.1133,0.0907,MARKDOWN,0.0,0.0,1.0,0.0,2.0,0.2,2.2,5.0,"{0: 0.0328, 1: 0.1136, 2: 0.2133, 3: 0.2705, 4: 0.3557}",2,"['OBSERVE_STRATUM', 'STOP_INSPECTION']",2.0,5.0,REGIME_H_LOW_AMBIENT,FB0_Surface_Only,9
bench_REGIME_H_LOW_AMBIENT_009,FB1_Fixed_Sampling,potato,DEPTH_CORRELATED,0.204,0.1092,0.0948,MARKDOWN,0.0,0.0,1.0,0.0,45.0,3.0,48.0,75.0,"{0: 0.0328, 1: 0.1136, 2: 0.2133, 3: 0.2705, 4: 0.3557}",4,"['SAMPLE_UNITS', 'SAMPLE_UNITS', 'SAMPLE_UNITS', 'STOP_INSPECTION']",45.0,75.0,REGIME_H_LOW_AMBIENT,FB1_Fixed_Random,9
bench_REGIME_H_LOW_AMBIENT_009,FB2_Depth_Stratified,potato,DEPTH_CORRELATED,0.204,0.1429,0.0611,MARKDOWN,0.0,0.0,1.0,0.0,42.0,11.4,53.4,285.0,"{0: 0.0328, 1: 0.1136, 2: 0.2133, 3: 0.2705, 4: 0.3557}",10,"['OBSERVE_STRATUM', 'REMOVE_LAYER', 'OBSERVE_STRATUM', 'REMOVE_LAYER', 'OBSERVE_STRATUM', 'REMOVE_LAYER', 'OBSERVE_STRATUM', 'REMOVE_LAYER', 'OBSERVE_STRATUM', 'STOP_INSPECTION']",42.0,85.0,REGIME_H_LOW_AMBIENT,FB2_Depth_Stratified,9
bench_REGIME_H_LOW_AMBIENT_009,FB3_Macro_Myopic_VOI,potato,DEPTH_CORRELATED,0.204,0.1092,0.0948,MARKDOWN,0.0,0.0,1.0,0.0,2.0,0.2,2.2,5.0,"{0: 0.0328, 1: 0.1136, 2: 0.2133, 3: 0.2705, 4: 0.3557}",2,"['OBSERVE_STRATUM', 'STOP_INSPECTION']",2.0,5.0,REGIME_H_LOW_AMBIENT,FB3_Macro_Myopic_VOI,9
bench_REGIME_H_LOW_AMBIENT_009,FB5_State_Blind_Lookahead,potato,DEPTH_CORRELATED,0.204,0.116,0.088,MARKDOWN,0.0,0.0,1.0,0.0,6.0,4.8,10.8,120.0,"{0: 0.0328, 1: 0.1136, 2: 0.2133, 3: 0.2705, 4: 0.3557}",12,"['WAIT_SETTLE', 'WAIT_SETTLE', 'WAIT_SETTLE', 'WAIT_SETTLE', 'WAIT_SETTLE', 'WAIT_SETTLE', 'WAIT_SETTLE', 'WAIT_SETTLE', 'WAIT_SETTLE', 'WAIT_SETTLE', 'WAIT_SETTLE', 'WAIT_SETTLE']",6.0,120.0,REGIME_H_LOW_AMBIENT,FB5_State_Blind,9
bench_REGIME_H_LOW_AMBIENT_009,FB6_Additive_Cost_Planner,potato,DEPTH_CORRELATED,0.204,0.116,0.088,MARKDOWN,0.0,0.0,1.0,0.0,6.0,4.8,10.8,120.0,"{0: 0.0328, 1: 0.1136, 2: 0.2133, 3: 0.2705, 4: 0.3557}",12,"['WAIT_SETTLE', 'WAIT_SETTLE', 'WAIT_SETTLE', 'WAIT_SETTLE', 'WAIT_SETTLE', 'WAIT_SETTLE', 'WAIT_SETTLE', 'WAIT_SETTLE', 'WAIT_SETTLE', 'WAIT_SETTLE', 'WAIT_SETTLE', 'WAIT_SETTLE']",6.0,120.0,REGIME_H_LOW_AMBIENT,FB6_Additive_Cost,9
bench_REGIME_H_LOW_AMBIENT_009,FB7_Exposure_Aware_Planner,potato,DEPTH_CORRELATED,0.204,0.1087,0.0953,MARKDOWN,0.0,0.0,1.0,0.0,4.0,0.4,4.4,10.0,"{0: 0.0328, 1: 0.1136, 2: 0.2133, 3: 0.2705, 4: 0.3557}",3,"['OBSERVE_STRATUM', 'OBSERVE_STRATUM', 'STOP_INSPECTION']",4.0,10.0,REGIME_H_LOW_AMBIENT,FB7_Proposed,9
bench_REGIME_H_LOW_AMBIENT_010,FB0_Surface_Only,potato,DEPTH_CORRELATED,0.2,0.1104,0.0896,MARKDOWN,0.0,0.0,1.0,0.0,2.0,0.2,2.2,5.0,"{0: 0.0414, 1: 0.1047, 2: 0.1922, 3: 0.3006, 4: 0.3593}",2,"['OBSERVE_STRATUM', 'STOP_INSPECTION']",2.0,5.0,REGIME_H_LOW_AMBIENT,FB0_Surface_Only,10
bench_REGIME_H_LOW_AMBIENT_010,FB1_Fixed_Sampling,potato,DEPTH_CORRELATED,0.2,0.1065,0.0935,MARKDOWN,0.0,0.0,1.0,0.0,45.0,3.0,48.0,75.0,"{0: 0.0414, 1: 0.1047, 2: 0.1922, 3: 0.3006, 4: 0.3593}",4,"['SAMPLE_UNITS', 'SAMPLE_UNITS', 'SAMPLE_UNITS', 'STOP_INSPECTION']",45.0,75.0,REGIME_H_LOW_AMBIENT,FB1_Fixed_Random,10
bench_REGIME_H_LOW_AMBIENT_010,FB2_Depth_Stratified,potato,DEPTH_CORRELATED,0.2,0.1532,0.0468,MARKDOWN,0.0,0.0,1.0,0.0,42.0,11.4,53.4,285.0,"{0: 0.0414, 1: 0.1047, 2: 0.1922, 3: 0.3006, 4: 0.3593}",10,"['OBSERVE_STRATUM', 'REMOVE_LAYER', 'OBSERVE_STRATUM', 'REMOVE_LAYER', 'OBSERVE_STRATUM', 'REMOVE_LAYER', 'OBSERVE_STRATUM', 'REMOVE_LAYER', 'OBSERVE_STRATUM', 'STOP_INSPECTION']",42.0,85.0,REGIME_H_LOW_AMBIENT,FB2_Depth_Stratified,10
bench_REGIME_H_LOW_AMBIENT_010,FB3_Macro_Myopic_VOI,potato,DEPTH_CORRELATED,0.2,0.1196,0.0804,MARKDOWN,0.0,0.0,1.0,0.0,2.0,0.2,2.2,5.0,"{0: 0.0414, 1: 0.1047, 2: 0.1922, 3: 0.3006, 4: 0.3593}",2,"['OBSERVE_STRATUM', 'STOP_INSPECTION']",2.0,5.0,REGIME_H_LOW_AMBIENT,FB3_Macro_Myopic_VOI,10
bench_REGIME_H_LOW_AMBIENT_010,FB5_State_Blind_Lookahead,potato,DEPTH_CORRELATED,0.2,0.116,0.084,MARKDOWN,0.0,0.0,1.0,0.0,6.0,4.8,10.8,120.0,"{0: 0.0414, 1: 0.1047, 2: 0.1922, 3: 0.3006, 4: 0.3593}",12,"['WAIT_SETTLE', 'WAIT_SETTLE', 'WAIT_SETTLE', 'WAIT_SETTLE', 'WAIT_SETTLE', 'WAIT_SETTLE', 'WAIT_SETTLE', 'WAIT_SETTLE', 'WAIT_SETTLE', 'WAIT_SETTLE', 'WAIT_SETTLE', 'WAIT_SETTLE']",6.0,120.0,REGIME_H_LOW_AMBIENT,FB5_State_Blind,10
bench_REGIME_H_LOW_AMBIENT_010,FB6_Additive_Cost_Planner,potato,DEPTH_CORRELATED,0.2,0.116,0.084,MARKDOWN,0.0,0.0,1.0,0.0,6.0,4.8,10.8,120.0,"{0: 0.0414, 1: 0.1047, 2: 0.1922, 3: 0.3006, 4: 0.3593}",12,"['WAIT_SETTLE', 'WAIT_SETTLE', 'WAIT_SETTLE', 'WAIT_SETTLE', 'WAIT_SETTLE', 'WAIT_SETTLE', 'WAIT_SETTLE', 'WAIT_SETTLE', 'WAIT_SETTLE', 'WAIT_SETTLE', 'WAIT_SETTLE', 'WAIT_SETTLE']",6.0,120.0,REGIME_H_LOW_AMBIENT,FB6_Additive_Cost,10
bench_REGIME_H_LOW_AMBIENT_010,FB7_Exposure_Aware_Planner,potato,DEPTH_CORRELATED,0.2,0.1083,0.0917,MARKDOWN,0.0,0.0,1.0,0.0,6.0,0.6,6.6,15.0,"{0: 0.0414, 1: 0.1047, 2: 0.1922, 3: 0.3006, 4: 0.3593}",4,"['OBSERVE_STRATUM', 'OBSERVE_STRATUM', 'OBSERVE_STRATUM', 'STOP_INSPECTION']",6.0,15.0,REGIME_H_LOW_AMBIENT,FB7_Proposed,10
bench_REGIME_H_LOW_AMBIENT_011,FB0_Surface_Only,potato,DEPTH_CORRELATED,0.196,0.1114,0.0846,MARKDOWN,0.0,0.0,1.0,0.0,2.0,0.2,2.2,5.0,"{0: 0.0582, 1: 0.1069, 2: 0.187, 3: 0.2672, 4: 0.3808}",2,"['OBSERVE_STRATUM', 'STOP_INSPECTION']",2.0,5.0,REGIME_H_LOW_AMBIENT,FB0_Surface_Only,11
bench_REGIME_H_LOW_AMBIENT_011,FB1_Fixed_Sampling,potato,DEPTH_CORRELATED,0.196,0.1093,0.0867,MARKDOWN,0.0,0.0,1.0,0.0,45.0,3.0,48.0,75.0,"{0: 0.0582, 1: 0.1069, 2: 0.187, 3: 0.2672, 4: 0.3808}",4,"['SAMPLE_UNITS', 'SAMPLE_UNITS', 'SAMPLE_UNITS', 'STOP_INSPECTION']",45.0,75.0,REGIME_H_LOW_AMBIENT,FB1_Fixed_Random,11
bench_REGIME_H_LOW_AMBIENT_011,FB2_Depth_Stratified,potato,DEPTH_CORRELATED,0.196,0.1457,0.0503,MARKDOWN,0.0,0.0,1.0,0.0,42.0,11.4,53.4,285.0,"{0: 0.0582, 1: 0.1069, 2: 0.187, 3: 0.2672, 4: 0.3808}",10,"['OBSERVE_STRATUM', 'REMOVE_LAYER', 'OBSERVE_STRATUM', 'REMOVE_LAYER', 'OBSERVE_STRATUM', 'REMOVE_LAYER', 'OBSERVE_STRATUM', 'REMOVE_LAYER', 'OBSERVE_STRATUM', 'STOP_INSPECTION']",42.0,85.0,REGIME_H_LOW_AMBIENT,FB2_Depth_Stratified,11
bench_REGIME_H_LOW_AMBIENT_011,FB3_Macro_Myopic_VOI,potato,DEPTH_CORRELATED,0.196,0.1121,0.0839,MARKDOWN,0.0,0.0,1.0,0.0,2.0,0.2,2.2,5.0,"{0: 0.0582, 1: 0.1069, 2: 0.187, 3: 0.2672, 4: 0.3808}",2,"['OBSERVE_STRATUM', 'STOP_INSPECTION']",2.0,5.0,REGIME_H_LOW_AMBIENT,FB3_Macro_Myopic_VOI,11
bench_REGIME_H_LOW_AMBIENT_011,FB5_State_Blind_Lookahead,potato,DEPTH_CORRELATED,0.196,0.116,0.08,MARKDOWN,0.0,0.0,1.0,0.0,6.0,4.8,10.8,120.0,"{0: 0.0582, 1: 0.1069, 2: 0.187, 3: 0.2672, 4: 0.3808}",12,"['WAIT_SETTLE', 'WAIT_SETTLE', 'WAIT_SETTLE', 'WAIT_SETTLE', 'WAIT_SETTLE', 'WAIT_SETTLE', 'WAIT_SETTLE', 'WAIT_SETTLE', 'WAIT_SETTLE', 'WAIT_SETTLE', 'WAIT_SETTLE', 'WAIT_SETTLE']",6.0,120.0,REGIME_H_LOW_AMBIENT,FB5_State_Blind,11
bench_REGIME_H_LOW_AMBIENT_011,FB6_Additive_Cost_Planner,potato,DEPTH_CORRELATED,0.196,0.116,0.08,MARKDOWN,0.0,0.0,1.0,0.0,6.0,4.8,10.8,120.0,"{0: 0.0582, 1: 0.1069, 2: 0.187, 3: 0.2672, 4: 0.3808}",12,"['WAIT_SETTLE', 'WAIT_SETTLE', 'WAIT_SETTLE', 'WAIT_SETTLE', 'WAIT_SETTLE', 'WAIT_SETTLE', 'WAIT_SETTLE', 'WAIT_SETTLE', 'WAIT_SETTLE', 'WAIT_SETTLE', 'WAIT_SETTLE', 'WAIT_SETTLE']",6.0,120.0,REGIME_H_LOW_AMBIENT,FB6_Additive_Cost,11
bench_REGIME_H_LOW_AMBIENT_011,FB7_Exposure_Aware_Planner,potato,DEPTH_CORRELATED,0.196,0.1109,0.0851,MARKDOWN,0.0,0.0,1.0,0.0,6.0,0.6,6.6,15.0,"{0: 0.0582, 1: 0.1069, 2: 0.187, 3: 0.2672, 4: 0.3808}",4,"['OBSERVE_STRATUM', 'OBSERVE_STRATUM', 'OBSERVE_STRATUM', 'STOP_INSPECTION']",6.0,15.0,REGIME_H_LOW_AMBIENT,FB7_Proposed,11
bench_REGIME_H_LOW_AMBIENT_012,FB0_Surface_Only,potato,DEPTH_CORRELATED,0.2,0.1092,0.0908,MARKDOWN,0.0,0.0,1.0,0.0,2.0,0.2,2.2,5.0,"{0: 0.0487, 1: 0.1075, 2: 0.217, 3: 0.2655, 4: 0.389}",2,"['OBSERVE_STRATUM', 'STOP_INSPECTION']",2.0,5.0,REGIME_H_LOW_AMBIENT,FB0_Surface_Only,12
bench_REGIME_H_LOW_AMBIENT_012,FB1_Fixed_Sampling,potato,DEPTH_CORRELATED,0.2,0.1115,0.0885,MARKDOWN,0.0,0.0,1.0,0.0,45.0,3.0,48.0,75.0,"{0: 0.0487, 1: 0.1075, 2: 0.217, 3: 0.2655, 4: 0.389}",4,"['SAMPLE_UNITS', 'SAMPLE_UNITS', 'SAMPLE_UNITS', 'STOP_INSPECTION']",45.0,75.0,REGIME_H_LOW_AMBIENT,FB1_Fixed_Random,12
bench_REGIME_H_LOW_AMBIENT_012,FB2_Depth_Stratified,potato,DEPTH_CORRELATED,0.2,0.1415,0.0585,MARKDOWN,0.0,0.0,1.0,0.0,42.0,11.4,53.4,285.0,"{0: 0.0487, 1: 0.1075, 2: 0.217, 3: 0.2655, 4: 0.389}",10,"['OBSERVE_STRATUM', 'REMOVE_LAYER', 'OBSERVE_STRATUM', 'REMOVE_LAYER', 'OBSERVE_STRATUM', 'REMOVE_LAYER', 'OBSERVE_STRATUM', 'REMOVE_LAYER', 'OBSERVE_STRATUM', 'STOP_INSPECTION']",42.0,85.0,REGIME_H_LOW_AMBIENT,FB2_Depth_Stratified,12
bench_REGIME_H_LOW_AMBIENT_012,FB3_Macro_Myopic_VOI,potato,DEPTH_CORRELATED,0.2,0.1109,0.0891,MARKDOWN,0.0,0.0,1.0,0.0,2.0,0.2,2.2,5.0,"{0: 0.0487, 1: 0.1075, 2: 0.217, 3: 0.2655, 4: 0.389}",2,"['OBSERVE_STRATUM', 'STOP_INSPECTION']",2.0,5.0,REGIME_H_LOW_AMBIENT,FB3_Macro_Myopic_VOI,12
bench_REGIME_H_LOW_AMBIENT_012,FB5_State_Blind_Lookahead,potato,DEPTH_CORRELATED,0.2,0.116,0.084,MARKDOWN,0.0,0.0,1.0,0.0,6.0,4.8,10.8,120.0,"{0: 0.0487, 1: 0.1075, 2: 0.217, 3: 0.2655, 4: 0.389}",12,"['WAIT_SETTLE', 'WAIT_SETTLE', 'WAIT_SETTLE', 'WAIT_SETTLE', 'WAIT_SETTLE', 'WAIT_SETTLE', 'WAIT_SETTLE', 'WAIT_SETTLE', 'WAIT_SETTLE', 'WAIT_SETTLE', 'WAIT_SETTLE', 'WAIT_SETTLE']",6.0,120.0,REGIME_H_LOW_AMBIENT,FB5_State_Blind,12
bench_REGIME_H_LOW_AMBIENT_012,FB6_Additive_Cost_Planner,potato,DEPTH_CORRELATED,0.2,0.116,0.084,MARKDOWN,0.0,0.0,1.0,0.0,6.0,4.8,10.8,120.0,"{0: 0.0487, 1: 0.1075, 2: 0.217, 3: 0.2655, 4: 0.389}",12,"['WAIT_SETTLE', 'WAIT_SETTLE', 'WAIT_SETTLE', 'WAIT_SETTLE', 'WAIT_SETTLE', 'WAIT_SETTLE', 'WAIT_SETTLE', 'WAIT_SETTLE', 'WAIT_SETTLE', 'WAIT_SETTLE', 'WAIT_SETTLE', 'WAIT_SETTLE']",6.0,120.0,REGIME_H_LOW_AMBIENT,FB6_Additive_Cost,12
bench_REGIME_H_LOW_AMBIENT_012,FB7_Exposure_Aware_Planner,potato,DEPTH_CORRELATED,0.2,0.1121,0.0879,MARKDOWN,0.0,0.0,1.0,0.0,6.0,0.6,6.6,15.0,"{0: 0.0487, 1: 0.1075, 2: 0.217, 3: 0.2655, 4: 0.389}",4,"['OBSERVE_STRATUM', 'OBSERVE_STRATUM', 'OBSERVE_STRATUM', 'STOP_INSPECTION']",6.0,15.0,REGIME_H_LOW_AMBIENT,FB7_Proposed,12
bench_REGIME_H_LOW_AMBIENT_013,FB0_Surface_Only,potato,DEPTH_CORRELATED,0.212,0.1122,0.0998,MARKDOWN,0.0,0.0,1.0,0.0,2.0,0.2,2.2,5.0,"{0: 0.0372, 1: 0.1124, 2: 0.2289, 3: 0.3038, 4: 0.3836}",2,"['OBSERVE_STRATUM', 'STOP_INSPECTION']",2.0,5.0,REGIME_H_LOW_AMBIENT,FB0_Surface_Only,13
bench_REGIME_H_LOW_AMBIENT_013,FB1_Fixed_Sampling,potato,DEPTH_CORRELATED,0.212,0.1069,0.1051,MARKDOWN,0.0,0.0,1.0,0.0,45.0,3.0,48.0,75.0,"{0: 0.0372, 1: 0.1124, 2: 0.2289, 3: 0.3038, 4: 0.3836}",4,"['SAMPLE_UNITS', 'SAMPLE_UNITS', 'SAMPLE_UNITS', 'STOP_INSPECTION']",45.0,75.0,REGIME_H_LOW_AMBIENT,FB1_Fixed_Random,13
bench_REGIME_H_LOW_AMBIENT_013,FB2_Depth_Stratified,potato,DEPTH_CORRELATED,0.212,0.1464,0.0656,MARKDOWN,0.0,0.0,1.0,0.0,42.0,11.4,53.4,285.0,"{0: 0.0372, 1: 0.1124, 2: 0.2289, 3: 0.3038, 4: 0.3836}",10,"['OBSERVE_STRATUM', 'REMOVE_LAYER', 'OBSERVE_STRATUM', 'REMOVE_LAYER', 'OBSERVE_STRATUM', 'REMOVE_LAYER', 'OBSERVE_STRATUM', 'REMOVE_LAYER', 'OBSERVE_STRATUM', 'STOP_INSPECTION']",42.0,85.0,REGIME_H_LOW_AMBIENT,FB2_Depth_Stratified,13
bench_REGIME_H_LOW_AMBIENT_013,FB3_Macro_Myopic_VOI,potato,DEPTH_CORRELATED,0.212,0.1092,0.1028,MARKDOWN,0.0,0.0,1.0,0.0,2.0,0.2,2.2,5.0,"{0: 0.0372, 1: 0.1124, 2: 0.2289, 3: 0.3038, 4: 0.3836}",2,"['OBSERVE_STRATUM', 'STOP_INSPECTION']",2.0,5.0,REGIME_H_LOW_AMBIENT,FB3_Macro_Myopic_VOI,13
bench_REGIME_H_LOW_AMBIENT_013,FB5_State_Blind_Lookahead,potato,DEPTH_CORRELATED,0.212,0.116,0.096,MARKDOWN,0.0,0.0,1.0,0.0,6.0,4.8,10.8,120.0,"{0: 0.0372, 1: 0.1124, 2: 0.2289, 3: 0.3038, 4: 0.3836}",12,"['WAIT_SETTLE', 'WAIT_SETTLE', 'WAIT_SETTLE', 'WAIT_SETTLE', 'WAIT_SETTLE', 'WAIT_SETTLE', 'WAIT_SETTLE', 'WAIT_SETTLE', 'WAIT_SETTLE', 'WAIT_SETTLE', 'WAIT_SETTLE', 'WAIT_SETTLE']",6.0,120.0,REGIME_H_LOW_AMBIENT,FB5_State_Blind,13
bench_REGIME_H_LOW_AMBIENT_013,FB6_Additive_Cost_Planner,potato,DEPTH_CORRELATED,0.212,0.116,0.096,MARKDOWN,0.0,0.0,1.0,0.0,6.0,4.8,10.8,120.0,"{0: 0.0372, 1: 0.1124, 2: 0.2289, 3: 0.3038, 4: 0.3836}",12,"['WAIT_SETTLE', 'WAIT_SETTLE', 'WAIT_SETTLE', 'WAIT_SETTLE', 'WAIT_SETTLE', 'WAIT_SETTLE', 'WAIT_SETTLE', 'WAIT_SETTLE', 'WAIT_SETTLE', 'WAIT_SETTLE', 'WAIT_SETTLE', 'WAIT_SETTLE']",6.0,120.0,REGIME_H_LOW_AMBIENT,FB6_Additive_Cost,13
bench_REGIME_H_LOW_AMBIENT_013,FB7_Exposure_Aware_Planner,potato,DEPTH_CORRELATED,0.212,0.1093,0.1027,MARKDOWN,0.0,0.0,1.0,0.0,4.0,0.4,4.4,10.0,"{0: 0.0372, 1: 0.1124, 2: 0.2289, 3: 0.3038, 4: 0.3836}",3,"['OBSERVE_STRATUM', 'OBSERVE_STRATUM', 'STOP_INSPECTION']",4.0,10.0,REGIME_H_LOW_AMBIENT,FB7_Proposed,13
bench_REGIME_H_LOW_AMBIENT_014,FB0_Surface_Only,potato,DEPTH_CORRELATED,0.204,0.1097,0.0943,MARKDOWN,0.0,0.0,1.0,0.0,2.0,0.2,2.2,5.0,"{0: 0.0292, 1: 0.1352, 2: 0.1986, 3: 0.3052, 4: 0.3551}",2,"['OBSERVE_STRATUM', 'STOP_INSPECTION']",2.0,5.0,REGIME_H_LOW_AMBIENT,FB0_Surface_Only,14
bench_REGIME_H_LOW_AMBIENT_014,FB1_Fixed_Sampling,potato,DEPTH_CORRELATED,0.204,0.1047,0.0993,MARKDOWN,0.0,0.0,1.0,0.0,45.0,3.0,48.0,75.0,"{0: 0.0292, 1: 0.1352, 2: 0.1986, 3: 0.3052, 4: 0.3551}",4,"['SAMPLE_UNITS', 'SAMPLE_UNITS', 'SAMPLE_UNITS', 'STOP_INSPECTION']",45.0,75.0,REGIME_H_LOW_AMBIENT,FB1_Fixed_Random,14
bench_REGIME_H_LOW_AMBIENT_014,FB2_Depth_Stratified,potato,DEPTH_CORRELATED,0.204,0.1469,0.0571,MARKDOWN,0.0,0.0,1.0,0.0,42.0,11.4,53.4,285.0,"{0: 0.0292, 1: 0.1352, 2: 0.1986, 3: 0.3052, 4: 0.3551}",10,"['OBSERVE_STRATUM', 'REMOVE_LAYER', 'OBSERVE_STRATUM', 'REMOVE_LAYER', 'OBSERVE_STRATUM', 'REMOVE_LAYER', 'OBSERVE_STRATUM', 'REMOVE_LAYER', 'OBSERVE_STRATUM', 'STOP_INSPECTION']",42.0,85.0,REGIME_H_LOW_AMBIENT,FB2_Depth_Stratified,14
bench_REGIME_H_LOW_AMBIENT_014,FB3_Macro_Myopic_VOI,potato,DEPTH_CORRELATED,0.204,0.1119,0.0921,MARKDOWN,0.0,0.0,1.0,0.0,2.0,0.2,2.2,5.0,"{0: 0.0292, 1: 0.1352, 2: 0.1986, 3: 0.3052, 4: 0.3551}",2,"['OBSERVE_STRATUM', 'STOP_INSPECTION']",2.0,5.0,REGIME_H_LOW_AMBIENT,FB3_Macro_Myopic_VOI,14
bench_REGIME_H_LOW_AMBIENT_014,FB5_State_Blind_Lookahead,potato,DEPTH_CORRELATED,0.204,0.116,0.088,MARKDOWN,0.0,0.0,1.0,0.0,6.0,4.8,10.8,120.0,"{0: 0.0292, 1: 0.1352, 2: 0.1986, 3: 0.3052, 4: 0.3551}",12,"['WAIT_SETTLE', 'WAIT_SETTLE', 'WAIT_SETTLE', 'WAIT_SETTLE', 'WAIT_SETTLE', 'WAIT_SETTLE', 'WAIT_SETTLE', 'WAIT_SETTLE', 'WAIT_SETTLE', 'WAIT_SETTLE', 'WAIT_SETTLE', 'WAIT_SETTLE']",6.0,120.0,REGIME_H_LOW_AMBIENT,FB5_State_Blind,14
bench_REGIME_H_LOW_AMBIENT_014,FB6_Additive_Cost_Planner,potato,DEPTH_CORRELATED,0.204,0.116,0.088,MARKDOWN,0.0,0.0,1.0,0.0,6.0,4.8,10.8,120.0,"{0: 0.0292, 1: 0.1352, 2: 0.1986, 3: 0.3052, 4: 0.3551}",12,"['WAIT_SETTLE', 'WAIT_SETTLE', 'WAIT_SETTLE', 'WAIT_SETTLE', 'WAIT_SETTLE', 'WAIT_SETTLE', 'WAIT_SETTLE', 'WAIT_SETTLE', 'WAIT_SETTLE', 'WAIT_SETTLE', 'WAIT_SETTLE', 'WAIT_SETTLE']",6.0,120.0,REGIME_H_LOW_AMBIENT,FB6_Additive_Cost,14
bench_REGIME_H_LOW_AMBIENT_014,FB7_Exposure_Aware_Planner,potato,DEPTH_CORRELATED,0.204,0.1063,0.0977,MARKDOWN,0.0,0.0,1.0,0.0,4.0,0.4,4.4,10.0,"{0: 0.0292, 1: 0.1352, 2: 0.1986, 3: 0.3052, 4: 0.3551}",3,"['OBSERVE_STRATUM', 'OBSERVE_STRATUM', 'STOP_INSPECTION']",4.0,10.0,REGIME_H_LOW_AMBIENT,FB7_Proposed,14
bench_REGIME_H_LOW_AMBIENT_015,FB0_Surface_Only,potato,DEPTH_CORRELATED,0.196,0.1139,0.0821,MARKDOWN,0.0,0.0,1.0,0.0,2.0,0.2,2.2,5.0,"{0: 0.0556, 1: 0.1018, 2: 0.2097, 3: 0.2788, 4: 0.3422}",2,"['OBSERVE_STRATUM', 'STOP_INSPECTION']",2.0,5.0,REGIME_H_LOW_AMBIENT,FB0_Surface_Only,15
bench_REGIME_H_LOW_AMBIENT_015,FB1_Fixed_Sampling,potato,DEPTH_CORRELATED,0.196,0.1128,0.0832,MARKDOWN,0.0,0.0,1.0,0.0,45.0,3.0,48.0,75.0,"{0: 0.0556, 1: 0.1018, 2: 0.2097, 3: 0.2788, 4: 0.3422}",4,"['SAMPLE_UNITS', 'SAMPLE_UNITS', 'SAMPLE_UNITS', 'STOP_INSPECTION']",45.0,75.0,REGIME_H_LOW_AMBIENT,FB1_Fixed_Random,15
bench_REGIME_H_LOW_AMBIENT_015,FB2_Depth_Stratified,potato,DEPTH_CORRELATED,0.196,0.141,0.055,MARKDOWN,0.0,0.0,1.0,0.0,42.0,11.4,53.4,285.0,"{0: 0.0556, 1: 0.1018, 2: 0.2097, 3: 0.2788, 4: 0.3422}",10,"['OBSERVE_STRATUM', 'REMOVE_LAYER', 'OBSERVE_STRATUM', 'REMOVE_LAYER', 'OBSERVE_STRATUM', 'REMOVE_LAYER', 'OBSERVE_STRATUM', 'REMOVE_LAYER', 'OBSERVE_STRATUM', 'STOP_INSPECTION']",42.0,85.0,REGIME_H_LOW_AMBIENT,FB2_Depth_Stratified,15
bench_REGIME_H_LOW_AMBIENT_015,FB3_Macro_Myopic_VOI,potato,DEPTH_CORRELATED,0.196,0.1147,0.0813,MARKDOWN,0.0,0.0,1.0,0.0,2.0,0.2,2.2,5.0,"{0: 0.0556, 1: 0.1018, 2: 0.2097, 3: 0.2788, 4: 0.3422}",2,"['OBSERVE_STRATUM', 'STOP_INSPECTION']",2.0,5.0,REGIME_H_LOW_AMBIENT,FB3_Macro_Myopic_VOI,15
bench_REGIME_H_LOW_AMBIENT_015,FB5_State_Blind_Lookahead,potato,DEPTH_CORRELATED,0.196,0.116,0.08,MARKDOWN,0.0,0.0,1.0,0.0,6.0,4.8,10.8,120.0,"{0: 0.0556, 1: 0.1018, 2: 0.2097, 3: 0.2788, 4: 0.3422}",12,"['WAIT_SETTLE', 'WAIT_SETTLE', 'WAIT_SETTLE', 'WAIT_SETTLE', 'WAIT_SETTLE', 'WAIT_SETTLE', 'WAIT_SETTLE', 'WAIT_SETTLE', 'WAIT_SETTLE', 'WAIT_SETTLE', 'WAIT_SETTLE', 'WAIT_SETTLE']",6.0,120.0,REGIME_H_LOW_AMBIENT,FB5_State_Blind,15
bench_REGIME_H_LOW_AMBIENT_015,FB6_Additive_Cost_Planner,potato,DEPTH_CORRELATED,0.196,0.116,0.08,MARKDOWN,0.0,0.0,1.0,0.0,6.0,4.8,10.8,120.0,"{0: 0.0556, 1: 0.1018, 2: 0.2097, 3: 0.2788, 4: 0.3422}",12,"['WAIT_SETTLE', 'WAIT_SETTLE', 'WAIT_SETTLE', 'WAIT_SETTLE', 'WAIT_SETTLE', 'WAIT_SETTLE', 'WAIT_SETTLE', 'WAIT_SETTLE', 'WAIT_SETTLE', 'WAIT_SETTLE', 'WAIT_SETTLE', 'WAIT_SETTLE']",6.0,120.0,REGIME_H_LOW_AMBIENT,FB6_Additive_Cost,15
bench_REGIME_H_LOW_AMBIENT_015,FB7_Exposure_Aware_Planner,potato,DEPTH_CORRELATED,0.196,0.1173,0.0787,MARKDOWN,0.0,0.0,1.0,0.0,8.0,0.8,8.8,20.0,"{0: 0.0556, 1: 0.1018, 2: 0.2097, 3: 0.2788, 4: 0.3422}",5,"['OBSERVE_STRATUM', 'OBSERVE_STRATUM', 'OBSERVE_STRATUM', 'OBSERVE_STRATUM', 'STOP_INSPECTION']",8.0,20.0,REGIME_H_LOW_AMBIENT,FB7_Proposed,15
bench_REGIME_H_LOW_AMBIENT_016,FB0_Surface_Only,potato,DEPTH_CORRELATED,0.204,0.1171,0.0869,MARKDOWN,0.0,0.0,1.0,0.0,2.0,0.2,2.2,5.0,"{0: 0.0603, 1: 0.123, 2: 0.1852, 3: 0.2986, 4: 0.361}",2,"['OBSERVE_STRATUM', 'STOP_INSPECTION']",2.0,5.0,REGIME_H_LOW_AMBIENT,FB0_Surface_Only,16
bench_REGIME_H_LOW_AMBIENT_016,FB1_Fixed_Sampling,potato,DEPTH_CORRELATED,0.204,0.1109,0.0931,MARKDOWN,0.0,0.0,1.0,0.0,45.0,3.0,48.0,75.0,"{0: 0.0603, 1: 0.123, 2: 0.1852, 3: 0.2986, 4: 0.361}",4,"['SAMPLE_UNITS', 'SAMPLE_UNITS', 'SAMPLE_UNITS', 'STOP_INSPECTION']",45.0,75.0,REGIME_H_LOW_AMBIENT,FB1_Fixed_Random,16
bench_REGIME_H_LOW_AMBIENT_016,FB2_Depth_Stratified,potato,DEPTH_CORRELATED,0.204,0.1381,0.0659,MARKDOWN,0.0,0.0,1.0,0.0,42.0,11.4,53.4,285.0,"{0: 0.0603, 1: 0.123, 2: 0.1852, 3: 0.2986, 4: 0.361}",10,"['OBSERVE_STRATUM', 'REMOVE_LAYER', 'OBSERVE_STRATUM', 'REMOVE_LAYER', 'OBSERVE_STRATUM', 'REMOVE_LAYER', 'OBSERVE_STRATUM', 'REMOVE_LAYER', 'OBSERVE_STRATUM', 'STOP_INSPECTION']",42.0,85.0,REGIME_H_LOW_AMBIENT,FB2_Depth_Stratified,16
bench_REGIME_H_LOW_AMBIENT_016,FB3_Macro_Myopic_VOI,potato,DEPTH_CORRELATED,0.204,0.1137,0.0903,MARKDOWN,0.0,0.0,1.0,0.0,2.0,0.2,2.2,5.0,"{0: 0.0603, 1: 0.123, 2: 0.1852, 3: 0.2986, 4: 0.361}",2,"['OBSERVE_STRATUM', 'STOP_INSPECTION']",2.0,5.0,REGIME_H_LOW_AMBIENT,FB3_Macro_Myopic_VOI,16
bench_REGIME_H_LOW_AMBIENT_016,FB5_State_Blind_Lookahead,potato,DEPTH_CORRELATED,0.204,0.116,0.088,MARKDOWN,0.0,0.0,1.0,0.0,6.0,4.8,10.8,120.0,"{0: 0.0603, 1: 0.123, 2: 0.1852, 3: 0.2986, 4: 0.361}",12,"['WAIT_SETTLE', 'WAIT_SETTLE', 'WAIT_SETTLE', 'WAIT_SETTLE', 'WAIT_SETTLE', 'WAIT_SETTLE', 'WAIT_SETTLE', 'WAIT_SETTLE', 'WAIT_SETTLE', 'WAIT_SETTLE', 'WAIT_SETTLE', 'WAIT_SETTLE']",6.0,120.0,REGIME_H_LOW_AMBIENT,FB5_State_Blind,16
bench_REGIME_H_LOW_AMBIENT_016,FB6_Additive_Cost_Planner,potato,DEPTH_CORRELATED,0.204,0.116,0.088,MARKDOWN,0.0,0.0,1.0,0.0,6.0,4.8,10.8,120.0,"{0: 0.0603, 1: 0.123, 2: 0.1852, 3: 0.2986, 4: 0.361}",12,"['WAIT_SETTLE', 'WAIT_SETTLE', 'WAIT_SETTLE', 'WAIT_SETTLE', 'WAIT_SETTLE', 'WAIT_SETTLE', 'WAIT_SETTLE', 'WAIT_SETTLE', 'WAIT_SETTLE', 'WAIT_SETTLE', 'WAIT_SETTLE', 'WAIT_SETTLE']",6.0,120.0,REGIME_H_LOW_AMBIENT,FB6_Additive_Cost,16
bench_REGIME_H_LOW_AMBIENT_016,FB7_Exposure_Aware_Planner,potato,DEPTH_CORRELATED,0.204,0.1118,0.0922,MARKDOWN,0.0,0.0,1.0,0.0,6.0,0.6,6.6,15.0,"{0: 0.0603, 1: 0.123, 2: 0.1852, 3: 0.2986, 4: 0.361}",4,"['OBSERVE_STRATUM', 'OBSERVE_STRATUM', 'OBSERVE_STRATUM', 'STOP_INSPECTION']",6.0,15.0,REGIME_H_LOW_AMBIENT,FB7_Proposed,16
bench_REGIME_H_LOW_AMBIENT_017,FB0_Surface_Only,potato,DEPTH_CORRELATED,0.212,0.1176,0.0944,MARKDOWN,0.0,0.0,1.0,0.0,2.0,0.2,2.2,5.0,"{0: 0.0371, 1: 0.1202, 2: 0.2111, 3: 0.2966, 4: 0.3832}",2,"['OBSERVE_STRATUM', 'STOP_INSPECTION']",2.0,5.0,REGIME_H_LOW_AMBIENT,FB0_Surface_Only,17
bench_REGIME_H_LOW_AMBIENT_017,FB1_Fixed_Sampling,potato,DEPTH_CORRELATED,0.212,0.1083,0.1037,MARKDOWN,0.0,0.0,1.0,0.0,45.0,3.0,48.0,75.0,"{0: 0.0371, 1: 0.1202, 2: 0.2111, 3: 0.2966, 4: 0.3832}",4,"['SAMPLE_UNITS', 'SAMPLE_UNITS', 'SAMPLE_UNITS', 'STOP_INSPECTION']",45.0,75.0,REGIME_H_LOW_AMBIENT,FB1_Fixed_Random,17
bench_REGIME_H_LOW_AMBIENT_017,FB2_Depth_Stratified,potato,DEPTH_CORRELATED,0.212,0.1524,0.0596,MARKDOWN,0.0,0.0,1.0,0.0,42.0,11.4,53.4,285.0,"{0: 0.0371, 1: 0.1202, 2: 0.2111, 3: 0.2966, 4: 0.3832}",10,"['OBSERVE_STRATUM', 'REMOVE_LAYER', 'OBSERVE_STRATUM', 'REMOVE_LAYER', 'OBSERVE_STRATUM', 'REMOVE_LAYER', 'OBSERVE_STRATUM', 'REMOVE_LAYER', 'OBSERVE_STRATUM', 'STOP_INSPECTION']",42.0,85.0,REGIME_H_LOW_AMBIENT,FB2_Depth_Stratified,17
bench_REGIME_H_LOW_AMBIENT_017,FB3_Macro_Myopic_VOI,potato,DEPTH_CORRELATED,0.212,0.1152,0.0968,MARKDOWN,0.0,0.0,1.0,0.0,2.0,0.2,2.2,5.0,"{0: 0.0371, 1: 0.1202, 2: 0.2111, 3: 0.2966, 4: 0.3832}",2,"['OBSERVE_STRATUM', 'STOP_INSPECTION']",2.0,5.0,REGIME_H_LOW_AMBIENT,FB3_Macro_Myopic_VOI,17
bench_REGIME_H_LOW_AMBIENT_017,FB5_State_Blind_Lookahead,potato,DEPTH_CORRELATED,0.212,0.116,0.096,MARKDOWN,0.0,0.0,1.0,0.0,6.0,4.8,10.8,120.0,"{0: 0.0371, 1: 0.1202, 2: 0.2111, 3: 0.2966, 4: 0.3832}",12,"['WAIT_SETTLE', 'WAIT_SETTLE', 'WAIT_SETTLE', 'WAIT_SETTLE', 'WAIT_SETTLE', 'WAIT_SETTLE', 'WAIT_SETTLE', 'WAIT_SETTLE', 'WAIT_SETTLE', 'WAIT_SETTLE', 'WAIT_SETTLE', 'WAIT_SETTLE']",6.0,120.0,REGIME_H_LOW_AMBIENT,FB5_State_Blind,17
bench_REGIME_H_LOW_AMBIENT_017,FB6_Additive_Cost_Planner,potato,DEPTH_CORRELATED,0.212,0.116,0.096,MARKDOWN,0.0,0.0,1.0,0.0,6.0,4.8,10.8,120.0,"{0: 0.0371, 1: 0.1202, 2: 0.2111, 3: 0.2966, 4: 0.3832}",12,"['WAIT_SETTLE', 'WAIT_SETTLE', 'WAIT_SETTLE', 'WAIT_SETTLE', 'WAIT_SETTLE', 'WAIT_SETTLE', 'WAIT_SETTLE', 'WAIT_SETTLE', 'WAIT_SETTLE', 'WAIT_SETTLE', 'WAIT_SETTLE', 'WAIT_SETTLE']",6.0,120.0,REGIME_H_LOW_AMBIENT,FB6_Additive_Cost,17
bench_REGIME_H_LOW_AMBIENT_017,FB7_Exposure_Aware_Planner,potato,DEPTH_CORRELATED,0.212,0.1114,0.1006,MARKDOWN,0.0,0.0,1.0,0.0,6.0,0.6,6.6,15.0,"{0: 0.0371, 1: 0.1202, 2: 0.2111, 3: 0.2966, 4: 0.3832}",4,"['OBSERVE_STRATUM', 'OBSERVE_STRATUM', 'OBSERVE_STRATUM', 'STOP_INSPECTION']",6.0,15.0,REGIME_H_LOW_AMBIENT,FB7_Proposed,17
bench_REGIME_H_LOW_AMBIENT_018,FB0_Surface_Only,potato,DEPTH_CORRELATED,0.204,0.1104,0.0936,MARKDOWN,0.0,0.0,1.0,0.0,2.0,0.2,2.2,5.0,"{0: 0.034, 1: 0.1349, 2: 0.1878, 3: 0.277, 4: 0.3875}",2,"['OBSERVE_STRATUM', 'STOP_INSPECTION']",2.0,5.0,REGIME_H_LOW_AMBIENT,FB0_Surface_Only,18
bench_REGIME_H_LOW_AMBIENT_018,FB1_Fixed_Sampling,potato,DEPTH_CORRELATED,0.204,0.1125,0.0915,MARKDOWN,0.0,0.0,1.0,0.0,45.0,3.0,48.0,75.0,"{0: 0.034, 1: 0.1349, 2: 0.1878, 3: 0.277, 4: 0.3875}",4,"['SAMPLE_UNITS', 'SAMPLE_UNITS', 'SAMPLE_UNITS', 'STOP_INSPECTION']",45.0,75.0,REGIME_H_LOW_AMBIENT,FB1_Fixed_Random,18
bench_REGIME_H_LOW_AMBIENT_018,FB2_Depth_Stratified,potato,DEPTH_CORRELATED,0.204,0.1451,0.0589,MARKDOWN,0.0,0.0,1.0,0.0,42.0,11.4,53.4,285.0,"{0: 0.034, 1: 0.1349, 2: 0.1878, 3: 0.277, 4: 0.3875}",10,"['OBSERVE_STRATUM', 'REMOVE_LAYER', 'OBSERVE_STRATUM', 'REMOVE_LAYER', 'OBSERVE_STRATUM', 'REMOVE_LAYER', 'OBSERVE_STRATUM', 'REMOVE_LAYER', 'OBSERVE_STRATUM', 'STOP_INSPECTION']",42.0,85.0,REGIME_H_LOW_AMBIENT,FB2_Depth_Stratified,18
bench_REGIME_H_LOW_AMBIENT_018,FB3_Macro_Myopic_VOI,potato,DEPTH_CORRELATED,0.204,0.1092,0.0948,MARKDOWN,0.0,0.0,1.0,0.0,2.0,0.2,2.2,5.0,"{0: 0.034, 1: 0.1349, 2: 0.1878, 3: 0.277, 4: 0.3875}",2,"['OBSERVE_STRATUM', 'STOP_INSPECTION']",2.0,5.0,REGIME_H_LOW_AMBIENT,FB3_Macro_Myopic_VOI,18
bench_REGIME_H_LOW_AMBIENT_018,FB5_State_Blind_Lookahead,potato,DEPTH_CORRELATED,0.204,0.116,0.088,MARKDOWN,0.0,0.0,1.0,0.0,6.0,4.8,10.8,120.0,"{0: 0.034, 1: 0.1349, 2: 0.1878, 3: 0.277, 4: 0.3875}",12,"['WAIT_SETTLE', 'WAIT_SETTLE', 'WAIT_SETTLE', 'WAIT_SETTLE', 'WAIT_SETTLE', 'WAIT_SETTLE', 'WAIT_SETTLE', 'WAIT_SETTLE', 'WAIT_SETTLE', 'WAIT_SETTLE', 'WAIT_SETTLE', 'WAIT_SETTLE']",6.0,120.0,REGIME_H_LOW_AMBIENT,FB5_State_Blind,18
bench_REGIME_H_LOW_AMBIENT_018,FB6_Additive_Cost_Planner,potato,DEPTH_CORRELATED,0.204,0.116,0.088,MARKDOWN,0.0,0.0,1.0,0.0,6.0,4.8,10.8,120.0,"{0: 0.034, 1: 0.1349, 2: 0.1878, 3: 0.277, 4: 0.3875}",12,"['WAIT_SETTLE', 'WAIT_SETTLE', 'WAIT_SETTLE', 'WAIT_SETTLE', 'WAIT_SETTLE', 'WAIT_SETTLE', 'WAIT_SETTLE', 'WAIT_SETTLE', 'WAIT_SETTLE', 'WAIT_SETTLE', 'WAIT_SETTLE', 'WAIT_SETTLE']",6.0,120.0,REGIME_H_LOW_AMBIENT,FB6_Additive_Cost,18
bench_REGIME_H_LOW_AMBIENT_018,FB7_Exposure_Aware_Planner,potato,DEPTH_CORRELATED,0.204,0.1081,0.0959,MARKDOWN,0.0,0.0,1.0,0.0,4.0,0.4,4.4,10.0,"{0: 0.034, 1: 0.1349, 2: 0.1878, 3: 0.277, 4: 0.3875}",3,"['OBSERVE_STRATUM', 'OBSERVE_STRATUM', 'STOP_INSPECTION']",4.0,10.0,REGIME_H_LOW_AMBIENT,FB7_Proposed,18
bench_REGIME_H_LOW_AMBIENT_019,FB0_Surface_Only,potato,DEPTH_CORRELATED,0.212,0.1106,0.1014,MARKDOWN,0.0,0.0,1.0,0.0,2.0,0.2,2.2,5.0,"{0: 0.0367, 1: 0.1446, 2: 0.1922, 3: 0.298, 4: 0.378}",2,"['OBSERVE_STRATUM', 'STOP_INSPECTION']",2.0,5.0,REGIME_H_LOW_AMBIENT,FB0_Surface_Only,19
bench_REGIME_H_LOW_AMBIENT_019,FB1_Fixed_Sampling,potato,DEPTH_CORRELATED,0.212,0.1078,0.1042,MARKDOWN,0.0,0.0,1.0,0.0,45.0,3.0,48.0,75.0,"{0: 0.0367, 1: 0.1446, 2: 0.1922, 3: 0.298, 4: 0.378}",4,"['SAMPLE_UNITS', 'SAMPLE_UNITS', 'SAMPLE_UNITS', 'STOP_INSPECTION']",45.0,75.0,REGIME_H_LOW_AMBIENT,FB1_Fixed_Random,19
bench_REGIME_H_LOW_AMBIENT_019,FB2_Depth_Stratified,potato,DEPTH_CORRELATED,0.212,0.1462,0.0658,MARKDOWN,0.0,0.0,1.0,0.0,42.0,11.4,53.4,285.0,"{0: 0.0367, 1: 0.1446, 2: 0.1922, 3: 0.298, 4: 0.378}",10,"['OBSERVE_STRATUM', 'REMOVE_LAYER', 'OBSERVE_STRATUM', 'REMOVE_LAYER', 'OBSERVE_STRATUM', 'REMOVE_LAYER', 'OBSERVE_STRATUM', 'REMOVE_LAYER', 'OBSERVE_STRATUM', 'STOP_INSPECTION']",42.0,85.0,REGIME_H_LOW_AMBIENT,FB2_Depth_Stratified,19
bench_REGIME_H_LOW_AMBIENT_019,FB3_Macro_Myopic_VOI,potato,DEPTH_CORRELATED,0.212,0.11,0.102,MARKDOWN,0.0,0.0,1.0,0.0,2.0,0.2,2.2,5.0,"{0: 0.0367, 1: 0.1446, 2: 0.1922, 3: 0.298, 4: 0.378}",2,"['OBSERVE_STRATUM', 'STOP_INSPECTION']",2.0,5.0,REGIME_H_LOW_AMBIENT,FB3_Macro_Myopic_VOI,19
bench_REGIME_H_LOW_AMBIENT_019,FB5_State_Blind_Lookahead,potato,DEPTH_CORRELATED,0.212,0.116,0.096,MARKDOWN,0.0,0.0,1.0,0.0,6.0,4.8,10.8,120.0,"{0: 0.0367, 1: 0.1446, 2: 0.1922, 3: 0.298, 4: 0.378}",12,"['WAIT_SETTLE', 'WAIT_SETTLE', 'WAIT_SETTLE', 'WAIT_SETTLE', 'WAIT_SETTLE', 'WAIT_SETTLE', 'WAIT_SETTLE', 'WAIT_SETTLE', 'WAIT_SETTLE', 'WAIT_SETTLE', 'WAIT_SETTLE', 'WAIT_SETTLE']",6.0,120.0,REGIME_H_LOW_AMBIENT,FB5_State_Blind,19
bench_REGIME_H_LOW_AMBIENT_019,FB6_Additive_Cost_Planner,potato,DEPTH_CORRELATED,0.212,0.116,0.096,MARKDOWN,0.0,0.0,1.0,0.0,6.0,4.8,10.8,120.0,"{0: 0.0367, 1: 0.1446, 2: 0.1922, 3: 0.298, 4: 0.378}",12,"['WAIT_SETTLE', 'WAIT_SETTLE', 'WAIT_SETTLE', 'WAIT_SETTLE', 'WAIT_SETTLE', 'WAIT_SETTLE', 'WAIT_SETTLE', 'WAIT_SETTLE', 'WAIT_SETTLE', 'WAIT_SETTLE', 'WAIT_SETTLE', 'WAIT_SETTLE']",6.0,120.0,REGIME_H_LOW_AMBIENT,FB6_Additive_Cost,19
bench_REGIME_H_LOW_AMBIENT_019,FB7_Exposure_Aware_Planner,potato,DEPTH_CORRELATED,0.212,0.1081,0.1039,MARKDOWN,0.0,0.0,1.0,0.0,4.0,0.4,4.4,10.0,"{0: 0.0367, 1: 0.1446, 2: 0.1922, 3: 0.298, 4: 0.378}",3,"['OBSERVE_STRATUM', 'OBSERVE_STRATUM', 'STOP_INSPECTION']",4.0,10.0,REGIME_H_LOW_AMBIENT,FB7_Proposed,19
bench_REGIME_H_LOW_AMBIENT_020,FB0_Surface_Only,potato,DEPTH_CORRELATED,0.212,0.1099,0.1021,MARKDOWN,0.0,0.0,1.0,0.0,2.0,0.2,2.2,5.0,"{0: 0.0563, 1: 0.1366, 2: 0.1891, 3: 0.3012, 4: 0.3701}",2,"['OBSERVE_STRATUM', 'STOP_INSPECTION']",2.0,5.0,REGIME_H_LOW_AMBIENT,FB0_Surface_Only,20
bench_REGIME_H_LOW_AMBIENT_020,FB1_Fixed_Sampling,potato,DEPTH_CORRELATED,0.212,0.1119,0.1001,MARKDOWN,0.0,0.0,1.0,0.0,45.0,3.0,48.0,75.0,"{0: 0.0563, 1: 0.1366, 2: 0.1891, 3: 0.3012, 4: 0.3701}",4,"['SAMPLE_UNITS', 'SAMPLE_UNITS', 'SAMPLE_UNITS', 'STOP_INSPECTION']",45.0,75.0,REGIME_H_LOW_AMBIENT,FB1_Fixed_Random,20
bench_REGIME_H_LOW_AMBIENT_020,FB2_Depth_Stratified,potato,DEPTH_CORRELATED,0.212,0.1485,0.0635,MARKDOWN,0.0,0.0,1.0,0.0,42.0,11.4,53.4,285.0,"{0: 0.0563, 1: 0.1366, 2: 0.1891, 3: 0.3012, 4: 0.3701}",10,"['OBSERVE_STRATUM', 'REMOVE_LAYER', 'OBSERVE_STRATUM', 'REMOVE_LAYER', 'OBSERVE_STRATUM', 'REMOVE_LAYER', 'OBSERVE_STRATUM', 'REMOVE_LAYER', 'OBSERVE_STRATUM', 'STOP_INSPECTION']",42.0,85.0,REGIME_H_LOW_AMBIENT,FB2_Depth_Stratified,20
bench_REGIME_H_LOW_AMBIENT_020,FB3_Macro_Myopic_VOI,potato,DEPTH_CORRELATED,0.212,0.1155,0.0965,MARKDOWN,0.0,0.0,1.0,0.0,2.0,0.2,2.2,5.0,"{0: 0.0563, 1: 0.1366, 2: 0.1891, 3: 0.3012, 4: 0.3701}",2,"['OBSERVE_STRATUM', 'STOP_INSPECTION']",2.0,5.0,REGIME_H_LOW_AMBIENT,FB3_Macro_Myopic_VOI,20
bench_REGIME_H_LOW_AMBIENT_020,FB5_State_Blind_Lookahead,potato,DEPTH_CORRELATED,0.212,0.116,0.096,MARKDOWN,0.0,0.0,1.0,0.0,6.0,4.8,10.8,120.0,"{0: 0.0563, 1: 0.1366, 2: 0.1891, 3: 0.3012, 4: 0.3701}",12,"['WAIT_SETTLE', 'WAIT_SETTLE', 'WAIT_SETTLE', 'WAIT_SETTLE', 'WAIT_SETTLE', 'WAIT_SETTLE', 'WAIT_SETTLE', 'WAIT_SETTLE', 'WAIT_SETTLE', 'WAIT_SETTLE', 'WAIT_SETTLE', 'WAIT_SETTLE']",6.0,120.0,REGIME_H_LOW_AMBIENT,FB5_State_Blind,20
bench_REGIME_H_LOW_AMBIENT_020,FB6_Additive_Cost_Planner,potato,DEPTH_CORRELATED,0.212,0.116,0.096,MARKDOWN,0.0,0.0,1.0,0.0,6.0,4.8,10.8,120.0,"{0: 0.0563, 1: 0.1366, 2: 0.1891, 3: 0.3012, 4: 0.3701}",12,"['WAIT_SETTLE', 'WAIT_SETTLE', 'WAIT_SETTLE', 'WAIT_SETTLE', 'WAIT_SETTLE', 'WAIT_SETTLE', 'WAIT_SETTLE', 'WAIT_SETTLE', 'WAIT_SETTLE', 'WAIT_SETTLE', 'WAIT_SETTLE', 'WAIT_SETTLE']",6.0,120.0,REGIME_H_LOW_AMBIENT,FB6_Additive_Cost,20
bench_REGIME_H_LOW_AMBIENT_020,FB7_Exposure_Aware_Planner,potato,DEPTH_CORRELATED,0.212,0.1106,0.1014,MARKDOWN,0.0,0.0,1.0,0.0,6.0,0.6,6.6,15.0,"{0: 0.0563, 1: 0.1366, 2: 0.1891, 3: 0.3012, 4: 0.3701}",4,"['OBSERVE_STRATUM', 'OBSERVE_STRATUM', 'OBSERVE_STRATUM', 'STOP_INSPECTION']",6.0,15.0,REGIME_H_LOW_AMBIENT,FB7_Proposed,20
bench_REGIME_H_LOW_AMBIENT_021,FB0_Surface_Only,potato,DEPTH_CORRELATED,0.208,0.1126,0.0954,MARKDOWN,0.0,0.0,1.0,0.0,2.0,0.2,2.2,5.0,"{0: 0.0366, 1: 0.1364, 2: 0.1918, 3: 0.2716, 4: 0.3883}",2,"['OBSERVE_STRATUM', 'STOP_INSPECTION']",2.0,5.0,REGIME_H_LOW_AMBIENT,FB0_Surface_Only,21
bench_REGIME_H_LOW_AMBIENT_021,FB1_Fixed_Sampling,potato,DEPTH_CORRELATED,0.208,0.1083,0.0997,MARKDOWN,0.0,0.0,1.0,0.0,45.0,3.0,48.0,75.0,"{0: 0.0366, 1: 0.1364, 2: 0.1918, 3: 0.2716, 4: 0.3883}",4,"['SAMPLE_UNITS', 'SAMPLE_UNITS', 'SAMPLE_UNITS', 'STOP_INSPECTION']",45.0,75.0,REGIME_H_LOW_AMBIENT,FB1_Fixed_Random,21
bench_REGIME_H_LOW_AMBIENT_021,FB2_Depth_Stratified,potato,DEPTH_CORRELATED,0.208,0.1452,0.0628,MARKDOWN,0.0,0.0,1.0,0.0,42.0,11.4,53.4,285.0,"{0: 0.0366, 1: 0.1364, 2: 0.1918, 3: 0.2716, 4: 0.3883}",10,"['OBSERVE_STRATUM', 'REMOVE_LAYER', 'OBSERVE_STRATUM', 'REMOVE_LAYER', 'OBSERVE_STRATUM', 'REMOVE_LAYER', 'OBSERVE_STRATUM', 'REMOVE_LAYER', 'OBSERVE_STRATUM', 'STOP_INSPECTION']",42.0,85.0,REGIME_H_LOW_AMBIENT,FB2_Depth_Stratified,21
bench_REGIME_H_LOW_AMBIENT_021,FB3_Macro_Myopic_VOI,potato,DEPTH_CORRELATED,0.208,0.1136,0.0944,MARKDOWN,0.0,0.0,1.0,0.0,2.0,0.2,2.2,5.0,"{0: 0.0366, 1: 0.1364, 2: 0.1918, 3: 0.2716, 4: 0.3883}",2,"['OBSERVE_STRATUM', 'STOP_INSPECTION']",2.0,5.0,REGIME_H_LOW_AMBIENT,FB3_Macro_Myopic_VOI,21
bench_REGIME_H_LOW_AMBIENT_021,FB5_State_Blind_Lookahead,potato,DEPTH_CORRELATED,0.208,0.116,0.092,MARKDOWN,0.0,0.0,1.0,0.0,6.0,4.8,10.8,120.0,"{0: 0.0366, 1: 0.1364, 2: 0.1918, 3: 0.2716, 4: 0.3883}",12,"['WAIT_SETTLE', 'WAIT_SETTLE', 'WAIT_SETTLE', 'WAIT_SETTLE', 'WAIT_SETTLE', 'WAIT_SETTLE', 'WAIT_SETTLE', 'WAIT_SETTLE', 'WAIT_SETTLE', 'WAIT_SETTLE', 'WAIT_SETTLE', 'WAIT_SETTLE']",6.0,120.0,REGIME_H_LOW_AMBIENT,FB5_State_Blind,21
bench_REGIME_H_LOW_AMBIENT_021,FB6_Additive_Cost_Planner,potato,DEPTH_CORRELATED,0.208,0.116,0.092,MARKDOWN,0.0,0.0,1.0,0.0,6.0,4.8,10.8,120.0,"{0: 0.0366, 1: 0.1364, 2: 0.1918, 3: 0.2716, 4: 0.3883}",12,"['WAIT_SETTLE', 'WAIT_SETTLE', 'WAIT_SETTLE', 'WAIT_SETTLE', 'WAIT_SETTLE', 'WAIT_SETTLE', 'WAIT_SETTLE', 'WAIT_SETTLE', 'WAIT_SETTLE', 'WAIT_SETTLE', 'WAIT_SETTLE', 'WAIT_SETTLE']",6.0,120.0,REGIME_H_LOW_AMBIENT,FB6_Additive_Cost,21
bench_REGIME_H_LOW_AMBIENT_021,FB7_Exposure_Aware_Planner,potato,DEPTH_CORRELATED,0.208,0.1122,0.0958,MARKDOWN,0.0,0.0,1.0,0.0,6.0,0.6,6.6,15.0,"{0: 0.0366, 1: 0.1364, 2: 0.1918, 3: 0.2716, 4: 0.3883}",4,"['OBSERVE_STRATUM', 'OBSERVE_STRATUM', 'OBSERVE_STRATUM', 'STOP_INSPECTION']",6.0,15.0,REGIME_H_LOW_AMBIENT,FB7_Proposed,21
bench_REGIME_H_LOW_AMBIENT_022,FB0_Surface_Only,potato,DEPTH_CORRELATED,0.204,0.1145,0.0895,MARKDOWN,0.0,0.0,1.0,0.0,2.0,0.2,2.2,5.0,"{0: 0.0586, 1: 0.1443, 2: 0.1839, 3: 0.3059, 4: 0.3434}",2,"['OBSERVE_STRATUM', 'STOP_INSPECTION']",2.0,5.0,REGIME_H_LOW_AMBIENT,FB0_Surface_Only,22
bench_REGIME_H_LOW_AMBIENT_022,FB1_Fixed_Sampling,potato,DEPTH_CORRELATED,0.204,0.1091,0.0949,MARKDOWN,0.0,0.0,1.0,0.0,45.0,3.0,48.0,75.0,"{0: 0.0586, 1: 0.1443, 2: 0.1839, 3: 0.3059, 4: 0.3434}",4,"['SAMPLE_UNITS', 'SAMPLE_UNITS', 'SAMPLE_UNITS', 'STOP_INSPECTION']",45.0,75.0,REGIME_H_LOW_AMBIENT,FB1_Fixed_Random,22
bench_REGIME_H_LOW_AMBIENT_022,FB2_Depth_Stratified,potato,DEPTH_CORRELATED,0.204,0.1462,0.0578,MARKDOWN,0.0,0.0,1.0,0.0,42.0,11.4,53.4,285.0,"{0: 0.0586, 1: 0.1443, 2: 0.1839, 3: 0.3059, 4: 0.3434}",10,"['OBSERVE_STRATUM', 'REMOVE_LAYER', 'OBSERVE_STRATUM', 'REMOVE_LAYER', 'OBSERVE_STRATUM', 'REMOVE_LAYER', 'OBSERVE_STRATUM', 'REMOVE_LAYER', 'OBSERVE_STRATUM', 'STOP_INSPECTION']",42.0,85.0,REGIME_H_LOW_AMBIENT,FB2_Depth_Stratified,22
bench_REGIME_H_LOW_AMBIENT_022,FB3_Macro_Myopic_VOI,potato,DEPTH_CORRELATED,0.204,0.1147,0.0893,MARKDOWN,0.0,0.0,1.0,0.0,2.0,0.2,2.2,5.0,"{0: 0.0586, 1: 0.1443, 2: 0.1839, 3: 0.3059, 4: 0.3434}",2,"['OBSERVE_STRATUM', 'STOP_INSPECTION']",2.0,5.0,REGIME_H_LOW_AMBIENT,FB3_Macro_Myopic_VOI,22
bench_REGIME_H_LOW_AMBIENT_022,FB5_State_Blind_Lookahead,potato,DEPTH_CORRELATED,0.204,0.116,0.088,MARKDOWN,0.0,0.0,1.0,0.0,6.0,4.8,10.8,120.0,"{0: 0.0586, 1: 0.1443, 2: 0.1839, 3: 0.3059, 4: 0.3434}",12,"['WAIT_SETTLE', 'WAIT_SETTLE', 'WAIT_SETTLE', 'WAIT_SETTLE', 'WAIT_SETTLE', 'WAIT_SETTLE', 'WAIT_SETTLE', 'WAIT_SETTLE', 'WAIT_SETTLE', 'WAIT_SETTLE', 'WAIT_SETTLE', 'WAIT_SETTLE']",6.0,120.0,REGIME_H_LOW_AMBIENT,FB5_State_Blind,22
bench_REGIME_H_LOW_AMBIENT_022,FB6_Additive_Cost_Planner,potato,DEPTH_CORRELATED,0.204,0.116,0.088,MARKDOWN,0.0,0.0,1.0,0.0,6.0,4.8,10.8,120.0,"{0: 0.0586, 1: 0.1443, 2: 0.1839, 3: 0.3059, 4: 0.3434}",12,"['WAIT_SETTLE', 'WAIT_SETTLE', 'WAIT_SETTLE', 'WAIT_SETTLE', 'WAIT_SETTLE', 'WAIT_SETTLE', 'WAIT_SETTLE', 'WAIT_SETTLE', 'WAIT_SETTLE', 'WAIT_SETTLE', 'WAIT_SETTLE', 'WAIT_SETTLE']",6.0,120.0,REGIME_H_LOW_AMBIENT,FB6_Additive_Cost,22
bench_REGIME_H_LOW_AMBIENT_022,FB7_Exposure_Aware_Planner,potato,DEPTH_CORRELATED,0.204,0.1142,0.0898,MARKDOWN,0.0,0.0,1.0,0.0,6.0,0.6,6.6,15.0,"{0: 0.0586, 1: 0.1443, 2: 0.1839, 3: 0.3059, 4: 0.3434}",4,"['OBSERVE_STRATUM', 'OBSERVE_STRATUM', 'OBSERVE_STRATUM', 'STOP_INSPECTION']",6.0,15.0,REGIME_H_LOW_AMBIENT,FB7_Proposed,22
bench_REGIME_H_LOW_AMBIENT_023,FB0_Surface_Only,potato,DEPTH_CORRELATED,0.192,0.1097,0.0823,MARKDOWN,0.0,0.0,1.0,0.0,2.0,0.2,2.2,5.0,"{0: 0.0404, 1: 0.1461, 2: 0.1814, 3: 0.2637, 4: 0.3437}",2,"['OBSERVE_STRATUM', 'STOP_INSPECTION']",2.0,5.0,REGIME_H_LOW_AMBIENT,FB0_Surface_Only,23
bench_REGIME_H_LOW_AMBIENT_023,FB1_Fixed_Sampling,potato,DEPTH_CORRELATED,0.192,0.1075,0.0845,MARKDOWN,0.0,0.0,1.0,0.0,45.0,3.0,48.0,75.0,"{0: 0.0404, 1: 0.1461, 2: 0.1814, 3: 0.2637, 4: 0.3437}",4,"['SAMPLE_UNITS', 'SAMPLE_UNITS', 'SAMPLE_UNITS', 'STOP_INSPECTION']",45.0,75.0,REGIME_H_LOW_AMBIENT,FB1_Fixed_Random,23
bench_REGIME_H_LOW_AMBIENT_023,FB2_Depth_Stratified,potato,DEPTH_CORRELATED,0.192,0.1434,0.0486,MARKDOWN,0.0,0.0,1.0,0.0,42.0,11.4,53.4,285.0,"{0: 0.0404, 1: 0.1461, 2: 0.1814, 3: 0.2637, 4: 0.3437}",10,"['OBSERVE_STRATUM', 'REMOVE_LAYER', 'OBSERVE_STRATUM', 'REMOVE_LAYER', 'OBSERVE_STRATUM', 'REMOVE_LAYER', 'OBSERVE_STRATUM', 'REMOVE_LAYER', 'OBSERVE_STRATUM', 'STOP_INSPECTION']",42.0,85.0,REGIME_H_LOW_AMBIENT,FB2_Depth_Stratified,23
bench_REGIME_H_LOW_AMBIENT_023,FB3_Macro_Myopic_VOI,potato,DEPTH_CORRELATED,0.192,0.1092,0.0828,MARKDOWN,0.0,0.0,1.0,0.0,2.0,0.2,2.2,5.0,"{0: 0.0404, 1: 0.1461, 2: 0.1814, 3: 0.2637, 4: 0.3437}",2,"['OBSERVE_STRATUM', 'STOP_INSPECTION']",2.0,5.0,REGIME_H_LOW_AMBIENT,FB3_Macro_Myopic_VOI,23
bench_REGIME_H_LOW_AMBIENT_023,FB5_State_Blind_Lookahead,potato,DEPTH_CORRELATED,0.192,0.116,0.076,MARKDOWN,0.0,0.0,1.0,0.0,6.0,4.8,10.8,120.0,"{0: 0.0404, 1: 0.1461, 2: 0.1814, 3: 0.2637, 4: 0.3437}",12,"['WAIT_SETTLE', 'WAIT_SETTLE', 'WAIT_SETTLE', 'WAIT_SETTLE', 'WAIT_SETTLE', 'WAIT_SETTLE', 'WAIT_SETTLE', 'WAIT_SETTLE', 'WAIT_SETTLE', 'WAIT_SETTLE', 'WAIT_SETTLE', 'WAIT_SETTLE']",6.0,120.0,REGIME_H_LOW_AMBIENT,FB5_State_Blind,23
bench_REGIME_H_LOW_AMBIENT_023,FB6_Additive_Cost_Planner,potato,DEPTH_CORRELATED,0.192,0.116,0.076,MARKDOWN,0.0,0.0,1.0,0.0,6.0,4.8,10.8,120.0,"{0: 0.0404, 1: 0.1461, 2: 0.1814, 3: 0.2637, 4: 0.3437}",12,"['WAIT_SETTLE', 'WAIT_SETTLE', 'WAIT_SETTLE', 'WAIT_SETTLE', 'WAIT_SETTLE', 'WAIT_SETTLE', 'WAIT_SETTLE', 'WAIT_SETTLE', 'WAIT_SETTLE', 'WAIT_SETTLE', 'WAIT_SETTLE', 'WAIT_SETTLE']",6.0,120.0,REGIME_H_LOW_AMBIENT,FB6_Additive_Cost,23
bench_REGIME_H_LOW_AMBIENT_023,FB7_Exposure_Aware_Planner,potato,DEPTH_CORRELATED,0.192,0.1085,0.0835,MARKDOWN,0.0,0.0,1.0,0.0,4.0,0.4,4.4,10.0,"{0: 0.0404, 1: 0.1461, 2: 0.1814, 3: 0.2637, 4: 0.3437}",3,"['OBSERVE_STRATUM', 'OBSERVE_STRATUM', 'STOP_INSPECTION']",4.0,10.0,REGIME_H_LOW_AMBIENT,FB7_Proposed,23
bench_REGIME_H_LOW_AMBIENT_024,FB0_Surface_Only,potato,DEPTH_CORRELATED,0.208,0.1106,0.0974,MARKDOWN,0.0,0.0,1.0,0.0,2.0,0.2,2.2,5.0,"{0: 0.0419, 1: 0.1198, 2: 0.2122, 3: 0.2896, 4: 0.3727}",2,"['OBSERVE_STRATUM', 'STOP_INSPECTION']",2.0,5.0,REGIME_H_LOW_AMBIENT,FB0_Surface_Only,24
bench_REGIME_H_LOW_AMBIENT_024,FB1_Fixed_Sampling,potato,DEPTH_CORRELATED,0.208,0.1115,0.0965,MARKDOWN,0.0,0.0,1.0,0.0,45.0,3.0,48.0,75.0,"{0: 0.0419, 1: 0.1198, 2: 0.2122, 3: 0.2896, 4: 0.3727}",4,"['SAMPLE_UNITS', 'SAMPLE_UNITS', 'SAMPLE_UNITS', 'STOP_INSPECTION']",45.0,75.0,REGIME_H_LOW_AMBIENT,FB1_Fixed_Random,24
bench_REGIME_H_LOW_AMBIENT_024,FB2_Depth_Stratified,potato,DEPTH_CORRELATED,0.208,0.135,0.073,MARKDOWN,0.0,0.0,1.0,0.0,42.0,11.4,53.4,285.0,"{0: 0.0419, 1: 0.1198, 2: 0.2122, 3: 0.2896, 4: 0.3727}",10,"['OBSERVE_STRATUM', 'REMOVE_LAYER', 'OBSERVE_STRATUM', 'REMOVE_LAYER', 'OBSERVE_STRATUM', 'REMOVE_LAYER', 'OBSERVE_STRATUM', 'REMOVE_LAYER', 'OBSERVE_STRATUM', 'STOP_INSPECTION']",42.0,85.0,REGIME_H_LOW_AMBIENT,FB2_Depth_Stratified,24
bench_REGIME_H_LOW_AMBIENT_024,FB3_Macro_Myopic_VOI,potato,DEPTH_CORRELATED,0.208,0.1122,0.0958,MARKDOWN,0.0,0.0,1.0,0.0,2.0,0.2,2.2,5.0,"{0: 0.0419, 1: 0.1198, 2: 0.2122, 3: 0.2896, 4: 0.3727}",2,"['OBSERVE_STRATUM', 'STOP_INSPECTION']",2.0,5.0,REGIME_H_LOW_AMBIENT,FB3_Macro_Myopic_VOI,24
bench_REGIME_H_LOW_AMBIENT_024,FB5_State_Blind_Lookahead,potato,DEPTH_CORRELATED,0.208,0.116,0.092,MARKDOWN,0.0,0.0,1.0,0.0,6.0,4.8,10.8,120.0,"{0: 0.0419, 1: 0.1198, 2: 0.2122, 3: 0.2896, 4: 0.3727}",12,"['WAIT_SETTLE', 'WAIT_SETTLE', 'WAIT_SETTLE', 'WAIT_SETTLE', 'WAIT_SETTLE', 'WAIT_SETTLE', 'WAIT_SETTLE', 'WAIT_SETTLE', 'WAIT_SETTLE', 'WAIT_SETTLE', 'WAIT_SETTLE', 'WAIT_SETTLE']",6.0,120.0,REGIME_H_LOW_AMBIENT,FB5_State_Blind,24
bench_REGIME_H_LOW_AMBIENT_024,FB6_Additive_Cost_Planner,potato,DEPTH_CORRELATED,0.208,0.116,0.092,MARKDOWN,0.0,0.0,1.0,0.0,6.0,4.8,10.8,120.0,"{0: 0.0419, 1: 0.1198, 2: 0.2122, 3: 0.2896, 4: 0.3727}",12,"['WAIT_SETTLE', 'WAIT_SETTLE', 'WAIT_SETTLE', 'WAIT_SETTLE', 'WAIT_SETTLE', 'WAIT_SETTLE', 'WAIT_SETTLE', 'WAIT_SETTLE', 'WAIT_SETTLE', 'WAIT_SETTLE', 'WAIT_SETTLE', 'WAIT_SETTLE']",6.0,120.0,REGIME_H_LOW_AMBIENT,FB6_Additive_Cost,24
bench_REGIME_H_LOW_AMBIENT_024,FB7_Exposure_Aware_Planner,potato,DEPTH_CORRELATED,0.208,0.1075,0.1005,MARKDOWN,0.0,0.0,1.0,0.0,4.0,0.4,4.4,10.0,"{0: 0.0419, 1: 0.1198, 2: 0.2122, 3: 0.2896, 4: 0.3727}",3,"['OBSERVE_STRATUM', 'OBSERVE_STRATUM', 'STOP_INSPECTION']",4.0,10.0,REGIME_H_LOW_AMBIENT,FB7_Proposed,24
bench_REGIME_H_LOW_AMBIENT_025,FB0_Surface_Only,potato,DEPTH_CORRELATED,0.2,0.1144,0.0856,MARKDOWN,0.0,0.0,1.0,0.0,2.0,0.2,2.2,5.0,"{0: 0.0652, 1: 0.1112, 2: 0.1912, 3: 0.2737, 4: 0.3493}",2,"['OBSERVE_STRATUM', 'STOP_INSPECTION']",2.0,5.0,REGIME_H_LOW_AMBIENT,FB0_Surface_Only,25
bench_REGIME_H_LOW_AMBIENT_025,FB1_Fixed_Sampling,potato,DEPTH_CORRELATED,0.2,0.1141,0.0859,MARKDOWN,0.0,0.0,1.0,0.0,45.0,3.0,48.0,75.0,"{0: 0.0652, 1: 0.1112, 2: 0.1912, 3: 0.2737, 4: 0.3493}",4,"['SAMPLE_UNITS', 'SAMPLE_UNITS', 'SAMPLE_UNITS', 'STOP_INSPECTION']",45.0,75.0,REGIME_H_LOW_AMBIENT,FB1_Fixed_Random,25
bench_REGIME_H_LOW_AMBIENT_025,FB2_Depth_Stratified,potato,DEPTH_CORRELATED,0.2,0.1531,0.0469,MARKDOWN,0.0,0.0,1.0,0.0,42.0,11.4,53.4,285.0,"{0: 0.0652, 1: 0.1112, 2: 0.1912, 3: 0.2737, 4: 0.3493}",10,"['OBSERVE_STRATUM', 'REMOVE_LAYER', 'OBSERVE_STRATUM', 'REMOVE_LAYER', 'OBSERVE_STRATUM', 'REMOVE_LAYER', 'OBSERVE_STRATUM', 'REMOVE_LAYER', 'OBSERVE_STRATUM', 'STOP_INSPECTION']",42.0,85.0,REGIME_H_LOW_AMBIENT,FB2_Depth_Stratified,25
bench_REGIME_H_LOW_AMBIENT_025,FB3_Macro_Myopic_VOI,potato,DEPTH_CORRELATED,0.2,0.1145,0.0855,MARKDOWN,0.0,0.0,1.0,0.0,2.0,0.2,2.2,5.0,"{0: 0.0652, 1: 0.1112, 2: 0.1912, 3: 0.2737, 4: 0.3493}",2,"['OBSERVE_STRATUM', 'STOP_INSPECTION']",2.0,5.0,REGIME_H_LOW_AMBIENT,FB3_Macro_Myopic_VOI,25
bench_REGIME_H_LOW_AMBIENT_025,FB5_State_Blind_Lookahead,potato,DEPTH_CORRELATED,0.2,0.116,0.084,MARKDOWN,0.0,0.0,1.0,0.0,6.0,4.8,10.8,120.0,"{0: 0.0652, 1: 0.1112, 2: 0.1912, 3: 0.2737, 4: 0.3493}",12,"['WAIT_SETTLE', 'WAIT_SETTLE', 'WAIT_SETTLE', 'WAIT_SETTLE', 'WAIT_SETTLE', 'WAIT_SETTLE', 'WAIT_SETTLE', 'WAIT_SETTLE', 'WAIT_SETTLE', 'WAIT_SETTLE', 'WAIT_SETTLE', 'WAIT_SETTLE']",6.0,120.0,REGIME_H_LOW_AMBIENT,FB5_State_Blind,25
bench_REGIME_H_LOW_AMBIENT_025,FB6_Additive_Cost_Planner,potato,DEPTH_CORRELATED,0.2,0.116,0.084,MARKDOWN,0.0,0.0,1.0,0.0,6.0,4.8,10.8,120.0,"{0: 0.0652, 1: 0.1112, 2: 0.1912, 3: 0.2737, 4: 0.3493}",12,"['WAIT_SETTLE', 'WAIT_SETTLE', 'WAIT_SETTLE', 'WAIT_SETTLE', 'WAIT_SETTLE', 'WAIT_SETTLE', 'WAIT_SETTLE', 'WAIT_SETTLE', 'WAIT_SETTLE', 'WAIT_SETTLE', 'WAIT_SETTLE', 'WAIT_SETTLE']",6.0,120.0,REGIME_H_LOW_AMBIENT,FB6_Additive_Cost,25
bench_REGIME_H_LOW_AMBIENT_025,FB7_Exposure_Aware_Planner,potato,DEPTH_CORRELATED,0.2,0.1145,0.0855,MARKDOWN,0.0,0.0,1.0,0.0,6.0,0.6,6.6,15.0,"{0: 0.0652, 1: 0.1112, 2: 0.1912, 3: 0.2737, 4: 0.3493}",4,"['OBSERVE_STRATUM', 'OBSERVE_STRATUM', 'OBSERVE_STRATUM', 'STOP_INSPECTION']",6.0,15.0,REGIME_H_LOW_AMBIENT,FB7_Proposed,25
bench_REGIME_H_LOW_AMBIENT_026,FB0_Surface_Only,potato,DEPTH_CORRELATED,0.196,0.1132,0.0828,MARKDOWN,0.0,0.0,1.0,0.0,2.0,0.2,2.2,5.0,"{0: 0.0464, 1: 0.1095, 2: 0.2028, 3: 0.2998, 4: 0.3468}",2,"['OBSERVE_STRATUM', 'STOP_INSPECTION']",2.0,5.0,REGIME_H_LOW_AMBIENT,FB0_Surface_Only,26
bench_REGIME_H_LOW_AMBIENT_026,FB1_Fixed_Sampling,potato,DEPTH_CORRELATED,0.196,0.1092,0.0868,MARKDOWN,0.0,0.0,1.0,0.0,45.0,3.0,48.0,75.0,"{0: 0.0464, 1: 0.1095, 2: 0.2028, 3: 0.2998, 4: 0.3468}",4,"['SAMPLE_UNITS', 'SAMPLE_UNITS', 'SAMPLE_UNITS', 'STOP_INSPECTION']",45.0,75.0,REGIME_H_LOW_AMBIENT,FB1_Fixed_Random,26
bench_REGIME_H_LOW_AMBIENT_026,FB2_Depth_Stratified,potato,DEPTH_CORRELATED,0.196,0.1384,0.0576,MARKDOWN,0.0,0.0,1.0,0.0,42.0,11.4,53.4,285.0,"{0: 0.0464, 1: 0.1095, 2: 0.2028, 3: 0.2998, 4: 0.3468}",10,"['OBSERVE_STRATUM', 'REMOVE_LAYER', 'OBSERVE_STRATUM', 'REMOVE_LAYER', 'OBSERVE_STRATUM', 'REMOVE_LAYER', 'OBSERVE_STRATUM', 'REMOVE_LAYER', 'OBSERVE_STRATUM', 'STOP_INSPECTION']",42.0,85.0,REGIME_H_LOW_AMBIENT,FB2_Depth_Stratified,26
bench_REGIME_H_LOW_AMBIENT_026,FB3_Macro_Myopic_VOI,potato,DEPTH_CORRELATED,0.196,0.1145,0.0815,MARKDOWN,0.0,0.0,1.0,0.0,2.0,0.2,2.2,5.0,"{0: 0.0464, 1: 0.1095, 2: 0.2028, 3: 0.2998, 4: 0.3468}",2,"['OBSERVE_STRATUM', 'STOP_INSPECTION']",2.0,5.0,REGIME_H_LOW_AMBIENT,FB3_Macro_Myopic_VOI,26
bench_REGIME_H_LOW_AMBIENT_026,FB5_State_Blind_Lookahead,potato,DEPTH_CORRELATED,0.196,0.116,0.08,MARKDOWN,0.0,0.0,1.0,0.0,6.0,4.8,10.8,120.0,"{0: 0.0464, 1: 0.1095, 2: 0.2028, 3: 0.2998, 4: 0.3468}",12,"['WAIT_SETTLE', 'WAIT_SETTLE', 'WAIT_SETTLE', 'WAIT_SETTLE', 'WAIT_SETTLE', 'WAIT_SETTLE', 'WAIT_SETTLE', 'WAIT_SETTLE', 'WAIT_SETTLE', 'WAIT_SETTLE', 'WAIT_SETTLE', 'WAIT_SETTLE']",6.0,120.0,REGIME_H_LOW_AMBIENT,FB5_State_Blind,26
bench_REGIME_H_LOW_AMBIENT_026,FB6_Additive_Cost_Planner,potato,DEPTH_CORRELATED,0.196,0.116,0.08,MARKDOWN,0.0,0.0,1.0,0.0,6.0,4.8,10.8,120.0,"{0: 0.0464, 1: 0.1095, 2: 0.2028, 3: 0.2998, 4: 0.3468}",12,"['WAIT_SETTLE', 'WAIT_SETTLE', 'WAIT_SETTLE', 'WAIT_SETTLE', 'WAIT_SETTLE', 'WAIT_SETTLE', 'WAIT_SETTLE', 'WAIT_SETTLE', 'WAIT_SETTLE', 'WAIT_SETTLE', 'WAIT_SETTLE', 'WAIT_SETTLE']",6.0,120.0,REGIME_H_LOW_AMBIENT,FB6_Additive_Cost,26
bench_REGIME_H_LOW_AMBIENT_026,FB7_Exposure_Aware_Planner,potato,DEPTH_CORRELATED,0.196,0.1127,0.0833,MARKDOWN,0.0,0.0,1.0,0.0,6.0,0.6,6.6,15.0,"{0: 0.0464, 1: 0.1095, 2: 0.2028, 3: 0.2998, 4: 0.3468}",4,"['OBSERVE_STRATUM', 'OBSERVE_STRATUM', 'OBSERVE_STRATUM', 'STOP_INSPECTION']",6.0,15.0,REGIME_H_LOW_AMBIENT,FB7_Proposed,26
bench_REGIME_H_LOW_AMBIENT_027,FB0_Surface_Only,potato,DEPTH_CORRELATED,0.204,0.112,0.092,MARKDOWN,0.0,0.0,1.0,0.0,2.0,0.2,2.2,5.0,"{0: 0.057, 1: 0.1361, 2: 0.1989, 3: 0.2664, 4: 0.3601}",2,"['OBSERVE_STRATUM', 'STOP_INSPECTION']",2.0,5.0,REGIME_H_LOW_AMBIENT,FB0_Surface_Only,27
bench_REGIME_H_LOW_AMBIENT_027,FB1_Fixed_Sampling,potato,DEPTH_CORRELATED,0.204,0.1106,0.0934,MARKDOWN,0.0,0.0,1.0,0.0,45.0,3.0,48.0,75.0,"{0: 0.057, 1: 0.1361, 2: 0.1989, 3: 0.2664, 4: 0.3601}",4,"['SAMPLE_UNITS', 'SAMPLE_UNITS', 'SAMPLE_UNITS', 'STOP_INSPECTION']",45.0,75.0,REGIME_H_LOW_AMBIENT,FB1_Fixed_Random,27
bench_REGIME_H_LOW_AMBIENT_027,FB2_Depth_Stratified,potato,DEPTH_CORRELATED,0.204,0.1444,0.0596,MARKDOWN,0.0,0.0,1.0,0.0,42.0,11.4,53.4,285.0,"{0: 0.057, 1: 0.1361, 2: 0.1989, 3: 0.2664, 4: 0.3601}",10,"['OBSERVE_STRATUM', 'REMOVE_LAYER', 'OBSERVE_STRATUM', 'REMOVE_LAYER', 'OBSERVE_STRATUM', 'REMOVE_LAYER', 'OBSERVE_STRATUM', 'REMOVE_LAYER', 'OBSERVE_STRATUM', 'STOP_INSPECTION']",42.0,85.0,REGIME_H_LOW_AMBIENT,FB2_Depth_Stratified,27
bench_REGIME_H_LOW_AMBIENT_027,FB3_Macro_Myopic_VOI,potato,DEPTH_CORRELATED,0.204,0.1157,0.0883,MARKDOWN,0.0,0.0,1.0,0.0,2.0,0.2,2.2,5.0,"{0: 0.057, 1: 0.1361, 2: 0.1989, 3: 0.2664, 4: 0.3601}",2,"['OBSERVE_STRATUM', 'STOP_INSPECTION']",2.0,5.0,REGIME_H_LOW_AMBIENT,FB3_Macro_Myopic_VOI,27
bench_REGIME_H_LOW_AMBIENT_027,FB5_State_Blind_Lookahead,potato,DEPTH_CORRELATED,0.204,0.116,0.088,MARKDOWN,0.0,0.0,1.0,0.0,6.0,4.8,10.8,120.0,"{0: 0.057, 1: 0.1361, 2: 0.1989, 3: 0.2664, 4: 0.3601}",12,"['WAIT_SETTLE', 'WAIT_SETTLE', 'WAIT_SETTLE', 'WAIT_SETTLE', 'WAIT_SETTLE', 'WAIT_SETTLE', 'WAIT_SETTLE', 'WAIT_SETTLE', 'WAIT_SETTLE', 'WAIT_SETTLE', 'WAIT_SETTLE', 'WAIT_SETTLE']",6.0,120.0,REGIME_H_LOW_AMBIENT,FB5_State_Blind,27
bench_REGIME_H_LOW_AMBIENT_027,FB6_Additive_Cost_Planner,potato,DEPTH_CORRELATED,0.204,0.116,0.088,MARKDOWN,0.0,0.0,1.0,0.0,6.0,4.8,10.8,120.0,"{0: 0.057, 1: 0.1361, 2: 0.1989, 3: 0.2664, 4: 0.3601}",12,"['WAIT_SETTLE', 'WAIT_SETTLE', 'WAIT_SETTLE', 'WAIT_SETTLE', 'WAIT_SETTLE', 'WAIT_SETTLE', 'WAIT_SETTLE', 'WAIT_SETTLE', 'WAIT_SETTLE', 'WAIT_SETTLE', 'WAIT_SETTLE', 'WAIT_SETTLE']",6.0,120.0,REGIME_H_LOW_AMBIENT,FB6_Additive_Cost,27
bench_REGIME_H_LOW_AMBIENT_027,FB7_Exposure_Aware_Planner,potato,DEPTH_CORRELATED,0.204,0.1123,0.0917,MARKDOWN,0.0,0.0,1.0,0.0,6.0,0.6,6.6,15.0,"{0: 0.057, 1: 0.1361, 2: 0.1989, 3: 0.2664, 4: 0.3601}",4,"['OBSERVE_STRATUM', 'OBSERVE_STRATUM', 'OBSERVE_STRATUM', 'STOP_INSPECTION']",6.0,15.0,REGIME_H_LOW_AMBIENT,FB7_Proposed,27
bench_REGIME_H_LOW_AMBIENT_028,FB0_Surface_Only,potato,DEPTH_CORRELATED,0.208,0.1153,0.0927,MARKDOWN,0.0,0.0,1.0,0.0,2.0,0.2,2.2,5.0,"{0: 0.0623, 1: 0.1056, 2: 0.2184, 3: 0.2726, 4: 0.3863}",2,"['OBSERVE_STRATUM', 'STOP_INSPECTION']",2.0,5.0,REGIME_H_LOW_AMBIENT,FB0_Surface_Only,28
bench_REGIME_H_LOW_AMBIENT_028,FB1_Fixed_Sampling,potato,DEPTH_CORRELATED,0.208,0.1146,0.0934,MARKDOWN,0.0,0.0,1.0,0.0,45.0,3.0,48.0,75.0,"{0: 0.0623, 1: 0.1056, 2: 0.2184, 3: 0.2726, 4: 0.3863}",4,"['SAMPLE_UNITS', 'SAMPLE_UNITS', 'SAMPLE_UNITS', 'STOP_INSPECTION']",45.0,75.0,REGIME_H_LOW_AMBIENT,FB1_Fixed_Random,28
bench_REGIME_H_LOW_AMBIENT_028,FB2_Depth_Stratified,potato,DEPTH_CORRELATED,0.208,0.1462,0.0618,MARKDOWN,0.0,0.0,1.0,0.0,42.0,11.4,53.4,285.0,"{0: 0.0623, 1: 0.1056, 2: 0.2184, 3: 0.2726, 4: 0.3863}",10,"['OBSERVE_STRATUM', 'REMOVE_LAYER', 'OBSERVE_STRATUM', 'REMOVE_LAYER', 'OBSERVE_STRATUM', 'REMOVE_LAYER', 'OBSERVE_STRATUM', 'REMOVE_LAYER', 'OBSERVE_STRATUM', 'STOP_INSPECTION']",42.0,85.0,REGIME_H_LOW_AMBIENT,FB2_Depth_Stratified,28
bench_REGIME_H_LOW_AMBIENT_028,FB3_Macro_Myopic_VOI,potato,DEPTH_CORRELATED,0.208,0.1142,0.0938,MARKDOWN,0.0,0.0,1.0,0.0,2.0,0.2,2.2,5.0,"{0: 0.0623, 1: 0.1056, 2: 0.2184, 3: 0.2726, 4: 0.3863}",2,"['OBSERVE_STRATUM', 'STOP_INSPECTION']",2.0,5.0,REGIME_H_LOW_AMBIENT,FB3_Macro_Myopic_VOI,28
bench_REGIME_H_LOW_AMBIENT_028,FB5_State_Blind_Lookahead,potato,DEPTH_CORRELATED,0.208,0.116,0.092,MARKDOWN,0.0,0.0,1.0,0.0,6.0,4.8,10.8,120.0,"{0: 0.0623, 1: 0.1056, 2: 0.2184, 3: 0.2726, 4: 0.3863}",12,"['WAIT_SETTLE', 'WAIT_SETTLE', 'WAIT_SETTLE', 'WAIT_SETTLE', 'WAIT_SETTLE', 'WAIT_SETTLE', 'WAIT_SETTLE', 'WAIT_SETTLE', 'WAIT_SETTLE', 'WAIT_SETTLE', 'WAIT_SETTLE', 'WAIT_SETTLE']",6.0,120.0,REGIME_H_LOW_AMBIENT,FB5_State_Blind,28
bench_REGIME_H_LOW_AMBIENT_028,FB6_Additive_Cost_Planner,potato,DEPTH_CORRELATED,0.208,0.116,0.092,MARKDOWN,0.0,0.0,1.0,0.0,6.0,4.8,10.8,120.0,"{0: 0.0623, 1: 0.1056, 2: 0.2184, 3: 0.2726, 4: 0.3863}",12,"['WAIT_SETTLE', 'WAIT_SETTLE', 'WAIT_SETTLE', 'WAIT_SETTLE', 'WAIT_SETTLE', 'WAIT_SETTLE', 'WAIT_SETTLE', 'WAIT_SETTLE', 'WAIT_SETTLE', 'WAIT_SETTLE', 'WAIT_SETTLE', 'WAIT_SETTLE']",6.0,120.0,REGIME_H_LOW_AMBIENT,FB6_Additive_Cost,28
bench_REGIME_H_LOW_AMBIENT_028,FB7_Exposure_Aware_Planner,potato,DEPTH_CORRELATED,0.208,0.1113,0.0967,MARKDOWN,0.0,0.0,1.0,0.0,6.0,0.6,6.6,15.0,"{0: 0.0623, 1: 0.1056, 2: 0.2184, 3: 0.2726, 4: 0.3863}",4,"['OBSERVE_STRATUM', 'OBSERVE_STRATUM', 'OBSERVE_STRATUM', 'STOP_INSPECTION']",6.0,15.0,REGIME_H_LOW_AMBIENT,FB7_Proposed,28
bench_REGIME_H_LOW_AMBIENT_029,FB0_Surface_Only,potato,DEPTH_CORRELATED,0.2,0.1092,0.0908,MARKDOWN,0.0,0.0,1.0,0.0,2.0,0.2,2.2,5.0,"{0: 0.0575, 1: 0.1077, 2: 0.1851, 3: 0.2801, 4: 0.381}",2,"['OBSERVE_STRATUM', 'STOP_INSPECTION']",2.0,5.0,REGIME_H_LOW_AMBIENT,FB0_Surface_Only,29
bench_REGIME_H_LOW_AMBIENT_029,FB1_Fixed_Sampling,potato,DEPTH_CORRELATED,0.2,0.1148,0.0852,MARKDOWN,0.0,0.0,1.0,0.0,45.0,3.0,48.0,75.0,"{0: 0.0575, 1: 0.1077, 2: 0.1851, 3: 0.2801, 4: 0.381}",4,"['SAMPLE_UNITS', 'SAMPLE_UNITS', 'SAMPLE_UNITS', 'STOP_INSPECTION']",45.0,75.0,REGIME_H_LOW_AMBIENT,FB1_Fixed_Random,29
bench_REGIME_H_LOW_AMBIENT_029,FB2_Depth_Stratified,potato,DEPTH_CORRELATED,0.2,0.1429,0.0571,MARKDOWN,0.0,0.0,1.0,0.0,42.0,11.4,53.4,285.0,"{0: 0.0575, 1: 0.1077, 2: 0.1851, 3: 0.2801, 4: 0.381}",10,"['OBSERVE_STRATUM', 'REMOVE_LAYER', 'OBSERVE_STRATUM', 'REMOVE_LAYER', 'OBSERVE_STRATUM', 'REMOVE_LAYER', 'OBSERVE_STRATUM', 'REMOVE_LAYER', 'OBSERVE_STRATUM', 'STOP_INSPECTION']",42.0,85.0,REGIME_H_LOW_AMBIENT,FB2_Depth_Stratified,29
bench_REGIME_H_LOW_AMBIENT_029,FB3_Macro_Myopic_VOI,potato,DEPTH_CORRELATED,0.2,0.1117,0.0883,MARKDOWN,0.0,0.0,1.0,0.0,2.0,0.2,2.2,5.0,"{0: 0.0575, 1: 0.1077, 2: 0.1851, 3: 0.2801, 4: 0.381}",2,"['OBSERVE_STRATUM', 'STOP_INSPECTION']",2.0,5.0,REGIME_H_LOW_AMBIENT,FB3_Macro_Myopic_VOI,29
bench_REGIME_H_LOW_AMBIENT_029,FB5_State_Blind_Lookahead,potato,DEPTH_CORRELATED,0.2,0.116,0.084,MARKDOWN,0.0,0.0,1.0,0.0,6.0,4.8,10.8,120.0,"{0: 0.0575, 1: 0.1077, 2: 0.1851, 3: 0.2801, 4: 0.381}",12,"['WAIT_SETTLE', 'WAIT_SETTLE', 'WAIT_SETTLE', 'WAIT_SETTLE', 'WAIT_SETTLE', 'WAIT_SETTLE', 'WAIT_SETTLE', 'WAIT_SETTLE', 'WAIT_SETTLE', 'WAIT_SETTLE', 'WAIT_SETTLE', 'WAIT_SETTLE']",6.0,120.0,REGIME_H_LOW_AMBIENT,FB5_State_Blind,29
bench_REGIME_H_LOW_AMBIENT_029,FB6_Additive_Cost_Planner,potato,DEPTH_CORRELATED,0.2,0.116,0.084,MARKDOWN,0.0,0.0,1.0,0.0,6.0,4.8,10.8,120.0,"{0: 0.0575, 1: 0.1077, 2: 0.1851, 3: 0.2801, 4: 0.381}",12,"['WAIT_SETTLE', 'WAIT_SETTLE', 'WAIT_SETTLE', 'WAIT_SETTLE', 'WAIT_SETTLE', 'WAIT_SETTLE', 'WAIT_SETTLE', 'WAIT_SETTLE', 'WAIT_SETTLE', 'WAIT_SETTLE', 'WAIT_SETTLE', 'WAIT_SETTLE']",6.0,120.0,REGIME_H_LOW_AMBIENT,FB6_Additive_Cost,29
bench_REGIME_H_LOW_AMBIENT_029,FB7_Exposure_Aware_Planner,potato,DEPTH_CORRELATED,0.2,0.107,0.093,MARKDOWN,0.0,0.0,1.0,0.0,4.0,0.4,4.4,10.0,"{0: 0.0575, 1: 0.1077, 2: 0.1851, 3: 0.2801, 4: 0.381}",3,"['OBSERVE_STRATUM', 'OBSERVE_STRATUM', 'STOP_INSPECTION']",4.0,10.0,REGIME_H_LOW_AMBIENT,FB7_Proposed,29
bench_REGIME_H_LOW_AMBIENT_030,FB0_Surface_Only,potato,DEPTH_CORRELATED,0.212,0.1162,0.0958,MARKDOWN,0.0,0.0,1.0,0.0,2.0,0.2,2.2,5.0,"{0: 0.0557, 1: 0.1458, 2: 0.2117, 3: 0.2906, 4: 0.349}",2,"['OBSERVE_STRATUM', 'STOP_INSPECTION']",2.0,5.0,REGIME_H_LOW_AMBIENT,FB0_Surface_Only,30
bench_REGIME_H_LOW_AMBIENT_030,FB1_Fixed_Sampling,potato,DEPTH_CORRELATED,0.212,0.1148,0.0972,MARKDOWN,0.0,0.0,1.0,0.0,45.0,3.0,48.0,75.0,"{0: 0.0557, 1: 0.1458, 2: 0.2117, 3: 0.2906, 4: 0.349}",4,"['SAMPLE_UNITS', 'SAMPLE_UNITS', 'SAMPLE_UNITS', 'STOP_INSPECTION']",45.0,75.0,REGIME_H_LOW_AMBIENT,FB1_Fixed_Random,30
bench_REGIME_H_LOW_AMBIENT_030,FB2_Depth_Stratified,potato,DEPTH_CORRELATED,0.212,0.1523,0.0597,MARKDOWN,0.0,0.0,1.0,0.0,42.0,11.4,53.4,285.0,"{0: 0.0557, 1: 0.1458, 2: 0.2117, 3: 0.2906, 4: 0.349}",10,"['OBSERVE_STRATUM', 'REMOVE_LAYER', 'OBSERVE_STRATUM', 'REMOVE_LAYER', 'OBSERVE_STRATUM', 'REMOVE_LAYER', 'OBSERVE_STRATUM', 'REMOVE_LAYER', 'OBSERVE_STRATUM', 'STOP_INSPECTION']",42.0,85.0,REGIME_H_LOW_AMBIENT,FB2_Depth_Stratified,30
bench_REGIME_H_LOW_AMBIENT_030,FB3_Macro_Myopic_VOI,potato,DEPTH_CORRELATED,0.212,0.1153,0.0967,MARKDOWN,0.0,0.0,1.0,0.0,2.0,0.2,2.2,5.0,"{0: 0.0557, 1: 0.1458, 2: 0.2117, 3: 0.2906, 4: 0.349}",2,"['OBSERVE_STRATUM', 'STOP_INSPECTION']",2.0,5.0,REGIME_H_LOW_AMBIENT,FB3_Macro_Myopic_VOI,30
bench_REGIME_H_LOW_AMBIENT_030,FB5_State_Blind_Lookahead,potato,DEPTH_CORRELATED,0.212,0.116,0.096,MARKDOWN,0.0,0.0,1.0,0.0,6.0,4.8,10.8,120.0,"{0: 0.0557, 1: 0.1458, 2: 0.2117, 3: 0.2906, 4: 0.349}",12,"['WAIT_SETTLE', 'WAIT_SETTLE', 'WAIT_SETTLE', 'WAIT_SETTLE', 'WAIT_SETTLE', 'WAIT_SETTLE', 'WAIT_SETTLE', 'WAIT_SETTLE', 'WAIT_SETTLE', 'WAIT_SETTLE', 'WAIT_SETTLE', 'WAIT_SETTLE']",6.0,120.0,REGIME_H_LOW_AMBIENT,FB5_State_Blind,30
bench_REGIME_H_LOW_AMBIENT_030,FB6_Additive_Cost_Planner,potato,DEPTH_CORRELATED,0.212,0.116,0.096,MARKDOWN,0.0,0.0,1.0,0.0,6.0,4.8,10.8,120.0,"{0: 0.0557, 1: 0.1458, 2: 0.2117, 3: 0.2906, 4: 0.349}",12,"['WAIT_SETTLE', 'WAIT_SETTLE', 'WAIT_SETTLE', 'WAIT_SETTLE', 'WAIT_SETTLE', 'WAIT_SETTLE', 'WAIT_SETTLE', 'WAIT_SETTLE', 'WAIT_SETTLE', 'WAIT_SETTLE', 'WAIT_SETTLE', 'WAIT_SETTLE']",6.0,120.0,REGIME_H_LOW_AMBIENT,FB6_Additive_Cost,30
bench_REGIME_H_LOW_AMBIENT_030,FB7_Exposure_Aware_Planner,potato,DEPTH_CORRELATED,0.212,0.109,0.103,MARKDOWN,0.0,0.0,1.0,0.0,6.0,0.6,6.6,15.0,"{0: 0.0557, 1: 0.1458, 2: 0.2117, 3: 0.2906, 4: 0.349}",4,"['OBSERVE_STRATUM', 'OBSERVE_STRATUM', 'OBSERVE_STRATUM', 'STOP_INSPECTION']",6.0,15.0,REGIME_H_LOW_AMBIENT,FB7_Proposed,30
bench_REGIME_H_LOW_AMBIENT_031,FB0_Surface_Only,potato,DEPTH_CORRELATED,0.204,0.1092,0.0948,MARKDOWN,0.0,0.0,1.0,0.0,2.0,0.2,2.2,5.0,"{0: 0.0233, 1: 0.1023, 2: 0.2231, 3: 0.2994, 4: 0.3881}",2,"['OBSERVE_STRATUM', 'STOP_INSPECTION']",2.0,5.0,REGIME_H_LOW_AMBIENT,FB0_Surface_Only,31
bench_REGIME_H_LOW_AMBIENT_031,FB1_Fixed_Sampling,potato,DEPTH_CORRELATED,0.204,0.1082,0.0958,MARKDOWN,0.0,0.0,1.0,0.0,45.0,3.0,48.0,75.0,"{0: 0.0233, 1: 0.1023, 2: 0.2231, 3: 0.2994, 4: 0.3881}",4,"['SAMPLE_UNITS', 'SAMPLE_UNITS', 'SAMPLE_UNITS', 'STOP_INSPECTION']",45.0,75.0,REGIME_H_LOW_AMBIENT,FB1_Fixed_Random,31
bench_REGIME_H_LOW_AMBIENT_031,FB2_Depth_Stratified,potato,DEPTH_CORRELATED,0.204,0.1423,0.0617,MARKDOWN,0.0,0.0,1.0,0.0,42.0,11.4,53.4,285.0,"{0: 0.0233, 1: 0.1023, 2: 0.2231, 3: 0.2994, 4: 0.3881}",10,"['OBSERVE_STRATUM', 'REMOVE_LAYER', 'OBSERVE_STRATUM', 'REMOVE_LAYER', 'OBSERVE_STRATUM', 'REMOVE_LAYER', 'OBSERVE_STRATUM', 'REMOVE_LAYER', 'OBSERVE_STRATUM', 'STOP_INSPECTION']",42.0,85.0,REGIME_H_LOW_AMBIENT,FB2_Depth_Stratified,31
bench_REGIME_H_LOW_AMBIENT_031,FB3_Macro_Myopic_VOI,potato,DEPTH_CORRELATED,0.204,0.1093,0.0947,MARKDOWN,0.0,0.0,1.0,0.0,2.0,0.2,2.2,5.0,"{0: 0.0233, 1: 0.1023, 2: 0.2231, 3: 0.2994, 4: 0.3881}",2,"['OBSERVE_STRATUM', 'STOP_INSPECTION']",2.0,5.0,REGIME_H_LOW_AMBIENT,FB3_Macro_Myopic_VOI,31
bench_REGIME_H_LOW_AMBIENT_031,FB5_State_Blind_Lookahead,potato,DEPTH_CORRELATED,0.204,0.116,0.088,MARKDOWN,0.0,0.0,1.0,0.0,6.0,4.8,10.8,120.0,"{0: 0.0233, 1: 0.1023, 2: 0.2231, 3: 0.2994, 4: 0.3881}",12,"['WAIT_SETTLE', 'WAIT_SETTLE', 'WAIT_SETTLE', 'WAIT_SETTLE', 'WAIT_SETTLE', 'WAIT_SETTLE', 'WAIT_SETTLE', 'WAIT_SETTLE', 'WAIT_SETTLE', 'WAIT_SETTLE', 'WAIT_SETTLE', 'WAIT_SETTLE']",6.0,120.0,REGIME_H_LOW_AMBIENT,FB5_State_Blind,31
bench_REGIME_H_LOW_AMBIENT_031,FB6_Additive_Cost_Planner,potato,DEPTH_CORRELATED,0.204,0.116,0.088,MARKDOWN,0.0,0.0,1.0,0.0,6.0,4.8,10.8,120.0,"{0: 0.0233, 1: 0.1023, 2: 0.2231, 3: 0.2994, 4: 0.3881}",12,"['WAIT_SETTLE', 'WAIT_SETTLE', 'WAIT_SETTLE', 'WAIT_SETTLE', 'WAIT_SETTLE', 'WAIT_SETTLE', 'WAIT_SETTLE', 'WAIT_SETTLE', 'WAIT_SETTLE', 'WAIT_SETTLE', 'WAIT_SETTLE', 'WAIT_SETTLE']",6.0,120.0,REGIME_H_LOW_AMBIENT,FB6_Additive_Cost,31
bench_REGIME_H_LOW_AMBIENT_031,FB7_Exposure_Aware_Planner,potato,DEPTH_CORRELATED,0.204,0.1075,0.0965,MARKDOWN,0.0,0.0,1.0,0.0,4.0,0.4,4.4,10.0,"{0: 0.0233, 1: 0.1023, 2: 0.2231, 3: 0.2994, 4: 0.3881}",3,"['OBSERVE_STRATUM', 'OBSERVE_STRATUM', 'STOP_INSPECTION']",4.0,10.0,REGIME_H_LOW_AMBIENT,FB7_Proposed,31
bench_REGIME_H_LOW_AMBIENT_032,FB0_Surface_Only,potato,DEPTH_CORRELATED,0.2,0.1143,0.0857,MARKDOWN,0.0,0.0,1.0,0.0,2.0,0.2,2.2,5.0,"{0: 0.0446, 1: 0.1207, 2: 0.1841, 3: 0.3046, 4: 0.3591}",2,"['OBSERVE_STRATUM', 'STOP_INSPECTION']",2.0,5.0,REGIME_H_LOW_AMBIENT,FB0_Surface_Only,32
bench_REGIME_H_LOW_AMBIENT_032,FB1_Fixed_Sampling,potato,DEPTH_CORRELATED,0.2,0.1082,0.0918,MARKDOWN,0.0,0.0,1.0,0.0,45.0,3.0,48.0,75.0,"{0: 0.0446, 1: 0.1207, 2: 0.1841, 3: 0.3046, 4: 0.3591}",4,"['SAMPLE_UNITS', 'SAMPLE_UNITS', 'SAMPLE_UNITS', 'STOP_INSPECTION']",45.0,75.0,REGIME_H_LOW_AMBIENT,FB1_Fixed_Random,32
bench_REGIME_H_LOW_AMBIENT_032,FB2_Depth_Stratified,potato,DEPTH_CORRELATED,0.2,0.157,0.043,MARKDOWN,0.0,0.0,1.0,0.0,42.0,11.4,53.4,285.0,"{0: 0.0446, 1: 0.1207, 2: 0.1841, 3: 0.3046, 4: 0.3591}",10,"['OBSERVE_STRATUM', 'REMOVE_LAYER', 'OBSERVE_STRATUM', 'REMOVE_LAYER', 'OBSERVE_STRATUM', 'REMOVE_LAYER', 'OBSERVE_STRATUM', 'REMOVE_LAYER', 'OBSERVE_STRATUM', 'STOP_INSPECTION']",42.0,85.0,REGIME_H_LOW_AMBIENT,FB2_Depth_Stratified,32
bench_REGIME_H_LOW_AMBIENT_032,FB3_Macro_Myopic_VOI,potato,DEPTH_CORRELATED,0.2,0.1109,0.0891,MARKDOWN,0.0,0.0,1.0,0.0,2.0,0.2,2.2,5.0,"{0: 0.0446, 1: 0.1207, 2: 0.1841, 3: 0.3046, 4: 0.3591}",2,"['OBSERVE_STRATUM', 'STOP_INSPECTION']",2.0,5.0,REGIME_H_LOW_AMBIENT,FB3_Macro_Myopic_VOI,32
bench_REGIME_H_LOW_AMBIENT_032,FB5_State_Blind_Lookahead,potato,DEPTH_CORRELATED,0.2,0.116,0.084,MARKDOWN,0.0,0.0,1.0,0.0,6.0,4.8,10.8,120.0,"{0: 0.0446, 1: 0.1207, 2: 0.1841, 3: 0.3046, 4: 0.3591}",12,"['WAIT_SETTLE', 'WAIT_SETTLE', 'WAIT_SETTLE', 'WAIT_SETTLE', 'WAIT_SETTLE', 'WAIT_SETTLE', 'WAIT_SETTLE', 'WAIT_SETTLE', 'WAIT_SETTLE', 'WAIT_SETTLE', 'WAIT_SETTLE', 'WAIT_SETTLE']",6.0,120.0,REGIME_H_LOW_AMBIENT,FB5_State_Blind,32
bench_REGIME_H_LOW_AMBIENT_032,FB6_Additive_Cost_Planner,potato,DEPTH_CORRELATED,0.2,0.116,0.084,MARKDOWN,0.0,0.0,1.0,0.0,6.0,4.8,10.8,120.0,"{0: 0.0446, 1: 0.1207, 2: 0.1841, 3: 0.3046, 4: 0.3591}",12,"['WAIT_SETTLE', 'WAIT_SETTLE', 'WAIT_SETTLE', 'WAIT_SETTLE', 'WAIT_SETTLE', 'WAIT_SETTLE', 'WAIT_SETTLE', 'WAIT_SETTLE', 'WAIT_SETTLE', 'WAIT_SETTLE', 'WAIT_SETTLE', 'WAIT_SETTLE']",6.0,120.0,REGIME_H_LOW_AMBIENT,FB6_Additive_Cost,32
bench_REGIME_H_LOW_AMBIENT_032,FB7_Exposure_Aware_Planner,potato,DEPTH_CORRELATED,0.2,0.1104,0.0896,MARKDOWN,0.0,0.0,1.0,0.0,6.0,0.6,6.6,15.0,"{0: 0.0446, 1: 0.1207, 2: 0.1841, 3: 0.3046, 4: 0.3591}",4,"['OBSERVE_STRATUM', 'OBSERVE_STRATUM', 'OBSERVE_STRATUM', 'STOP_INSPECTION']",6.0,15.0,REGIME_H_LOW_AMBIENT,FB7_Proposed,32
bench_REGIME_H_LOW_AMBIENT_033,FB0_Surface_Only,potato,DEPTH_CORRELATED,0.216,0.1107,0.1053,MARKDOWN,0.0,0.0,1.0,0.0,2.0,0.2,2.2,5.0,"{0: 0.0554, 1: 0.1415, 2: 0.2173, 3: 0.2969, 4: 0.3698}",2,"['OBSERVE_STRATUM', 'STOP_INSPECTION']",2.0,5.0,REGIME_H_LOW_AMBIENT,FB0_Surface_Only,33
bench_REGIME_H_LOW_AMBIENT_033,FB1_Fixed_Sampling,potato,DEPTH_CORRELATED,0.216,0.1129,0.1031,MARKDOWN,0.0,0.0,1.0,0.0,45.0,3.0,48.0,75.0,"{0: 0.0554, 1: 0.1415, 2: 0.2173, 3: 0.2969, 4: 0.3698}",4,"['SAMPLE_UNITS', 'SAMPLE_UNITS', 'SAMPLE_UNITS', 'STOP_INSPECTION']",45.0,75.0,REGIME_H_LOW_AMBIENT,FB1_Fixed_Random,33
bench_REGIME_H_LOW_AMBIENT_033,FB2_Depth_Stratified,potato,DEPTH_CORRELATED,0.216,0.1504,0.0656,MARKDOWN,0.0,0.0,1.0,0.0,42.0,11.4,53.4,285.0,"{0: 0.0554, 1: 0.1415, 2: 0.2173, 3: 0.2969, 4: 0.3698}",10,"['OBSERVE_STRATUM', 'REMOVE_LAYER', 'OBSERVE_STRATUM', 'REMOVE_LAYER', 'OBSERVE_STRATUM', 'REMOVE_LAYER', 'OBSERVE_STRATUM', 'REMOVE_LAYER', 'OBSERVE_STRATUM', 'STOP_INSPECTION']",42.0,85.0,REGIME_H_LOW_AMBIENT,FB2_Depth_Stratified,33
bench_REGIME_H_LOW_AMBIENT_033,FB3_Macro_Myopic_VOI,potato,DEPTH_CORRELATED,0.216,0.1146,0.1014,MARKDOWN,0.0,0.0,1.0,0.0,2.0,0.2,2.2,5.0,"{0: 0.0554, 1: 0.1415, 2: 0.2173, 3: 0.2969, 4: 0.3698}",2,"['OBSERVE_STRATUM', 'STOP_INSPECTION']",2.0,5.0,REGIME_H_LOW_AMBIENT,FB3_Macro_Myopic_VOI,33
bench_REGIME_H_LOW_AMBIENT_033,FB5_State_Blind_Lookahead,potato,DEPTH_CORRELATED,0.216,0.116,0.1,MARKDOWN,0.0,0.0,1.0,0.0,6.0,4.8,10.8,120.0,"{0: 0.0554, 1: 0.1415, 2: 0.2173, 3: 0.2969, 4: 0.3698}",12,"['WAIT_SETTLE', 'WAIT_SETTLE', 'WAIT_SETTLE', 'WAIT_SETTLE', 'WAIT_SETTLE', 'WAIT_SETTLE', 'WAIT_SETTLE', 'WAIT_SETTLE', 'WAIT_SETTLE', 'WAIT_SETTLE', 'WAIT_SETTLE', 'WAIT_SETTLE']",6.0,120.0,REGIME_H_LOW_AMBIENT,FB5_State_Blind,33
bench_REGIME_H_LOW_AMBIENT_033,FB6_Additive_Cost_Planner,potato,DEPTH_CORRELATED,0.216,0.116,0.1,MARKDOWN,0.0,0.0,1.0,0.0,6.0,4.8,10.8,120.0,"{0: 0.0554, 1: 0.1415, 2: 0.2173, 3: 0.2969, 4: 0.3698}",12,"['WAIT_SETTLE', 'WAIT_SETTLE', 'WAIT_SETTLE', 'WAIT_SETTLE', 'WAIT_SETTLE', 'WAIT_SETTLE', 'WAIT_SETTLE', 'WAIT_SETTLE', 'WAIT_SETTLE', 'WAIT_SETTLE', 'WAIT_SETTLE', 'WAIT_SETTLE']",6.0,120.0,REGIME_H_LOW_AMBIENT,FB6_Additive_Cost,33
bench_REGIME_H_LOW_AMBIENT_033,FB7_Exposure_Aware_Planner,potato,DEPTH_CORRELATED,0.216,0.1145,0.1015,MARKDOWN,0.0,0.0,1.0,0.0,6.0,0.6,6.6,15.0,"{0: 0.0554, 1: 0.1415, 2: 0.2173, 3: 0.2969, 4: 0.3698}",4,"['OBSERVE_STRATUM', 'OBSERVE_STRATUM', 'OBSERVE_STRATUM', 'STOP_INSPECTION']",6.0,15.0,REGIME_H_LOW_AMBIENT,FB7_Proposed,33
bench_REGIME_H_LOW_AMBIENT_034,FB0_Surface_Only,potato,DEPTH_CORRELATED,0.216,0.1147,0.1013,MARKDOWN,0.0,0.0,1.0,0.0,2.0,0.2,2.2,5.0,"{0: 0.0685, 1: 0.1388, 2: 0.2229, 3: 0.3099, 4: 0.3596}",2,"['OBSERVE_STRATUM', 'STOP_INSPECTION']",2.0,5.0,REGIME_H_LOW_AMBIENT,FB0_Surface_Only,34
bench_REGIME_H_LOW_AMBIENT_034,FB1_Fixed_Sampling,potato,DEPTH_CORRELATED,0.216,0.1105,0.1055,MARKDOWN,0.0,0.0,1.0,0.0,45.0,3.0,48.0,75.0,"{0: 0.0685, 1: 0.1388, 2: 0.2229, 3: 0.3099, 4: 0.3596}",4,"['SAMPLE_UNITS', 'SAMPLE_UNITS', 'SAMPLE_UNITS', 'STOP_INSPECTION']",45.0,75.0,REGIME_H_LOW_AMBIENT,FB1_Fixed_Random,34
bench_REGIME_H_LOW_AMBIENT_034,FB2_Depth_Stratified,potato,DEPTH_CORRELATED,0.216,0.1476,0.0684,MARKDOWN,0.0,0.0,1.0,0.0,42.0,11.4,53.4,285.0,"{0: 0.0685, 1: 0.1388, 2: 0.2229, 3: 0.3099, 4: 0.3596}",10,"['OBSERVE_STRATUM', 'REMOVE_LAYER', 'OBSERVE_STRATUM', 'REMOVE_LAYER', 'OBSERVE_STRATUM', 'REMOVE_LAYER', 'OBSERVE_STRATUM', 'REMOVE_LAYER', 'OBSERVE_STRATUM', 'STOP_INSPECTION']",42.0,85.0,REGIME_H_LOW_AMBIENT,FB2_Depth_Stratified,34
bench_REGIME_H_LOW_AMBIENT_034,FB3_Macro_Myopic_VOI,potato,DEPTH_CORRELATED,0.216,0.1169,0.0991,MARKDOWN,0.0,0.0,1.0,0.0,2.0,0.2,2.2,5.0,"{0: 0.0685, 1: 0.1388, 2: 0.2229, 3: 0.3099, 4: 0.3596}",2,"['OBSERVE_STRATUM', 'STOP_INSPECTION']",2.0,5.0,REGIME_H_LOW_AMBIENT,FB3_Macro_Myopic_VOI,34
bench_REGIME_H_LOW_AMBIENT_034,FB5_State_Blind_Lookahead,potato,DEPTH_CORRELATED,0.216,0.116,0.1,MARKDOWN,0.0,0.0,1.0,0.0,6.0,4.8,10.8,120.0,"{0: 0.0685, 1: 0.1388, 2: 0.2229, 3: 0.3099, 4: 0.3596}",12,"['WAIT_SETTLE', 'WAIT_SETTLE', 'WAIT_SETTLE', 'WAIT_SETTLE', 'WAIT_SETTLE', 'WAIT_SETTLE', 'WAIT_SETTLE', 'WAIT_SETTLE', 'WAIT_SETTLE', 'WAIT_SETTLE', 'WAIT_SETTLE', 'WAIT_SETTLE']",6.0,120.0,REGIME_H_LOW_AMBIENT,FB5_State_Blind,34
bench_REGIME_H_LOW_AMBIENT_034,FB6_Additive_Cost_Planner,potato,DEPTH_CORRELATED,0.216,0.116,0.1,MARKDOWN,0.0,0.0,1.0,0.0,6.0,4.8,10.8,120.0,"{0: 0.0685, 1: 0.1388, 2: 0.2229, 3: 0.3099, 4: 0.3596}",12,"['WAIT_SETTLE', 'WAIT_SETTLE', 'WAIT_SETTLE', 'WAIT_SETTLE', 'WAIT_SETTLE', 'WAIT_SETTLE', 'WAIT_SETTLE', 'WAIT_SETTLE', 'WAIT_SETTLE', 'WAIT_SETTLE', 'WAIT_SETTLE', 'WAIT_SETTLE']",6.0,120.0,REGIME_H_LOW_AMBIENT,FB6_Additive_Cost,34
bench_REGIME_H_LOW_AMBIENT_034,FB7_Exposure_Aware_Planner,potato,DEPTH_CORRELATED,0.216,0.1064,0.1096,MARKDOWN,0.0,0.0,1.0,0.0,4.0,0.4,4.4,10.0,"{0: 0.0685, 1: 0.1388, 2: 0.2229, 3: 0.3099, 4: 0.3596}",3,"['OBSERVE_STRATUM', 'OBSERVE_STRATUM', 'STOP_INSPECTION']",4.0,10.0,REGIME_H_LOW_AMBIENT,FB7_Proposed,34
bench_REGIME_H_LOW_AMBIENT_035,FB0_Surface_Only,potato,DEPTH_CORRELATED,0.196,0.1131,0.0829,MARKDOWN,0.0,0.0,1.0,0.0,2.0,0.2,2.2,5.0,"{0: 0.0322, 1: 0.1262, 2: 0.1822, 3: 0.2788, 4: 0.3603}",2,"['OBSERVE_STRATUM', 'STOP_INSPECTION']",2.0,5.0,REGIME_H_LOW_AMBIENT,FB0_Surface_Only,35
bench_REGIME_H_LOW_AMBIENT_035,FB1_Fixed_Sampling,potato,DEPTH_CORRELATED,0.196,0.106,0.09,MARKDOWN,0.0,0.0,1.0,0.0,45.0,3.0,48.0,75.0,"{0: 0.0322, 1: 0.1262, 2: 0.1822, 3: 0.2788, 4: 0.3603}",4,"['SAMPLE_UNITS', 'SAMPLE_UNITS', 'SAMPLE_UNITS', 'STOP_INSPECTION']",45.0,75.0,REGIME_H_LOW_AMBIENT,FB1_Fixed_Random,35
bench_REGIME_H_LOW_AMBIENT_035,FB2_Depth_Stratified,potato,DEPTH_CORRELATED,0.196,0.1557,0.0403,MARKDOWN,0.0,0.0,1.0,0.0,42.0,11.4,53.4,285.0,"{0: 0.0322, 1: 0.1262, 2: 0.1822, 3: 0.2788, 4: 0.3603}",10,"['OBSERVE_STRATUM', 'REMOVE_LAYER', 'OBSERVE_STRATUM', 'REMOVE_LAYER', 'OBSERVE_STRATUM', 'REMOVE_LAYER', 'OBSERVE_STRATUM', 'REMOVE_LAYER', 'OBSERVE_STRATUM', 'STOP_INSPECTION']",42.0,85.0,REGIME_H_LOW_AMBIENT,FB2_Depth_Stratified,35
bench_REGIME_H_LOW_AMBIENT_035,FB3_Macro_Myopic_VOI,potato,DEPTH_CORRELATED,0.196,0.1122,0.0838,MARKDOWN,0.0,0.0,1.0,0.0,2.0,0.2,2.2,5.0,"{0: 0.0322, 1: 0.1262, 2: 0.1822, 3: 0.2788, 4: 0.3603}",2,"['OBSERVE_STRATUM', 'STOP_INSPECTION']",2.0,5.0,REGIME_H_LOW_AMBIENT,FB3_Macro_Myopic_VOI,35
bench_REGIME_H_LOW_AMBIENT_035,FB5_State_Blind_Lookahead,potato,DEPTH_CORRELATED,0.196,0.116,0.08,MARKDOWN,0.0,0.0,1.0,0.0,6.0,4.8,10.8,120.0,"{0: 0.0322, 1: 0.1262, 2: 0.1822, 3: 0.2788, 4: 0.3603}",12,"['WAIT_SETTLE', 'WAIT_SETTLE', 'WAIT_SETTLE', 'WAIT_SETTLE', 'WAIT_SETTLE', 'WAIT_SETTLE', 'WAIT_SETTLE', 'WAIT_SETTLE', 'WAIT_SETTLE', 'WAIT_SETTLE', 'WAIT_SETTLE', 'WAIT_SETTLE']",6.0,120.0,REGIME_H_LOW_AMBIENT,FB5_State_Blind,35
bench_REGIME_H_LOW_AMBIENT_035,FB6_Additive_Cost_Planner,potato,DEPTH_CORRELATED,0.196,0.116,0.08,MARKDOWN,0.0,0.0,1.0,0.0,6.0,4.8,10.8,120.0,"{0: 0.0322, 1: 0.1262, 2: 0.1822, 3: 0.2788, 4: 0.3603}",12,"['WAIT_SETTLE', 'WAIT_SETTLE', 'WAIT_SETTLE', 'WAIT_SETTLE', 'WAIT_SETTLE', 'WAIT_SETTLE', 'WAIT_SETTLE', 'WAIT_SETTLE', 'WAIT_SETTLE', 'WAIT_SETTLE', 'WAIT_SETTLE', 'WAIT_SETTLE']",6.0,120.0,REGIME_H_LOW_AMBIENT,FB6_Additive_Cost,35
bench_REGIME_H_LOW_AMBIENT_035,FB7_Exposure_Aware_Planner,potato,DEPTH_CORRELATED,0.196,0.1081,0.0879,MARKDOWN,0.0,0.0,1.0,0.0,4.0,0.4,4.4,10.0,"{0: 0.0322, 1: 0.1262, 2: 0.1822, 3: 0.2788, 4: 0.3603}",3,"['OBSERVE_STRATUM', 'OBSERVE_STRATUM', 'STOP_INSPECTION']",4.0,10.0,REGIME_H_LOW_AMBIENT,FB7_Proposed,35
bench_REGIME_H_LOW_AMBIENT_036,FB0_Surface_Only,potato,DEPTH_CORRELATED,0.2,0.1112,0.0888,MARKDOWN,0.0,0.0,1.0,0.0,2.0,0.2,2.2,5.0,"{0: 0.0612, 1: 0.127, 2: 0.1961, 3: 0.2853, 4: 0.3435}",2,"['OBSERVE_STRATUM', 'STOP_INSPECTION']",2.0,5.0,REGIME_H_LOW_AMBIENT,FB0_Surface_Only,36
bench_REGIME_H_LOW_AMBIENT_036,FB1_Fixed_Sampling,potato,DEPTH_CORRELATED,0.2,0.1128,0.0872,MARKDOWN,0.0,0.0,1.0,0.0,45.0,3.0,48.0,75.0,"{0: 0.0612, 1: 0.127, 2: 0.1961, 3: 0.2853, 4: 0.3435}",4,"['SAMPLE_UNITS', 'SAMPLE_UNITS', 'SAMPLE_UNITS', 'STOP_INSPECTION']",45.0,75.0,REGIME_H_LOW_AMBIENT,FB1_Fixed_Random,36
bench_REGIME_H_LOW_AMBIENT_036,FB2_Depth_Stratified,potato,DEPTH_CORRELATED,0.2,0.1496,0.0504,MARKDOWN,0.0,0.0,1.0,0.0,42.0,11.4,53.4,285.0,"{0: 0.0612, 1: 0.127, 2: 0.1961, 3: 0.2853, 4: 0.3435}",10,"['OBSERVE_STRATUM', 'REMOVE_LAYER', 'OBSERVE_STRATUM', 'REMOVE_LAYER', 'OBSERVE_STRATUM', 'REMOVE_LAYER', 'OBSERVE_STRATUM', 'REMOVE_LAYER', 'OBSERVE_STRATUM', 'STOP_INSPECTION']",42.0,85.0,REGIME_H_LOW_AMBIENT,FB2_Depth_Stratified,36
bench_REGIME_H_LOW_AMBIENT_036,FB3_Macro_Myopic_VOI,potato,DEPTH_CORRELATED,0.2,0.1131,0.0869,MARKDOWN,0.0,0.0,1.0,0.0,2.0,0.2,2.2,5.0,"{0: 0.0612, 1: 0.127, 2: 0.1961, 3: 0.2853, 4: 0.3435}",2,"['OBSERVE_STRATUM', 'STOP_INSPECTION']",2.0,5.0,REGIME_H_LOW_AMBIENT,FB3_Macro_Myopic_VOI,36
bench_REGIME_H_LOW_AMBIENT_036,FB5_State_Blind_Lookahead,potato,DEPTH_CORRELATED,0.2,0.116,0.084,MARKDOWN,0.0,0.0,1.0,0.0,6.0,4.8,10.8,120.0,"{0: 0.0612, 1: 0.127, 2: 0.1961, 3: 0.2853, 4: 0.3435}",12,"['WAIT_SETTLE', 'WAIT_SETTLE', 'WAIT_SETTLE', 'WAIT_SETTLE', 'WAIT_SETTLE', 'WAIT_SETTLE', 'WAIT_SETTLE', 'WAIT_SETTLE', 'WAIT_SETTLE', 'WAIT_SETTLE', 'WAIT_SETTLE', 'WAIT_SETTLE']",6.0,120.0,REGIME_H_LOW_AMBIENT,FB5_State_Blind,36
bench_REGIME_H_LOW_AMBIENT_036,FB6_Additive_Cost_Planner,potato,DEPTH_CORRELATED,0.2,0.116,0.084,MARKDOWN,0.0,0.0,1.0,0.0,6.0,4.8,10.8,120.0,"{0: 0.0612, 1: 0.127, 2: 0.1961, 3: 0.2853, 4: 0.3435}",12,"['WAIT_SETTLE', 'WAIT_SETTLE', 'WAIT_SETTLE', 'WAIT_SETTLE', 'WAIT_SETTLE', 'WAIT_SETTLE', 'WAIT_SETTLE', 'WAIT_SETTLE', 'WAIT_SETTLE', 'WAIT_SETTLE', 'WAIT_SETTLE', 'WAIT_SETTLE']",6.0,120.0,REGIME_H_LOW_AMBIENT,FB6_Additive_Cost,36
bench_REGIME_H_LOW_AMBIENT_036,FB7_Exposure_Aware_Planner,potato,DEPTH_CORRELATED,0.2,0.1112,0.0888,MARKDOWN,0.0,0.0,1.0,0.0,6.0,0.6,6.6,15.0,"{0: 0.0612, 1: 0.127, 2: 0.1961, 3: 0.2853, 4: 0.3435}",4,"['OBSERVE_STRATUM', 'OBSERVE_STRATUM', 'OBSERVE_STRATUM', 'STOP_INSPECTION']",6.0,15.0,REGIME_H_LOW_AMBIENT,FB7_Proposed,36
bench_REGIME_H_LOW_AMBIENT_037,FB0_Surface_Only,potato,DEPTH_CORRELATED,0.204,0.1146,0.0894,MARKDOWN,0.0,0.0,1.0,0.0,2.0,0.2,2.2,5.0,"{0: 0.0397, 1: 0.1474, 2: 0.2236, 3: 0.2857, 4: 0.3455}",2,"['OBSERVE_STRATUM', 'STOP_INSPECTION']",2.0,5.0,REGIME_H_LOW_AMBIENT,FB0_Surface_Only,37
bench_REGIME_H_LOW_AMBIENT_037,FB1_Fixed_Sampling,potato,DEPTH_CORRELATED,0.204,0.1103,0.0937,MARKDOWN,0.0,0.0,1.0,0.0,45.0,3.0,48.0,75.0,"{0: 0.0397, 1: 0.1474, 2: 0.2236, 3: 0.2857, 4: 0.3455}",4,"['SAMPLE_UNITS', 'SAMPLE_UNITS', 'SAMPLE_UNITS', 'STOP_INSPECTION']",45.0,75.0,REGIME_H_LOW_AMBIENT,FB1_Fixed_Random,37
bench_REGIME_H_LOW_AMBIENT_037,FB2_Depth_Stratified,potato,DEPTH_CORRELATED,0.204,0.1479,0.0561,MARKDOWN,0.0,0.0,1.0,0.0,42.0,11.4,53.4,285.0,"{0: 0.0397, 1: 0.1474, 2: 0.2236, 3: 0.2857, 4: 0.3455}",10,"['OBSERVE_STRATUM', 'REMOVE_LAYER', 'OBSERVE_STRATUM', 'REMOVE_LAYER', 'OBSERVE_STRATUM', 'REMOVE_LAYER', 'OBSERVE_STRATUM', 'REMOVE_LAYER', 'OBSERVE_STRATUM', 'STOP_INSPECTION']",42.0,85.0,REGIME_H_LOW_AMBIENT,FB2_Depth_Stratified,37
bench_REGIME_H_LOW_AMBIENT_037,FB3_Macro_Myopic_VOI,potato,DEPTH_CORRELATED,0.204,0.1105,0.0935,MARKDOWN,0.0,0.0,1.0,0.0,2.0,0.2,2.2,5.0,"{0: 0.0397, 1: 0.1474, 2: 0.2236, 3: 0.2857, 4: 0.3455}",2,"['OBSERVE_STRATUM', 'STOP_INSPECTION']",2.0,5.0,REGIME_H_LOW_AMBIENT,FB3_Macro_Myopic_VOI,37
bench_REGIME_H_LOW_AMBIENT_037,FB5_State_Blind_Lookahead,potato,DEPTH_CORRELATED,0.204,0.116,0.088,MARKDOWN,0.0,0.0,1.0,0.0,6.0,4.8,10.8,120.0,"{0: 0.0397, 1: 0.1474, 2: 0.2236, 3: 0.2857, 4: 0.3455}",12,"['WAIT_SETTLE', 'WAIT_SETTLE', 'WAIT_SETTLE', 'WAIT_SETTLE', 'WAIT_SETTLE', 'WAIT_SETTLE', 'WAIT_SETTLE', 'WAIT_SETTLE', 'WAIT_SETTLE', 'WAIT_SETTLE', 'WAIT_SETTLE', 'WAIT_SETTLE']",6.0,120.0,REGIME_H_LOW_AMBIENT,FB5_State_Blind,37
bench_REGIME_H_LOW_AMBIENT_037,FB6_Additive_Cost_Planner,potato,DEPTH_CORRELATED,0.204,0.116,0.088,MARKDOWN,0.0,0.0,1.0,0.0,6.0,4.8,10.8,120.0,"{0: 0.0397, 1: 0.1474, 2: 0.2236, 3: 0.2857, 4: 0.3455}",12,"['WAIT_SETTLE', 'WAIT_SETTLE', 'WAIT_SETTLE', 'WAIT_SETTLE', 'WAIT_SETTLE', 'WAIT_SETTLE', 'WAIT_SETTLE', 'WAIT_SETTLE', 'WAIT_SETTLE', 'WAIT_SETTLE', 'WAIT_SETTLE', 'WAIT_SETTLE']",6.0,120.0,REGIME_H_LOW_AMBIENT,FB6_Additive_Cost,37
bench_REGIME_H_LOW_AMBIENT_037,FB7_Exposure_Aware_Planner,potato,DEPTH_CORRELATED,0.204,0.1096,0.0944,MARKDOWN,0.0,0.0,1.0,0.0,6.0,0.6,6.6,15.0,"{0: 0.0397, 1: 0.1474, 2: 0.2236, 3: 0.2857, 4: 0.3455}",4,"['OBSERVE_STRATUM', 'OBSERVE_STRATUM', 'OBSERVE_STRATUM', 'STOP_INSPECTION']",6.0,15.0,REGIME_H_LOW_AMBIENT,FB7_Proposed,37
bench_REGIME_H_LOW_AMBIENT_038,FB0_Surface_Only,potato,DEPTH_CORRELATED,0.196,0.1154,0.0806,MARKDOWN,0.0,0.0,1.0,0.0,2.0,0.2,2.2,5.0,"{0: 0.0389, 1: 0.1022, 2: 0.2035, 3: 0.304, 4: 0.3496}",2,"['OBSERVE_STRATUM', 'STOP_INSPECTION']",2.0,5.0,REGIME_H_LOW_AMBIENT,FB0_Surface_Only,38
bench_REGIME_H_LOW_AMBIENT_038,FB1_Fixed_Sampling,potato,DEPTH_CORRELATED,0.196,0.111,0.085,MARKDOWN,0.0,0.0,1.0,0.0,45.0,3.0,48.0,75.0,"{0: 0.0389, 1: 0.1022, 2: 0.2035, 3: 0.304, 4: 0.3496}",4,"['SAMPLE_UNITS', 'SAMPLE_UNITS', 'SAMPLE_UNITS', 'STOP_INSPECTION']",45.0,75.0,REGIME_H_LOW_AMBIENT,FB1_Fixed_Random,38
bench_REGIME_H_LOW_AMBIENT_038,FB2_Depth_Stratified,potato,DEPTH_CORRELATED,0.196,0.1346,0.0614,MARKDOWN,0.0,0.0,1.0,0.0,42.0,11.4,53.4,285.0,"{0: 0.0389, 1: 0.1022, 2: 0.2035, 3: 0.304, 4: 0.3496}",10,"['OBSERVE_STRATUM', 'REMOVE_LAYER', 'OBSERVE_STRATUM', 'REMOVE_LAYER', 'OBSERVE_STRATUM', 'REMOVE_LAYER', 'OBSERVE_STRATUM', 'REMOVE_LAYER', 'OBSERVE_STRATUM', 'STOP_INSPECTION']",42.0,85.0,REGIME_H_LOW_AMBIENT,FB2_Depth_Stratified,38
bench_REGIME_H_LOW_AMBIENT_038,FB3_Macro_Myopic_VOI,potato,DEPTH_CORRELATED,0.196,0.1099,0.0861,MARKDOWN,0.0,0.0,1.0,0.0,2.0,0.2,2.2,5.0,"{0: 0.0389, 1: 0.1022, 2: 0.2035, 3: 0.304, 4: 0.3496}",2,"['OBSERVE_STRATUM', 'STOP_INSPECTION']",2.0,5.0,REGIME_H_LOW_AMBIENT,FB3_Macro_Myopic_VOI,38
bench_REGIME_H_LOW_AMBIENT_038,FB5_State_Blind_Lookahead,potato,DEPTH_CORRELATED,0.196,0.116,0.08,MARKDOWN,0.0,0.0,1.0,0.0,6.0,4.8,10.8,120.0,"{0: 0.0389, 1: 0.1022, 2: 0.2035, 3: 0.304, 4: 0.3496}",12,"['WAIT_SETTLE', 'WAIT_SETTLE', 'WAIT_SETTLE', 'WAIT_SETTLE', 'WAIT_SETTLE', 'WAIT_SETTLE', 'WAIT_SETTLE', 'WAIT_SETTLE', 'WAIT_SETTLE', 'WAIT_SETTLE', 'WAIT_SETTLE', 'WAIT_SETTLE']",6.0,120.0,REGIME_H_LOW_AMBIENT,FB5_State_Blind,38
bench_REGIME_H_LOW_AMBIENT_038,FB6_Additive_Cost_Planner,potato,DEPTH_CORRELATED,0.196,0.116,0.08,MARKDOWN,0.0,0.0,1.0,0.0,6.0,4.8,10.8,120.0,"{0: 0.0389, 1: 0.1022, 2: 0.2035, 3: 0.304, 4: 0.3496}",12,"['WAIT_SETTLE', 'WAIT_SETTLE', 'WAIT_SETTLE', 'WAIT_SETTLE', 'WAIT_SETTLE', 'WAIT_SETTLE', 'WAIT_SETTLE', 'WAIT_SETTLE', 'WAIT_SETTLE', 'WAIT_SETTLE', 'WAIT_SETTLE', 'WAIT_SETTLE']",6.0,120.0,REGIME_H_LOW_AMBIENT,FB6_Additive_Cost,38
bench_REGIME_H_LOW_AMBIENT_038,FB7_Exposure_Aware_Planner,potato,DEPTH_CORRELATED,0.196,0.1083,0.0877,MARKDOWN,0.0,0.0,1.0,0.0,6.0,0.6,6.6,15.0,"{0: 0.0389, 1: 0.1022, 2: 0.2035, 3: 0.304, 4: 0.3496}",4,"['OBSERVE_STRATUM', 'OBSERVE_STRATUM', 'OBSERVE_STRATUM', 'STOP_INSPECTION']",6.0,15.0,REGIME_H_LOW_AMBIENT,FB7_Proposed,38
bench_REGIME_H_LOW_AMBIENT_039,FB0_Surface_Only,potato,DEPTH_CORRELATED,0.204,0.1134,0.0906,MARKDOWN,0.0,0.0,1.0,0.0,2.0,0.2,2.2,5.0,"{0: 0.0375, 1: 0.1227, 2: 0.2012, 3: 0.2843, 4: 0.387}",2,"['OBSERVE_STRATUM', 'STOP_INSPECTION']",2.0,5.0,REGIME_H_LOW_AMBIENT,FB0_Surface_Only,39
bench_REGIME_H_LOW_AMBIENT_039,FB1_Fixed_Sampling,potato,DEPTH_CORRELATED,0.204,0.1078,0.0962,MARKDOWN,0.0,0.0,1.0,0.0,45.0,3.0,48.0,75.0,"{0: 0.0375, 1: 0.1227, 2: 0.2012, 3: 0.2843, 4: 0.387}",4,"['SAMPLE_UNITS', 'SAMPLE_UNITS', 'SAMPLE_UNITS', 'STOP_INSPECTION']",45.0,75.0,REGIME_H_LOW_AMBIENT,FB1_Fixed_Random,39
bench_REGIME_H_LOW_AMBIENT_039,FB2_Depth_Stratified,potato,DEPTH_CORRELATED,0.204,0.1479,0.0561,MARKDOWN,0.0,0.0,1.0,0.0,42.0,11.4,53.4,285.0,"{0: 0.0375, 1: 0.1227, 2: 0.2012, 3: 0.2843, 4: 0.387}",10,"['OBSERVE_STRATUM', 'REMOVE_LAYER', 'OBSERVE_STRATUM', 'REMOVE_LAYER', 'OBSERVE_STRATUM', 'REMOVE_LAYER', 'OBSERVE_STRATUM', 'REMOVE_LAYER', 'OBSERVE_STRATUM', 'STOP_INSPECTION']",42.0,85.0,REGIME_H_LOW_AMBIENT,FB2_Depth_Stratified,39
bench_REGIME_H_LOW_AMBIENT_039,FB3_Macro_Myopic_VOI,potato,DEPTH_CORRELATED,0.204,0.1148,0.0892,MARKDOWN,0.0,0.0,1.0,0.0,2.0,0.2,2.2,5.0,"{0: 0.0375, 1: 0.1227, 2: 0.2012, 3: 0.2843, 4: 0.387}",2,"['OBSERVE_STRATUM', 'STOP_INSPECTION']",2.0,5.0,REGIME_H_LOW_AMBIENT,FB3_Macro_Myopic_VOI,39
bench_REGIME_H_LOW_AMBIENT_039,FB5_State_Blind_Lookahead,potato,DEPTH_CORRELATED,0.204,0.116,0.088,MARKDOWN,0.0,0.0,1.0,0.0,6.0,4.8,10.8,120.0,"{0: 0.0375, 1: 0.1227, 2: 0.2012, 3: 0.2843, 4: 0.387}",12,"['WAIT_SETTLE', 'WAIT_SETTLE', 'WAIT_SETTLE', 'WAIT_SETTLE', 'WAIT_SETTLE', 'WAIT_SETTLE', 'WAIT_SETTLE', 'WAIT_SETTLE', 'WAIT_SETTLE', 'WAIT_SETTLE', 'WAIT_SETTLE', 'WAIT_SETTLE']",6.0,120.0,REGIME_H_LOW_AMBIENT,FB5_State_Blind,39
bench_REGIME_H_LOW_AMBIENT_039,FB6_Additive_Cost_Planner,potato,DEPTH_CORRELATED,0.204,0.116,0.088,MARKDOWN,0.0,0.0,1.0,0.0,6.0,4.8,10.8,120.0,"{0: 0.0375, 1: 0.1227, 2: 0.2012, 3: 0.2843, 4: 0.387}",12,"['WAIT_SETTLE', 'WAIT_SETTLE', 'WAIT_SETTLE', 'WAIT_SETTLE', 'WAIT_SETTLE', 'WAIT_SETTLE', 'WAIT_SETTLE', 'WAIT_SETTLE', 'WAIT_SETTLE', 'WAIT_SETTLE', 'WAIT_SETTLE', 'WAIT_SETTLE']",6.0,120.0,REGIME_H_LOW_AMBIENT,FB6_Additive_Cost,39
bench_REGIME_H_LOW_AMBIENT_039,FB7_Exposure_Aware_Planner,potato,DEPTH_CORRELATED,0.204,0.1128,0.0912,MARKDOWN,0.0,0.0,1.0,0.0,6.0,0.6,6.6,15.0,"{0: 0.0375, 1: 0.1227, 2: 0.2012, 3: 0.2843, 4: 0.387}",4,"['OBSERVE_STRATUM', 'OBSERVE_STRATUM', 'OBSERVE_STRATUM', 'STOP_INSPECTION']",6.0,15.0,REGIME_H_LOW_AMBIENT,FB7_Proposed,39
bench_REGIME_I_BENIGN_SURFACE_000,FB0_Surface_Only,potato,BENIGN,0.024,0.1128,0.0888,MARKDOWN,0.0,0.0,0.0,180.0,2.0,0.2,182.2,5.0,"{0: 0.0342, 1: 0.0171, 2: 0.0213, 3: 0.019, 4: 0.0164}",2,"['OBSERVE_STRATUM', 'STOP_INSPECTION']",2.0,5.0,REGIME_I_BENIGN_SURFACE,FB0_Surface_Only,0
bench_REGIME_I_BENIGN_SURFACE_000,FB1_Fixed_Sampling,potato,BENIGN,0.024,0.1078,0.0838,MARKDOWN,0.0,0.0,0.0,180.0,45.0,3.0,228.0,75.0,"{0: 0.0342, 1: 0.0171, 2: 0.0213, 3: 0.019, 4: 0.0164}",4,"['SAMPLE_UNITS', 'SAMPLE_UNITS', 'SAMPLE_UNITS', 'STOP_INSPECTION']",45.0,75.0,REGIME_I_BENIGN_SURFACE,FB1_Fixed_Random,0
bench_REGIME_I_BENIGN_SURFACE_000,FB2_Depth_Stratified,potato,BENIGN,0.024,0.0892,0.0652,MARKDOWN,0.0,0.0,0.0,180.0,42.0,11.4,233.4,285.0,"{0: 0.0342, 1: 0.0171, 2: 0.0213, 3: 0.019, 4: 0.0164}",10,"['OBSERVE_STRATUM', 'REMOVE_LAYER', 'OBSERVE_STRATUM', 'REMOVE_LAYER', 'OBSERVE_STRATUM', 'REMOVE_LAYER', 'OBSERVE_STRATUM', 'REMOVE_LAYER', 'OBSERVE_STRATUM', 'STOP_INSPECTION']",42.0,85.0,REGIME_I_BENIGN_SURFACE,FB2_Depth_Stratified,0
bench_REGIME_I_BENIGN_SURFACE_000,FB3_Macro_Myopic_VOI,potato,BENIGN,0.024,0.1173,0.0933,MARKDOWN,0.0,0.0,0.0,180.0,2.0,0.2,182.2,5.0,"{0: 0.0342, 1: 0.0171, 2: 0.0213, 3: 0.019, 4: 0.0164}",2,"['OBSERVE_STRATUM', 'STOP_INSPECTION']",2.0,5.0,REGIME_I_BENIGN_SURFACE,FB3_Macro_Myopic_VOI,0
bench_REGIME_I_BENIGN_SURFACE_000,FB5_State_Blind_Lookahead,potato,BENIGN,0.024,0.116,0.092,MARKDOWN,0.0,0.0,0.0,180.0,6.0,4.8,190.8,120.0,"{0: 0.0342, 1: 0.0171, 2: 0.0213, 3: 0.019, 4: 0.0164}",12,"['WAIT_SETTLE', 'WAIT_SETTLE', 'WAIT_SETTLE', 'WAIT_SETTLE', 'WAIT_SETTLE', 'WAIT_SETTLE', 'WAIT_SETTLE', 'WAIT_SETTLE', 'WAIT_SETTLE', 'WAIT_SETTLE', 'WAIT_SETTLE', 'WAIT_SETTLE']",6.0,120.0,REGIME_I_BENIGN_SURFACE,FB5_State_Blind,0
bench_REGIME_I_BENIGN_SURFACE_000,FB6_Additive_Cost_Planner,potato,BENIGN,0.024,0.116,0.092,MARKDOWN,0.0,0.0,0.0,180.0,6.0,4.8,190.8,120.0,"{0: 0.0342, 1: 0.0171, 2: 0.0213, 3: 0.019, 4: 0.0164}",12,"['WAIT_SETTLE', 'WAIT_SETTLE', 'WAIT_SETTLE', 'WAIT_SETTLE', 'WAIT_SETTLE', 'WAIT_SETTLE', 'WAIT_SETTLE', 'WAIT_SETTLE', 'WAIT_SETTLE', 'WAIT_SETTLE', 'WAIT_SETTLE', 'WAIT_SETTLE']",6.0,120.0,REGIME_I_BENIGN_SURFACE,FB6_Additive_Cost,0
bench_REGIME_I_BENIGN_SURFACE_000,FB7_Exposure_Aware_Planner,potato,BENIGN,0.024,0.1098,0.0858,MARKDOWN,0.0,0.0,0.0,180.0,2.0,0.2,182.2,5.0,"{0: 0.0342, 1: 0.0171, 2: 0.0213, 3: 0.019, 4: 0.0164}",2,"['OBSERVE_STRATUM', 'STOP_INSPECTION']",2.0,5.0,REGIME_I_BENIGN_SURFACE,FB7_Proposed,0
bench_REGIME_I_BENIGN_SURFACE_001,FB0_Surface_Only,potato,BENIGN,0.024,0.1092,0.0852,MARKDOWN,0.0,0.0,0.0,180.0,2.0,0.2,182.2,5.0,"{0: 0.0165, 1: 0.0158, 2: 0.014, 3: 0.0119, 4: 0.0343}",2,"['OBSERVE_STRATUM', 'STOP_INSPECTION']",2.0,5.0,REGIME_I_BENIGN_SURFACE,FB0_Surface_Only,1
bench_REGIME_I_BENIGN_SURFACE_001,FB1_Fixed_Sampling,potato,BENIGN,0.024,0.1064,0.0824,MARKDOWN,0.0,0.0,0.0,180.0,45.0,3.0,228.0,75.0,"{0: 0.0165, 1: 0.0158, 2: 0.014, 3: 0.0119, 4: 0.0343}",4,"['SAMPLE_UNITS', 'SAMPLE_UNITS', 'SAMPLE_UNITS', 'STOP_INSPECTION']",45.0,75.0,REGIME_I_BENIGN_SURFACE,FB1_Fixed_Random,1
bench_REGIME_I_BENIGN_SURFACE_001,FB2_Depth_Stratified,potato,BENIGN,0.024,0.0825,0.0585,MARKDOWN,0.0,0.0,0.0,180.0,42.0,11.4,233.4,285.0,"{0: 0.0165, 1: 0.0158, 2: 0.014, 3: 0.0119, 4: 0.0343}",10,"['OBSERVE_STRATUM', 'REMOVE_LAYER', 'OBSERVE_STRATUM', 'REMOVE_LAYER', 'OBSERVE_STRATUM', 'REMOVE_LAYER', 'OBSERVE_STRATUM', 'REMOVE_LAYER', 'OBSERVE_STRATUM', 'STOP_INSPECTION']",42.0,85.0,REGIME_I_BENIGN_SURFACE,FB2_Depth_Stratified,1
bench_REGIME_I_BENIGN_SURFACE_001,FB3_Macro_Myopic_VOI,potato,BENIGN,0.024,0.1152,0.0912,MARKDOWN,0.0,0.0,0.0,180.0,2.0,0.2,182.2,5.0,"{0: 0.0165, 1: 0.0158, 2: 0.014, 3: 0.0119, 4: 0.0343}",2,"['OBSERVE_STRATUM', 'STOP_INSPECTION']",2.0,5.0,REGIME_I_BENIGN_SURFACE,FB3_Macro_Myopic_VOI,1
bench_REGIME_I_BENIGN_SURFACE_001,FB5_State_Blind_Lookahead,potato,BENIGN,0.024,0.116,0.092,MARKDOWN,0.0,0.0,0.0,180.0,6.0,4.8,190.8,120.0,"{0: 0.0165, 1: 0.0158, 2: 0.014, 3: 0.0119, 4: 0.0343}",12,"['WAIT_SETTLE', 'WAIT_SETTLE', 'WAIT_SETTLE', 'WAIT_SETTLE', 'WAIT_SETTLE', 'WAIT_SETTLE', 'WAIT_SETTLE', 'WAIT_SETTLE', 'WAIT_SETTLE', 'WAIT_SETTLE', 'WAIT_SETTLE', 'WAIT_SETTLE']",6.0,120.0,REGIME_I_BENIGN_SURFACE,FB5_State_Blind,1
bench_REGIME_I_BENIGN_SURFACE_001,FB6_Additive_Cost_Planner,potato,BENIGN,0.024,0.116,0.092,MARKDOWN,0.0,0.0,0.0,180.0,6.0,4.8,190.8,120.0,"{0: 0.0165, 1: 0.0158, 2: 0.014, 3: 0.0119, 4: 0.0343}",12,"['WAIT_SETTLE', 'WAIT_SETTLE', 'WAIT_SETTLE', 'WAIT_SETTLE', 'WAIT_SETTLE', 'WAIT_SETTLE', 'WAIT_SETTLE', 'WAIT_SETTLE', 'WAIT_SETTLE', 'WAIT_SETTLE', 'WAIT_SETTLE', 'WAIT_SETTLE']",6.0,120.0,REGIME_I_BENIGN_SURFACE,FB6_Additive_Cost,1
bench_REGIME_I_BENIGN_SURFACE_001,FB7_Exposure_Aware_Planner,potato,BENIGN,0.024,0.1092,0.0852,MARKDOWN,0.0,0.0,0.0,180.0,2.0,0.2,182.2,5.0,"{0: 0.0165, 1: 0.0158, 2: 0.014, 3: 0.0119, 4: 0.0343}",2,"['OBSERVE_STRATUM', 'STOP_INSPECTION']",2.0,5.0,REGIME_I_BENIGN_SURFACE,FB7_Proposed,1
bench_REGIME_I_BENIGN_SURFACE_002,FB0_Surface_Only,potato,BENIGN,0.028,0.1113,0.0833,MARKDOWN,0.0,0.0,0.0,180.0,2.0,0.2,182.2,5.0,"{0: 0.0353, 1: 0.0376, 2: 0.0223, 3: 0.0219, 4: 0.0259}",2,"['OBSERVE_STRATUM', 'STOP_INSPECTION']",2.0,5.0,REGIME_I_BENIGN_SURFACE,FB0_Surface_Only,2
bench_REGIME_I_BENIGN_SURFACE_002,FB1_Fixed_Sampling,potato,BENIGN,0.028,0.1109,0.0829,MARKDOWN,0.0,0.0,0.0,180.0,45.0,3.0,228.0,75.0,"{0: 0.0353, 1: 0.0376, 2: 0.0223, 3: 0.0219, 4: 0.0259}",4,"['SAMPLE_UNITS', 'SAMPLE_UNITS', 'SAMPLE_UNITS', 'STOP_INSPECTION']",45.0,75.0,REGIME_I_BENIGN_SURFACE,FB1_Fixed_Random,2
bench_REGIME_I_BENIGN_SURFACE_002,FB2_Depth_Stratified,potato,BENIGN,0.028,0.0945,0.0665,MARKDOWN,0.0,0.0,0.0,180.0,42.0,11.4,233.4,285.0,"{0: 0.0353, 1: 0.0376, 2: 0.0223, 3: 0.0219, 4: 0.0259}",10,"['OBSERVE_STRATUM', 'REMOVE_LAYER', 'OBSERVE_STRATUM', 'REMOVE_LAYER', 'OBSERVE_STRATUM', 'REMOVE_LAYER', 'OBSERVE_STRATUM', 'REMOVE_LAYER', 'OBSERVE_STRATUM', 'STOP_INSPECTION']",42.0,85.0,REGIME_I_BENIGN_SURFACE,FB2_Depth_Stratified,2
bench_REGIME_I_BENIGN_SURFACE_002,FB3_Macro_Myopic_VOI,potato,BENIGN,0.028,0.1092,0.0812,MARKDOWN,0.0,0.0,0.0,180.0,2.0,0.2,182.2,5.0,"{0: 0.0353, 1: 0.0376, 2: 0.0223, 3: 0.0219, 4: 0.0259}",2,"['OBSERVE_STRATUM', 'STOP_INSPECTION']",2.0,5.0,REGIME_I_BENIGN_SURFACE,FB3_Macro_Myopic_VOI,2
bench_REGIME_I_BENIGN_SURFACE_002,FB5_State_Blind_Lookahead,potato,BENIGN,0.028,0.116,0.088,MARKDOWN,0.0,0.0,0.0,180.0,6.0,4.8,190.8,120.0,"{0: 0.0353, 1: 0.0376, 2: 0.0223, 3: 0.0219, 4: 0.0259}",12,"['WAIT_SETTLE', 'WAIT_SETTLE', 'WAIT_SETTLE', 'WAIT_SETTLE', 'WAIT_SETTLE', 'WAIT_SETTLE', 'WAIT_SETTLE', 'WAIT_SETTLE', 'WAIT_SETTLE', 'WAIT_SETTLE', 'WAIT_SETTLE', 'WAIT_SETTLE']",6.0,120.0,REGIME_I_BENIGN_SURFACE,FB5_State_Blind,2
bench_REGIME_I_BENIGN_SURFACE_002,FB6_Additive_Cost_Planner,potato,BENIGN,0.028,0.116,0.088,MARKDOWN,0.0,0.0,0.0,180.0,6.0,4.8,190.8,120.0,"{0: 0.0353, 1: 0.0376, 2: 0.0223, 3: 0.0219, 4: 0.0259}",12,"['WAIT_SETTLE', 'WAIT_SETTLE', 'WAIT_SETTLE', 'WAIT_SETTLE', 'WAIT_SETTLE', 'WAIT_SETTLE', 'WAIT_SETTLE', 'WAIT_SETTLE', 'WAIT_SETTLE', 'WAIT_SETTLE', 'WAIT_SETTLE', 'WAIT_SETTLE']",6.0,120.0,REGIME_I_BENIGN_SURFACE,FB6_Additive_Cost,2
bench_REGIME_I_BENIGN_SURFACE_002,FB7_Exposure_Aware_Planner,potato,BENIGN,0.028,0.1116,0.0836,MARKDOWN,0.0,0.0,0.0,180.0,2.0,0.2,182.2,5.0,"{0: 0.0353, 1: 0.0376, 2: 0.0223, 3: 0.0219, 4: 0.0259}",2,"['OBSERVE_STRATUM', 'STOP_INSPECTION']",2.0,5.0,REGIME_I_BENIGN_SURFACE,FB7_Proposed,2
bench_REGIME_I_BENIGN_SURFACE_003,FB0_Surface_Only,potato,BENIGN,0.024,0.1129,0.0889,MARKDOWN,0.0,0.0,0.0,180.0,2.0,0.2,182.2,5.0,"{0: 0.0207, 1: 0.0167, 2: 0.0121, 3: 0.038, 4: 0.0209}",2,"['OBSERVE_STRATUM', 'STOP_INSPECTION']",2.0,5.0,REGIME_I_BENIGN_SURFACE,FB0_Surface_Only,3
bench_REGIME_I_BENIGN_SURFACE_003,FB1_Fixed_Sampling,potato,BENIGN,0.024,0.1065,0.0825,MARKDOWN,0.0,0.0,0.0,180.0,45.0,3.0,228.0,75.0,"{0: 0.0207, 1: 0.0167, 2: 0.0121, 3: 0.038, 4: 0.0209}",4,"['SAMPLE_UNITS', 'SAMPLE_UNITS', 'SAMPLE_UNITS', 'STOP_INSPECTION']",45.0,75.0,REGIME_I_BENIGN_SURFACE,FB1_Fixed_Random,3
bench_REGIME_I_BENIGN_SURFACE_003,FB2_Depth_Stratified,potato,BENIGN,0.024,0.0851,0.0611,MARKDOWN,0.0,0.0,0.0,180.0,42.0,11.4,233.4,285.0,"{0: 0.0207, 1: 0.0167, 2: 0.0121, 3: 0.038, 4: 0.0209}",10,"['OBSERVE_STRATUM', 'REMOVE_LAYER', 'OBSERVE_STRATUM', 'REMOVE_LAYER', 'OBSERVE_STRATUM', 'REMOVE_LAYER', 'OBSERVE_STRATUM', 'REMOVE_LAYER', 'OBSERVE_STRATUM', 'STOP_INSPECTION']",42.0,85.0,REGIME_I_BENIGN_SURFACE,FB2_Depth_Stratified,3
bench_REGIME_I_BENIGN_SURFACE_003,FB3_Macro_Myopic_VOI,potato,BENIGN,0.024,0.1092,0.0852,MARKDOWN,0.0,0.0,0.0,180.0,2.0,0.2,182.2,5.0,"{0: 0.0207, 1: 0.0167, 2: 0.0121, 3: 0.038, 4: 0.0209}",2,"['OBSERVE_STRATUM', 'STOP_INSPECTION']",2.0,5.0,REGIME_I_BENIGN_SURFACE,FB3_Macro_Myopic_VOI,3
bench_REGIME_I_BENIGN_SURFACE_003,FB5_State_Blind_Lookahead,potato,BENIGN,0.024,0.116,0.092,MARKDOWN,0.0,0.0,0.0,180.0,6.0,4.8,190.8,120.0,"{0: 0.0207, 1: 0.0167, 2: 0.0121, 3: 0.038, 4: 0.0209}",12,"['WAIT_SETTLE', 'WAIT_SETTLE', 'WAIT_SETTLE', 'WAIT_SETTLE', 'WAIT_SETTLE', 'WAIT_SETTLE', 'WAIT_SETTLE', 'WAIT_SETTLE', 'WAIT_SETTLE', 'WAIT_SETTLE', 'WAIT_SETTLE', 'WAIT_SETTLE']",6.0,120.0,REGIME_I_BENIGN_SURFACE,FB5_State_Blind,3
bench_REGIME_I_BENIGN_SURFACE_003,FB6_Additive_Cost_Planner,potato,BENIGN,0.024,0.116,0.092,MARKDOWN,0.0,0.0,0.0,180.0,6.0,4.8,190.8,120.0,"{0: 0.0207, 1: 0.0167, 2: 0.0121, 3: 0.038, 4: 0.0209}",12,"['WAIT_SETTLE', 'WAIT_SETTLE', 'WAIT_SETTLE', 'WAIT_SETTLE', 'WAIT_SETTLE', 'WAIT_SETTLE', 'WAIT_SETTLE', 'WAIT_SETTLE', 'WAIT_SETTLE', 'WAIT_SETTLE', 'WAIT_SETTLE', 'WAIT_SETTLE']",6.0,120.0,REGIME_I_BENIGN_SURFACE,FB6_Additive_Cost,3
bench_REGIME_I_BENIGN_SURFACE_003,FB7_Exposure_Aware_Planner,potato,BENIGN,0.024,0.1103,0.0863,MARKDOWN,0.0,0.0,0.0,180.0,2.0,0.2,182.2,5.0,"{0: 0.0207, 1: 0.0167, 2: 0.0121, 3: 0.038, 4: 0.0209}",2,"['OBSERVE_STRATUM', 'STOP_INSPECTION']",2.0,5.0,REGIME_I_BENIGN_SURFACE,FB7_Proposed,3
bench_REGIME_I_BENIGN_SURFACE_004,FB0_Surface_Only,potato,BENIGN,0.032,0.1146,0.0826,MARKDOWN,0.0,0.0,0.0,180.0,2.0,0.2,182.2,5.0,"{0: 0.0212, 1: 0.0136, 2: 0.0357, 3: 0.0349, 4: 0.0314}",2,"['OBSERVE_STRATUM', 'STOP_INSPECTION']",2.0,5.0,REGIME_I_BENIGN_SURFACE,FB0_Surface_Only,4
bench_REGIME_I_BENIGN_SURFACE_004,FB1_Fixed_Sampling,potato,BENIGN,0.032,0.1056,0.0736,MARKDOWN,0.0,0.0,0.0,180.0,45.0,3.0,228.0,75.0,"{0: 0.0212, 1: 0.0136, 2: 0.0357, 3: 0.0349, 4: 0.0314}",4,"['SAMPLE_UNITS', 'SAMPLE_UNITS', 'SAMPLE_UNITS', 'STOP_INSPECTION']",45.0,75.0,REGIME_I_BENIGN_SURFACE,FB1_Fixed_Random,4
bench_REGIME_I_BENIGN_SURFACE_004,FB2_Depth_Stratified,potato,BENIGN,0.032,0.0871,0.0551,MARKDOWN,0.0,0.0,0.0,180.0,42.0,11.4,233.4,285.0,"{0: 0.0212, 1: 0.0136, 2: 0.0357, 3: 0.0349, 4: 0.0314}",10,"['OBSERVE_STRATUM', 'REMOVE_LAYER', 'OBSERVE_STRATUM', 'REMOVE_LAYER', 'OBSERVE_STRATUM', 'REMOVE_LAYER', 'OBSERVE_STRATUM', 'REMOVE_LAYER', 'OBSERVE_STRATUM', 'STOP_INSPECTION']",42.0,85.0,REGIME_I_BENIGN_SURFACE,FB2_Depth_Stratified,4
bench_REGIME_I_BENIGN_SURFACE_004,FB3_Macro_Myopic_VOI,potato,BENIGN,0.032,0.1107,0.0787,MARKDOWN,0.0,0.0,0.0,180.0,2.0,0.2,182.2,5.0,"{0: 0.0212, 1: 0.0136, 2: 0.0357, 3: 0.0349, 4: 0.0314}",2,"['OBSERVE_STRATUM', 'STOP_INSPECTION']",2.0,5.0,REGIME_I_BENIGN_SURFACE,FB3_Macro_Myopic_VOI,4
bench_REGIME_I_BENIGN_SURFACE_004,FB5_State_Blind_Lookahead,potato,BENIGN,0.032,0.116,0.084,MARKDOWN,0.0,0.0,0.0,180.0,6.0,4.8,190.8,120.0,"{0: 0.0212, 1: 0.0136, 2: 0.0357, 3: 0.0349, 4: 0.0314}",12,"['WAIT_SETTLE', 'WAIT_SETTLE', 'WAIT_SETTLE', 'WAIT_SETTLE', 'WAIT_SETTLE', 'WAIT_SETTLE', 'WAIT_SETTLE', 'WAIT_SETTLE', 'WAIT_SETTLE', 'WAIT_SETTLE', 'WAIT_SETTLE', 'WAIT_SETTLE']",6.0,120.0,REGIME_I_BENIGN_SURFACE,FB5_State_Blind,4
bench_REGIME_I_BENIGN_SURFACE_004,FB6_Additive_Cost_Planner,potato,BENIGN,0.032,0.116,0.084,MARKDOWN,0.0,0.0,0.0,180.0,6.0,4.8,190.8,120.0,"{0: 0.0212, 1: 0.0136, 2: 0.0357, 3: 0.0349, 4: 0.0314}",12,"['WAIT_SETTLE', 'WAIT_SETTLE', 'WAIT_SETTLE', 'WAIT_SETTLE', 'WAIT_SETTLE', 'WAIT_SETTLE', 'WAIT_SETTLE', 'WAIT_SETTLE', 'WAIT_SETTLE', 'WAIT_SETTLE', 'WAIT_SETTLE', 'WAIT_SETTLE']",6.0,120.0,REGIME_I_BENIGN_SURFACE,FB6_Additive_Cost,4
bench_REGIME_I_BENIGN_SURFACE_004,FB7_Exposure_Aware_Planner,potato,BENIGN,0.032,0.1092,0.0772,MARKDOWN,0.0,0.0,0.0,180.0,2.0,0.2,182.2,5.0,"{0: 0.0212, 1: 0.0136, 2: 0.0357, 3: 0.0349, 4: 0.0314}",2,"['OBSERVE_STRATUM', 'STOP_INSPECTION']",2.0,5.0,REGIME_I_BENIGN_SURFACE,FB7_Proposed,4
bench_REGIME_I_BENIGN_SURFACE_005,FB0_Surface_Only,potato,BENIGN,0.024,0.1141,0.0901,MARKDOWN,0.0,0.0,0.0,180.0,2.0,0.2,182.2,5.0,"{0: 0.0357, 1: 0.0112, 2: 0.0233, 3: 0.0196, 4: 0.0199}",2,"['OBSERVE_STRATUM', 'STOP_INSPECTION']",2.0,5.0,REGIME_I_BENIGN_SURFACE,FB0_Surface_Only,5
bench_REGIME_I_BENIGN_SURFACE_005,FB1_Fixed_Sampling,potato,BENIGN,0.024,0.1098,0.0858,MARKDOWN,0.0,0.0,0.0,180.0,45.0,3.0,228.0,75.0,"{0: 0.0357, 1: 0.0112, 2: 0.0233, 3: 0.0196, 4: 0.0199}",4,"['SAMPLE_UNITS', 'SAMPLE_UNITS', 'SAMPLE_UNITS', 'STOP_INSPECTION']",45.0,75.0,REGIME_I_BENIGN_SURFACE,FB1_Fixed_Random,5
bench_REGIME_I_BENIGN_SURFACE_005,FB2_Depth_Stratified,potato,BENIGN,0.024,0.0863,0.0623,MARKDOWN,0.0,0.0,0.0,180.0,42.0,11.4,233.4,285.0,"{0: 0.0357, 1: 0.0112, 2: 0.0233, 3: 0.0196, 4: 0.0199}",10,"['OBSERVE_STRATUM', 'REMOVE_LAYER', 'OBSERVE_STRATUM', 'REMOVE_LAYER', 'OBSERVE_STRATUM', 'REMOVE_LAYER', 'OBSERVE_STRATUM', 'REMOVE_LAYER', 'OBSERVE_STRATUM', 'STOP_INSPECTION']",42.0,85.0,REGIME_I_BENIGN_SURFACE,FB2_Depth_Stratified,5
bench_REGIME_I_BENIGN_SURFACE_005,FB3_Macro_Myopic_VOI,potato,BENIGN,0.024,0.1092,0.0852,MARKDOWN,0.0,0.0,0.0,180.0,2.0,0.2,182.2,5.0,"{0: 0.0357, 1: 0.0112, 2: 0.0233, 3: 0.0196, 4: 0.0199}",2,"['OBSERVE_STRATUM', 'STOP_INSPECTION']",2.0,5.0,REGIME_I_BENIGN_SURFACE,FB3_Macro_Myopic_VOI,5
bench_REGIME_I_BENIGN_SURFACE_005,FB5_State_Blind_Lookahead,potato,BENIGN,0.024,0.116,0.092,MARKDOWN,0.0,0.0,0.0,180.0,6.0,4.8,190.8,120.0,"{0: 0.0357, 1: 0.0112, 2: 0.0233, 3: 0.0196, 4: 0.0199}",12,"['WAIT_SETTLE', 'WAIT_SETTLE', 'WAIT_SETTLE', 'WAIT_SETTLE', 'WAIT_SETTLE', 'WAIT_SETTLE', 'WAIT_SETTLE', 'WAIT_SETTLE', 'WAIT_SETTLE', 'WAIT_SETTLE', 'WAIT_SETTLE', 'WAIT_SETTLE']",6.0,120.0,REGIME_I_BENIGN_SURFACE,FB5_State_Blind,5
bench_REGIME_I_BENIGN_SURFACE_005,FB6_Additive_Cost_Planner,potato,BENIGN,0.024,0.116,0.092,MARKDOWN,0.0,0.0,0.0,180.0,6.0,4.8,190.8,120.0,"{0: 0.0357, 1: 0.0112, 2: 0.0233, 3: 0.0196, 4: 0.0199}",12,"['WAIT_SETTLE', 'WAIT_SETTLE', 'WAIT_SETTLE', 'WAIT_SETTLE', 'WAIT_SETTLE', 'WAIT_SETTLE', 'WAIT_SETTLE', 'WAIT_SETTLE', 'WAIT_SETTLE', 'WAIT_SETTLE', 'WAIT_SETTLE', 'WAIT_SETTLE']",6.0,120.0,REGIME_I_BENIGN_SURFACE,FB6_Additive_Cost,5
bench_REGIME_I_BENIGN_SURFACE_005,FB7_Exposure_Aware_Planner,potato,BENIGN,0.024,0.1148,0.0908,MARKDOWN,0.0,0.0,0.0,180.0,2.0,0.2,182.2,5.0,"{0: 0.0357, 1: 0.0112, 2: 0.0233, 3: 0.0196, 4: 0.0199}",2,"['OBSERVE_STRATUM', 'STOP_INSPECTION']",2.0,5.0,REGIME_I_BENIGN_SURFACE,FB7_Proposed,5
bench_REGIME_I_BENIGN_SURFACE_006,FB0_Surface_Only,potato,BENIGN,0.02,0.1106,0.0906,MARKDOWN,0.0,0.0,0.0,180.0,2.0,0.2,182.2,5.0,"{0: 0.014, 1: 0.029, 2: 0.0208, 3: 0.0236, 4: 0.012}",2,"['OBSERVE_STRATUM', 'STOP_INSPECTION']",2.0,5.0,REGIME_I_BENIGN_SURFACE,FB0_Surface_Only,6
bench_REGIME_I_BENIGN_SURFACE_006,FB1_Fixed_Sampling,potato,BENIGN,0.02,0.1068,0.0868,MARKDOWN,0.0,0.0,0.0,180.0,45.0,3.0,228.0,75.0,"{0: 0.014, 1: 0.029, 2: 0.0208, 3: 0.0236, 4: 0.012}",4,"['SAMPLE_UNITS', 'SAMPLE_UNITS', 'SAMPLE_UNITS', 'STOP_INSPECTION']",45.0,75.0,REGIME_I_BENIGN_SURFACE,FB1_Fixed_Random,6
bench_REGIME_I_BENIGN_SURFACE_006,FB2_Depth_Stratified,potato,BENIGN,0.02,0.0823,0.0623,MARKDOWN,0.0,0.0,0.0,180.0,42.0,11.4,233.4,285.0,"{0: 0.014, 1: 0.029, 2: 0.0208, 3: 0.0236, 4: 0.012}",10,"['OBSERVE_STRATUM', 'REMOVE_LAYER', 'OBSERVE_STRATUM', 'REMOVE_LAYER', 'OBSERVE_STRATUM', 'REMOVE_LAYER', 'OBSERVE_STRATUM', 'REMOVE_LAYER', 'OBSERVE_STRATUM', 'STOP_INSPECTION']",42.0,85.0,REGIME_I_BENIGN_SURFACE,FB2_Depth_Stratified,6
bench_REGIME_I_BENIGN_SURFACE_006,FB3_Macro_Myopic_VOI,potato,BENIGN,0.02,0.1098,0.0898,MARKDOWN,0.0,0.0,0.0,180.0,2.0,0.2,182.2,5.0,"{0: 0.014, 1: 0.029, 2: 0.0208, 3: 0.0236, 4: 0.012}",2,"['OBSERVE_STRATUM', 'STOP_INSPECTION']",2.0,5.0,REGIME_I_BENIGN_SURFACE,FB3_Macro_Myopic_VOI,6
bench_REGIME_I_BENIGN_SURFACE_006,FB5_State_Blind_Lookahead,potato,BENIGN,0.02,0.116,0.096,MARKDOWN,0.0,0.0,0.0,180.0,6.0,4.8,190.8,120.0,"{0: 0.014, 1: 0.029, 2: 0.0208, 3: 0.0236, 4: 0.012}",12,"['WAIT_SETTLE', 'WAIT_SETTLE', 'WAIT_SETTLE', 'WAIT_SETTLE', 'WAIT_SETTLE', 'WAIT_SETTLE', 'WAIT_SETTLE', 'WAIT_SETTLE', 'WAIT_SETTLE', 'WAIT_SETTLE', 'WAIT_SETTLE', 'WAIT_SETTLE']",6.0,120.0,REGIME_I_BENIGN_SURFACE,FB5_State_Blind,6
bench_REGIME_I_BENIGN_SURFACE_006,FB6_Additive_Cost_Planner,potato,BENIGN,0.02,0.116,0.096,MARKDOWN,0.0,0.0,0.0,180.0,6.0,4.8,190.8,120.0,"{0: 0.014, 1: 0.029, 2: 0.0208, 3: 0.0236, 4: 0.012}",12,"['WAIT_SETTLE', 'WAIT_SETTLE', 'WAIT_SETTLE', 'WAIT_SETTLE', 'WAIT_SETTLE', 'WAIT_SETTLE', 'WAIT_SETTLE', 'WAIT_SETTLE', 'WAIT_SETTLE', 'WAIT_SETTLE', 'WAIT_SETTLE', 'WAIT_SETTLE']",6.0,120.0,REGIME_I_BENIGN_SURFACE,FB6_Additive_Cost,6
bench_REGIME_I_BENIGN_SURFACE_006,FB7_Exposure_Aware_Planner,potato,BENIGN,0.02,0.1099,0.0899,MARKDOWN,0.0,0.0,0.0,180.0,2.0,0.2,182.2,5.0,"{0: 0.014, 1: 0.029, 2: 0.0208, 3: 0.0236, 4: 0.012}",2,"['OBSERVE_STRATUM', 'STOP_INSPECTION']",2.0,5.0,REGIME_I_BENIGN_SURFACE,FB7_Proposed,6
bench_REGIME_I_BENIGN_SURFACE_007,FB0_Surface_Only,potato,BENIGN,0.02,0.1092,0.0892,MARKDOWN,0.0,0.0,0.0,180.0,2.0,0.2,182.2,5.0,"{0: 0.0114, 1: 0.0102, 2: 0.012, 3: 0.0238, 4: 0.0138}",2,"['OBSERVE_STRATUM', 'STOP_INSPECTION']",2.0,5.0,REGIME_I_BENIGN_SURFACE,FB0_Surface_Only,7
bench_REGIME_I_BENIGN_SURFACE_007,FB1_Fixed_Sampling,potato,BENIGN,0.02,0.105,0.085,MARKDOWN,0.0,0.0,0.0,180.0,45.0,3.0,228.0,75.0,"{0: 0.0114, 1: 0.0102, 2: 0.012, 3: 0.0238, 4: 0.0138}",4,"['SAMPLE_UNITS', 'SAMPLE_UNITS', 'SAMPLE_UNITS', 'STOP_INSPECTION']",45.0,75.0,REGIME_I_BENIGN_SURFACE,FB1_Fixed_Random,7
bench_REGIME_I_BENIGN_SURFACE_007,FB2_Depth_Stratified,potato,BENIGN,0.02,0.0954,0.0754,MARKDOWN,0.0,0.0,0.0,180.0,42.0,11.4,233.4,285.0,"{0: 0.0114, 1: 0.0102, 2: 0.012, 3: 0.0238, 4: 0.0138}",10,"['OBSERVE_STRATUM', 'REMOVE_LAYER', 'OBSERVE_STRATUM', 'REMOVE_LAYER', 'OBSERVE_STRATUM', 'REMOVE_LAYER', 'OBSERVE_STRATUM', 'REMOVE_LAYER', 'OBSERVE_STRATUM', 'STOP_INSPECTION']",42.0,85.0,REGIME_I_BENIGN_SURFACE,FB2_Depth_Stratified,7
bench_REGIME_I_BENIGN_SURFACE_007,FB3_Macro_Myopic_VOI,potato,BENIGN,0.02,0.1136,0.0936,MARKDOWN,0.0,0.0,0.0,180.0,2.0,0.2,182.2,5.0,"{0: 0.0114, 1: 0.0102, 2: 0.012, 3: 0.0238, 4: 0.0138}",2,"['OBSERVE_STRATUM', 'STOP_INSPECTION']",2.0,5.0,REGIME_I_BENIGN_SURFACE,FB3_Macro_Myopic_VOI,7
bench_REGIME_I_BENIGN_SURFACE_007,FB5_State_Blind_Lookahead,potato,BENIGN,0.02,0.116,0.096,MARKDOWN,0.0,0.0,0.0,180.0,6.0,4.8,190.8,120.0,"{0: 0.0114, 1: 0.0102, 2: 0.012, 3: 0.0238, 4: 0.0138}",12,"['WAIT_SETTLE', 'WAIT_SETTLE', 'WAIT_SETTLE', 'WAIT_SETTLE', 'WAIT_SETTLE', 'WAIT_SETTLE', 'WAIT_SETTLE', 'WAIT_SETTLE', 'WAIT_SETTLE', 'WAIT_SETTLE', 'WAIT_SETTLE', 'WAIT_SETTLE']",6.0,120.0,REGIME_I_BENIGN_SURFACE,FB5_State_Blind,7
bench_REGIME_I_BENIGN_SURFACE_007,FB6_Additive_Cost_Planner,potato,BENIGN,0.02,0.116,0.096,MARKDOWN,0.0,0.0,0.0,180.0,6.0,4.8,190.8,120.0,"{0: 0.0114, 1: 0.0102, 2: 0.012, 3: 0.0238, 4: 0.0138}",12,"['WAIT_SETTLE', 'WAIT_SETTLE', 'WAIT_SETTLE', 'WAIT_SETTLE', 'WAIT_SETTLE', 'WAIT_SETTLE', 'WAIT_SETTLE', 'WAIT_SETTLE', 'WAIT_SETTLE', 'WAIT_SETTLE', 'WAIT_SETTLE', 'WAIT_SETTLE']",6.0,120.0,REGIME_I_BENIGN_SURFACE,FB6_Additive_Cost,7
bench_REGIME_I_BENIGN_SURFACE_007,FB7_Exposure_Aware_Planner,potato,BENIGN,0.02,0.1121,0.0921,MARKDOWN,0.0,0.0,0.0,180.0,2.0,0.2,182.2,5.0,"{0: 0.0114, 1: 0.0102, 2: 0.012, 3: 0.0238, 4: 0.0138}",2,"['OBSERVE_STRATUM', 'STOP_INSPECTION']",2.0,5.0,REGIME_I_BENIGN_SURFACE,FB7_Proposed,7
bench_REGIME_I_BENIGN_SURFACE_008,FB0_Surface_Only,potato,BENIGN,0.028,0.1092,0.0812,MARKDOWN,0.0,0.0,0.0,180.0,2.0,0.2,182.2,5.0,"{0: 0.0246, 1: 0.0143, 2: 0.0381, 3: 0.0126, 4: 0.0357}",2,"['OBSERVE_STRATUM', 'STOP_INSPECTION']",2.0,5.0,REGIME_I_BENIGN_SURFACE,FB0_Surface_Only,8
bench_REGIME_I_BENIGN_SURFACE_008,FB1_Fixed_Sampling,potato,BENIGN,0.028,0.1049,0.0769,MARKDOWN,0.0,0.0,0.0,180.0,45.0,3.0,228.0,75.0,"{0: 0.0246, 1: 0.0143, 2: 0.0381, 3: 0.0126, 4: 0.0357}",4,"['SAMPLE_UNITS', 'SAMPLE_UNITS', 'SAMPLE_UNITS', 'STOP_INSPECTION']",45.0,75.0,REGIME_I_BENIGN_SURFACE,FB1_Fixed_Random,8
bench_REGIME_I_BENIGN_SURFACE_008,FB2_Depth_Stratified,potato,BENIGN,0.028,0.0917,0.0637,MARKDOWN,0.0,0.0,0.0,180.0,42.0,11.4,233.4,285.0,"{0: 0.0246, 1: 0.0143, 2: 0.0381, 3: 0.0126, 4: 0.0357}",10,"['OBSERVE_STRATUM', 'REMOVE_LAYER', 'OBSERVE_STRATUM', 'REMOVE_LAYER', 'OBSERVE_STRATUM', 'REMOVE_LAYER', 'OBSERVE_STRATUM', 'REMOVE_LAYER', 'OBSERVE_STRATUM', 'STOP_INSPECTION']",42.0,85.0,REGIME_I_BENIGN_SURFACE,FB2_Depth_Stratified,8
bench_REGIME_I_BENIGN_SURFACE_008,FB3_Macro_Myopic_VOI,potato,BENIGN,0.028,0.1092,0.0812,MARKDOWN,0.0,0.0,0.0,180.0,2.0,0.2,182.2,5.0,"{0: 0.0246, 1: 0.0143, 2: 0.0381, 3: 0.0126, 4: 0.0357}",2,"['OBSERVE_STRATUM', 'STOP_INSPECTION']",2.0,5.0,REGIME_I_BENIGN_SURFACE,FB3_Macro_Myopic_VOI,8
bench_REGIME_I_BENIGN_SURFACE_008,FB5_State_Blind_Lookahead,potato,BENIGN,0.028,0.116,0.088,MARKDOWN,0.0,0.0,0.0,180.0,6.0,4.8,190.8,120.0,"{0: 0.0246, 1: 0.0143, 2: 0.0381, 3: 0.0126, 4: 0.0357}",12,"['WAIT_SETTLE', 'WAIT_SETTLE', 'WAIT_SETTLE', 'WAIT_SETTLE', 'WAIT_SETTLE', 'WAIT_SETTLE', 'WAIT_SETTLE', 'WAIT_SETTLE', 'WAIT_SETTLE', 'WAIT_SETTLE', 'WAIT_SETTLE', 'WAIT_SETTLE']",6.0,120.0,REGIME_I_BENIGN_SURFACE,FB5_State_Blind,8
bench_REGIME_I_BENIGN_SURFACE_008,FB6_Additive_Cost_Planner,potato,BENIGN,0.028,0.116,0.088,MARKDOWN,0.0,0.0,0.0,180.0,6.0,4.8,190.8,120.0,"{0: 0.0246, 1: 0.0143, 2: 0.0381, 3: 0.0126, 4: 0.0357}",12,"['WAIT_SETTLE', 'WAIT_SETTLE', 'WAIT_SETTLE', 'WAIT_SETTLE', 'WAIT_SETTLE', 'WAIT_SETTLE', 'WAIT_SETTLE', 'WAIT_SETTLE', 'WAIT_SETTLE', 'WAIT_SETTLE', 'WAIT_SETTLE', 'WAIT_SETTLE']",6.0,120.0,REGIME_I_BENIGN_SURFACE,FB6_Additive_Cost,8
bench_REGIME_I_BENIGN_SURFACE_008,FB7_Exposure_Aware_Planner,potato,BENIGN,0.028,0.1092,0.0812,MARKDOWN,0.0,0.0,0.0,180.0,2.0,0.2,182.2,5.0,"{0: 0.0246, 1: 0.0143, 2: 0.0381, 3: 0.0126, 4: 0.0357}",2,"['OBSERVE_STRATUM', 'STOP_INSPECTION']",2.0,5.0,REGIME_I_BENIGN_SURFACE,FB7_Proposed,8
bench_REGIME_I_BENIGN_SURFACE_009,FB0_Surface_Only,potato,BENIGN,0.036,0.1092,0.0732,MARKDOWN,0.0,0.0,0.0,180.0,2.0,0.2,182.2,5.0,"{0: 0.0379, 1: 0.0305, 2: 0.0334, 3: 0.0196, 4: 0.0336}",2,"['OBSERVE_STRATUM', 'STOP_INSPECTION']",2.0,5.0,REGIME_I_BENIGN_SURFACE,FB0_Surface_Only,9
bench_REGIME_I_BENIGN_SURFACE_009,FB1_Fixed_Sampling,potato,BENIGN,0.036,0.109,0.073,MARKDOWN,0.0,0.0,0.0,180.0,45.0,3.0,228.0,75.0,"{0: 0.0379, 1: 0.0305, 2: 0.0334, 3: 0.0196, 4: 0.0336}",4,"['SAMPLE_UNITS', 'SAMPLE_UNITS', 'SAMPLE_UNITS', 'STOP_INSPECTION']",45.0,75.0,REGIME_I_BENIGN_SURFACE,FB1_Fixed_Random,9
bench_REGIME_I_BENIGN_SURFACE_009,FB2_Depth_Stratified,potato,BENIGN,0.036,0.0903,0.0543,MARKDOWN,0.0,0.0,0.0,180.0,42.0,11.4,233.4,285.0,"{0: 0.0379, 1: 0.0305, 2: 0.0334, 3: 0.0196, 4: 0.0336}",10,"['OBSERVE_STRATUM', 'REMOVE_LAYER', 'OBSERVE_STRATUM', 'REMOVE_LAYER', 'OBSERVE_STRATUM', 'REMOVE_LAYER', 'OBSERVE_STRATUM', 'REMOVE_LAYER', 'OBSERVE_STRATUM', 'STOP_INSPECTION']",42.0,85.0,REGIME_I_BENIGN_SURFACE,FB2_Depth_Stratified,9
bench_REGIME_I_BENIGN_SURFACE_009,FB3_Macro_Myopic_VOI,potato,BENIGN,0.036,0.1126,0.0766,MARKDOWN,0.0,0.0,0.0,180.0,2.0,0.2,182.2,5.0,"{0: 0.0379, 1: 0.0305, 2: 0.0334, 3: 0.0196, 4: 0.0336}",2,"['OBSERVE_STRATUM', 'STOP_INSPECTION']",2.0,5.0,REGIME_I_BENIGN_SURFACE,FB3_Macro_Myopic_VOI,9
bench_REGIME_I_BENIGN_SURFACE_009,FB5_State_Blind_Lookahead,potato,BENIGN,0.036,0.116,0.08,MARKDOWN,0.0,0.0,0.0,180.0,6.0,4.8,190.8,120.0,"{0: 0.0379, 1: 0.0305, 2: 0.0334, 3: 0.0196, 4: 0.0336}",12,"['WAIT_SETTLE', 'WAIT_SETTLE', 'WAIT_SETTLE', 'WAIT_SETTLE', 'WAIT_SETTLE', 'WAIT_SETTLE', 'WAIT_SETTLE', 'WAIT_SETTLE', 'WAIT_SETTLE', 'WAIT_SETTLE', 'WAIT_SETTLE', 'WAIT_SETTLE']",6.0,120.0,REGIME_I_BENIGN_SURFACE,FB5_State_Blind,9
bench_REGIME_I_BENIGN_SURFACE_009,FB6_Additive_Cost_Planner,potato,BENIGN,0.036,0.116,0.08,MARKDOWN,0.0,0.0,0.0,180.0,6.0,4.8,190.8,120.0,"{0: 0.0379, 1: 0.0305, 2: 0.0334, 3: 0.0196, 4: 0.0336}",12,"['WAIT_SETTLE', 'WAIT_SETTLE', 'WAIT_SETTLE', 'WAIT_SETTLE', 'WAIT_SETTLE', 'WAIT_SETTLE', 'WAIT_SETTLE', 'WAIT_SETTLE', 'WAIT_SETTLE', 'WAIT_SETTLE', 'WAIT_SETTLE', 'WAIT_SETTLE']",6.0,120.0,REGIME_I_BENIGN_SURFACE,FB6_Additive_Cost,9
bench_REGIME_I_BENIGN_SURFACE_009,FB7_Exposure_Aware_Planner,potato,BENIGN,0.036,0.1116,0.0756,MARKDOWN,0.0,0.0,0.0,180.0,2.0,0.2,182.2,5.0,"{0: 0.0379, 1: 0.0305, 2: 0.0334, 3: 0.0196, 4: 0.0336}",2,"['OBSERVE_STRATUM', 'STOP_INSPECTION']",2.0,5.0,REGIME_I_BENIGN_SURFACE,FB7_Proposed,9
bench_REGIME_I_BENIGN_SURFACE_010,FB0_Surface_Only,potato,BENIGN,0.024,0.1094,0.0854,MARKDOWN,0.0,0.0,0.0,180.0,2.0,0.2,182.2,5.0,"{0: 0.0107, 1: 0.0209, 2: 0.0255, 3: 0.0329, 4: 0.0151}",2,"['OBSERVE_STRATUM', 'STOP_INSPECTION']",2.0,5.0,REGIME_I_BENIGN_SURFACE,FB0_Surface_Only,10
bench_REGIME_I_BENIGN_SURFACE_010,FB1_Fixed_Sampling,potato,BENIGN,0.024,0.1052,0.0812,MARKDOWN,0.0,0.0,0.0,180.0,45.0,3.0,228.0,75.0,"{0: 0.0107, 1: 0.0209, 2: 0.0255, 3: 0.0329, 4: 0.0151}",4,"['SAMPLE_UNITS', 'SAMPLE_UNITS', 'SAMPLE_UNITS', 'STOP_INSPECTION']",45.0,75.0,REGIME_I_BENIGN_SURFACE,FB1_Fixed_Random,10
bench_REGIME_I_BENIGN_SURFACE_010,FB2_Depth_Stratified,potato,BENIGN,0.024,0.0914,0.0674,MARKDOWN,0.0,0.0,0.0,180.0,42.0,11.4,233.4,285.0,"{0: 0.0107, 1: 0.0209, 2: 0.0255, 3: 0.0329, 4: 0.0151}",10,"['OBSERVE_STRATUM', 'REMOVE_LAYER', 'OBSERVE_STRATUM', 'REMOVE_LAYER', 'OBSERVE_STRATUM', 'REMOVE_LAYER', 'OBSERVE_STRATUM', 'REMOVE_LAYER', 'OBSERVE_STRATUM', 'STOP_INSPECTION']",42.0,85.0,REGIME_I_BENIGN_SURFACE,FB2_Depth_Stratified,10
bench_REGIME_I_BENIGN_SURFACE_010,FB3_Macro_Myopic_VOI,potato,BENIGN,0.024,0.1098,0.0858,MARKDOWN,0.0,0.0,0.0,180.0,2.0,0.2,182.2,5.0,"{0: 0.0107, 1: 0.0209, 2: 0.0255, 3: 0.0329, 4: 0.0151}",2,"['OBSERVE_STRATUM', 'STOP_INSPECTION']",2.0,5.0,REGIME_I_BENIGN_SURFACE,FB3_Macro_Myopic_VOI,10
bench_REGIME_I_BENIGN_SURFACE_010,FB5_State_Blind_Lookahead,potato,BENIGN,0.024,0.116,0.092,MARKDOWN,0.0,0.0,0.0,180.0,6.0,4.8,190.8,120.0,"{0: 0.0107, 1: 0.0209, 2: 0.0255, 3: 0.0329, 4: 0.0151}",12,"['WAIT_SETTLE', 'WAIT_SETTLE', 'WAIT_SETTLE', 'WAIT_SETTLE', 'WAIT_SETTLE', 'WAIT_SETTLE', 'WAIT_SETTLE', 'WAIT_SETTLE', 'WAIT_SETTLE', 'WAIT_SETTLE', 'WAIT_SETTLE', 'WAIT_SETTLE']",6.0,120.0,REGIME_I_BENIGN_SURFACE,FB5_State_Blind,10
bench_REGIME_I_BENIGN_SURFACE_010,FB6_Additive_Cost_Planner,potato,BENIGN,0.024,0.116,0.092,MARKDOWN,0.0,0.0,0.0,180.0,6.0,4.8,190.8,120.0,"{0: 0.0107, 1: 0.0209, 2: 0.0255, 3: 0.0329, 4: 0.0151}",12,"['WAIT_SETTLE', 'WAIT_SETTLE', 'WAIT_SETTLE', 'WAIT_SETTLE', 'WAIT_SETTLE', 'WAIT_SETTLE', 'WAIT_SETTLE', 'WAIT_SETTLE', 'WAIT_SETTLE', 'WAIT_SETTLE', 'WAIT_SETTLE', 'WAIT_SETTLE']",6.0,120.0,REGIME_I_BENIGN_SURFACE,FB6_Additive_Cost,10
bench_REGIME_I_BENIGN_SURFACE_010,FB7_Exposure_Aware_Planner,potato,BENIGN,0.024,0.1092,0.0852,MARKDOWN,0.0,0.0,0.0,180.0,2.0,0.2,182.2,5.0,"{0: 0.0107, 1: 0.0209, 2: 0.0255, 3: 0.0329, 4: 0.0151}",2,"['OBSERVE_STRATUM', 'STOP_INSPECTION']",2.0,5.0,REGIME_I_BENIGN_SURFACE,FB7_Proposed,10
bench_REGIME_I_BENIGN_SURFACE_011,FB0_Surface_Only,potato,BENIGN,0.024,0.1105,0.0865,MARKDOWN,0.0,0.0,0.0,180.0,2.0,0.2,182.2,5.0,"{0: 0.0189, 1: 0.0114, 2: 0.0172, 3: 0.0374, 4: 0.0241}",2,"['OBSERVE_STRATUM', 'STOP_INSPECTION']",2.0,5.0,REGIME_I_BENIGN_SURFACE,FB0_Surface_Only,11
bench_REGIME_I_BENIGN_SURFACE_011,FB1_Fixed_Sampling,potato,BENIGN,0.024,0.1097,0.0857,MARKDOWN,0.0,0.0,0.0,180.0,45.0,3.0,228.0,75.0,"{0: 0.0189, 1: 0.0114, 2: 0.0172, 3: 0.0374, 4: 0.0241}",4,"['SAMPLE_UNITS', 'SAMPLE_UNITS', 'SAMPLE_UNITS', 'STOP_INSPECTION']",45.0,75.0,REGIME_I_BENIGN_SURFACE,FB1_Fixed_Random,11
bench_REGIME_I_BENIGN_SURFACE_011,FB2_Depth_Stratified,potato,BENIGN,0.024,0.0898,0.0658,MARKDOWN,0.0,0.0,0.0,180.0,42.0,11.4,233.4,285.0,"{0: 0.0189, 1: 0.0114, 2: 0.0172, 3: 0.0374, 4: 0.0241}",10,"['OBSERVE_STRATUM', 'REMOVE_LAYER', 'OBSERVE_STRATUM', 'REMOVE_LAYER', 'OBSERVE_STRATUM', 'REMOVE_LAYER', 'OBSERVE_STRATUM', 'REMOVE_LAYER', 'OBSERVE_STRATUM', 'STOP_INSPECTION']",42.0,85.0,REGIME_I_BENIGN_SURFACE,FB2_Depth_Stratified,11
bench_REGIME_I_BENIGN_SURFACE_011,FB3_Macro_Myopic_VOI,potato,BENIGN,0.024,0.1095,0.0855,MARKDOWN,0.0,0.0,0.0,180.0,2.0,0.2,182.2,5.0,"{0: 0.0189, 1: 0.0114, 2: 0.0172, 3: 0.0374, 4: 0.0241}",2,"['OBSERVE_STRATUM', 'STOP_INSPECTION']",2.0,5.0,REGIME_I_BENIGN_SURFACE,FB3_Macro_Myopic_VOI,11
bench_REGIME_I_BENIGN_SURFACE_011,FB5_State_Blind_Lookahead,potato,BENIGN,0.024,0.116,0.092,MARKDOWN,0.0,0.0,0.0,180.0,6.0,4.8,190.8,120.0,"{0: 0.0189, 1: 0.0114, 2: 0.0172, 3: 0.0374, 4: 0.0241}",12,"['WAIT_SETTLE', 'WAIT_SETTLE', 'WAIT_SETTLE', 'WAIT_SETTLE', 'WAIT_SETTLE', 'WAIT_SETTLE', 'WAIT_SETTLE', 'WAIT_SETTLE', 'WAIT_SETTLE', 'WAIT_SETTLE', 'WAIT_SETTLE', 'WAIT_SETTLE']",6.0,120.0,REGIME_I_BENIGN_SURFACE,FB5_State_Blind,11
bench_REGIME_I_BENIGN_SURFACE_011,FB6_Additive_Cost_Planner,potato,BENIGN,0.024,0.116,0.092,MARKDOWN,0.0,0.0,0.0,180.0,6.0,4.8,190.8,120.0,"{0: 0.0189, 1: 0.0114, 2: 0.0172, 3: 0.0374, 4: 0.0241}",12,"['WAIT_SETTLE', 'WAIT_SETTLE', 'WAIT_SETTLE', 'WAIT_SETTLE', 'WAIT_SETTLE', 'WAIT_SETTLE', 'WAIT_SETTLE', 'WAIT_SETTLE', 'WAIT_SETTLE', 'WAIT_SETTLE', 'WAIT_SETTLE', 'WAIT_SETTLE']",6.0,120.0,REGIME_I_BENIGN_SURFACE,FB6_Additive_Cost,11
bench_REGIME_I_BENIGN_SURFACE_011,FB7_Exposure_Aware_Planner,potato,BENIGN,0.024,0.1119,0.0879,MARKDOWN,0.0,0.0,0.0,180.0,2.0,0.2,182.2,5.0,"{0: 0.0189, 1: 0.0114, 2: 0.0172, 3: 0.0374, 4: 0.0241}",2,"['OBSERVE_STRATUM', 'STOP_INSPECTION']",2.0,5.0,REGIME_I_BENIGN_SURFACE,FB7_Proposed,11
bench_REGIME_I_BENIGN_SURFACE_012,FB0_Surface_Only,potato,BENIGN,0.024,0.1128,0.0888,MARKDOWN,0.0,0.0,0.0,180.0,2.0,0.2,182.2,5.0,"{0: 0.0338, 1: 0.0104, 2: 0.0147, 3: 0.027, 4: 0.0295}",2,"['OBSERVE_STRATUM', 'STOP_INSPECTION']",2.0,5.0,REGIME_I_BENIGN_SURFACE,FB0_Surface_Only,12
bench_REGIME_I_BENIGN_SURFACE_012,FB1_Fixed_Sampling,potato,BENIGN,0.024,0.1069,0.0829,MARKDOWN,0.0,0.0,0.0,180.0,45.0,3.0,228.0,75.0,"{0: 0.0338, 1: 0.0104, 2: 0.0147, 3: 0.027, 4: 0.0295}",4,"['SAMPLE_UNITS', 'SAMPLE_UNITS', 'SAMPLE_UNITS', 'STOP_INSPECTION']",45.0,75.0,REGIME_I_BENIGN_SURFACE,FB1_Fixed_Random,12
bench_REGIME_I_BENIGN_SURFACE_012,FB2_Depth_Stratified,potato,BENIGN,0.024,0.0787,0.0547,MARKDOWN,0.0,0.0,0.0,180.0,42.0,11.4,233.4,285.0,"{0: 0.0338, 1: 0.0104, 2: 0.0147, 3: 0.027, 4: 0.0295}",10,"['OBSERVE_STRATUM', 'REMOVE_LAYER', 'OBSERVE_STRATUM', 'REMOVE_LAYER', 'OBSERVE_STRATUM', 'REMOVE_LAYER', 'OBSERVE_STRATUM', 'REMOVE_LAYER', 'OBSERVE_STRATUM', 'STOP_INSPECTION']",42.0,85.0,REGIME_I_BENIGN_SURFACE,FB2_Depth_Stratified,12
bench_REGIME_I_BENIGN_SURFACE_012,FB3_Macro_Myopic_VOI,potato,BENIGN,0.024,0.1122,0.0882,MARKDOWN,0.0,0.0,0.0,180.0,2.0,0.2,182.2,5.0,"{0: 0.0338, 1: 0.0104, 2: 0.0147, 3: 0.027, 4: 0.0295}",2,"['OBSERVE_STRATUM', 'STOP_INSPECTION']",2.0,5.0,REGIME_I_BENIGN_SURFACE,FB3_Macro_Myopic_VOI,12
bench_REGIME_I_BENIGN_SURFACE_012,FB5_State_Blind_Lookahead,potato,BENIGN,0.024,0.116,0.092,MARKDOWN,0.0,0.0,0.0,180.0,6.0,4.8,190.8,120.0,"{0: 0.0338, 1: 0.0104, 2: 0.0147, 3: 0.027, 4: 0.0295}",12,"['WAIT_SETTLE', 'WAIT_SETTLE', 'WAIT_SETTLE', 'WAIT_SETTLE', 'WAIT_SETTLE', 'WAIT_SETTLE', 'WAIT_SETTLE', 'WAIT_SETTLE', 'WAIT_SETTLE', 'WAIT_SETTLE', 'WAIT_SETTLE', 'WAIT_SETTLE']",6.0,120.0,REGIME_I_BENIGN_SURFACE,FB5_State_Blind,12
bench_REGIME_I_BENIGN_SURFACE_012,FB6_Additive_Cost_Planner,potato,BENIGN,0.024,0.116,0.092,MARKDOWN,0.0,0.0,0.0,180.0,6.0,4.8,190.8,120.0,"{0: 0.0338, 1: 0.0104, 2: 0.0147, 3: 0.027, 4: 0.0295}",12,"['WAIT_SETTLE', 'WAIT_SETTLE', 'WAIT_SETTLE', 'WAIT_SETTLE', 'WAIT_SETTLE', 'WAIT_SETTLE', 'WAIT_SETTLE', 'WAIT_SETTLE', 'WAIT_SETTLE', 'WAIT_SETTLE', 'WAIT_SETTLE', 'WAIT_SETTLE']",6.0,120.0,REGIME_I_BENIGN_SURFACE,FB6_Additive_Cost,12
bench_REGIME_I_BENIGN_SURFACE_012,FB7_Exposure_Aware_Planner,potato,BENIGN,0.024,0.1123,0.0883,MARKDOWN,0.0,0.0,0.0,180.0,2.0,0.2,182.2,5.0,"{0: 0.0338, 1: 0.0104, 2: 0.0147, 3: 0.027, 4: 0.0295}",2,"['OBSERVE_STRATUM', 'STOP_INSPECTION']",2.0,5.0,REGIME_I_BENIGN_SURFACE,FB7_Proposed,12
bench_REGIME_I_BENIGN_SURFACE_013,FB0_Surface_Only,potato,BENIGN,0.028,0.1127,0.0847,MARKDOWN,0.0,0.0,0.0,180.0,2.0,0.2,182.2,5.0,"{0: 0.0391, 1: 0.028, 2: 0.0172, 3: 0.0395, 4: 0.0211}",2,"['OBSERVE_STRATUM', 'STOP_INSPECTION']",2.0,5.0,REGIME_I_BENIGN_SURFACE,FB0_Surface_Only,13
bench_REGIME_I_BENIGN_SURFACE_013,FB1_Fixed_Sampling,potato,BENIGN,0.028,0.1103,0.0823,MARKDOWN,0.0,0.0,0.0,180.0,45.0,3.0,228.0,75.0,"{0: 0.0391, 1: 0.028, 2: 0.0172, 3: 0.0395, 4: 0.0211}",4,"['SAMPLE_UNITS', 'SAMPLE_UNITS', 'SAMPLE_UNITS', 'STOP_INSPECTION']",45.0,75.0,REGIME_I_BENIGN_SURFACE,FB1_Fixed_Random,13
bench_REGIME_I_BENIGN_SURFACE_013,FB2_Depth_Stratified,potato,BENIGN,0.028,0.0874,0.0594,MARKDOWN,0.0,0.0,0.0,180.0,42.0,11.4,233.4,285.0,"{0: 0.0391, 1: 0.028, 2: 0.0172, 3: 0.0395, 4: 0.0211}",10,"['OBSERVE_STRATUM', 'REMOVE_LAYER', 'OBSERVE_STRATUM', 'REMOVE_LAYER', 'OBSERVE_STRATUM', 'REMOVE_LAYER', 'OBSERVE_STRATUM', 'REMOVE_LAYER', 'OBSERVE_STRATUM', 'STOP_INSPECTION']",42.0,85.0,REGIME_I_BENIGN_SURFACE,FB2_Depth_Stratified,13
bench_REGIME_I_BENIGN_SURFACE_013,FB3_Macro_Myopic_VOI,potato,BENIGN,0.028,0.1139,0.0859,MARKDOWN,0.0,0.0,0.0,180.0,2.0,0.2,182.2,5.0,"{0: 0.0391, 1: 0.028, 2: 0.0172, 3: 0.0395, 4: 0.0211}",2,"['OBSERVE_STRATUM', 'STOP_INSPECTION']",2.0,5.0,REGIME_I_BENIGN_SURFACE,FB3_Macro_Myopic_VOI,13
bench_REGIME_I_BENIGN_SURFACE_013,FB5_State_Blind_Lookahead,potato,BENIGN,0.028,0.116,0.088,MARKDOWN,0.0,0.0,0.0,180.0,6.0,4.8,190.8,120.0,"{0: 0.0391, 1: 0.028, 2: 0.0172, 3: 0.0395, 4: 0.0211}",12,"['WAIT_SETTLE', 'WAIT_SETTLE', 'WAIT_SETTLE', 'WAIT_SETTLE', 'WAIT_SETTLE', 'WAIT_SETTLE', 'WAIT_SETTLE', 'WAIT_SETTLE', 'WAIT_SETTLE', 'WAIT_SETTLE', 'WAIT_SETTLE', 'WAIT_SETTLE']",6.0,120.0,REGIME_I_BENIGN_SURFACE,FB5_State_Blind,13
bench_REGIME_I_BENIGN_SURFACE_013,FB6_Additive_Cost_Planner,potato,BENIGN,0.028,0.116,0.088,MARKDOWN,0.0,0.0,0.0,180.0,6.0,4.8,190.8,120.0,"{0: 0.0391, 1: 0.028, 2: 0.0172, 3: 0.0395, 4: 0.0211}",12,"['WAIT_SETTLE', 'WAIT_SETTLE', 'WAIT_SETTLE', 'WAIT_SETTLE', 'WAIT_SETTLE', 'WAIT_SETTLE', 'WAIT_SETTLE', 'WAIT_SETTLE', 'WAIT_SETTLE', 'WAIT_SETTLE', 'WAIT_SETTLE', 'WAIT_SETTLE']",6.0,120.0,REGIME_I_BENIGN_SURFACE,FB6_Additive_Cost,13
bench_REGIME_I_BENIGN_SURFACE_013,FB7_Exposure_Aware_Planner,potato,BENIGN,0.028,0.1093,0.0813,MARKDOWN,0.0,0.0,0.0,180.0,2.0,0.2,182.2,5.0,"{0: 0.0391, 1: 0.028, 2: 0.0172, 3: 0.0395, 4: 0.0211}",2,"['OBSERVE_STRATUM', 'STOP_INSPECTION']",2.0,5.0,REGIME_I_BENIGN_SURFACE,FB7_Proposed,13
bench_REGIME_I_BENIGN_SURFACE_014,FB0_Surface_Only,potato,BENIGN,0.032,0.1123,0.0803,MARKDOWN,0.0,0.0,0.0,180.0,2.0,0.2,182.2,5.0,"{0: 0.0344, 1: 0.0379, 2: 0.0316, 3: 0.0226, 4: 0.0192}",2,"['OBSERVE_STRATUM', 'STOP_INSPECTION']",2.0,5.0,REGIME_I_BENIGN_SURFACE,FB0_Surface_Only,14
bench_REGIME_I_BENIGN_SURFACE_014,FB1_Fixed_Sampling,potato,BENIGN,0.032,0.1106,0.0786,MARKDOWN,0.0,0.0,0.0,180.0,45.0,3.0,228.0,75.0,"{0: 0.0344, 1: 0.0379, 2: 0.0316, 3: 0.0226, 4: 0.0192}",4,"['SAMPLE_UNITS', 'SAMPLE_UNITS', 'SAMPLE_UNITS', 'STOP_INSPECTION']",45.0,75.0,REGIME_I_BENIGN_SURFACE,FB1_Fixed_Random,14
bench_REGIME_I_BENIGN_SURFACE_014,FB2_Depth_Stratified,potato,BENIGN,0.032,0.0841,0.0521,MARKDOWN,0.0,0.0,0.0,180.0,42.0,11.4,233.4,285.0,"{0: 0.0344, 1: 0.0379, 2: 0.0316, 3: 0.0226, 4: 0.0192}",10,"['OBSERVE_STRATUM', 'REMOVE_LAYER', 'OBSERVE_STRATUM', 'REMOVE_LAYER', 'OBSERVE_STRATUM', 'REMOVE_LAYER', 'OBSERVE_STRATUM', 'REMOVE_LAYER', 'OBSERVE_STRATUM', 'STOP_INSPECTION']",42.0,85.0,REGIME_I_BENIGN_SURFACE,FB2_Depth_Stratified,14
bench_REGIME_I_BENIGN_SURFACE_014,FB3_Macro_Myopic_VOI,potato,BENIGN,0.032,0.114,0.082,MARKDOWN,0.0,0.0,0.0,180.0,2.0,0.2,182.2,5.0,"{0: 0.0344, 1: 0.0379, 2: 0.0316, 3: 0.0226, 4: 0.0192}",2,"['OBSERVE_STRATUM', 'STOP_INSPECTION']",2.0,5.0,REGIME_I_BENIGN_SURFACE,FB3_Macro_Myopic_VOI,14
bench_REGIME_I_BENIGN_SURFACE_014,FB5_State_Blind_Lookahead,potato,BENIGN,0.032,0.116,0.084,MARKDOWN,0.0,0.0,0.0,180.0,6.0,4.8,190.8,120.0,"{0: 0.0344, 1: 0.0379, 2: 0.0316, 3: 0.0226, 4: 0.0192}",12,"['WAIT_SETTLE', 'WAIT_SETTLE', 'WAIT_SETTLE', 'WAIT_SETTLE', 'WAIT_SETTLE', 'WAIT_SETTLE', 'WAIT_SETTLE', 'WAIT_SETTLE', 'WAIT_SETTLE', 'WAIT_SETTLE', 'WAIT_SETTLE', 'WAIT_SETTLE']",6.0,120.0,REGIME_I_BENIGN_SURFACE,FB5_State_Blind,14
bench_REGIME_I_BENIGN_SURFACE_014,FB6_Additive_Cost_Planner,potato,BENIGN,0.032,0.116,0.084,MARKDOWN,0.0,0.0,0.0,180.0,6.0,4.8,190.8,120.0,"{0: 0.0344, 1: 0.0379, 2: 0.0316, 3: 0.0226, 4: 0.0192}",12,"['WAIT_SETTLE', 'WAIT_SETTLE', 'WAIT_SETTLE', 'WAIT_SETTLE', 'WAIT_SETTLE', 'WAIT_SETTLE', 'WAIT_SETTLE', 'WAIT_SETTLE', 'WAIT_SETTLE', 'WAIT_SETTLE', 'WAIT_SETTLE', 'WAIT_SETTLE']",6.0,120.0,REGIME_I_BENIGN_SURFACE,FB6_Additive_Cost,14
bench_REGIME_I_BENIGN_SURFACE_014,FB7_Exposure_Aware_Planner,potato,BENIGN,0.032,0.1126,0.0806,MARKDOWN,0.0,0.0,0.0,180.0,2.0,0.2,182.2,5.0,"{0: 0.0344, 1: 0.0379, 2: 0.0316, 3: 0.0226, 4: 0.0192}",2,"['OBSERVE_STRATUM', 'STOP_INSPECTION']",2.0,5.0,REGIME_I_BENIGN_SURFACE,FB7_Proposed,14
bench_REGIME_I_BENIGN_SURFACE_015,FB0_Surface_Only,potato,BENIGN,0.024,0.1096,0.0856,MARKDOWN,0.0,0.0,0.0,180.0,2.0,0.2,182.2,5.0,"{0: 0.0115, 1: 0.0163, 2: 0.0208, 3: 0.0339, 4: 0.0294}",2,"['OBSERVE_STRATUM', 'STOP_INSPECTION']",2.0,5.0,REGIME_I_BENIGN_SURFACE,FB0_Surface_Only,15
bench_REGIME_I_BENIGN_SURFACE_015,FB1_Fixed_Sampling,potato,BENIGN,0.024,0.1082,0.0842,MARKDOWN,0.0,0.0,0.0,180.0,45.0,3.0,228.0,75.0,"{0: 0.0115, 1: 0.0163, 2: 0.0208, 3: 0.0339, 4: 0.0294}",4,"['SAMPLE_UNITS', 'SAMPLE_UNITS', 'SAMPLE_UNITS', 'STOP_INSPECTION']",45.0,75.0,REGIME_I_BENIGN_SURFACE,FB1_Fixed_Random,15
bench_REGIME_I_BENIGN_SURFACE_015,FB2_Depth_Stratified,potato,BENIGN,0.024,0.089,0.065,MARKDOWN,0.0,0.0,0.0,180.0,42.0,11.4,233.4,285.0,"{0: 0.0115, 1: 0.0163, 2: 0.0208, 3: 0.0339, 4: 0.0294}",10,"['OBSERVE_STRATUM', 'REMOVE_LAYER', 'OBSERVE_STRATUM', 'REMOVE_LAYER', 'OBSERVE_STRATUM', 'REMOVE_LAYER', 'OBSERVE_STRATUM', 'REMOVE_LAYER', 'OBSERVE_STRATUM', 'STOP_INSPECTION']",42.0,85.0,REGIME_I_BENIGN_SURFACE,FB2_Depth_Stratified,15
bench_REGIME_I_BENIGN_SURFACE_015,FB3_Macro_Myopic_VOI,potato,BENIGN,0.024,0.1092,0.0852,MARKDOWN,0.0,0.0,0.0,180.0,2.0,0.2,182.2,5.0,"{0: 0.0115, 1: 0.0163, 2: 0.0208, 3: 0.0339, 4: 0.0294}",2,"['OBSERVE_STRATUM', 'STOP_INSPECTION']",2.0,5.0,REGIME_I_BENIGN_SURFACE,FB3_Macro_Myopic_VOI,15
bench_REGIME_I_BENIGN_SURFACE_015,FB5_State_Blind_Lookahead,potato,BENIGN,0.024,0.116,0.092,MARKDOWN,0.0,0.0,0.0,180.0,6.0,4.8,190.8,120.0,"{0: 0.0115, 1: 0.0163, 2: 0.0208, 3: 0.0339, 4: 0.0294}",12,"['WAIT_SETTLE', 'WAIT_SETTLE', 'WAIT_SETTLE', 'WAIT_SETTLE', 'WAIT_SETTLE', 'WAIT_SETTLE', 'WAIT_SETTLE', 'WAIT_SETTLE', 'WAIT_SETTLE', 'WAIT_SETTLE', 'WAIT_SETTLE', 'WAIT_SETTLE']",6.0,120.0,REGIME_I_BENIGN_SURFACE,FB5_State_Blind,15
bench_REGIME_I_BENIGN_SURFACE_015,FB6_Additive_Cost_Planner,potato,BENIGN,0.024,0.116,0.092,MARKDOWN,0.0,0.0,0.0,180.0,6.0,4.8,190.8,120.0,"{0: 0.0115, 1: 0.0163, 2: 0.0208, 3: 0.0339, 4: 0.0294}",12,"['WAIT_SETTLE', 'WAIT_SETTLE', 'WAIT_SETTLE', 'WAIT_SETTLE', 'WAIT_SETTLE', 'WAIT_SETTLE', 'WAIT_SETTLE', 'WAIT_SETTLE', 'WAIT_SETTLE', 'WAIT_SETTLE', 'WAIT_SETTLE', 'WAIT_SETTLE']",6.0,120.0,REGIME_I_BENIGN_SURFACE,FB6_Additive_Cost,15
bench_REGIME_I_BENIGN_SURFACE_015,FB7_Exposure_Aware_Planner,potato,BENIGN,0.024,0.1092,0.0852,MARKDOWN,0.0,0.0,0.0,180.0,2.0,0.2,182.2,5.0,"{0: 0.0115, 1: 0.0163, 2: 0.0208, 3: 0.0339, 4: 0.0294}",2,"['OBSERVE_STRATUM', 'STOP_INSPECTION']",2.0,5.0,REGIME_I_BENIGN_SURFACE,FB7_Proposed,15
bench_REGIME_I_BENIGN_SURFACE_016,FB0_Surface_Only,potato,BENIGN,0.04,0.1138,0.0738,MARKDOWN,0.0,0.0,0.0,180.0,2.0,0.2,182.2,5.0,"{0: 0.0345, 1: 0.0303, 2: 0.036, 3: 0.0334, 4: 0.0349}",2,"['OBSERVE_STRATUM', 'STOP_INSPECTION']",2.0,5.0,REGIME_I_BENIGN_SURFACE,FB0_Surface_Only,16
bench_REGIME_I_BENIGN_SURFACE_016,FB1_Fixed_Sampling,potato,BENIGN,0.04,0.1103,0.0703,MARKDOWN,0.0,0.0,0.0,180.0,45.0,3.0,228.0,75.0,"{0: 0.0345, 1: 0.0303, 2: 0.036, 3: 0.0334, 4: 0.0349}",4,"['SAMPLE_UNITS', 'SAMPLE_UNITS', 'SAMPLE_UNITS', 'STOP_INSPECTION']",45.0,75.0,REGIME_I_BENIGN_SURFACE,FB1_Fixed_Random,16
bench_REGIME_I_BENIGN_SURFACE_016,FB2_Depth_Stratified,potato,BENIGN,0.04,0.0889,0.0489,MARKDOWN,0.0,0.0,0.0,180.0,42.0,11.4,233.4,285.0,"{0: 0.0345, 1: 0.0303, 2: 0.036, 3: 0.0334, 4: 0.0349}",10,"['OBSERVE_STRATUM', 'REMOVE_LAYER', 'OBSERVE_STRATUM', 'REMOVE_LAYER', 'OBSERVE_STRATUM', 'REMOVE_LAYER', 'OBSERVE_STRATUM', 'REMOVE_LAYER', 'OBSERVE_STRATUM', 'STOP_INSPECTION']",42.0,85.0,REGIME_I_BENIGN_SURFACE,FB2_Depth_Stratified,16
bench_REGIME_I_BENIGN_SURFACE_016,FB3_Macro_Myopic_VOI,potato,BENIGN,0.04,0.1105,0.0705,MARKDOWN,0.0,0.0,0.0,180.0,2.0,0.2,182.2,5.0,"{0: 0.0345, 1: 0.0303, 2: 0.036, 3: 0.0334, 4: 0.0349}",2,"['OBSERVE_STRATUM', 'STOP_INSPECTION']",2.0,5.0,REGIME_I_BENIGN_SURFACE,FB3_Macro_Myopic_VOI,16
bench_REGIME_I_BENIGN_SURFACE_016,FB5_State_Blind_Lookahead,potato,BENIGN,0.04,0.116,0.076,MARKDOWN,0.0,0.0,0.0,180.0,6.0,4.8,190.8,120.0,"{0: 0.0345, 1: 0.0303, 2: 0.036, 3: 0.0334, 4: 0.0349}",12,"['WAIT_SETTLE', 'WAIT_SETTLE', 'WAIT_SETTLE', 'WAIT_SETTLE', 'WAIT_SETTLE', 'WAIT_SETTLE', 'WAIT_SETTLE', 'WAIT_SETTLE', 'WAIT_SETTLE', 'WAIT_SETTLE', 'WAIT_SETTLE', 'WAIT_SETTLE']",6.0,120.0,REGIME_I_BENIGN_SURFACE,FB5_State_Blind,16
bench_REGIME_I_BENIGN_SURFACE_016,FB6_Additive_Cost_Planner,potato,BENIGN,0.04,0.116,0.076,MARKDOWN,0.0,0.0,0.0,180.0,6.0,4.8,190.8,120.0,"{0: 0.0345, 1: 0.0303, 2: 0.036, 3: 0.0334, 4: 0.0349}",12,"['WAIT_SETTLE', 'WAIT_SETTLE', 'WAIT_SETTLE', 'WAIT_SETTLE', 'WAIT_SETTLE', 'WAIT_SETTLE', 'WAIT_SETTLE', 'WAIT_SETTLE', 'WAIT_SETTLE', 'WAIT_SETTLE', 'WAIT_SETTLE', 'WAIT_SETTLE']",6.0,120.0,REGIME_I_BENIGN_SURFACE,FB6_Additive_Cost,16
bench_REGIME_I_BENIGN_SURFACE_016,FB7_Exposure_Aware_Planner,potato,BENIGN,0.04,0.1102,0.0702,MARKDOWN,0.0,0.0,0.0,180.0,2.0,0.2,182.2,5.0,"{0: 0.0345, 1: 0.0303, 2: 0.036, 3: 0.0334, 4: 0.0349}",2,"['OBSERVE_STRATUM', 'STOP_INSPECTION']",2.0,5.0,REGIME_I_BENIGN_SURFACE,FB7_Proposed,16
bench_REGIME_I_BENIGN_SURFACE_017,FB0_Surface_Only,potato,BENIGN,0.032,0.1092,0.0772,MARKDOWN,0.0,0.0,0.0,180.0,2.0,0.2,182.2,5.0,"{0: 0.0313, 1: 0.039, 2: 0.0364, 3: 0.0285, 4: 0.0102}",2,"['OBSERVE_STRATUM', 'STOP_INSPECTION']",2.0,5.0,REGIME_I_BENIGN_SURFACE,FB0_Surface_Only,17
bench_REGIME_I_BENIGN_SURFACE_017,FB1_Fixed_Sampling,potato,BENIGN,0.032,0.1077,0.0757,MARKDOWN,0.0,0.0,0.0,180.0,45.0,3.0,228.0,75.0,"{0: 0.0313, 1: 0.039, 2: 0.0364, 3: 0.0285, 4: 0.0102}",4,"['SAMPLE_UNITS', 'SAMPLE_UNITS', 'SAMPLE_UNITS', 'STOP_INSPECTION']",45.0,75.0,REGIME_I_BENIGN_SURFACE,FB1_Fixed_Random,17
bench_REGIME_I_BENIGN_SURFACE_017,FB2_Depth_Stratified,potato,BENIGN,0.032,0.0916,0.0596,MARKDOWN,0.0,0.0,0.0,180.0,42.0,11.4,233.4,285.0,"{0: 0.0313, 1: 0.039, 2: 0.0364, 3: 0.0285, 4: 0.0102}",10,"['OBSERVE_STRATUM', 'REMOVE_LAYER', 'OBSERVE_STRATUM', 'REMOVE_LAYER', 'OBSERVE_STRATUM', 'REMOVE_LAYER', 'OBSERVE_STRATUM', 'REMOVE_LAYER', 'OBSERVE_STRATUM', 'STOP_INSPECTION']",42.0,85.0,REGIME_I_BENIGN_SURFACE,FB2_Depth_Stratified,17
bench_REGIME_I_BENIGN_SURFACE_017,FB3_Macro_Myopic_VOI,potato,BENIGN,0.032,0.1142,0.0822,MARKDOWN,0.0,0.0,0.0,180.0,2.0,0.2,182.2,5.0,"{0: 0.0313, 1: 0.039, 2: 0.0364, 3: 0.0285, 4: 0.0102}",2,"['OBSERVE_STRATUM', 'STOP_INSPECTION']",2.0,5.0,REGIME_I_BENIGN_SURFACE,FB3_Macro_Myopic_VOI,17
bench_REGIME_I_BENIGN_SURFACE_017,FB5_State_Blind_Lookahead,potato,BENIGN,0.032,0.116,0.084,MARKDOWN,0.0,0.0,0.0,180.0,6.0,4.8,190.8,120.0,"{0: 0.0313, 1: 0.039, 2: 0.0364, 3: 0.0285, 4: 0.0102}",12,"['WAIT_SETTLE', 'WAIT_SETTLE', 'WAIT_SETTLE', 'WAIT_SETTLE', 'WAIT_SETTLE', 'WAIT_SETTLE', 'WAIT_SETTLE', 'WAIT_SETTLE', 'WAIT_SETTLE', 'WAIT_SETTLE', 'WAIT_SETTLE', 'WAIT_SETTLE']",6.0,120.0,REGIME_I_BENIGN_SURFACE,FB5_State_Blind,17
bench_REGIME_I_BENIGN_SURFACE_017,FB6_Additive_Cost_Planner,potato,BENIGN,0.032,0.116,0.084,MARKDOWN,0.0,0.0,0.0,180.0,6.0,4.8,190.8,120.0,"{0: 0.0313, 1: 0.039, 2: 0.0364, 3: 0.0285, 4: 0.0102}",12,"['WAIT_SETTLE', 'WAIT_SETTLE', 'WAIT_SETTLE', 'WAIT_SETTLE', 'WAIT_SETTLE', 'WAIT_SETTLE', 'WAIT_SETTLE', 'WAIT_SETTLE', 'WAIT_SETTLE', 'WAIT_SETTLE', 'WAIT_SETTLE', 'WAIT_SETTLE']",6.0,120.0,REGIME_I_BENIGN_SURFACE,FB6_Additive_Cost,17
bench_REGIME_I_BENIGN_SURFACE_017,FB7_Exposure_Aware_Planner,potato,BENIGN,0.032,0.1109,0.0789,MARKDOWN,0.0,0.0,0.0,180.0,2.0,0.2,182.2,5.0,"{0: 0.0313, 1: 0.039, 2: 0.0364, 3: 0.0285, 4: 0.0102}",2,"['OBSERVE_STRATUM', 'STOP_INSPECTION']",2.0,5.0,REGIME_I_BENIGN_SURFACE,FB7_Proposed,17
bench_REGIME_I_BENIGN_SURFACE_018,FB0_Surface_Only,potato,BENIGN,0.02,0.11,0.09,MARKDOWN,0.0,0.0,0.0,180.0,2.0,0.2,182.2,5.0,"{0: 0.016, 1: 0.0187, 2: 0.0132, 3: 0.0244, 4: 0.0288}",2,"['OBSERVE_STRATUM', 'STOP_INSPECTION']",2.0,5.0,REGIME_I_BENIGN_SURFACE,FB0_Surface_Only,18
bench_REGIME_I_BENIGN_SURFACE_018,FB1_Fixed_Sampling,potato,BENIGN,0.02,0.1068,0.0868,MARKDOWN,0.0,0.0,0.0,180.0,45.0,3.0,228.0,75.0,"{0: 0.016, 1: 0.0187, 2: 0.0132, 3: 0.0244, 4: 0.0288}",4,"['SAMPLE_UNITS', 'SAMPLE_UNITS', 'SAMPLE_UNITS', 'STOP_INSPECTION']",45.0,75.0,REGIME_I_BENIGN_SURFACE,FB1_Fixed_Random,18
bench_REGIME_I_BENIGN_SURFACE_018,FB2_Depth_Stratified,potato,BENIGN,0.02,0.0868,0.0668,MARKDOWN,0.0,0.0,0.0,180.0,42.0,11.4,233.4,285.0,"{0: 0.016, 1: 0.0187, 2: 0.0132, 3: 0.0244, 4: 0.0288}",10,"['OBSERVE_STRATUM', 'REMOVE_LAYER', 'OBSERVE_STRATUM', 'REMOVE_LAYER', 'OBSERVE_STRATUM', 'REMOVE_LAYER', 'OBSERVE_STRATUM', 'REMOVE_LAYER', 'OBSERVE_STRATUM', 'STOP_INSPECTION']",42.0,85.0,REGIME_I_BENIGN_SURFACE,FB2_Depth_Stratified,18
bench_REGIME_I_BENIGN_SURFACE_018,FB3_Macro_Myopic_VOI,potato,BENIGN,0.02,0.1098,0.0898,MARKDOWN,0.0,0.0,0.0,180.0,2.0,0.2,182.2,5.0,"{0: 0.016, 1: 0.0187, 2: 0.0132, 3: 0.0244, 4: 0.0288}",2,"['OBSERVE_STRATUM', 'STOP_INSPECTION']",2.0,5.0,REGIME_I_BENIGN_SURFACE,FB3_Macro_Myopic_VOI,18
bench_REGIME_I_BENIGN_SURFACE_018,FB5_State_Blind_Lookahead,potato,BENIGN,0.02,0.116,0.096,MARKDOWN,0.0,0.0,0.0,180.0,6.0,4.8,190.8,120.0,"{0: 0.016, 1: 0.0187, 2: 0.0132, 3: 0.0244, 4: 0.0288}",12,"['WAIT_SETTLE', 'WAIT_SETTLE', 'WAIT_SETTLE', 'WAIT_SETTLE', 'WAIT_SETTLE', 'WAIT_SETTLE', 'WAIT_SETTLE', 'WAIT_SETTLE', 'WAIT_SETTLE', 'WAIT_SETTLE', 'WAIT_SETTLE', 'WAIT_SETTLE']",6.0,120.0,REGIME_I_BENIGN_SURFACE,FB5_State_Blind,18
bench_REGIME_I_BENIGN_SURFACE_018,FB6_Additive_Cost_Planner,potato,BENIGN,0.02,0.116,0.096,MARKDOWN,0.0,0.0,0.0,180.0,6.0,4.8,190.8,120.0,"{0: 0.016, 1: 0.0187, 2: 0.0132, 3: 0.0244, 4: 0.0288}",12,"['WAIT_SETTLE', 'WAIT_SETTLE', 'WAIT_SETTLE', 'WAIT_SETTLE', 'WAIT_SETTLE', 'WAIT_SETTLE', 'WAIT_SETTLE', 'WAIT_SETTLE', 'WAIT_SETTLE', 'WAIT_SETTLE', 'WAIT_SETTLE', 'WAIT_SETTLE']",6.0,120.0,REGIME_I_BENIGN_SURFACE,FB6_Additive_Cost,18
bench_REGIME_I_BENIGN_SURFACE_018,FB7_Exposure_Aware_Planner,potato,BENIGN,0.02,0.1098,0.0898,MARKDOWN,0.0,0.0,0.0,180.0,2.0,0.2,182.2,5.0,"{0: 0.016, 1: 0.0187, 2: 0.0132, 3: 0.0244, 4: 0.0288}",2,"['OBSERVE_STRATUM', 'STOP_INSPECTION']",2.0,5.0,REGIME_I_BENIGN_SURFACE,FB7_Proposed,18
bench_REGIME_I_BENIGN_SURFACE_019,FB0_Surface_Only,potato,BENIGN,0.024,0.1092,0.0852,MARKDOWN,0.0,0.0,0.0,180.0,2.0,0.2,182.2,5.0,"{0: 0.0133, 1: 0.03, 2: 0.0274, 3: 0.033, 4: 0.0152}",2,"['OBSERVE_STRATUM', 'STOP_INSPECTION']",2.0,5.0,REGIME_I_BENIGN_SURFACE,FB0_Surface_Only,19
bench_REGIME_I_BENIGN_SURFACE_019,FB1_Fixed_Sampling,potato,BENIGN,0.024,0.1046,0.0806,MARKDOWN,0.0,0.0,0.0,180.0,45.0,3.0,228.0,75.0,"{0: 0.0133, 1: 0.03, 2: 0.0274, 3: 0.033, 4: 0.0152}",4,"['SAMPLE_UNITS', 'SAMPLE_UNITS', 'SAMPLE_UNITS', 'STOP_INSPECTION']",45.0,75.0,REGIME_I_BENIGN_SURFACE,FB1_Fixed_Random,19
bench_REGIME_I_BENIGN_SURFACE_019,FB2_Depth_Stratified,potato,BENIGN,0.024,0.0807,0.0567,MARKDOWN,0.0,0.0,0.0,180.0,42.0,11.4,233.4,285.0,"{0: 0.0133, 1: 0.03, 2: 0.0274, 3: 0.033, 4: 0.0152}",10,"['OBSERVE_STRATUM', 'REMOVE_LAYER', 'OBSERVE_STRATUM', 'REMOVE_LAYER', 'OBSERVE_STRATUM', 'REMOVE_LAYER', 'OBSERVE_STRATUM', 'REMOVE_LAYER', 'OBSERVE_STRATUM', 'STOP_INSPECTION']",42.0,85.0,REGIME_I_BENIGN_SURFACE,FB2_Depth_Stratified,19
bench_REGIME_I_BENIGN_SURFACE_019,FB3_Macro_Myopic_VOI,potato,BENIGN,0.024,0.1133,0.0893,MARKDOWN,0.0,0.0,0.0,180.0,2.0,0.2,182.2,5.0,"{0: 0.0133, 1: 0.03, 2: 0.0274, 3: 0.033, 4: 0.0152}",2,"['OBSERVE_STRATUM', 'STOP_INSPECTION']",2.0,5.0,REGIME_I_BENIGN_SURFACE,FB3_Macro_Myopic_VOI,19
bench_REGIME_I_BENIGN_SURFACE_019,FB5_State_Blind_Lookahead,potato,BENIGN,0.024,0.116,0.092,MARKDOWN,0.0,0.0,0.0,180.0,6.0,4.8,190.8,120.0,"{0: 0.0133, 1: 0.03, 2: 0.0274, 3: 0.033, 4: 0.0152}",12,"['WAIT_SETTLE', 'WAIT_SETTLE', 'WAIT_SETTLE', 'WAIT_SETTLE', 'WAIT_SETTLE', 'WAIT_SETTLE', 'WAIT_SETTLE', 'WAIT_SETTLE', 'WAIT_SETTLE', 'WAIT_SETTLE', 'WAIT_SETTLE', 'WAIT_SETTLE']",6.0,120.0,REGIME_I_BENIGN_SURFACE,FB5_State_Blind,19
bench_REGIME_I_BENIGN_SURFACE_019,FB6_Additive_Cost_Planner,potato,BENIGN,0.024,0.116,0.092,MARKDOWN,0.0,0.0,0.0,180.0,6.0,4.8,190.8,120.0,"{0: 0.0133, 1: 0.03, 2: 0.0274, 3: 0.033, 4: 0.0152}",12,"['WAIT_SETTLE', 'WAIT_SETTLE', 'WAIT_SETTLE', 'WAIT_SETTLE', 'WAIT_SETTLE', 'WAIT_SETTLE', 'WAIT_SETTLE', 'WAIT_SETTLE', 'WAIT_SETTLE', 'WAIT_SETTLE', 'WAIT_SETTLE', 'WAIT_SETTLE']",6.0,120.0,REGIME_I_BENIGN_SURFACE,FB6_Additive_Cost,19
bench_REGIME_I_BENIGN_SURFACE_019,FB7_Exposure_Aware_Planner,potato,BENIGN,0.024,0.1092,0.0852,MARKDOWN,0.0,0.0,0.0,180.0,2.0,0.2,182.2,5.0,"{0: 0.0133, 1: 0.03, 2: 0.0274, 3: 0.033, 4: 0.0152}",2,"['OBSERVE_STRATUM', 'STOP_INSPECTION']",2.0,5.0,REGIME_I_BENIGN_SURFACE,FB7_Proposed,19
bench_REGIME_I_BENIGN_SURFACE_020,FB0_Surface_Only,potato,BENIGN,0.024,0.1118,0.0878,MARKDOWN,0.0,0.0,0.0,180.0,2.0,0.2,182.2,5.0,"{0: 0.0224, 1: 0.0262, 2: 0.0113, 3: 0.0355, 4: 0.0196}",2,"['OBSERVE_STRATUM', 'STOP_INSPECTION']",2.0,5.0,REGIME_I_BENIGN_SURFACE,FB0_Surface_Only,20
bench_REGIME_I_BENIGN_SURFACE_020,FB1_Fixed_Sampling,potato,BENIGN,0.024,0.11,0.086,MARKDOWN,0.0,0.0,0.0,180.0,45.0,3.0,228.0,75.0,"{0: 0.0224, 1: 0.0262, 2: 0.0113, 3: 0.0355, 4: 0.0196}",4,"['SAMPLE_UNITS', 'SAMPLE_UNITS', 'SAMPLE_UNITS', 'STOP_INSPECTION']",45.0,75.0,REGIME_I_BENIGN_SURFACE,FB1_Fixed_Random,20
bench_REGIME_I_BENIGN_SURFACE_020,FB2_Depth_Stratified,potato,BENIGN,0.024,0.0902,0.0662,MARKDOWN,0.0,0.0,0.0,180.0,42.0,11.4,233.4,285.0,"{0: 0.0224, 1: 0.0262, 2: 0.0113, 3: 0.0355, 4: 0.0196}",10,"['OBSERVE_STRATUM', 'REMOVE_LAYER', 'OBSERVE_STRATUM', 'REMOVE_LAYER', 'OBSERVE_STRATUM', 'REMOVE_LAYER', 'OBSERVE_STRATUM', 'REMOVE_LAYER', 'OBSERVE_STRATUM', 'STOP_INSPECTION']",42.0,85.0,REGIME_I_BENIGN_SURFACE,FB2_Depth_Stratified,20
bench_REGIME_I_BENIGN_SURFACE_020,FB3_Macro_Myopic_VOI,potato,BENIGN,0.024,0.1117,0.0877,MARKDOWN,0.0,0.0,0.0,180.0,2.0,0.2,182.2,5.0,"{0: 0.0224, 1: 0.0262, 2: 0.0113, 3: 0.0355, 4: 0.0196}",2,"['OBSERVE_STRATUM', 'STOP_INSPECTION']",2.0,5.0,REGIME_I_BENIGN_SURFACE,FB3_Macro_Myopic_VOI,20
bench_REGIME_I_BENIGN_SURFACE_020,FB5_State_Blind_Lookahead,potato,BENIGN,0.024,0.116,0.092,MARKDOWN,0.0,0.0,0.0,180.0,6.0,4.8,190.8,120.0,"{0: 0.0224, 1: 0.0262, 2: 0.0113, 3: 0.0355, 4: 0.0196}",12,"['WAIT_SETTLE', 'WAIT_SETTLE', 'WAIT_SETTLE', 'WAIT_SETTLE', 'WAIT_SETTLE', 'WAIT_SETTLE', 'WAIT_SETTLE', 'WAIT_SETTLE', 'WAIT_SETTLE', 'WAIT_SETTLE', 'WAIT_SETTLE', 'WAIT_SETTLE']",6.0,120.0,REGIME_I_BENIGN_SURFACE,FB5_State_Blind,20
bench_REGIME_I_BENIGN_SURFACE_020,FB6_Additive_Cost_Planner,potato,BENIGN,0.024,0.116,0.092,MARKDOWN,0.0,0.0,0.0,180.0,6.0,4.8,190.8,120.0,"{0: 0.0224, 1: 0.0262, 2: 0.0113, 3: 0.0355, 4: 0.0196}",12,"['WAIT_SETTLE', 'WAIT_SETTLE', 'WAIT_SETTLE', 'WAIT_SETTLE', 'WAIT_SETTLE', 'WAIT_SETTLE', 'WAIT_SETTLE', 'WAIT_SETTLE', 'WAIT_SETTLE', 'WAIT_SETTLE', 'WAIT_SETTLE', 'WAIT_SETTLE']",6.0,120.0,REGIME_I_BENIGN_SURFACE,FB6_Additive_Cost,20
bench_REGIME_I_BENIGN_SURFACE_020,FB7_Exposure_Aware_Planner,potato,BENIGN,0.024,0.1099,0.0859,MARKDOWN,0.0,0.0,0.0,180.0,2.0,0.2,182.2,5.0,"{0: 0.0224, 1: 0.0262, 2: 0.0113, 3: 0.0355, 4: 0.0196}",2,"['OBSERVE_STRATUM', 'STOP_INSPECTION']",2.0,5.0,REGIME_I_BENIGN_SURFACE,FB7_Proposed,20
bench_REGIME_I_BENIGN_SURFACE_021,FB0_Surface_Only,potato,BENIGN,0.024,0.1092,0.0852,MARKDOWN,0.0,0.0,0.0,180.0,2.0,0.2,182.2,5.0,"{0: 0.0282, 1: 0.0242, 2: 0.0158, 3: 0.0227, 4: 0.0394}",2,"['OBSERVE_STRATUM', 'STOP_INSPECTION']",2.0,5.0,REGIME_I_BENIGN_SURFACE,FB0_Surface_Only,21
bench_REGIME_I_BENIGN_SURFACE_021,FB1_Fixed_Sampling,potato,BENIGN,0.024,0.1068,0.0828,MARKDOWN,0.0,0.0,0.0,180.0,45.0,3.0,228.0,75.0,"{0: 0.0282, 1: 0.0242, 2: 0.0158, 3: 0.0227, 4: 0.0394}",4,"['SAMPLE_UNITS', 'SAMPLE_UNITS', 'SAMPLE_UNITS', 'STOP_INSPECTION']",45.0,75.0,REGIME_I_BENIGN_SURFACE,FB1_Fixed_Random,21
bench_REGIME_I_BENIGN_SURFACE_021,FB2_Depth_Stratified,potato,BENIGN,0.024,0.0829,0.0589,MARKDOWN,0.0,0.0,0.0,180.0,42.0,11.4,233.4,285.0,"{0: 0.0282, 1: 0.0242, 2: 0.0158, 3: 0.0227, 4: 0.0394}",10,"['OBSERVE_STRATUM', 'REMOVE_LAYER', 'OBSERVE_STRATUM', 'REMOVE_LAYER', 'OBSERVE_STRATUM', 'REMOVE_LAYER', 'OBSERVE_STRATUM', 'REMOVE_LAYER', 'OBSERVE_STRATUM', 'STOP_INSPECTION']",42.0,85.0,REGIME_I_BENIGN_SURFACE,FB2_Depth_Stratified,21
bench_REGIME_I_BENIGN_SURFACE_021,FB3_Macro_Myopic_VOI,potato,BENIGN,0.024,0.1095,0.0855,MARKDOWN,0.0,0.0,0.0,180.0,2.0,0.2,182.2,5.0,"{0: 0.0282, 1: 0.0242, 2: 0.0158, 3: 0.0227, 4: 0.0394}",2,"['OBSERVE_STRATUM', 'STOP_INSPECTION']",2.0,5.0,REGIME_I_BENIGN_SURFACE,FB3_Macro_Myopic_VOI,21
bench_REGIME_I_BENIGN_SURFACE_021,FB5_State_Blind_Lookahead,potato,BENIGN,0.024,0.116,0.092,MARKDOWN,0.0,0.0,0.0,180.0,6.0,4.8,190.8,120.0,"{0: 0.0282, 1: 0.0242, 2: 0.0158, 3: 0.0227, 4: 0.0394}",12,"['WAIT_SETTLE', 'WAIT_SETTLE', 'WAIT_SETTLE', 'WAIT_SETTLE', 'WAIT_SETTLE', 'WAIT_SETTLE', 'WAIT_SETTLE', 'WAIT_SETTLE', 'WAIT_SETTLE', 'WAIT_SETTLE', 'WAIT_SETTLE', 'WAIT_SETTLE']",6.0,120.0,REGIME_I_BENIGN_SURFACE,FB5_State_Blind,21
bench_REGIME_I_BENIGN_SURFACE_021,FB6_Additive_Cost_Planner,potato,BENIGN,0.024,0.116,0.092,MARKDOWN,0.0,0.0,0.0,180.0,6.0,4.8,190.8,120.0,"{0: 0.0282, 1: 0.0242, 2: 0.0158, 3: 0.0227, 4: 0.0394}",12,"['WAIT_SETTLE', 'WAIT_SETTLE', 'WAIT_SETTLE', 'WAIT_SETTLE', 'WAIT_SETTLE', 'WAIT_SETTLE', 'WAIT_SETTLE', 'WAIT_SETTLE', 'WAIT_SETTLE', 'WAIT_SETTLE', 'WAIT_SETTLE', 'WAIT_SETTLE']",6.0,120.0,REGIME_I_BENIGN_SURFACE,FB6_Additive_Cost,21
bench_REGIME_I_BENIGN_SURFACE_021,FB7_Exposure_Aware_Planner,potato,BENIGN,0.024,0.1092,0.0852,MARKDOWN,0.0,0.0,0.0,180.0,2.0,0.2,182.2,5.0,"{0: 0.0282, 1: 0.0242, 2: 0.0158, 3: 0.0227, 4: 0.0394}",2,"['OBSERVE_STRATUM', 'STOP_INSPECTION']",2.0,5.0,REGIME_I_BENIGN_SURFACE,FB7_Proposed,21
bench_REGIME_I_BENIGN_SURFACE_022,FB0_Surface_Only,potato,BENIGN,0.02,0.1117,0.0917,MARKDOWN,0.0,0.0,0.0,180.0,2.0,0.2,182.2,5.0,"{0: 0.0254, 1: 0.0228, 2: 0.0189, 3: 0.0178, 4: 0.0189}",2,"['OBSERVE_STRATUM', 'STOP_INSPECTION']",2.0,5.0,REGIME_I_BENIGN_SURFACE,FB0_Surface_Only,22
bench_REGIME_I_BENIGN_SURFACE_022,FB1_Fixed_Sampling,potato,BENIGN,0.02,0.1094,0.0894,MARKDOWN,0.0,0.0,0.0,180.0,45.0,3.0,228.0,75.0,"{0: 0.0254, 1: 0.0228, 2: 0.0189, 3: 0.0178, 4: 0.0189}",4,"['SAMPLE_UNITS', 'SAMPLE_UNITS', 'SAMPLE_UNITS', 'STOP_INSPECTION']",45.0,75.0,REGIME_I_BENIGN_SURFACE,FB1_Fixed_Random,22
bench_REGIME_I_BENIGN_SURFACE_022,FB2_Depth_Stratified,potato,BENIGN,0.02,0.0815,0.0615,MARKDOWN,0.0,0.0,0.0,180.0,42.0,11.4,233.4,285.0,"{0: 0.0254, 1: 0.0228, 2: 0.0189, 3: 0.0178, 4: 0.0189}",10,"['OBSERVE_STRATUM', 'REMOVE_LAYER', 'OBSERVE_STRATUM', 'REMOVE_LAYER', 'OBSERVE_STRATUM', 'REMOVE_LAYER', 'OBSERVE_STRATUM', 'REMOVE_LAYER', 'OBSERVE_STRATUM', 'STOP_INSPECTION']",42.0,85.0,REGIME_I_BENIGN_SURFACE,FB2_Depth_Stratified,22
bench_REGIME_I_BENIGN_SURFACE_022,FB3_Macro_Myopic_VOI,potato,BENIGN,0.02,0.1143,0.0943,MARKDOWN,0.0,0.0,0.0,180.0,2.0,0.2,182.2,5.0,"{0: 0.0254, 1: 0.0228, 2: 0.0189, 3: 0.0178, 4: 0.0189}",2,"['OBSERVE_STRATUM', 'STOP_INSPECTION']",2.0,5.0,REGIME_I_BENIGN_SURFACE,FB3_Macro_Myopic_VOI,22
bench_REGIME_I_BENIGN_SURFACE_022,FB5_State_Blind_Lookahead,potato,BENIGN,0.02,0.116,0.096,MARKDOWN,0.0,0.0,0.0,180.0,6.0,4.8,190.8,120.0,"{0: 0.0254, 1: 0.0228, 2: 0.0189, 3: 0.0178, 4: 0.0189}",12,"['WAIT_SETTLE', 'WAIT_SETTLE', 'WAIT_SETTLE', 'WAIT_SETTLE', 'WAIT_SETTLE', 'WAIT_SETTLE', 'WAIT_SETTLE', 'WAIT_SETTLE', 'WAIT_SETTLE', 'WAIT_SETTLE', 'WAIT_SETTLE', 'WAIT_SETTLE']",6.0,120.0,REGIME_I_BENIGN_SURFACE,FB5_State_Blind,22
bench_REGIME_I_BENIGN_SURFACE_022,FB6_Additive_Cost_Planner,potato,BENIGN,0.02,0.116,0.096,MARKDOWN,0.0,0.0,0.0,180.0,6.0,4.8,190.8,120.0,"{0: 0.0254, 1: 0.0228, 2: 0.0189, 3: 0.0178, 4: 0.0189}",12,"['WAIT_SETTLE', 'WAIT_SETTLE', 'WAIT_SETTLE', 'WAIT_SETTLE', 'WAIT_SETTLE', 'WAIT_SETTLE', 'WAIT_SETTLE', 'WAIT_SETTLE', 'WAIT_SETTLE', 'WAIT_SETTLE', 'WAIT_SETTLE', 'WAIT_SETTLE']",6.0,120.0,REGIME_I_BENIGN_SURFACE,FB6_Additive_Cost,22
bench_REGIME_I_BENIGN_SURFACE_022,FB7_Exposure_Aware_Planner,potato,BENIGN,0.02,0.1119,0.0919,MARKDOWN,0.0,0.0,0.0,180.0,2.0,0.2,182.2,5.0,"{0: 0.0254, 1: 0.0228, 2: 0.0189, 3: 0.0178, 4: 0.0189}",2,"['OBSERVE_STRATUM', 'STOP_INSPECTION']",2.0,5.0,REGIME_I_BENIGN_SURFACE,FB7_Proposed,22
bench_REGIME_I_BENIGN_SURFACE_023,FB0_Surface_Only,potato,BENIGN,0.032,0.1127,0.0807,MARKDOWN,0.0,0.0,0.0,180.0,2.0,0.2,182.2,5.0,"{0: 0.0206, 1: 0.0371, 2: 0.0315, 3: 0.0374, 4: 0.0138}",2,"['OBSERVE_STRATUM', 'STOP_INSPECTION']",2.0,5.0,REGIME_I_BENIGN_SURFACE,FB0_Surface_Only,23
bench_REGIME_I_BENIGN_SURFACE_023,FB1_Fixed_Sampling,potato,BENIGN,0.032,0.1064,0.0744,MARKDOWN,0.0,0.0,0.0,180.0,45.0,3.0,228.0,75.0,"{0: 0.0206, 1: 0.0371, 2: 0.0315, 3: 0.0374, 4: 0.0138}",4,"['SAMPLE_UNITS', 'SAMPLE_UNITS', 'SAMPLE_UNITS', 'STOP_INSPECTION']",45.0,75.0,REGIME_I_BENIGN_SURFACE,FB1_Fixed_Random,23
bench_REGIME_I_BENIGN_SURFACE_023,FB2_Depth_Stratified,potato,BENIGN,0.032,0.0855,0.0535,MARKDOWN,0.0,0.0,0.0,180.0,42.0,11.4,233.4,285.0,"{0: 0.0206, 1: 0.0371, 2: 0.0315, 3: 0.0374, 4: 0.0138}",10,"['OBSERVE_STRATUM', 'REMOVE_LAYER', 'OBSERVE_STRATUM', 'REMOVE_LAYER', 'OBSERVE_STRATUM', 'REMOVE_LAYER', 'OBSERVE_STRATUM', 'REMOVE_LAYER', 'OBSERVE_STRATUM', 'STOP_INSPECTION']",42.0,85.0,REGIME_I_BENIGN_SURFACE,FB2_Depth_Stratified,23
bench_REGIME_I_BENIGN_SURFACE_023,FB3_Macro_Myopic_VOI,potato,BENIGN,0.032,0.1121,0.0801,MARKDOWN,0.0,0.0,0.0,180.0,2.0,0.2,182.2,5.0,"{0: 0.0206, 1: 0.0371, 2: 0.0315, 3: 0.0374, 4: 0.0138}",2,"['OBSERVE_STRATUM', 'STOP_INSPECTION']",2.0,5.0,REGIME_I_BENIGN_SURFACE,FB3_Macro_Myopic_VOI,23
bench_REGIME_I_BENIGN_SURFACE_023,FB5_State_Blind_Lookahead,potato,BENIGN,0.032,0.116,0.084,MARKDOWN,0.0,0.0,0.0,180.0,6.0,4.8,190.8,120.0,"{0: 0.0206, 1: 0.0371, 2: 0.0315, 3: 0.0374, 4: 0.0138}",12,"['WAIT_SETTLE', 'WAIT_SETTLE', 'WAIT_SETTLE', 'WAIT_SETTLE', 'WAIT_SETTLE', 'WAIT_SETTLE', 'WAIT_SETTLE', 'WAIT_SETTLE', 'WAIT_SETTLE', 'WAIT_SETTLE', 'WAIT_SETTLE', 'WAIT_SETTLE']",6.0,120.0,REGIME_I_BENIGN_SURFACE,FB5_State_Blind,23
bench_REGIME_I_BENIGN_SURFACE_023,FB6_Additive_Cost_Planner,potato,BENIGN,0.032,0.116,0.084,MARKDOWN,0.0,0.0,0.0,180.0,6.0,4.8,190.8,120.0,"{0: 0.0206, 1: 0.0371, 2: 0.0315, 3: 0.0374, 4: 0.0138}",12,"['WAIT_SETTLE', 'WAIT_SETTLE', 'WAIT_SETTLE', 'WAIT_SETTLE', 'WAIT_SETTLE', 'WAIT_SETTLE', 'WAIT_SETTLE', 'WAIT_SETTLE', 'WAIT_SETTLE', 'WAIT_SETTLE', 'WAIT_SETTLE', 'WAIT_SETTLE']",6.0,120.0,REGIME_I_BENIGN_SURFACE,FB6_Additive_Cost,23
bench_REGIME_I_BENIGN_SURFACE_023,FB7_Exposure_Aware_Planner,potato,BENIGN,0.032,0.1098,0.0778,MARKDOWN,0.0,0.0,0.0,180.0,2.0,0.2,182.2,5.0,"{0: 0.0206, 1: 0.0371, 2: 0.0315, 3: 0.0374, 4: 0.0138}",2,"['OBSERVE_STRATUM', 'STOP_INSPECTION']",2.0,5.0,REGIME_I_BENIGN_SURFACE,FB7_Proposed,23
bench_REGIME_I_BENIGN_SURFACE_024,FB0_Surface_Only,potato,BENIGN,0.036,0.1132,0.0772,MARKDOWN,0.0,0.0,0.0,180.0,2.0,0.2,182.2,5.0,"{0: 0.0378, 1: 0.0273, 2: 0.0336, 3: 0.0382, 4: 0.0329}",2,"['OBSERVE_STRATUM', 'STOP_INSPECTION']",2.0,5.0,REGIME_I_BENIGN_SURFACE,FB0_Surface_Only,24
bench_REGIME_I_BENIGN_SURFACE_024,FB1_Fixed_Sampling,potato,BENIGN,0.036,0.1074,0.0714,MARKDOWN,0.0,0.0,0.0,180.0,45.0,3.0,228.0,75.0,"{0: 0.0378, 1: 0.0273, 2: 0.0336, 3: 0.0382, 4: 0.0329}",4,"['SAMPLE_UNITS', 'SAMPLE_UNITS', 'SAMPLE_UNITS', 'STOP_INSPECTION']",45.0,75.0,REGIME_I_BENIGN_SURFACE,FB1_Fixed_Random,24
bench_REGIME_I_BENIGN_SURFACE_024,FB2_Depth_Stratified,potato,BENIGN,0.036,0.0885,0.0525,MARKDOWN,0.0,0.0,0.0,180.0,42.0,11.4,233.4,285.0,"{0: 0.0378, 1: 0.0273, 2: 0.0336, 3: 0.0382, 4: 0.0329}",10,"['OBSERVE_STRATUM', 'REMOVE_LAYER', 'OBSERVE_STRATUM', 'REMOVE_LAYER', 'OBSERVE_STRATUM', 'REMOVE_LAYER', 'OBSERVE_STRATUM', 'REMOVE_LAYER', 'OBSERVE_STRATUM', 'STOP_INSPECTION']",42.0,85.0,REGIME_I_BENIGN_SURFACE,FB2_Depth_Stratified,24
bench_REGIME_I_BENIGN_SURFACE_024,FB3_Macro_Myopic_VOI,potato,BENIGN,0.036,0.1093,0.0733,MARKDOWN,0.0,0.0,0.0,180.0,2.0,0.2,182.2,5.0,"{0: 0.0378, 1: 0.0273, 2: 0.0336, 3: 0.0382, 4: 0.0329}",2,"['OBSERVE_STRATUM', 'STOP_INSPECTION']",2.0,5.0,REGIME_I_BENIGN_SURFACE,FB3_Macro_Myopic_VOI,24
bench_REGIME_I_BENIGN_SURFACE_024,FB5_State_Blind_Lookahead,potato,BENIGN,0.036,0.116,0.08,MARKDOWN,0.0,0.0,0.0,180.0,6.0,4.8,190.8,120.0,"{0: 0.0378, 1: 0.0273, 2: 0.0336, 3: 0.0382, 4: 0.0329}",12,"['WAIT_SETTLE', 'WAIT_SETTLE', 'WAIT_SETTLE', 'WAIT_SETTLE', 'WAIT_SETTLE', 'WAIT_SETTLE', 'WAIT_SETTLE', 'WAIT_SETTLE', 'WAIT_SETTLE', 'WAIT_SETTLE', 'WAIT_SETTLE', 'WAIT_SETTLE']",6.0,120.0,REGIME_I_BENIGN_SURFACE,FB5_State_Blind,24
bench_REGIME_I_BENIGN_SURFACE_024,FB6_Additive_Cost_Planner,potato,BENIGN,0.036,0.116,0.08,MARKDOWN,0.0,0.0,0.0,180.0,6.0,4.8,190.8,120.0,"{0: 0.0378, 1: 0.0273, 2: 0.0336, 3: 0.0382, 4: 0.0329}",12,"['WAIT_SETTLE', 'WAIT_SETTLE', 'WAIT_SETTLE', 'WAIT_SETTLE', 'WAIT_SETTLE', 'WAIT_SETTLE', 'WAIT_SETTLE', 'WAIT_SETTLE', 'WAIT_SETTLE', 'WAIT_SETTLE', 'WAIT_SETTLE', 'WAIT_SETTLE']",6.0,120.0,REGIME_I_BENIGN_SURFACE,FB6_Additive_Cost,24
bench_REGIME_I_BENIGN_SURFACE_024,FB7_Exposure_Aware_Planner,potato,BENIGN,0.036,0.1093,0.0733,MARKDOWN,0.0,0.0,0.0,180.0,2.0,0.2,182.2,5.0,"{0: 0.0378, 1: 0.0273, 2: 0.0336, 3: 0.0382, 4: 0.0329}",2,"['OBSERVE_STRATUM', 'STOP_INSPECTION']",2.0,5.0,REGIME_I_BENIGN_SURFACE,FB7_Proposed,24
bench_REGIME_I_BENIGN_SURFACE_025,FB0_Surface_Only,potato,BENIGN,0.024,0.1119,0.0879,MARKDOWN,0.0,0.0,0.0,180.0,2.0,0.2,182.2,5.0,"{0: 0.0151, 1: 0.0287, 2: 0.0131, 3: 0.0343, 4: 0.0201}",2,"['OBSERVE_STRATUM', 'STOP_INSPECTION']",2.0,5.0,REGIME_I_BENIGN_SURFACE,FB0_Surface_Only,25
bench_REGIME_I_BENIGN_SURFACE_025,FB1_Fixed_Sampling,potato,BENIGN,0.024,0.1078,0.0838,MARKDOWN,0.0,0.0,0.0,180.0,45.0,3.0,228.0,75.0,"{0: 0.0151, 1: 0.0287, 2: 0.0131, 3: 0.0343, 4: 0.0201}",4,"['SAMPLE_UNITS', 'SAMPLE_UNITS', 'SAMPLE_UNITS', 'STOP_INSPECTION']",45.0,75.0,REGIME_I_BENIGN_SURFACE,FB1_Fixed_Random,25
bench_REGIME_I_BENIGN_SURFACE_025,FB2_Depth_Stratified,potato,BENIGN,0.024,0.0868,0.0628,MARKDOWN,0.0,0.0,0.0,180.0,42.0,11.4,233.4,285.0,"{0: 0.0151, 1: 0.0287, 2: 0.0131, 3: 0.0343, 4: 0.0201}",10,"['OBSERVE_STRATUM', 'REMOVE_LAYER', 'OBSERVE_STRATUM', 'REMOVE_LAYER', 'OBSERVE_STRATUM', 'REMOVE_LAYER', 'OBSERVE_STRATUM', 'REMOVE_LAYER', 'OBSERVE_STRATUM', 'STOP_INSPECTION']",42.0,85.0,REGIME_I_BENIGN_SURFACE,FB2_Depth_Stratified,25
bench_REGIME_I_BENIGN_SURFACE_025,FB3_Macro_Myopic_VOI,potato,BENIGN,0.024,0.1113,0.0873,MARKDOWN,0.0,0.0,0.0,180.0,2.0,0.2,182.2,5.0,"{0: 0.0151, 1: 0.0287, 2: 0.0131, 3: 0.0343, 4: 0.0201}",2,"['OBSERVE_STRATUM', 'STOP_INSPECTION']",2.0,5.0,REGIME_I_BENIGN_SURFACE,FB3_Macro_Myopic_VOI,25
bench_REGIME_I_BENIGN_SURFACE_025,FB5_State_Blind_Lookahead,potato,BENIGN,0.024,0.116,0.092,MARKDOWN,0.0,0.0,0.0,180.0,6.0,4.8,190.8,120.0,"{0: 0.0151, 1: 0.0287, 2: 0.0131, 3: 0.0343, 4: 0.0201}",12,"['WAIT_SETTLE', 'WAIT_SETTLE', 'WAIT_SETTLE', 'WAIT_SETTLE', 'WAIT_SETTLE', 'WAIT_SETTLE', 'WAIT_SETTLE', 'WAIT_SETTLE', 'WAIT_SETTLE', 'WAIT_SETTLE', 'WAIT_SETTLE', 'WAIT_SETTLE']",6.0,120.0,REGIME_I_BENIGN_SURFACE,FB5_State_Blind,25
bench_REGIME_I_BENIGN_SURFACE_025,FB6_Additive_Cost_Planner,potato,BENIGN,0.024,0.116,0.092,MARKDOWN,0.0,0.0,0.0,180.0,6.0,4.8,190.8,120.0,"{0: 0.0151, 1: 0.0287, 2: 0.0131, 3: 0.0343, 4: 0.0201}",12,"['WAIT_SETTLE', 'WAIT_SETTLE', 'WAIT_SETTLE', 'WAIT_SETTLE', 'WAIT_SETTLE', 'WAIT_SETTLE', 'WAIT_SETTLE', 'WAIT_SETTLE', 'WAIT_SETTLE', 'WAIT_SETTLE', 'WAIT_SETTLE', 'WAIT_SETTLE']",6.0,120.0,REGIME_I_BENIGN_SURFACE,FB6_Additive_Cost,25
bench_REGIME_I_BENIGN_SURFACE_025,FB7_Exposure_Aware_Planner,potato,BENIGN,0.024,0.1091,0.0851,MARKDOWN,0.0,0.0,0.0,180.0,2.0,0.2,182.2,5.0,"{0: 0.0151, 1: 0.0287, 2: 0.0131, 3: 0.0343, 4: 0.0201}",2,"['OBSERVE_STRATUM', 'STOP_INSPECTION']",2.0,5.0,REGIME_I_BENIGN_SURFACE,FB7_Proposed,25
bench_REGIME_I_BENIGN_SURFACE_026,FB0_Surface_Only,potato,BENIGN,0.02,0.1091,0.0891,MARKDOWN,0.0,0.0,0.0,180.0,2.0,0.2,182.2,5.0,"{0: 0.0101, 1: 0.0175, 2: 0.0181, 3: 0.0153, 4: 0.0169}",2,"['OBSERVE_STRATUM', 'STOP_INSPECTION']",2.0,5.0,REGIME_I_BENIGN_SURFACE,FB0_Surface_Only,26
bench_REGIME_I_BENIGN_SURFACE_026,FB1_Fixed_Sampling,potato,BENIGN,0.02,0.106,0.086,MARKDOWN,0.0,0.0,0.0,180.0,45.0,3.0,228.0,75.0,"{0: 0.0101, 1: 0.0175, 2: 0.0181, 3: 0.0153, 4: 0.0169}",4,"['SAMPLE_UNITS', 'SAMPLE_UNITS', 'SAMPLE_UNITS', 'STOP_INSPECTION']",45.0,75.0,REGIME_I_BENIGN_SURFACE,FB1_Fixed_Random,26
bench_REGIME_I_BENIGN_SURFACE_026,FB2_Depth_Stratified,potato,BENIGN,0.02,0.0839,0.0639,MARKDOWN,0.0,0.0,0.0,180.0,42.0,11.4,233.4,285.0,"{0: 0.0101, 1: 0.0175, 2: 0.0181, 3: 0.0153, 4: 0.0169}",10,"['OBSERVE_STRATUM', 'REMOVE_LAYER', 'OBSERVE_STRATUM', 'REMOVE_LAYER', 'OBSERVE_STRATUM', 'REMOVE_LAYER', 'OBSERVE_STRATUM', 'REMOVE_LAYER', 'OBSERVE_STRATUM', 'STOP_INSPECTION']",42.0,85.0,REGIME_I_BENIGN_SURFACE,FB2_Depth_Stratified,26
bench_REGIME_I_BENIGN_SURFACE_026,FB3_Macro_Myopic_VOI,potato,BENIGN,0.02,0.1091,0.0891,MARKDOWN,0.0,0.0,0.0,180.0,2.0,0.2,182.2,5.0,"{0: 0.0101, 1: 0.0175, 2: 0.0181, 3: 0.0153, 4: 0.0169}",2,"['OBSERVE_STRATUM', 'STOP_INSPECTION']",2.0,5.0,REGIME_I_BENIGN_SURFACE,FB3_Macro_Myopic_VOI,26
bench_REGIME_I_BENIGN_SURFACE_026,FB5_State_Blind_Lookahead,potato,BENIGN,0.02,0.116,0.096,MARKDOWN,0.0,0.0,0.0,180.0,6.0,4.8,190.8,120.0,"{0: 0.0101, 1: 0.0175, 2: 0.0181, 3: 0.0153, 4: 0.0169}",12,"['WAIT_SETTLE', 'WAIT_SETTLE', 'WAIT_SETTLE', 'WAIT_SETTLE', 'WAIT_SETTLE', 'WAIT_SETTLE', 'WAIT_SETTLE', 'WAIT_SETTLE', 'WAIT_SETTLE', 'WAIT_SETTLE', 'WAIT_SETTLE', 'WAIT_SETTLE']",6.0,120.0,REGIME_I_BENIGN_SURFACE,FB5_State_Blind,26
bench_REGIME_I_BENIGN_SURFACE_026,FB6_Additive_Cost_Planner,potato,BENIGN,0.02,0.116,0.096,MARKDOWN,0.0,0.0,0.0,180.0,6.0,4.8,190.8,120.0,"{0: 0.0101, 1: 0.0175, 2: 0.0181, 3: 0.0153, 4: 0.0169}",12,"['WAIT_SETTLE', 'WAIT_SETTLE', 'WAIT_SETTLE', 'WAIT_SETTLE', 'WAIT_SETTLE', 'WAIT_SETTLE', 'WAIT_SETTLE', 'WAIT_SETTLE', 'WAIT_SETTLE', 'WAIT_SETTLE', 'WAIT_SETTLE', 'WAIT_SETTLE']",6.0,120.0,REGIME_I_BENIGN_SURFACE,FB6_Additive_Cost,26
bench_REGIME_I_BENIGN_SURFACE_026,FB7_Exposure_Aware_Planner,potato,BENIGN,0.02,0.1103,0.0903,MARKDOWN,0.0,0.0,0.0,180.0,2.0,0.2,182.2,5.0,"{0: 0.0101, 1: 0.0175, 2: 0.0181, 3: 0.0153, 4: 0.0169}",2,"['OBSERVE_STRATUM', 'STOP_INSPECTION']",2.0,5.0,REGIME_I_BENIGN_SURFACE,FB7_Proposed,26
bench_REGIME_I_BENIGN_SURFACE_027,FB0_Surface_Only,potato,BENIGN,0.024,0.1104,0.0864,MARKDOWN,0.0,0.0,0.0,180.0,2.0,0.2,182.2,5.0,"{0: 0.0243, 1: 0.032, 2: 0.0225, 3: 0.0226, 4: 0.0228}",2,"['OBSERVE_STRATUM', 'STOP_INSPECTION']",2.0,5.0,REGIME_I_BENIGN_SURFACE,FB0_Surface_Only,27
bench_REGIME_I_BENIGN_SURFACE_027,FB1_Fixed_Sampling,potato,BENIGN,0.024,0.1082,0.0842,MARKDOWN,0.0,0.0,0.0,180.0,45.0,3.0,228.0,75.0,"{0: 0.0243, 1: 0.032, 2: 0.0225, 3: 0.0226, 4: 0.0228}",4,"['SAMPLE_UNITS', 'SAMPLE_UNITS', 'SAMPLE_UNITS', 'STOP_INSPECTION']",45.0,75.0,REGIME_I_BENIGN_SURFACE,FB1_Fixed_Random,27
bench_REGIME_I_BENIGN_SURFACE_027,FB2_Depth_Stratified,potato,BENIGN,0.024,0.0885,0.0645,MARKDOWN,0.0,0.0,0.0,180.0,42.0,11.4,233.4,285.0,"{0: 0.0243, 1: 0.032, 2: 0.0225, 3: 0.0226, 4: 0.0228}",10,"['OBSERVE_STRATUM', 'REMOVE_LAYER', 'OBSERVE_STRATUM', 'REMOVE_LAYER', 'OBSERVE_STRATUM', 'REMOVE_LAYER', 'OBSERVE_STRATUM', 'REMOVE_LAYER', 'OBSERVE_STRATUM', 'STOP_INSPECTION']",42.0,85.0,REGIME_I_BENIGN_SURFACE,FB2_Depth_Stratified,27
bench_REGIME_I_BENIGN_SURFACE_027,FB3_Macro_Myopic_VOI,potato,BENIGN,0.024,0.1124,0.0884,MARKDOWN,0.0,0.0,0.0,180.0,2.0,0.2,182.2,5.0,"{0: 0.0243, 1: 0.032, 2: 0.0225, 3: 0.0226, 4: 0.0228}",2,"['OBSERVE_STRATUM', 'STOP_INSPECTION']",2.0,5.0,REGIME_I_BENIGN_SURFACE,FB3_Macro_Myopic_VOI,27
bench_REGIME_I_BENIGN_SURFACE_027,FB5_State_Blind_Lookahead,potato,BENIGN,0.024,0.116,0.092,MARKDOWN,0.0,0.0,0.0,180.0,6.0,4.8,190.8,120.0,"{0: 0.0243, 1: 0.032, 2: 0.0225, 3: 0.0226, 4: 0.0228}",12,"['WAIT_SETTLE', 'WAIT_SETTLE', 'WAIT_SETTLE', 'WAIT_SETTLE', 'WAIT_SETTLE', 'WAIT_SETTLE', 'WAIT_SETTLE', 'WAIT_SETTLE', 'WAIT_SETTLE', 'WAIT_SETTLE', 'WAIT_SETTLE', 'WAIT_SETTLE']",6.0,120.0,REGIME_I_BENIGN_SURFACE,FB5_State_Blind,27
bench_REGIME_I_BENIGN_SURFACE_027,FB6_Additive_Cost_Planner,potato,BENIGN,0.024,0.116,0.092,MARKDOWN,0.0,0.0,0.0,180.0,6.0,4.8,190.8,120.0,"{0: 0.0243, 1: 0.032, 2: 0.0225, 3: 0.0226, 4: 0.0228}",12,"['WAIT_SETTLE', 'WAIT_SETTLE', 'WAIT_SETTLE', 'WAIT_SETTLE', 'WAIT_SETTLE', 'WAIT_SETTLE', 'WAIT_SETTLE', 'WAIT_SETTLE', 'WAIT_SETTLE', 'WAIT_SETTLE', 'WAIT_SETTLE', 'WAIT_SETTLE']",6.0,120.0,REGIME_I_BENIGN_SURFACE,FB6_Additive_Cost,27
bench_REGIME_I_BENIGN_SURFACE_027,FB7_Exposure_Aware_Planner,potato,BENIGN,0.024,0.1155,0.0915,MARKDOWN,0.0,0.0,0.0,180.0,2.0,0.2,182.2,5.0,"{0: 0.0243, 1: 0.032, 2: 0.0225, 3: 0.0226, 4: 0.0228}",2,"['OBSERVE_STRATUM', 'STOP_INSPECTION']",2.0,5.0,REGIME_I_BENIGN_SURFACE,FB7_Proposed,27
bench_REGIME_I_BENIGN_SURFACE_028,FB0_Surface_Only,potato,BENIGN,0.032,0.1091,0.0771,MARKDOWN,0.0,0.0,0.0,180.0,2.0,0.2,182.2,5.0,"{0: 0.0303, 1: 0.0203, 2: 0.0303, 3: 0.028, 4: 0.0303}",2,"['OBSERVE_STRATUM', 'STOP_INSPECTION']",2.0,5.0,REGIME_I_BENIGN_SURFACE,FB0_Surface_Only,28
bench_REGIME_I_BENIGN_SURFACE_028,FB1_Fixed_Sampling,potato,BENIGN,0.032,0.1061,0.0741,MARKDOWN,0.0,0.0,0.0,180.0,45.0,3.0,228.0,75.0,"{0: 0.0303, 1: 0.0203, 2: 0.0303, 3: 0.028, 4: 0.0303}",4,"['SAMPLE_UNITS', 'SAMPLE_UNITS', 'SAMPLE_UNITS', 'STOP_INSPECTION']",45.0,75.0,REGIME_I_BENIGN_SURFACE,FB1_Fixed_Random,28
bench_REGIME_I_BENIGN_SURFACE_028,FB2_Depth_Stratified,potato,BENIGN,0.032,0.0952,0.0632,MARKDOWN,0.0,0.0,0.0,180.0,42.0,11.4,233.4,285.0,"{0: 0.0303, 1: 0.0203, 2: 0.0303, 3: 0.028, 4: 0.0303}",10,"['OBSERVE_STRATUM', 'REMOVE_LAYER', 'OBSERVE_STRATUM', 'REMOVE_LAYER', 'OBSERVE_STRATUM', 'REMOVE_LAYER', 'OBSERVE_STRATUM', 'REMOVE_LAYER', 'OBSERVE_STRATUM', 'STOP_INSPECTION']",42.0,85.0,REGIME_I_BENIGN_SURFACE,FB2_Depth_Stratified,28
bench_REGIME_I_BENIGN_SURFACE_028,FB3_Macro_Myopic_VOI,potato,BENIGN,0.032,0.1144,0.0824,MARKDOWN,0.0,0.0,0.0,180.0,2.0,0.2,182.2,5.0,"{0: 0.0303, 1: 0.0203, 2: 0.0303, 3: 0.028, 4: 0.0303}",2,"['OBSERVE_STRATUM', 'STOP_INSPECTION']",2.0,5.0,REGIME_I_BENIGN_SURFACE,FB3_Macro_Myopic_VOI,28
bench_REGIME_I_BENIGN_SURFACE_028,FB5_State_Blind_Lookahead,potato,BENIGN,0.032,0.116,0.084,MARKDOWN,0.0,0.0,0.0,180.0,6.0,4.8,190.8,120.0,"{0: 0.0303, 1: 0.0203, 2: 0.0303, 3: 0.028, 4: 0.0303}",12,"['WAIT_SETTLE', 'WAIT_SETTLE', 'WAIT_SETTLE', 'WAIT_SETTLE', 'WAIT_SETTLE', 'WAIT_SETTLE', 'WAIT_SETTLE', 'WAIT_SETTLE', 'WAIT_SETTLE', 'WAIT_SETTLE', 'WAIT_SETTLE', 'WAIT_SETTLE']",6.0,120.0,REGIME_I_BENIGN_SURFACE,FB5_State_Blind,28
bench_REGIME_I_BENIGN_SURFACE_028,FB6_Additive_Cost_Planner,potato,BENIGN,0.032,0.116,0.084,MARKDOWN,0.0,0.0,0.0,180.0,6.0,4.8,190.8,120.0,"{0: 0.0303, 1: 0.0203, 2: 0.0303, 3: 0.028, 4: 0.0303}",12,"['WAIT_SETTLE', 'WAIT_SETTLE', 'WAIT_SETTLE', 'WAIT_SETTLE', 'WAIT_SETTLE', 'WAIT_SETTLE', 'WAIT_SETTLE', 'WAIT_SETTLE', 'WAIT_SETTLE', 'WAIT_SETTLE', 'WAIT_SETTLE', 'WAIT_SETTLE']",6.0,120.0,REGIME_I_BENIGN_SURFACE,FB6_Additive_Cost,28
bench_REGIME_I_BENIGN_SURFACE_028,FB7_Exposure_Aware_Planner,potato,BENIGN,0.032,0.1091,0.0771,MARKDOWN,0.0,0.0,0.0,180.0,2.0,0.2,182.2,5.0,"{0: 0.0303, 1: 0.0203, 2: 0.0303, 3: 0.028, 4: 0.0303}",2,"['OBSERVE_STRATUM', 'STOP_INSPECTION']",2.0,5.0,REGIME_I_BENIGN_SURFACE,FB7_Proposed,28
bench_REGIME_I_BENIGN_SURFACE_029,FB0_Surface_Only,potato,BENIGN,0.024,0.1138,0.0898,MARKDOWN,0.0,0.0,0.0,180.0,2.0,0.2,182.2,5.0,"{0: 0.017, 1: 0.0104, 2: 0.0202, 3: 0.0323, 4: 0.0272}",2,"['OBSERVE_STRATUM', 'STOP_INSPECTION']",2.0,5.0,REGIME_I_BENIGN_SURFACE,FB0_Surface_Only,29
bench_REGIME_I_BENIGN_SURFACE_029,FB1_Fixed_Sampling,potato,BENIGN,0.024,0.107,0.083,MARKDOWN,0.0,0.0,0.0,180.0,45.0,3.0,228.0,75.0,"{0: 0.017, 1: 0.0104, 2: 0.0202, 3: 0.0323, 4: 0.0272}",4,"['SAMPLE_UNITS', 'SAMPLE_UNITS', 'SAMPLE_UNITS', 'STOP_INSPECTION']",45.0,75.0,REGIME_I_BENIGN_SURFACE,FB1_Fixed_Random,29
bench_REGIME_I_BENIGN_SURFACE_029,FB2_Depth_Stratified,potato,BENIGN,0.024,0.0768,0.0528,MARKDOWN,0.0,0.0,0.0,180.0,42.0,11.4,233.4,285.0,"{0: 0.017, 1: 0.0104, 2: 0.0202, 3: 0.0323, 4: 0.0272}",10,"['OBSERVE_STRATUM', 'REMOVE_LAYER', 'OBSERVE_STRATUM', 'REMOVE_LAYER', 'OBSERVE_STRATUM', 'REMOVE_LAYER', 'OBSERVE_STRATUM', 'REMOVE_LAYER', 'OBSERVE_STRATUM', 'STOP_INSPECTION']",42.0,85.0,REGIME_I_BENIGN_SURFACE,FB2_Depth_Stratified,29
bench_REGIME_I_BENIGN_SURFACE_029,FB3_Macro_Myopic_VOI,potato,BENIGN,0.024,0.1141,0.0901,MARKDOWN,0.0,0.0,0.0,180.0,2.0,0.2,182.2,5.0,"{0: 0.017, 1: 0.0104, 2: 0.0202, 3: 0.0323, 4: 0.0272}",2,"['OBSERVE_STRATUM', 'STOP_INSPECTION']",2.0,5.0,REGIME_I_BENIGN_SURFACE,FB3_Macro_Myopic_VOI,29
bench_REGIME_I_BENIGN_SURFACE_029,FB5_State_Blind_Lookahead,potato,BENIGN,0.024,0.116,0.092,MARKDOWN,0.0,0.0,0.0,180.0,6.0,4.8,190.8,120.0,"{0: 0.017, 1: 0.0104, 2: 0.0202, 3: 0.0323, 4: 0.0272}",12,"['WAIT_SETTLE', 'WAIT_SETTLE', 'WAIT_SETTLE', 'WAIT_SETTLE', 'WAIT_SETTLE', 'WAIT_SETTLE', 'WAIT_SETTLE', 'WAIT_SETTLE', 'WAIT_SETTLE', 'WAIT_SETTLE', 'WAIT_SETTLE', 'WAIT_SETTLE']",6.0,120.0,REGIME_I_BENIGN_SURFACE,FB5_State_Blind,29
bench_REGIME_I_BENIGN_SURFACE_029,FB6_Additive_Cost_Planner,potato,BENIGN,0.024,0.116,0.092,MARKDOWN,0.0,0.0,0.0,180.0,6.0,4.8,190.8,120.0,"{0: 0.017, 1: 0.0104, 2: 0.0202, 3: 0.0323, 4: 0.0272}",12,"['WAIT_SETTLE', 'WAIT_SETTLE', 'WAIT_SETTLE', 'WAIT_SETTLE', 'WAIT_SETTLE', 'WAIT_SETTLE', 'WAIT_SETTLE', 'WAIT_SETTLE', 'WAIT_SETTLE', 'WAIT_SETTLE', 'WAIT_SETTLE', 'WAIT_SETTLE']",6.0,120.0,REGIME_I_BENIGN_SURFACE,FB6_Additive_Cost,29
bench_REGIME_I_BENIGN_SURFACE_029,FB7_Exposure_Aware_Planner,potato,BENIGN,0.024,0.1105,0.0865,MARKDOWN,0.0,0.0,0.0,180.0,2.0,0.2,182.2,5.0,"{0: 0.017, 1: 0.0104, 2: 0.0202, 3: 0.0323, 4: 0.0272}",2,"['OBSERVE_STRATUM', 'STOP_INSPECTION']",2.0,5.0,REGIME_I_BENIGN_SURFACE,FB7_Proposed,29
bench_REGIME_I_BENIGN_SURFACE_030,FB0_Surface_Only,potato,BENIGN,0.02,0.1091,0.0891,MARKDOWN,0.0,0.0,0.0,180.0,2.0,0.2,182.2,5.0,"{0: 0.0121, 1: 0.0203, 2: 0.0193, 3: 0.0289, 4: 0.0265}",2,"['OBSERVE_STRATUM', 'STOP_INSPECTION']",2.0,5.0,REGIME_I_BENIGN_SURFACE,FB0_Surface_Only,30
bench_REGIME_I_BENIGN_SURFACE_030,FB1_Fixed_Sampling,potato,BENIGN,0.02,0.1099,0.0899,MARKDOWN,0.0,0.0,0.0,180.0,45.0,3.0,228.0,75.0,"{0: 0.0121, 1: 0.0203, 2: 0.0193, 3: 0.0289, 4: 0.0265}",4,"['SAMPLE_UNITS', 'SAMPLE_UNITS', 'SAMPLE_UNITS', 'STOP_INSPECTION']",45.0,75.0,REGIME_I_BENIGN_SURFACE,FB1_Fixed_Random,30
bench_REGIME_I_BENIGN_SURFACE_030,FB2_Depth_Stratified,potato,BENIGN,0.02,0.0849,0.0649,MARKDOWN,0.0,0.0,0.0,180.0,42.0,11.4,233.4,285.0,"{0: 0.0121, 1: 0.0203, 2: 0.0193, 3: 0.0289, 4: 0.0265}",10,"['OBSERVE_STRATUM', 'REMOVE_LAYER', 'OBSERVE_STRATUM', 'REMOVE_LAYER', 'OBSERVE_STRATUM', 'REMOVE_LAYER', 'OBSERVE_STRATUM', 'REMOVE_LAYER', 'OBSERVE_STRATUM', 'STOP_INSPECTION']",42.0,85.0,REGIME_I_BENIGN_SURFACE,FB2_Depth_Stratified,30
bench_REGIME_I_BENIGN_SURFACE_030,FB3_Macro_Myopic_VOI,potato,BENIGN,0.02,0.1119,0.0919,MARKDOWN,0.0,0.0,0.0,180.0,2.0,0.2,182.2,5.0,"{0: 0.0121, 1: 0.0203, 2: 0.0193, 3: 0.0289, 4: 0.0265}",2,"['OBSERVE_STRATUM', 'STOP_INSPECTION']",2.0,5.0,REGIME_I_BENIGN_SURFACE,FB3_Macro_Myopic_VOI,30
bench_REGIME_I_BENIGN_SURFACE_030,FB5_State_Blind_Lookahead,potato,BENIGN,0.02,0.116,0.096,MARKDOWN,0.0,0.0,0.0,180.0,6.0,4.8,190.8,120.0,"{0: 0.0121, 1: 0.0203, 2: 0.0193, 3: 0.0289, 4: 0.0265}",12,"['WAIT_SETTLE', 'WAIT_SETTLE', 'WAIT_SETTLE', 'WAIT_SETTLE', 'WAIT_SETTLE', 'WAIT_SETTLE', 'WAIT_SETTLE', 'WAIT_SETTLE', 'WAIT_SETTLE', 'WAIT_SETTLE', 'WAIT_SETTLE', 'WAIT_SETTLE']",6.0,120.0,REGIME_I_BENIGN_SURFACE,FB5_State_Blind,30
bench_REGIME_I_BENIGN_SURFACE_030,FB6_Additive_Cost_Planner,potato,BENIGN,0.02,0.116,0.096,MARKDOWN,0.0,0.0,0.0,180.0,6.0,4.8,190.8,120.0,"{0: 0.0121, 1: 0.0203, 2: 0.0193, 3: 0.0289, 4: 0.0265}",12,"['WAIT_SETTLE', 'WAIT_SETTLE', 'WAIT_SETTLE', 'WAIT_SETTLE', 'WAIT_SETTLE', 'WAIT_SETTLE', 'WAIT_SETTLE', 'WAIT_SETTLE', 'WAIT_SETTLE', 'WAIT_SETTLE', 'WAIT_SETTLE', 'WAIT_SETTLE']",6.0,120.0,REGIME_I_BENIGN_SURFACE,FB6_Additive_Cost,30
bench_REGIME_I_BENIGN_SURFACE_030,FB7_Exposure_Aware_Planner,potato,BENIGN,0.02,0.1135,0.0935,MARKDOWN,0.0,0.0,0.0,180.0,2.0,0.2,182.2,5.0,"{0: 0.0121, 1: 0.0203, 2: 0.0193, 3: 0.0289, 4: 0.0265}",2,"['OBSERVE_STRATUM', 'STOP_INSPECTION']",2.0,5.0,REGIME_I_BENIGN_SURFACE,FB7_Proposed,30
bench_REGIME_I_BENIGN_SURFACE_031,FB0_Surface_Only,potato,BENIGN,0.024,0.1115,0.0875,MARKDOWN,0.0,0.0,0.0,180.0,2.0,0.2,182.2,5.0,"{0: 0.0208, 1: 0.0371, 2: 0.0256, 3: 0.0271, 4: 0.0179}",2,"['OBSERVE_STRATUM', 'STOP_INSPECTION']",2.0,5.0,REGIME_I_BENIGN_SURFACE,FB0_Surface_Only,31
bench_REGIME_I_BENIGN_SURFACE_031,FB1_Fixed_Sampling,potato,BENIGN,0.024,0.106,0.082,MARKDOWN,0.0,0.0,0.0,180.0,45.0,3.0,228.0,75.0,"{0: 0.0208, 1: 0.0371, 2: 0.0256, 3: 0.0271, 4: 0.0179}",4,"['SAMPLE_UNITS', 'SAMPLE_UNITS', 'SAMPLE_UNITS', 'STOP_INSPECTION']",45.0,75.0,REGIME_I_BENIGN_SURFACE,FB1_Fixed_Random,31
bench_REGIME_I_BENIGN_SURFACE_031,FB2_Depth_Stratified,potato,BENIGN,0.024,0.0833,0.0593,MARKDOWN,0.0,0.0,0.0,180.0,42.0,11.4,233.4,285.0,"{0: 0.0208, 1: 0.0371, 2: 0.0256, 3: 0.0271, 4: 0.0179}",10,"['OBSERVE_STRATUM', 'REMOVE_LAYER', 'OBSERVE_STRATUM', 'REMOVE_LAYER', 'OBSERVE_STRATUM', 'REMOVE_LAYER', 'OBSERVE_STRATUM', 'REMOVE_LAYER', 'OBSERVE_STRATUM', 'STOP_INSPECTION']",42.0,85.0,REGIME_I_BENIGN_SURFACE,FB2_Depth_Stratified,31
bench_REGIME_I_BENIGN_SURFACE_031,FB3_Macro_Myopic_VOI,potato,BENIGN,0.024,0.1099,0.0859,MARKDOWN,0.0,0.0,0.0,180.0,2.0,0.2,182.2,5.0,"{0: 0.0208, 1: 0.0371, 2: 0.0256, 3: 0.0271, 4: 0.0179}",2,"['OBSERVE_STRATUM', 'STOP_INSPECTION']",2.0,5.0,REGIME_I_BENIGN_SURFACE,FB3_Macro_Myopic_VOI,31
bench_REGIME_I_BENIGN_SURFACE_031,FB5_State_Blind_Lookahead,potato,BENIGN,0.024,0.116,0.092,MARKDOWN,0.0,0.0,0.0,180.0,6.0,4.8,190.8,120.0,"{0: 0.0208, 1: 0.0371, 2: 0.0256, 3: 0.0271, 4: 0.0179}",12,"['WAIT_SETTLE', 'WAIT_SETTLE', 'WAIT_SETTLE', 'WAIT_SETTLE', 'WAIT_SETTLE', 'WAIT_SETTLE', 'WAIT_SETTLE', 'WAIT_SETTLE', 'WAIT_SETTLE', 'WAIT_SETTLE', 'WAIT_SETTLE', 'WAIT_SETTLE']",6.0,120.0,REGIME_I_BENIGN_SURFACE,FB5_State_Blind,31
bench_REGIME_I_BENIGN_SURFACE_031,FB6_Additive_Cost_Planner,potato,BENIGN,0.024,0.116,0.092,MARKDOWN,0.0,0.0,0.0,180.0,6.0,4.8,190.8,120.0,"{0: 0.0208, 1: 0.0371, 2: 0.0256, 3: 0.0271, 4: 0.0179}",12,"['WAIT_SETTLE', 'WAIT_SETTLE', 'WAIT_SETTLE', 'WAIT_SETTLE', 'WAIT_SETTLE', 'WAIT_SETTLE', 'WAIT_SETTLE', 'WAIT_SETTLE', 'WAIT_SETTLE', 'WAIT_SETTLE', 'WAIT_SETTLE', 'WAIT_SETTLE']",6.0,120.0,REGIME_I_BENIGN_SURFACE,FB6_Additive_Cost,31
bench_REGIME_I_BENIGN_SURFACE_031,FB7_Exposure_Aware_Planner,potato,BENIGN,0.024,0.1105,0.0865,MARKDOWN,0.0,0.0,0.0,180.0,2.0,0.2,182.2,5.0,"{0: 0.0208, 1: 0.0371, 2: 0.0256, 3: 0.0271, 4: 0.0179}",2,"['OBSERVE_STRATUM', 'STOP_INSPECTION']",2.0,5.0,REGIME_I_BENIGN_SURFACE,FB7_Proposed,31
bench_REGIME_I_BENIGN_SURFACE_032,FB0_Surface_Only,potato,BENIGN,0.02,0.1131,0.0931,MARKDOWN,0.0,0.0,0.0,180.0,2.0,0.2,182.2,5.0,"{0: 0.0162, 1: 0.0284, 2: 0.0247, 3: 0.0132, 4: 0.0187}",2,"['OBSERVE_STRATUM', 'STOP_INSPECTION']",2.0,5.0,REGIME_I_BENIGN_SURFACE,FB0_Surface_Only,32
bench_REGIME_I_BENIGN_SURFACE_032,FB1_Fixed_Sampling,potato,BENIGN,0.02,0.1066,0.0866,MARKDOWN,0.0,0.0,0.0,180.0,45.0,3.0,228.0,75.0,"{0: 0.0162, 1: 0.0284, 2: 0.0247, 3: 0.0132, 4: 0.0187}",4,"['SAMPLE_UNITS', 'SAMPLE_UNITS', 'SAMPLE_UNITS', 'STOP_INSPECTION']",45.0,75.0,REGIME_I_BENIGN_SURFACE,FB1_Fixed_Random,32
bench_REGIME_I_BENIGN_SURFACE_032,FB2_Depth_Stratified,potato,BENIGN,0.02,0.0872,0.0672,MARKDOWN,0.0,0.0,0.0,180.0,42.0,11.4,233.4,285.0,"{0: 0.0162, 1: 0.0284, 2: 0.0247, 3: 0.0132, 4: 0.0187}",10,"['OBSERVE_STRATUM', 'REMOVE_LAYER', 'OBSERVE_STRATUM', 'REMOVE_LAYER', 'OBSERVE_STRATUM', 'REMOVE_LAYER', 'OBSERVE_STRATUM', 'REMOVE_LAYER', 'OBSERVE_STRATUM', 'STOP_INSPECTION']",42.0,85.0,REGIME_I_BENIGN_SURFACE,FB2_Depth_Stratified,32
bench_REGIME_I_BENIGN_SURFACE_032,FB3_Macro_Myopic_VOI,potato,BENIGN,0.02,0.1091,0.0891,MARKDOWN,0.0,0.0,0.0,180.0,2.0,0.2,182.2,5.0,"{0: 0.0162, 1: 0.0284, 2: 0.0247, 3: 0.0132, 4: 0.0187}",2,"['OBSERVE_STRATUM', 'STOP_INSPECTION']",2.0,5.0,REGIME_I_BENIGN_SURFACE,FB3_Macro_Myopic_VOI,32
bench_REGIME_I_BENIGN_SURFACE_032,FB5_State_Blind_Lookahead,potato,BENIGN,0.02,0.116,0.096,MARKDOWN,0.0,0.0,0.0,180.0,6.0,4.8,190.8,120.0,"{0: 0.0162, 1: 0.0284, 2: 0.0247, 3: 0.0132, 4: 0.0187}",12,"['WAIT_SETTLE', 'WAIT_SETTLE', 'WAIT_SETTLE', 'WAIT_SETTLE', 'WAIT_SETTLE', 'WAIT_SETTLE', 'WAIT_SETTLE', 'WAIT_SETTLE', 'WAIT_SETTLE', 'WAIT_SETTLE', 'WAIT_SETTLE', 'WAIT_SETTLE']",6.0,120.0,REGIME_I_BENIGN_SURFACE,FB5_State_Blind,32
bench_REGIME_I_BENIGN_SURFACE_032,FB6_Additive_Cost_Planner,potato,BENIGN,0.02,0.116,0.096,MARKDOWN,0.0,0.0,0.0,180.0,6.0,4.8,190.8,120.0,"{0: 0.0162, 1: 0.0284, 2: 0.0247, 3: 0.0132, 4: 0.0187}",12,"['WAIT_SETTLE', 'WAIT_SETTLE', 'WAIT_SETTLE', 'WAIT_SETTLE', 'WAIT_SETTLE', 'WAIT_SETTLE', 'WAIT_SETTLE', 'WAIT_SETTLE', 'WAIT_SETTLE', 'WAIT_SETTLE', 'WAIT_SETTLE', 'WAIT_SETTLE']",6.0,120.0,REGIME_I_BENIGN_SURFACE,FB6_Additive_Cost,32
bench_REGIME_I_BENIGN_SURFACE_032,FB7_Exposure_Aware_Planner,potato,BENIGN,0.02,0.1109,0.0909,MARKDOWN,0.0,0.0,0.0,180.0,2.0,0.2,182.2,5.0,"{0: 0.0162, 1: 0.0284, 2: 0.0247, 3: 0.0132, 4: 0.0187}",2,"['OBSERVE_STRATUM', 'STOP_INSPECTION']",2.0,5.0,REGIME_I_BENIGN_SURFACE,FB7_Proposed,32
bench_REGIME_I_BENIGN_SURFACE_033,FB0_Surface_Only,potato,BENIGN,0.024,0.1105,0.0865,MARKDOWN,0.0,0.0,0.0,180.0,2.0,0.2,182.2,5.0,"{0: 0.0105, 1: 0.0362, 2: 0.0189, 3: 0.021, 4: 0.0159}",2,"['OBSERVE_STRATUM', 'STOP_INSPECTION']",2.0,5.0,REGIME_I_BENIGN_SURFACE,FB0_Surface_Only,33
bench_REGIME_I_BENIGN_SURFACE_033,FB1_Fixed_Sampling,potato,BENIGN,0.024,0.1064,0.0824,MARKDOWN,0.0,0.0,0.0,180.0,45.0,3.0,228.0,75.0,"{0: 0.0105, 1: 0.0362, 2: 0.0189, 3: 0.021, 4: 0.0159}",4,"['SAMPLE_UNITS', 'SAMPLE_UNITS', 'SAMPLE_UNITS', 'STOP_INSPECTION']",45.0,75.0,REGIME_I_BENIGN_SURFACE,FB1_Fixed_Random,33
bench_REGIME_I_BENIGN_SURFACE_033,FB2_Depth_Stratified,potato,BENIGN,0.024,0.0871,0.0631,MARKDOWN,0.0,0.0,0.0,180.0,42.0,11.4,233.4,285.0,"{0: 0.0105, 1: 0.0362, 2: 0.0189, 3: 0.021, 4: 0.0159}",10,"['OBSERVE_STRATUM', 'REMOVE_LAYER', 'OBSERVE_STRATUM', 'REMOVE_LAYER', 'OBSERVE_STRATUM', 'REMOVE_LAYER', 'OBSERVE_STRATUM', 'REMOVE_LAYER', 'OBSERVE_STRATUM', 'STOP_INSPECTION']",42.0,85.0,REGIME_I_BENIGN_SURFACE,FB2_Depth_Stratified,33
bench_REGIME_I_BENIGN_SURFACE_033,FB3_Macro_Myopic_VOI,potato,BENIGN,0.024,0.1091,0.0851,MARKDOWN,0.0,0.0,0.0,180.0,2.0,0.2,182.2,5.0,"{0: 0.0105, 1: 0.0362, 2: 0.0189, 3: 0.021, 4: 0.0159}",2,"['OBSERVE_STRATUM', 'STOP_INSPECTION']",2.0,5.0,REGIME_I_BENIGN_SURFACE,FB3_Macro_Myopic_VOI,33
bench_REGIME_I_BENIGN_SURFACE_033,FB5_State_Blind_Lookahead,potato,BENIGN,0.024,0.116,0.092,MARKDOWN,0.0,0.0,0.0,180.0,6.0,4.8,190.8,120.0,"{0: 0.0105, 1: 0.0362, 2: 0.0189, 3: 0.021, 4: 0.0159}",12,"['WAIT_SETTLE', 'WAIT_SETTLE', 'WAIT_SETTLE', 'WAIT_SETTLE', 'WAIT_SETTLE', 'WAIT_SETTLE', 'WAIT_SETTLE', 'WAIT_SETTLE', 'WAIT_SETTLE', 'WAIT_SETTLE', 'WAIT_SETTLE', 'WAIT_SETTLE']",6.0,120.0,REGIME_I_BENIGN_SURFACE,FB5_State_Blind,33
bench_REGIME_I_BENIGN_SURFACE_033,FB6_Additive_Cost_Planner,potato,BENIGN,0.024,0.116,0.092,MARKDOWN,0.0,0.0,0.0,180.0,6.0,4.8,190.8,120.0,"{0: 0.0105, 1: 0.0362, 2: 0.0189, 3: 0.021, 4: 0.0159}",12,"['WAIT_SETTLE', 'WAIT_SETTLE', 'WAIT_SETTLE', 'WAIT_SETTLE', 'WAIT_SETTLE', 'WAIT_SETTLE', 'WAIT_SETTLE', 'WAIT_SETTLE', 'WAIT_SETTLE', 'WAIT_SETTLE', 'WAIT_SETTLE', 'WAIT_SETTLE']",6.0,120.0,REGIME_I_BENIGN_SURFACE,FB6_Additive_Cost,33
bench_REGIME_I_BENIGN_SURFACE_033,FB7_Exposure_Aware_Planner,potato,BENIGN,0.024,0.1091,0.0851,MARKDOWN,0.0,0.0,0.0,180.0,2.0,0.2,182.2,5.0,"{0: 0.0105, 1: 0.0362, 2: 0.0189, 3: 0.021, 4: 0.0159}",2,"['OBSERVE_STRATUM', 'STOP_INSPECTION']",2.0,5.0,REGIME_I_BENIGN_SURFACE,FB7_Proposed,33
bench_REGIME_I_BENIGN_SURFACE_034,FB0_Surface_Only,potato,BENIGN,0.028,0.1128,0.0848,MARKDOWN,0.0,0.0,0.0,180.0,2.0,0.2,182.2,5.0,"{0: 0.0376, 1: 0.0106, 2: 0.0291, 3: 0.0318, 4: 0.0128}",2,"['OBSERVE_STRATUM', 'STOP_INSPECTION']",2.0,5.0,REGIME_I_BENIGN_SURFACE,FB0_Surface_Only,34
bench_REGIME_I_BENIGN_SURFACE_034,FB1_Fixed_Sampling,potato,BENIGN,0.028,0.1117,0.0837,MARKDOWN,0.0,0.0,0.0,180.0,45.0,3.0,228.0,75.0,"{0: 0.0376, 1: 0.0106, 2: 0.0291, 3: 0.0318, 4: 0.0128}",4,"['SAMPLE_UNITS', 'SAMPLE_UNITS', 'SAMPLE_UNITS', 'STOP_INSPECTION']",45.0,75.0,REGIME_I_BENIGN_SURFACE,FB1_Fixed_Random,34
bench_REGIME_I_BENIGN_SURFACE_034,FB2_Depth_Stratified,potato,BENIGN,0.028,0.0877,0.0597,MARKDOWN,0.0,0.0,0.0,180.0,42.0,11.4,233.4,285.0,"{0: 0.0376, 1: 0.0106, 2: 0.0291, 3: 0.0318, 4: 0.0128}",10,"['OBSERVE_STRATUM', 'REMOVE_LAYER', 'OBSERVE_STRATUM', 'REMOVE_LAYER', 'OBSERVE_STRATUM', 'REMOVE_LAYER', 'OBSERVE_STRATUM', 'REMOVE_LAYER', 'OBSERVE_STRATUM', 'STOP_INSPECTION']",42.0,85.0,REGIME_I_BENIGN_SURFACE,FB2_Depth_Stratified,34
bench_REGIME_I_BENIGN_SURFACE_034,FB3_Macro_Myopic_VOI,potato,BENIGN,0.028,0.111,0.083,MARKDOWN,0.0,0.0,0.0,180.0,2.0,0.2,182.2,5.0,"{0: 0.0376, 1: 0.0106, 2: 0.0291, 3: 0.0318, 4: 0.0128}",2,"['OBSERVE_STRATUM', 'STOP_INSPECTION']",2.0,5.0,REGIME_I_BENIGN_SURFACE,FB3_Macro_Myopic_VOI,34
bench_REGIME_I_BENIGN_SURFACE_034,FB5_State_Blind_Lookahead,potato,BENIGN,0.028,0.116,0.088,MARKDOWN,0.0,0.0,0.0,180.0,6.0,4.8,190.8,120.0,"{0: 0.0376, 1: 0.0106, 2: 0.0291, 3: 0.0318, 4: 0.0128}",12,"['WAIT_SETTLE', 'WAIT_SETTLE', 'WAIT_SETTLE', 'WAIT_SETTLE', 'WAIT_SETTLE', 'WAIT_SETTLE', 'WAIT_SETTLE', 'WAIT_SETTLE', 'WAIT_SETTLE', 'WAIT_SETTLE', 'WAIT_SETTLE', 'WAIT_SETTLE']",6.0,120.0,REGIME_I_BENIGN_SURFACE,FB5_State_Blind,34
bench_REGIME_I_BENIGN_SURFACE_034,FB6_Additive_Cost_Planner,potato,BENIGN,0.028,0.116,0.088,MARKDOWN,0.0,0.0,0.0,180.0,6.0,4.8,190.8,120.0,"{0: 0.0376, 1: 0.0106, 2: 0.0291, 3: 0.0318, 4: 0.0128}",12,"['WAIT_SETTLE', 'WAIT_SETTLE', 'WAIT_SETTLE', 'WAIT_SETTLE', 'WAIT_SETTLE', 'WAIT_SETTLE', 'WAIT_SETTLE', 'WAIT_SETTLE', 'WAIT_SETTLE', 'WAIT_SETTLE', 'WAIT_SETTLE', 'WAIT_SETTLE']",6.0,120.0,REGIME_I_BENIGN_SURFACE,FB6_Additive_Cost,34
bench_REGIME_I_BENIGN_SURFACE_034,FB7_Exposure_Aware_Planner,potato,BENIGN,0.028,0.1096,0.0816,MARKDOWN,0.0,0.0,0.0,180.0,2.0,0.2,182.2,5.0,"{0: 0.0376, 1: 0.0106, 2: 0.0291, 3: 0.0318, 4: 0.0128}",2,"['OBSERVE_STRATUM', 'STOP_INSPECTION']",2.0,5.0,REGIME_I_BENIGN_SURFACE,FB7_Proposed,34
bench_REGIME_I_BENIGN_SURFACE_035,FB0_Surface_Only,potato,BENIGN,0.036,0.11,0.074,MARKDOWN,0.0,0.0,0.0,180.0,2.0,0.2,182.2,5.0,"{0: 0.0321, 1: 0.0311, 2: 0.0187, 3: 0.0363, 4: 0.0364}",2,"['OBSERVE_STRATUM', 'STOP_INSPECTION']",2.0,5.0,REGIME_I_BENIGN_SURFACE,FB0_Surface_Only,35
bench_REGIME_I_BENIGN_SURFACE_035,FB1_Fixed_Sampling,potato,BENIGN,0.036,0.1101,0.0741,MARKDOWN,0.0,0.0,0.0,180.0,45.0,3.0,228.0,75.0,"{0: 0.0321, 1: 0.0311, 2: 0.0187, 3: 0.0363, 4: 0.0364}",4,"['SAMPLE_UNITS', 'SAMPLE_UNITS', 'SAMPLE_UNITS', 'STOP_INSPECTION']",45.0,75.0,REGIME_I_BENIGN_SURFACE,FB1_Fixed_Random,35
bench_REGIME_I_BENIGN_SURFACE_035,FB2_Depth_Stratified,potato,BENIGN,0.036,0.0837,0.0477,MARKDOWN,0.0,0.0,0.0,180.0,42.0,11.4,233.4,285.0,"{0: 0.0321, 1: 0.0311, 2: 0.0187, 3: 0.0363, 4: 0.0364}",10,"['OBSERVE_STRATUM', 'REMOVE_LAYER', 'OBSERVE_STRATUM', 'REMOVE_LAYER', 'OBSERVE_STRATUM', 'REMOVE_LAYER', 'OBSERVE_STRATUM', 'REMOVE_LAYER', 'OBSERVE_STRATUM', 'STOP_INSPECTION']",42.0,85.0,REGIME_I_BENIGN_SURFACE,FB2_Depth_Stratified,35
bench_REGIME_I_BENIGN_SURFACE_035,FB3_Macro_Myopic_VOI,potato,BENIGN,0.036,0.1125,0.0765,MARKDOWN,0.0,0.0,0.0,180.0,2.0,0.2,182.2,5.0,"{0: 0.0321, 1: 0.0311, 2: 0.0187, 3: 0.0363, 4: 0.0364}",2,"['OBSERVE_STRATUM', 'STOP_INSPECTION']",2.0,5.0,REGIME_I_BENIGN_SURFACE,FB3_Macro_Myopic_VOI,35
bench_REGIME_I_BENIGN_SURFACE_035,FB5_State_Blind_Lookahead,potato,BENIGN,0.036,0.116,0.08,MARKDOWN,0.0,0.0,0.0,180.0,6.0,4.8,190.8,120.0,"{0: 0.0321, 1: 0.0311, 2: 0.0187, 3: 0.0363, 4: 0.0364}",12,"['WAIT_SETTLE', 'WAIT_SETTLE', 'WAIT_SETTLE', 'WAIT_SETTLE', 'WAIT_SETTLE', 'WAIT_SETTLE', 'WAIT_SETTLE', 'WAIT_SETTLE', 'WAIT_SETTLE', 'WAIT_SETTLE', 'WAIT_SETTLE', 'WAIT_SETTLE']",6.0,120.0,REGIME_I_BENIGN_SURFACE,FB5_State_Blind,35
bench_REGIME_I_BENIGN_SURFACE_035,FB6_Additive_Cost_Planner,potato,BENIGN,0.036,0.116,0.08,MARKDOWN,0.0,0.0,0.0,180.0,6.0,4.8,190.8,120.0,"{0: 0.0321, 1: 0.0311, 2: 0.0187, 3: 0.0363, 4: 0.0364}",12,"['WAIT_SETTLE', 'WAIT_SETTLE', 'WAIT_SETTLE', 'WAIT_SETTLE', 'WAIT_SETTLE', 'WAIT_SETTLE', 'WAIT_SETTLE', 'WAIT_SETTLE', 'WAIT_SETTLE', 'WAIT_SETTLE', 'WAIT_SETTLE', 'WAIT_SETTLE']",6.0,120.0,REGIME_I_BENIGN_SURFACE,FB6_Additive_Cost,35
bench_REGIME_I_BENIGN_SURFACE_035,FB7_Exposure_Aware_Planner,potato,BENIGN,0.036,0.1134,0.0774,MARKDOWN,0.0,0.0,0.0,180.0,2.0,0.2,182.2,5.0,"{0: 0.0321, 1: 0.0311, 2: 0.0187, 3: 0.0363, 4: 0.0364}",2,"['OBSERVE_STRATUM', 'STOP_INSPECTION']",2.0,5.0,REGIME_I_BENIGN_SURFACE,FB7_Proposed,35
bench_REGIME_I_BENIGN_SURFACE_036,FB0_Surface_Only,potato,BENIGN,0.028,0.1102,0.0822,MARKDOWN,0.0,0.0,0.0,180.0,2.0,0.2,182.2,5.0,"{0: 0.0301, 1: 0.0162, 2: 0.0195, 3: 0.0367, 4: 0.0156}",2,"['OBSERVE_STRATUM', 'STOP_INSPECTION']",2.0,5.0,REGIME_I_BENIGN_SURFACE,FB0_Surface_Only,36
bench_REGIME_I_BENIGN_SURFACE_036,FB1_Fixed_Sampling,potato,BENIGN,0.028,0.1095,0.0815,MARKDOWN,0.0,0.0,0.0,180.0,45.0,3.0,228.0,75.0,"{0: 0.0301, 1: 0.0162, 2: 0.0195, 3: 0.0367, 4: 0.0156}",4,"['SAMPLE_UNITS', 'SAMPLE_UNITS', 'SAMPLE_UNITS', 'STOP_INSPECTION']",45.0,75.0,REGIME_I_BENIGN_SURFACE,FB1_Fixed_Random,36
bench_REGIME_I_BENIGN_SURFACE_036,FB2_Depth_Stratified,potato,BENIGN,0.028,0.0829,0.0549,MARKDOWN,0.0,0.0,0.0,180.0,42.0,11.4,233.4,285.0,"{0: 0.0301, 1: 0.0162, 2: 0.0195, 3: 0.0367, 4: 0.0156}",10,"['OBSERVE_STRATUM', 'REMOVE_LAYER', 'OBSERVE_STRATUM', 'REMOVE_LAYER', 'OBSERVE_STRATUM', 'REMOVE_LAYER', 'OBSERVE_STRATUM', 'REMOVE_LAYER', 'OBSERVE_STRATUM', 'STOP_INSPECTION']",42.0,85.0,REGIME_I_BENIGN_SURFACE,FB2_Depth_Stratified,36
bench_REGIME_I_BENIGN_SURFACE_036,FB3_Macro_Myopic_VOI,potato,BENIGN,0.028,0.1111,0.0831,MARKDOWN,0.0,0.0,0.0,180.0,2.0,0.2,182.2,5.0,"{0: 0.0301, 1: 0.0162, 2: 0.0195, 3: 0.0367, 4: 0.0156}",2,"['OBSERVE_STRATUM', 'STOP_INSPECTION']",2.0,5.0,REGIME_I_BENIGN_SURFACE,FB3_Macro_Myopic_VOI,36
bench_REGIME_I_BENIGN_SURFACE_036,FB5_State_Blind_Lookahead,potato,BENIGN,0.028,0.116,0.088,MARKDOWN,0.0,0.0,0.0,180.0,6.0,4.8,190.8,120.0,"{0: 0.0301, 1: 0.0162, 2: 0.0195, 3: 0.0367, 4: 0.0156}",12,"['WAIT_SETTLE', 'WAIT_SETTLE', 'WAIT_SETTLE', 'WAIT_SETTLE', 'WAIT_SETTLE', 'WAIT_SETTLE', 'WAIT_SETTLE', 'WAIT_SETTLE', 'WAIT_SETTLE', 'WAIT_SETTLE', 'WAIT_SETTLE', 'WAIT_SETTLE']",6.0,120.0,REGIME_I_BENIGN_SURFACE,FB5_State_Blind,36
bench_REGIME_I_BENIGN_SURFACE_036,FB6_Additive_Cost_Planner,potato,BENIGN,0.028,0.116,0.088,MARKDOWN,0.0,0.0,0.0,180.0,6.0,4.8,190.8,120.0,"{0: 0.0301, 1: 0.0162, 2: 0.0195, 3: 0.0367, 4: 0.0156}",12,"['WAIT_SETTLE', 'WAIT_SETTLE', 'WAIT_SETTLE', 'WAIT_SETTLE', 'WAIT_SETTLE', 'WAIT_SETTLE', 'WAIT_SETTLE', 'WAIT_SETTLE', 'WAIT_SETTLE', 'WAIT_SETTLE', 'WAIT_SETTLE', 'WAIT_SETTLE']",6.0,120.0,REGIME_I_BENIGN_SURFACE,FB6_Additive_Cost,36
bench_REGIME_I_BENIGN_SURFACE_036,FB7_Exposure_Aware_Planner,potato,BENIGN,0.028,0.1091,0.0811,MARKDOWN,0.0,0.0,0.0,180.0,2.0,0.2,182.2,5.0,"{0: 0.0301, 1: 0.0162, 2: 0.0195, 3: 0.0367, 4: 0.0156}",2,"['OBSERVE_STRATUM', 'STOP_INSPECTION']",2.0,5.0,REGIME_I_BENIGN_SURFACE,FB7_Proposed,36
bench_REGIME_I_BENIGN_SURFACE_037,FB0_Surface_Only,potato,BENIGN,0.028,0.1094,0.0814,MARKDOWN,0.0,0.0,0.0,180.0,2.0,0.2,182.2,5.0,"{0: 0.0349, 1: 0.013, 2: 0.032, 3: 0.0111, 4: 0.0289}",2,"['OBSERVE_STRATUM', 'STOP_INSPECTION']",2.0,5.0,REGIME_I_BENIGN_SURFACE,FB0_Surface_Only,37
bench_REGIME_I_BENIGN_SURFACE_037,FB1_Fixed_Sampling,potato,BENIGN,0.028,0.108,0.08,MARKDOWN,0.0,0.0,0.0,180.0,45.0,3.0,228.0,75.0,"{0: 0.0349, 1: 0.013, 2: 0.032, 3: 0.0111, 4: 0.0289}",4,"['SAMPLE_UNITS', 'SAMPLE_UNITS', 'SAMPLE_UNITS', 'STOP_INSPECTION']",45.0,75.0,REGIME_I_BENIGN_SURFACE,FB1_Fixed_Random,37
bench_REGIME_I_BENIGN_SURFACE_037,FB2_Depth_Stratified,potato,BENIGN,0.028,0.0863,0.0583,MARKDOWN,0.0,0.0,0.0,180.0,42.0,11.4,233.4,285.0,"{0: 0.0349, 1: 0.013, 2: 0.032, 3: 0.0111, 4: 0.0289}",10,"['OBSERVE_STRATUM', 'REMOVE_LAYER', 'OBSERVE_STRATUM', 'REMOVE_LAYER', 'OBSERVE_STRATUM', 'REMOVE_LAYER', 'OBSERVE_STRATUM', 'REMOVE_LAYER', 'OBSERVE_STRATUM', 'STOP_INSPECTION']",42.0,85.0,REGIME_I_BENIGN_SURFACE,FB2_Depth_Stratified,37
bench_REGIME_I_BENIGN_SURFACE_037,FB3_Macro_Myopic_VOI,potato,BENIGN,0.028,0.1121,0.0841,MARKDOWN,0.0,0.0,0.0,180.0,2.0,0.2,182.2,5.0,"{0: 0.0349, 1: 0.013, 2: 0.032, 3: 0.0111, 4: 0.0289}",2,"['OBSERVE_STRATUM', 'STOP_INSPECTION']",2.0,5.0,REGIME_I_BENIGN_SURFACE,FB3_Macro_Myopic_VOI,37
bench_REGIME_I_BENIGN_SURFACE_037,FB5_State_Blind_Lookahead,potato,BENIGN,0.028,0.116,0.088,MARKDOWN,0.0,0.0,0.0,180.0,6.0,4.8,190.8,120.0,"{0: 0.0349, 1: 0.013, 2: 0.032, 3: 0.0111, 4: 0.0289}",12,"['WAIT_SETTLE', 'WAIT_SETTLE', 'WAIT_SETTLE', 'WAIT_SETTLE', 'WAIT_SETTLE', 'WAIT_SETTLE', 'WAIT_SETTLE', 'WAIT_SETTLE', 'WAIT_SETTLE', 'WAIT_SETTLE', 'WAIT_SETTLE', 'WAIT_SETTLE']",6.0,120.0,REGIME_I_BENIGN_SURFACE,FB5_State_Blind,37
bench_REGIME_I_BENIGN_SURFACE_037,FB6_Additive_Cost_Planner,potato,BENIGN,0.028,0.116,0.088,MARKDOWN,0.0,0.0,0.0,180.0,6.0,4.8,190.8,120.0,"{0: 0.0349, 1: 0.013, 2: 0.032, 3: 0.0111, 4: 0.0289}",12,"['WAIT_SETTLE', 'WAIT_SETTLE', 'WAIT_SETTLE', 'WAIT_SETTLE', 'WAIT_SETTLE', 'WAIT_SETTLE', 'WAIT_SETTLE', 'WAIT_SETTLE', 'WAIT_SETTLE', 'WAIT_SETTLE', 'WAIT_SETTLE', 'WAIT_SETTLE']",6.0,120.0,REGIME_I_BENIGN_SURFACE,FB6_Additive_Cost,37
bench_REGIME_I_BENIGN_SURFACE_037,FB7_Exposure_Aware_Planner,potato,BENIGN,0.028,0.114,0.086,MARKDOWN,0.0,0.0,0.0,180.0,2.0,0.2,182.2,5.0,"{0: 0.0349, 1: 0.013, 2: 0.032, 3: 0.0111, 4: 0.0289}",2,"['OBSERVE_STRATUM', 'STOP_INSPECTION']",2.0,5.0,REGIME_I_BENIGN_SURFACE,FB7_Proposed,37
bench_REGIME_I_BENIGN_SURFACE_038,FB0_Surface_Only,potato,BENIGN,0.032,0.1102,0.0782,MARKDOWN,0.0,0.0,0.0,180.0,2.0,0.2,182.2,5.0,"{0: 0.0327, 1: 0.0358, 2: 0.038, 3: 0.0155, 4: 0.0179}",2,"['OBSERVE_STRATUM', 'STOP_INSPECTION']",2.0,5.0,REGIME_I_BENIGN_SURFACE,FB0_Surface_Only,38
bench_REGIME_I_BENIGN_SURFACE_038,FB1_Fixed_Sampling,potato,BENIGN,0.032,0.11,0.078,MARKDOWN,0.0,0.0,0.0,180.0,45.0,3.0,228.0,75.0,"{0: 0.0327, 1: 0.0358, 2: 0.038, 3: 0.0155, 4: 0.0179}",4,"['SAMPLE_UNITS', 'SAMPLE_UNITS', 'SAMPLE_UNITS', 'STOP_INSPECTION']",45.0,75.0,REGIME_I_BENIGN_SURFACE,FB1_Fixed_Random,38
bench_REGIME_I_BENIGN_SURFACE_038,FB2_Depth_Stratified,potato,BENIGN,0.032,0.0884,0.0564,MARKDOWN,0.0,0.0,0.0,180.0,42.0,11.4,233.4,285.0,"{0: 0.0327, 1: 0.0358, 2: 0.038, 3: 0.0155, 4: 0.0179}",10,"['OBSERVE_STRATUM', 'REMOVE_LAYER', 'OBSERVE_STRATUM', 'REMOVE_LAYER', 'OBSERVE_STRATUM', 'REMOVE_LAYER', 'OBSERVE_STRATUM', 'REMOVE_LAYER', 'OBSERVE_STRATUM', 'STOP_INSPECTION']",42.0,85.0,REGIME_I_BENIGN_SURFACE,FB2_Depth_Stratified,38
bench_REGIME_I_BENIGN_SURFACE_038,FB3_Macro_Myopic_VOI,potato,BENIGN,0.032,0.1091,0.0771,MARKDOWN,0.0,0.0,0.0,180.0,2.0,0.2,182.2,5.0,"{0: 0.0327, 1: 0.0358, 2: 0.038, 3: 0.0155, 4: 0.0179}",2,"['OBSERVE_STRATUM', 'STOP_INSPECTION']",2.0,5.0,REGIME_I_BENIGN_SURFACE,FB3_Macro_Myopic_VOI,38
bench_REGIME_I_BENIGN_SURFACE_038,FB5_State_Blind_Lookahead,potato,BENIGN,0.032,0.116,0.084,MARKDOWN,0.0,0.0,0.0,180.0,6.0,4.8,190.8,120.0,"{0: 0.0327, 1: 0.0358, 2: 0.038, 3: 0.0155, 4: 0.0179}",12,"['WAIT_SETTLE', 'WAIT_SETTLE', 'WAIT_SETTLE', 'WAIT_SETTLE', 'WAIT_SETTLE', 'WAIT_SETTLE', 'WAIT_SETTLE', 'WAIT_SETTLE', 'WAIT_SETTLE', 'WAIT_SETTLE', 'WAIT_SETTLE', 'WAIT_SETTLE']",6.0,120.0,REGIME_I_BENIGN_SURFACE,FB5_State_Blind,38
bench_REGIME_I_BENIGN_SURFACE_038,FB6_Additive_Cost_Planner,potato,BENIGN,0.032,0.116,0.084,MARKDOWN,0.0,0.0,0.0,180.0,6.0,4.8,190.8,120.0,"{0: 0.0327, 1: 0.0358, 2: 0.038, 3: 0.0155, 4: 0.0179}",12,"['WAIT_SETTLE', 'WAIT_SETTLE', 'WAIT_SETTLE', 'WAIT_SETTLE', 'WAIT_SETTLE', 'WAIT_SETTLE', 'WAIT_SETTLE', 'WAIT_SETTLE', 'WAIT_SETTLE', 'WAIT_SETTLE', 'WAIT_SETTLE', 'WAIT_SETTLE']",6.0,120.0,REGIME_I_BENIGN_SURFACE,FB6_Additive_Cost,38
bench_REGIME_I_BENIGN_SURFACE_038,FB7_Exposure_Aware_Planner,potato,BENIGN,0.032,0.1093,0.0773,MARKDOWN,0.0,0.0,0.0,180.0,2.0,0.2,182.2,5.0,"{0: 0.0327, 1: 0.0358, 2: 0.038, 3: 0.0155, 4: 0.0179}",2,"['OBSERVE_STRATUM', 'STOP_INSPECTION']",2.0,5.0,REGIME_I_BENIGN_SURFACE,FB7_Proposed,38
bench_REGIME_I_BENIGN_SURFACE_039,FB0_Surface_Only,potato,BENIGN,0.02,0.1091,0.0891,MARKDOWN,0.0,0.0,0.0,180.0,2.0,0.2,182.2,5.0,"{0: 0.0297, 1: 0.03, 2: 0.0127, 3: 0.0212, 4: 0.0232}",2,"['OBSERVE_STRATUM', 'STOP_INSPECTION']",2.0,5.0,REGIME_I_BENIGN_SURFACE,FB0_Surface_Only,39
bench_REGIME_I_BENIGN_SURFACE_039,FB1_Fixed_Sampling,potato,BENIGN,0.02,0.1057,0.0857,MARKDOWN,0.0,0.0,0.0,180.0,45.0,3.0,228.0,75.0,"{0: 0.0297, 1: 0.03, 2: 0.0127, 3: 0.0212, 4: 0.0232}",4,"['SAMPLE_UNITS', 'SAMPLE_UNITS', 'SAMPLE_UNITS', 'STOP_INSPECTION']",45.0,75.0,REGIME_I_BENIGN_SURFACE,FB1_Fixed_Random,39
bench_REGIME_I_BENIGN_SURFACE_039,FB2_Depth_Stratified,potato,BENIGN,0.02,0.1004,0.0804,MARKDOWN,0.0,0.0,0.0,180.0,42.0,11.4,233.4,285.0,"{0: 0.0297, 1: 0.03, 2: 0.0127, 3: 0.0212, 4: 0.0232}",10,"['OBSERVE_STRATUM', 'REMOVE_LAYER', 'OBSERVE_STRATUM', 'REMOVE_LAYER', 'OBSERVE_STRATUM', 'REMOVE_LAYER', 'OBSERVE_STRATUM', 'REMOVE_LAYER', 'OBSERVE_STRATUM', 'STOP_INSPECTION']",42.0,85.0,REGIME_I_BENIGN_SURFACE,FB2_Depth_Stratified,39
bench_REGIME_I_BENIGN_SURFACE_039,FB3_Macro_Myopic_VOI,potato,BENIGN,0.02,0.1125,0.0925,MARKDOWN,0.0,0.0,0.0,180.0,2.0,0.2,182.2,5.0,"{0: 0.0297, 1: 0.03, 2: 0.0127, 3: 0.0212, 4: 0.0232}",2,"['OBSERVE_STRATUM', 'STOP_INSPECTION']",2.0,5.0,REGIME_I_BENIGN_SURFACE,FB3_Macro_Myopic_VOI,39
bench_REGIME_I_BENIGN_SURFACE_039,FB5_State_Blind_Lookahead,potato,BENIGN,0.02,0.116,0.096,MARKDOWN,0.0,0.0,0.0,180.0,6.0,4.8,190.8,120.0,"{0: 0.0297, 1: 0.03, 2: 0.0127, 3: 0.0212, 4: 0.0232}",12,"['WAIT_SETTLE', 'WAIT_SETTLE', 'WAIT_SETTLE', 'WAIT_SETTLE', 'WAIT_SETTLE', 'WAIT_SETTLE', 'WAIT_SETTLE', 'WAIT_SETTLE', 'WAIT_SETTLE', 'WAIT_SETTLE', 'WAIT_SETTLE', 'WAIT_SETTLE']",6.0,120.0,REGIME_I_BENIGN_SURFACE,FB5_State_Blind,39
bench_REGIME_I_BENIGN_SURFACE_039,FB6_Additive_Cost_Planner,potato,BENIGN,0.02,0.116,0.096,MARKDOWN,0.0,0.0,0.0,180.0,6.0,4.8,190.8,120.0,"{0: 0.0297, 1: 0.03, 2: 0.0127, 3: 0.0212, 4: 0.0232}",12,"['WAIT_SETTLE', 'WAIT_SETTLE', 'WAIT_SETTLE', 'WAIT_SETTLE', 'WAIT_SETTLE', 'WAIT_SETTLE', 'WAIT_SETTLE', 'WAIT_SETTLE', 'WAIT_SETTLE', 'WAIT_SETTLE', 'WAIT_SETTLE', 'WAIT_SETTLE']",6.0,120.0,REGIME_I_BENIGN_SURFACE,FB6_Additive_Cost,39
bench_REGIME_I_BENIGN_SURFACE_039,FB7_Exposure_Aware_Planner,potato,BENIGN,0.02,0.1124,0.0924,MARKDOWN,0.0,0.0,0.0,180.0,2.0,0.2,182.2,5.0,"{0: 0.0297, 1: 0.03, 2: 0.0127, 3: 0.0212, 4: 0.0232}",2,"['OBSERVE_STRATUM', 'STOP_INSPECTION']",2.0,5.0,REGIME_I_BENIGN_SURFACE,FB7_Proposed,39
