planner_name,trial_seed,lot_true_defect_rate,lot_estimated_defect_rate,decision,optimal_decision,is_correct_disposition,is_false_accept,is_false_reject,total_loss,disposition_loss,inspection_monetary_cost,destroyed_unit_loss,deterioration_loss,units_destroyed,inspection_time_minutes,access_operations_count,sensor_scans_count,steps_count,residual_uncertainty,ablation_variant
Full_B7,50000,0.518,0.4796126752096187,reject,reject,True,False,False,6.600000000000073,0.0,5.0,0.0,1.6000000000000736,0,1.0,0,1,1,0.14141458336598997,Full_B7
Abl_A_NoBiasModel,50000,0.518,0.4857299975543244,reject,reject,True,False,False,6.600000000000073,0.0,5.0,0.0,1.6000000000000736,0,1.0,0,1,1,0.14222956412906795,Abl_A_NoBiasModel
Abl_B_NoOptionValue,50000,0.518,0.4825584290459604,reject,reject,True,False,False,6.600000000000073,0.0,5.0,0.0,1.6000000000000736,0,1.0,0,1,1,0.1418135073687154,Abl_B_NoOptionValue
Abl_C_NoStateChange,50000,0.518,0.4779422681457522,reject,reject,True,False,False,13.200000000000008,0.0,10.0,0.0,3.200000000000008,0,2.0,0,2,2,0.14089941934437594,Abl_C_NoStateChange
Abl_E_NoContagion,50000,0.518,0.48988170329957226,reject,reject,True,False,False,6.600000000000073,0.0,5.0,0.0,1.6000000000000736,0,1.0,0,1,1,0.1427533226598095,Abl_E_NoContagion
Abl_F_NoDispositionLoss,50000,0.518,0.4982446225475289,reject,reject,True,False,False,47.743333333333354,0.0,35.0,0.0,12.743333333333357,0,6.0,1,2,3,0.13231997859928077,Abl_F_NoDispositionLoss
Abl_G_NoRecedingHorizon,50000,0.518,0.48503682704555057,reject,reject,True,False,False,6.600000000000073,0.0,5.0,0.0,1.6000000000000736,0,1.0,0,1,1,0.1421398164998847,Abl_G_NoRecedingHorizon
Abl_H_NoAccessConstraints,50000,0.518,0.5271165675124081,reject,reject,True,False,False,33.00000000000023,0.0,25.0,0.0,8.00000000000023,0,5.0,0,5,5,0.08482845036064296,Abl_H_NoAccessConstraints
Abl_I_NoStoppingCert,50000,0.518,0.4799627468676652,reject,reject,True,False,False,6.600000000000073,0.0,5.0,0.0,1.6000000000000736,0,1.0,0,1,1,0.14146262453933905,Abl_I_NoStoppingCert
Full_B7,50001,0.518,0.48482068976267756,reject,reject,True,False,False,6.599999999999935,0.0,5.0,0.0,1.5999999999999348,0,1.0,0,1,1,0.1421116970644463,Full_B7
Abl_A_NoBiasModel,50001,0.518,0.482756985626059,reject,reject,True,False,False,6.599999999999935,0.0,5.0,0.0,1.5999999999999348,0,1.0,0,1,1,0.1418399626280662,Abl_A_NoBiasModel
Abl_B_NoOptionValue,50001,0.518,0.4796126752096187,reject,reject,True,False,False,6.599999999999935,0.0,5.0,0.0,1.5999999999999348,0,1.0,0,1,1,0.14141458336598997,Abl_B_NoOptionValue
Abl_C_NoStateChange,50001,0.518,0.48128630706175934,reject,reject,True,False,False,13.19999999999987,0.0,10.0,0.0,3.1999999999998696,0,2.0,0,2,2,0.1411948189450189,Abl_C_NoStateChange
Abl_E_NoContagion,50001,0.518,0.4927240489876632,reject,reject,True,False,False,6.599999999999935,0.0,5.0,0.0,1.5999999999999348,0,1.0,0,1,1,0.14309837174135331,Abl_E_NoContagion
Abl_F_NoDispositionLoss,50001,0.518,0.4918767890445966,reject,reject,True,False,False,47.743333333333084,0.0,35.0,0.0,12.74333333333308,0,6.0,1,2,3,0.13209594438961958,Abl_F_NoDispositionLoss
Abl_G_NoRecedingHorizon,50001,0.518,0.4796126752096187,reject,reject,True,False,False,6.599999999999935,0.0,5.0,0.0,1.5999999999999348,0,1.0,0,1,1,0.14141458336598997,Abl_G_NoRecedingHorizon
Abl_H_NoAccessConstraints,50001,0.518,0.49574663345012804,reject,reject,True,False,False,32.999999999999815,0.0,25.0,0.0,7.999999999999813,0,5.0,0,5,5,0.0865217660898064,Abl_H_NoAccessConstraints
Abl_I_NoStoppingCert,50001,0.518,0.4796126752096187,reject,reject,True,False,False,6.599999999999935,0.0,5.0,0.0,1.5999999999999348,0,1.0,0,1,1,0.14141458336598997,Abl_I_NoStoppingCert
Full_B7,50002,0.518,0.4796126752096187,reject,reject,True,False,False,6.599999999999935,0.0,5.0,0.0,1.5999999999999348,0,1.0,0,1,1,0.14141458336598997,Full_B7
Abl_A_NoBiasModel,50002,0.518,0.4808214930108493,reject,reject,True,False,False,6.599999999999935,0.0,5.0,0.0,1.5999999999999348,0,1.0,0,1,1,0.14157974767011616,Abl_A_NoBiasModel
Abl_B_NoOptionValue,50002,0.518,0.4796126752096187,reject,reject,True,False,False,6.599999999999935,0.0,5.0,0.0,1.5999999999999348,0,1.0,0,1,1,0.14141458336598997,Abl_B_NoOptionValue
Abl_C_NoStateChange,50002,0.518,0.4768663646128307,reject,reject,True,False,False,13.19999999999987,0.0,10.0,0.0,3.1999999999998696,0,2.0,0,2,2,0.1408023127869857,Abl_C_NoStateChange
Abl_E_NoContagion,50002,0.518,0.4796126752096187,reject,reject,True,False,False,6.599999999999935,0.0,5.0,0.0,1.5999999999999348,0,1.0,0,1,1,0.14141458336598997,Abl_E_NoContagion
Abl_F_NoDispositionLoss,50002,0.518,0.4867019847223174,reject,reject,True,False,False,47.743333333333354,0.0,35.0,0.0,12.743333333333357,0,6.0,1,2,3,0.13189022227467626,Abl_F_NoDispositionLoss
Abl_G_NoRecedingHorizon,50002,0.518,0.4932310206929477,reject,reject,True,False,False,6.599999999999935,0.0,5.0,0.0,1.5999999999999348,0,1.0,0,1,1,0.14315876802870625,Abl_G_NoRecedingHorizon
Abl_H_NoAccessConstraints,50002,0.518,0.522964954131245,reject,reject,True,False,False,32.99999999999995,0.0,25.0,0.0,7.999999999999951,0,5.0,0,5,5,0.08117520449315092,Abl_H_NoAccessConstraints
Abl_I_NoStoppingCert,50002,0.518,0.48751099520729096,reject,reject,True,False,False,6.599999999999935,0.0,5.0,0.0,1.5999999999999348,0,1.0,0,1,1,0.14245713205769842,Abl_I_NoStoppingCert
Full_B7,50003,0.518,0.49549471222533004,reject,reject,True,False,False,6.600000000000213,0.0,5.0,0.0,1.6000000000002124,0,1.0,0,1,1,0.1434242244063594,Full_B7
Abl_A_NoBiasModel,50003,0.518,0.4875464021226302,reject,reject,True,False,False,6.600000000000213,0.0,5.0,0.0,1.6000000000002124,0,1.0,0,1,1,0.14246161214244532,Abl_A_NoBiasModel
Abl_B_NoOptionValue,50003,0.518,0.49362211445951665,reject,reject,True,False,False,6.600000000000213,0.0,5.0,0.0,1.6000000000002124,0,1.0,0,1,1,0.1432051228914367,Abl_B_NoOptionValue
Abl_C_NoStateChange,50003,0.518,0.4779816606303191,reject,reject,True,False,False,13.200000000000147,0.0,10.0,0.0,3.200000000000147,0,2.0,0,2,2,0.14090295562415023,Abl_C_NoStateChange
Abl_E_NoContagion,50003,0.518,0.4936991790214679,reject,reject,True,False,False,6.600000000000213,0.0,5.0,0.0,1.6000000000002124,0,1.0,0,1,1,0.14321423276615713,Abl_E_NoContagion
Abl_F_NoDispositionLoss,50003,0.518,0.495803138026497,reject,reject,True,False,False,47.743333333333354,0.0,35.0,0.0,12.743333333333357,0,6.0,1,2,3,0.13223786964342057,Abl_F_NoDispositionLoss
Abl_G_NoRecedingHorizon,50003,0.518,0.4796126752096187,reject,reject,True,False,False,6.600000000000213,0.0,5.0,0.0,1.6000000000002124,0,1.0,0,1,1,0.14141458336598997,Abl_G_NoRecedingHorizon
Abl_H_NoAccessConstraints,50003,0.518,0.47525873015032644,reject,reject,True,False,False,359.4045731290373,0.0,180.0,100.0,79.40457312903729,5,28.0,6,2,9,0.12128972908174789,Abl_H_NoAccessConstraints
Abl_I_NoStoppingCert,50003,0.518,0.4796126752096187,reject,reject,True,False,False,6.600000000000213,0.0,5.0,0.0,1.6000000000002124,0,1.0,0,1,1,0.14141458336598997,Abl_I_NoStoppingCert
Full_B7,50004,0.518,0.4796126752096187,reject,reject,True,False,False,6.600000000000073,0.0,5.0,0.0,1.6000000000000736,0,1.0,0,1,1,0.14141458336598997,Full_B7
Abl_A_NoBiasModel,50004,0.518,0.4796126752096187,reject,reject,True,False,False,6.600000000000073,0.0,5.0,0.0,1.6000000000000736,0,1.0,0,1,1,0.14141458336598997,Abl_A_NoBiasModel
Abl_B_NoOptionValue,50004,0.518,0.4806585644439051,reject,reject,True,False,False,6.600000000000073,0.0,5.0,0.0,1.6000000000000736,0,1.0,0,1,1,0.1415576051424626,Abl_B_NoOptionValue
Abl_C_NoStateChange,50004,0.518,0.481226408623186,reject,reject,True,False,False,13.200000000000008,0.0,10.0,0.0,3.200000000000008,0,2.0,0,2,2,0.14118961294874777,Abl_C_NoStateChange
Abl_E_NoContagion,50004,0.518,0.4796126752096187,reject,reject,True,False,False,6.600000000000073,0.0,5.0,0.0,1.6000000000000736,0,1.0,0,1,1,0.14141458336598997,Abl_E_NoContagion
Abl_F_NoDispositionLoss,50004,0.518,0.4945345125758006,reject,reject,True,False,False,47.743333333333354,0.0,35.0,0.0,12.743333333333357,0,6.0,1,2,3,0.1321933463540347,Abl_F_NoDispositionLoss
Abl_G_NoRecedingHorizon,50004,0.518,0.4796126752096187,reject,reject,True,False,False,6.600000000000073,0.0,5.0,0.0,1.6000000000000736,0,1.0,0,1,1,0.14141458336598997,Abl_G_NoRecedingHorizon
Abl_H_NoAccessConstraints,50004,0.518,0.5134761242738213,reject,reject,True,False,False,33.00000000000023,0.0,25.0,0.0,8.00000000000023,0,5.0,0,5,5,0.08212193053553427,Abl_H_NoAccessConstraints
Abl_I_NoStoppingCert,50004,0.518,0.4796126752096187,reject,reject,True,False,False,6.600000000000073,0.0,5.0,0.0,1.6000000000000736,0,1.0,0,1,1,0.14141458336598997,Abl_I_NoStoppingCert
Full_B7,50005,0.524,0.4796126752096187,reject,reject,True,False,False,15.517461164329944,0.0,5.0,0.0,10.517461164329944,0,1.0,0,1,1,0.14141458336598997,Full_B7
Abl_A_NoBiasModel,50005,0.518,0.4796126752096187,reject,reject,True,False,False,6.599999999999935,0.0,5.0,0.0,1.5999999999999348,0,1.0,0,1,1,0.14141458336598997,Abl_A_NoBiasModel
Abl_B_NoOptionValue,50005,0.518,0.48644623359556344,reject,reject,True,False,False,6.599999999999935,0.0,5.0,0.0,1.5999999999999348,0,1.0,0,1,1,0.142321604461635,Abl_B_NoOptionValue
Abl_C_NoStateChange,50005,0.518,0.49305656551206967,reject,reject,True,False,False,13.200000000000008,0.0,10.0,0.0,3.200000000000008,0,2.0,0,2,2,0.1421580510827321,Abl_C_NoStateChange
Abl_E_NoContagion,50005,0.518,0.4796126752096187,reject,reject,True,False,False,6.599999999999935,0.0,5.0,0.0,1.5999999999999348,0,1.0,0,1,1,0.14141458336598997,Abl_E_NoContagion
Abl_F_NoDispositionLoss,50005,0.522,0.4888629306021011,reject,reject,True,False,False,53.972520719091754,0.0,35.0,0.0,18.972520719091754,0,6.0,1,2,3,0.131978716643949,Abl_F_NoDispositionLoss
Abl_G_NoRecedingHorizon,50005,0.518,0.4885693837801548,reject,reject,True,False,False,6.599999999999935,0.0,5.0,0.0,1.5999999999999348,0,1.0,0,1,1,0.14259031163579633,Abl_G_NoRecedingHorizon
Abl_H_NoAccessConstraints,50005,0.518,0.44951485837572036,reject,reject,True,False,False,358.95163331544774,0.0,180.0,100.0,78.95163331544774,5,28.0,6,2,9,0.12058327598642937,Abl_H_NoAccessConstraints
Abl_I_NoStoppingCert,50005,0.518,0.4796126752096187,reject,reject,True,False,False,6.599999999999935,0.0,5.0,0.0,1.5999999999999348,0,1.0,0,1,1,0.14141458336598997,Abl_I_NoStoppingCert
Full_B7,50006,0.518,0.4796126752096187,reject,reject,True,False,False,6.599999999999935,0.0,5.0,0.0,1.5999999999999348,0,1.0,0,1,1,0.14141458336598997,Full_B7
Abl_A_NoBiasModel,50006,0.518,0.4796126752096187,reject,reject,True,False,False,6.599999999999935,0.0,5.0,0.0,1.5999999999999348,0,1.0,0,1,1,0.14141458336598997,Abl_A_NoBiasModel
Abl_B_NoOptionValue,50006,0.518,0.4796126752096187,reject,reject,True,False,False,6.599999999999935,0.0,5.0,0.0,1.5999999999999348,0,1.0,0,1,1,0.14141458336598997,Abl_B_NoOptionValue
Abl_C_NoStateChange,50006,0.518,0.5060352495200057,reject,reject,True,False,False,6.599999999999935,0.0,5.0,0.0,1.5999999999999348,0,1.0,0,1,1,0.14457041401915527,Abl_C_NoStateChange
Abl_E_NoContagion,50006,0.518,0.4805144779666719,reject,reject,True,False,False,6.599999999999935,0.0,5.0,0.0,1.5999999999999348,0,1.0,0,1,1,0.14153799248315255,Abl_E_NoContagion
Abl_F_NoDispositionLoss,50006,0.518,0.4958884485045578,reject,reject,True,False,False,47.743333333333354,0.0,35.0,0.0,12.743333333333357,0,6.0,1,2,3,0.13224081803855645,Abl_F_NoDispositionLoss
Abl_G_NoRecedingHorizon,50006,0.518,0.4797616060438511,reject,reject,True,False,False,6.599999999999935,0.0,5.0,0.0,1.5999999999999348,0,1.0,0,1,1,0.14143504243502888,Abl_G_NoRecedingHorizon
Abl_H_NoAccessConstraints,50006,0.518,0.5122177385708117,reject,reject,True,False,False,32.99999999999995,0.0,25.0,0.0,7.999999999999951,0,5.0,0,5,5,0.08211417758556533,Abl_H_NoAccessConstraints
Abl_I_NoStoppingCert,50006,0.518,0.4796126752096187,reject,reject,True,False,False,6.599999999999935,0.0,5.0,0.0,1.5999999999999348,0,1.0,0,1,1,0.14141458336598997,Abl_I_NoStoppingCert
Full_B7,50007,0.518,0.4936265132887617,reject,reject,True,False,False,6.599999999999935,0.0,5.0,0.0,1.5999999999999348,0,1.0,0,1,1,0.14320564309638426,Full_B7
Abl_A_NoBiasModel,50007,0.518,0.4796126752096187,reject,reject,True,False,False,6.599999999999935,0.0,5.0,0.0,1.5999999999999348,0,1.0,0,1,1,0.14141458336598997,Abl_A_NoBiasModel
Abl_B_NoOptionValue,50007,0.518,0.4932256706200482,reject,reject,True,False,False,6.599999999999935,0.0,5.0,0.0,1.5999999999999348,0,1.0,0,1,1,0.1431581324759469,Abl_B_NoOptionValue
Abl_C_NoStateChange,50007,0.518,0.47801984821474425,reject,reject,True,False,False,13.200000000000008,0.0,10.0,0.0,3.200000000000008,0,2.0,0,2,2,0.14090638245109113,Abl_C_NoStateChange
Abl_E_NoContagion,50007,0.518,0.4796126752096187,reject,reject,True,False,False,6.599999999999935,0.0,5.0,0.0,1.5999999999999348,0,1.0,0,1,1,0.14141458336598997,Abl_E_NoContagion
Abl_F_NoDispositionLoss,50007,0.518,0.46333331411261075,reject,reject,True,False,False,39.56999999999999,0.0,30.0,0.0,9.569999999999995,0,5.0,1,1,2,0.13324761403187546,Abl_F_NoDispositionLoss
Abl_G_NoRecedingHorizon,50007,0.518,0.4863703778770427,reject,reject,True,False,False,6.599999999999935,0.0,5.0,0.0,1.5999999999999348,0,1.0,0,1,1,0.14231188991854585,Abl_G_NoRecedingHorizon
Abl_H_NoAccessConstraints,50007,0.518,0.5010842754112418,reject,reject,True,False,False,32.99999999999995,0.0,25.0,0.0,7.999999999999951,0,5.0,0,5,5,0.08086920287230398,Abl_H_NoAccessConstraints
Abl_I_NoStoppingCert,50007,0.518,0.4929995106892836,reject,reject,True,False,False,6.599999999999935,0.0,5.0,0.0,1.5999999999999348,0,1.0,0,1,1,0.14313123090268406,Abl_I_NoStoppingCert
Full_B7,50008,0.518,0.4807470707306255,reject,reject,True,False,False,6.600000000000073,0.0,5.0,0.0,1.6000000000000736,0,1.0,0,1,1,0.14156963802775896,Full_B7
Abl_A_NoBiasModel,50008,0.518,0.4796126752096187,reject,reject,True,False,False,6.600000000000073,0.0,5.0,0.0,1.6000000000000736,0,1.0,0,1,1,0.14141458336598997,Abl_A_NoBiasModel
Abl_B_NoOptionValue,50008,0.518,0.4796126752096187,reject,reject,True,False,False,6.600000000000073,0.0,5.0,0.0,1.6000000000000736,0,1.0,0,1,1,0.14141458336598997,Abl_B_NoOptionValue
Abl_C_NoStateChange,50008,0.518,0.4768663646128307,reject,reject,True,False,False,13.200000000000147,0.0,10.0,0.0,3.200000000000147,0,2.0,0,2,2,0.1408023127869857,Abl_C_NoStateChange
Abl_E_NoContagion,50008,0.518,0.4873170197502577,reject,reject,True,False,False,6.600000000000073,0.0,5.0,0.0,1.6000000000000736,0,1.0,0,1,1,0.14243255764719678,Abl_E_NoContagion
Abl_F_NoDispositionLoss,50008,0.518,0.46954751772462516,reject,reject,True,False,False,47.743333333333354,0.0,35.0,0.0,12.743333333333357,0,6.0,1,2,3,0.13105512526190485,Abl_F_NoDispositionLoss
Abl_G_NoRecedingHorizon,50008,0.518,0.4796126752096187,reject,reject,True,False,False,6.600000000000073,0.0,5.0,0.0,1.6000000000000736,0,1.0,0,1,1,0.14141458336598997,Abl_G_NoRecedingHorizon
Abl_H_NoAccessConstraints,50008,0.524,0.5346456401225643,reject,reject,True,False,False,40.51840769890053,0.0,25.0,0.0,15.518407698900532,0,5.0,0,5,5,0.08747159473901141,Abl_H_NoAccessConstraints
Abl_I_NoStoppingCert,50008,0.518,0.4796126752096187,reject,reject,True,False,False,6.600000000000073,0.0,5.0,0.0,1.6000000000000736,0,1.0,0,1,1,0.14141458336598997,Abl_I_NoStoppingCert
Full_B7,50009,0.518,0.4796126752096187,reject,reject,True,False,False,6.600000000000073,0.0,5.0,0.0,1.6000000000000736,0,1.0,0,1,1,0.14141458336598997,Full_B7
Abl_A_NoBiasModel,50009,0.518,0.48471887146989534,reject,reject,True,False,False,6.600000000000073,0.0,5.0,0.0,1.6000000000000736,0,1.0,0,1,1,0.1420984282163221,Abl_A_NoBiasModel
Abl_B_NoOptionValue,50009,0.518,0.4890122746400679,reject,reject,True,False,False,6.600000000000073,0.0,5.0,0.0,1.6000000000000736,0,1.0,0,1,1,0.14264558795371354,Abl_B_NoOptionValue
Abl_C_NoStateChange,50009,0.518,0.4768663646128307,reject,reject,True,False,False,13.200000000000008,0.0,10.0,0.0,3.200000000000008,0,2.0,0,2,2,0.1408023127869857,Abl_C_NoStateChange
Abl_E_NoContagion,50009,0.518,0.5047765082738891,reject,reject,True,False,False,6.600000000000073,0.0,5.0,0.0,1.6000000000000736,0,1.0,0,1,1,0.14444124835415395,Abl_E_NoContagion
Abl_F_NoDispositionLoss,50009,0.518,0.49819453453844786,reject,reject,True,False,False,47.743333333333354,0.0,35.0,0.0,12.743333333333357,0,6.0,1,2,3,0.1323183413530666,Abl_F_NoDispositionLoss
Abl_G_NoRecedingHorizon,50009,0.518,0.4796126752096187,reject,reject,True,False,False,6.600000000000073,0.0,5.0,0.0,1.6000000000000736,0,1.0,0,1,1,0.14141458336598997,Abl_G_NoRecedingHorizon
Abl_H_NoAccessConstraints,50009,0.518,0.4776490609896987,reject,reject,True,False,False,46.19999999999982,0.0,35.0,0.0,11.199999999999822,0,7.0,0,7,7,0.07552022871450655,Abl_H_NoAccessConstraints
Abl_I_NoStoppingCert,50009,0.518,0.4813567580292471,reject,reject,True,False,False,6.600000000000073,0.0,5.0,0.0,1.6000000000000736,0,1.0,0,1,1,0.14165223166863697,Abl_I_NoStoppingCert
Full_B7,50010,0.518,0.4796126752096187,reject,reject,True,False,False,6.600000000000073,0.0,5.0,0.0,1.6000000000000736,0,1.0,0,1,1,0.14141458336598997,Full_B7
Abl_A_NoBiasModel,50010,0.518,0.4902726248617488,reject,reject,True,False,False,6.600000000000073,0.0,5.0,0.0,1.6000000000000736,0,1.0,0,1,1,0.14280142845497268,Abl_A_NoBiasModel
Abl_B_NoOptionValue,50010,0.518,0.4914358296256841,reject,reject,True,False,False,6.600000000000073,0.0,5.0,0.0,1.6000000000000736,0,1.0,0,1,1,0.142943342812336,Abl_B_NoOptionValue
Abl_C_NoStateChange,50010,0.518,0.49385401579488286,reject,reject,True,False,False,13.200000000000147,0.0,10.0,0.0,3.200000000000147,0,2.0,0,2,2,0.14221904091611293,Abl_C_NoStateChange
Abl_E_NoContagion,50010,0.518,0.48055784459642903,reject,reject,True,False,False,6.600000000000073,0.0,5.0,0.0,1.6000000000000736,0,1.0,0,1,1,0.1415438984760619,Abl_E_NoContagion
Abl_F_NoDispositionLoss,50010,0.518,0.4747967005392949,reject,reject,True,False,False,47.743333333333354,0.0,35.0,0.0,12.743333333333357,0,6.0,1,2,3,0.1313357947486023,Abl_F_NoDispositionLoss
Abl_G_NoRecedingHorizon,50010,0.518,0.4796126752096187,reject,reject,True,False,False,6.600000000000073,0.0,5.0,0.0,1.6000000000000736,0,1.0,0,1,1,0.14141458336598997,Abl_G_NoRecedingHorizon
Abl_H_NoAccessConstraints,50010,0.518,0.5102153485606402,reject,reject,True,False,False,32.99999999999995,0.0,25.0,0.0,7.999999999999952,0,5.0,0,5,5,0.08547047671006378,Abl_H_NoAccessConstraints
Abl_I_NoStoppingCert,50010,0.518,0.4828928787102316,reject,reject,True,False,False,6.600000000000073,0.0,5.0,0.0,1.6000000000000736,0,1.0,0,1,1,0.14185803724314272,Abl_I_NoStoppingCert
Full_B7,50011,0.518,0.4796126752096187,reject,reject,True,False,False,6.599999999999935,0.0,5.0,0.0,1.5999999999999348,0,1.0,0,1,1,0.14141458336598997,Full_B7
Abl_A_NoBiasModel,50011,0.518,0.4915887104152903,reject,reject,True,False,False,6.599999999999935,0.0,5.0,0.0,1.5999999999999348,0,1.0,0,1,1,0.14296185839004164,Abl_A_NoBiasModel
Abl_B_NoOptionValue,50011,0.518,0.4796126752096187,reject,reject,True,False,False,6.599999999999935,0.0,5.0,0.0,1.5999999999999348,0,1.0,0,1,1,0.14141458336598997,Abl_B_NoOptionValue
Abl_C_NoStateChange,50011,0.518,0.47769819056815904,reject,reject,True,False,False,13.200000000000008,0.0,10.0,0.0,3.200000000000008,0,2.0,0,2,2,0.140877478301789,Abl_C_NoStateChange
Abl_E_NoContagion,50011,0.518,0.4850346076550588,reject,reject,True,False,False,6.599999999999935,0.0,5.0,0.0,1.5999999999999348,0,1.0,0,1,1,0.14213952808437952,Abl_E_NoContagion
Abl_F_NoDispositionLoss,50011,0.518,0.4606214814247962,reject,reject,True,False,False,39.56999999999999,0.0,30.0,0.0,9.569999999999995,0,5.0,1,1,2,0.13301349926896414,Abl_F_NoDispositionLoss
Abl_G_NoRecedingHorizon,50011,0.518,0.4796126752096187,reject,reject,True,False,False,6.599999999999935,0.0,5.0,0.0,1.5999999999999348,0,1.0,0,1,1,0.14141458336598997,Abl_G_NoRecedingHorizon
Abl_H_NoAccessConstraints,50011,0.518,0.5009796644992048,reject,reject,True,False,False,32.999999999999815,0.0,25.0,0.0,7.999999999999813,0,5.0,0,5,5,0.08269945238350347,Abl_H_NoAccessConstraints
Abl_I_NoStoppingCert,50011,0.518,0.48404542357534436,reject,reject,True,False,False,6.599999999999935,0.0,5.0,0.0,1.5999999999999348,0,1.0,0,1,1,0.14201030525832478,Abl_I_NoStoppingCert
Full_B7,50012,0.518,0.4796126752096187,reject,reject,True,False,False,6.599999999999935,0.0,5.0,0.0,1.5999999999999348,0,1.0,0,1,1,0.14141458336598997,Full_B7
Abl_A_NoBiasModel,50012,0.518,0.4796126752096187,reject,reject,True,False,False,6.599999999999935,0.0,5.0,0.0,1.5999999999999348,0,1.0,0,1,1,0.14141458336598997,Abl_A_NoBiasModel
Abl_B_NoOptionValue,50012,0.518,0.4796126752096187,reject,reject,True,False,False,6.599999999999935,0.0,5.0,0.0,1.5999999999999348,0,1.0,0,1,1,0.14141458336598997,Abl_B_NoOptionValue
Abl_C_NoStateChange,50012,0.518,0.4864554475709313,reject,reject,True,False,False,13.200000000000008,0.0,10.0,0.0,3.200000000000008,0,2.0,0,2,2,0.14163244179142986,Abl_C_NoStateChange
Abl_E_NoContagion,50012,0.518,0.4974319487557426,reject,reject,True,False,False,6.599999999999935,0.0,5.0,0.0,1.5999999999999348,0,1.0,0,1,1,0.14364594294704874,Abl_E_NoContagion
Abl_F_NoDispositionLoss,50012,0.522,0.49053653450762,reject,reject,True,False,False,53.92488518294502,0.0,35.0,0.0,18.924885182945022,0,6.0,1,2,3,0.1320447034582473,Abl_F_NoDispositionLoss
Abl_G_NoRecedingHorizon,50012,0.52,0.4912470734176607,reject,reject,True,False,False,9.202462623347364,0.0,5.0,0.0,4.202462623347364,0,1.0,0,1,1,0.14292043866403542,Abl_G_NoRecedingHorizon
Abl_H_NoAccessConstraints,50012,0.518,0.4934029290732981,reject,reject,True,False,False,46.19999999999996,0.0,35.0,0.0,11.19999999999996,0,7.0,0,7,7,0.07211886296204784,Abl_H_NoAccessConstraints
Abl_I_NoStoppingCert,50012,0.518,0.48563934140105924,reject,reject,True,False,False,6.599999999999935,0.0,5.0,0.0,1.5999999999999348,0,1.0,0,1,1,0.14221786406738174,Abl_I_NoStoppingCert
Full_B7,50013,0.518,0.4796126752096187,reject,reject,True,False,False,6.599999999999796,0.0,5.0,0.0,1.599999999999796,0,1.0,0,1,1,0.14141458336598997,Full_B7
Abl_A_NoBiasModel,50013,0.518,0.4902805282182773,reject,reject,True,False,False,6.599999999999796,0.0,5.0,0.0,1.599999999999796,0,1.0,0,1,1,0.14280239888070423,Abl_A_NoBiasModel
Abl_B_NoOptionValue,50013,0.518,0.48510216565744396,reject,reject,True,False,False,6.599999999999796,0.0,5.0,0.0,1.599999999999796,0,1.0,0,1,1,0.14214830438168022,Abl_B_NoOptionValue
Abl_C_NoStateChange,50013,0.518,0.4860838396931532,reject,reject,True,False,False,13.199999999999731,0.0,10.0,0.0,3.199999999999731,0,2.0,0,2,2,0.14160174715449758,Abl_C_NoStateChange
Abl_E_NoContagion,50013,0.518,0.4912661715710249,reject,reject,True,False,False,6.599999999999796,0.0,5.0,0.0,1.599999999999796,0,1.0,0,1,1,0.14292275827561088,Abl_E_NoContagion
Abl_F_NoDispositionLoss,50013,0.518,0.5038825876970037,reject,reject,True,False,False,47.74333333333322,0.0,35.0,0.0,12.743333333333219,0,6.0,1,2,3,0.1324916430354916,Abl_F_NoDispositionLoss
Abl_G_NoRecedingHorizon,50013,0.518,0.48394954985623756,reject,reject,True,False,False,6.599999999999796,0.0,5.0,0.0,1.599999999999796,0,1.0,0,1,1,0.14199770896081326,Abl_G_NoRecedingHorizon
Abl_H_NoAccessConstraints,50013,0.518,0.5475910160666505,reject,reject,True,False,False,32.999999999999815,0.0,25.0,0.0,7.9999999999998135,0,5.0,0,5,5,0.08311995725662805,Abl_H_NoAccessConstraints
Abl_I_NoStoppingCert,50013,0.518,0.48160729216766063,reject,reject,True,False,False,6.599999999999796,0.0,5.0,0.0,1.599999999999796,0,1.0,0,1,1,0.14168602127178773,Abl_I_NoStoppingCert
Full_B7,50014,0.518,0.482500731903416,reject,reject,True,False,False,6.600000000000073,0.0,5.0,0.0,1.6000000000000736,0,1.0,0,1,1,0.1418058096747556,Full_B7
Abl_A_NoBiasModel,50014,0.518,0.483577497860602,reject,reject,True,False,False,6.600000000000073,0.0,5.0,0.0,1.6000000000000736,0,1.0,0,1,1,0.14194870693214381,Abl_A_NoBiasModel
Abl_B_NoOptionValue,50014,0.518,0.4796126752096187,reject,reject,True,False,False,6.600000000000073,0.0,5.0,0.0,1.6000000000000736,0,1.0,0,1,1,0.14141458336598997,Abl_B_NoOptionValue
Abl_C_NoStateChange,50014,0.518,0.4768663646128307,reject,reject,True,False,False,13.200000000000008,0.0,10.0,0.0,3.200000000000008,0,2.0,0,2,2,0.1408023127869857,Abl_C_NoStateChange
Abl_E_NoContagion,50014,0.518,0.4796126752096187,reject,reject,True,False,False,6.600000000000073,0.0,5.0,0.0,1.6000000000000736,0,1.0,0,1,1,0.14141458336598997,Abl_E_NoContagion
Abl_F_NoDispositionLoss,50014,0.518,0.4762915000352141,reject,reject,True,False,False,47.74333333333322,0.0,35.0,0.0,12.743333333333219,0,6.0,1,2,3,0.13141165006840858,Abl_F_NoDispositionLoss
Abl_G_NoRecedingHorizon,50014,0.518,0.4796126752096187,reject,reject,True,False,False,6.600000000000073,0.0,5.0,0.0,1.6000000000000736,0,1.0,0,1,1,0.14141458336598997,Abl_G_NoRecedingHorizon
Abl_H_NoAccessConstraints,50014,0.518,0.5098442284382039,reject,reject,True,False,False,33.00000000000023,0.0,25.0,0.0,8.00000000000023,0,5.0,0,5,5,0.08201957127445371,Abl_H_NoAccessConstraints
Abl_I_NoStoppingCert,50014,0.518,0.4971138516525947,reject,reject,True,False,False,6.600000000000073,0.0,5.0,0.0,1.6000000000000736,0,1.0,0,1,1,0.14360988061730445,Abl_I_NoStoppingCert
Full_B7,50015,0.518,0.49772483375431287,reject,reject,True,False,False,6.600000000000073,0.0,5.0,0.0,1.6000000000000736,0,1.0,0,1,1,0.14367902763532045,Full_B7
Abl_A_NoBiasModel,50015,0.524,0.48257938092081254,reject,reject,True,False,False,15.084843091826833,0.0,5.0,0.0,10.084843091826833,0,1.0,0,1,1,0.14181630153145683,Abl_A_NoBiasModel
Abl_B_NoOptionValue,50015,0.518,0.4822742109026132,reject,reject,True,False,False,6.600000000000073,0.0,5.0,0.0,1.6000000000000736,0,1.0,0,1,1,0.1417755436115416,Abl_B_NoOptionValue
Abl_C_NoStateChange,50015,0.518,0.48546461026050086,reject,reject,True,False,False,13.200000000000008,0.0,10.0,0.0,3.200000000000008,0,2.0,0,2,2,0.1415503361480595,Abl_C_NoStateChange
Abl_E_NoContagion,50015,0.518,0.4796126752096187,reject,reject,True,False,False,6.600000000000073,0.0,5.0,0.0,1.6000000000000736,0,1.0,0,1,1,0.14141458336598997,Abl_E_NoContagion
Abl_F_NoDispositionLoss,50015,0.518,0.48037691777511754,reject,reject,True,False,False,47.743333333333496,0.0,35.0,0.0,12.743333333333496,0,6.0,1,2,3,0.1316098029195827,Abl_F_NoDispositionLoss
Abl_G_NoRecedingHorizon,50015,0.518,0.48537945165484475,reject,reject,True,False,False,6.600000000000073,0.0,5.0,0.0,1.6000000000000736,0,1.0,0,1,1,0.1421842601276208,Abl_G_NoRecedingHorizon
Abl_H_NoAccessConstraints,50015,0.518,0.5099491951197571,reject,reject,True,False,False,33.00000000000023,0.0,25.0,0.0,8.00000000000023,0,5.0,0,5,5,0.08262740962496792,Abl_H_NoAccessConstraints
Abl_I_NoStoppingCert,50015,0.518,0.4825069469939997,reject,reject,True,False,False,6.600000000000073,0.0,5.0,0.0,1.6000000000000736,0,1.0,0,1,1,0.14180663908610552,Abl_I_NoStoppingCert
Full_B7,50016,0.518,0.48193581516697315,reject,reject,True,False,False,6.600000000000213,0.0,5.0,0.0,1.6000000000002124,0,1.0,0,1,1,0.14173019702480336,Full_B7
Abl_A_NoBiasModel,50016,0.518,0.488161687182387,reject,reject,True,False,False,6.600000000000213,0.0,5.0,0.0,1.6000000000002124,0,1.0,0,1,1,0.14253919134842255,Abl_A_NoBiasModel
Abl_B_NoOptionValue,50016,0.518,0.4796126752096187,reject,reject,True,False,False,6.600000000000213,0.0,5.0,0.0,1.6000000000002124,0,1.0,0,1,1,0.14141458336598997,Abl_B_NoOptionValue
Abl_C_NoStateChange,50016,0.518,0.4820406837286355,reject,reject,True,False,False,13.200000000000147,0.0,10.0,0.0,3.200000000000147,0,2.0,0,2,2,0.14126011924736223,Abl_C_NoStateChange
Abl_E_NoContagion,50016,0.518,0.4925829561316891,reject,reject,True,False,False,6.600000000000213,0.0,5.0,0.0,1.6000000000002124,0,1.0,0,1,1,0.143081501462532,Abl_E_NoContagion
Abl_F_NoDispositionLoss,50016,0.518,0.4709048630064766,reject,reject,True,False,False,47.743333333333496,0.0,35.0,0.0,12.743333333333496,0,6.0,1,2,3,0.13112983898142827,Abl_F_NoDispositionLoss
Abl_G_NoRecedingHorizon,50016,0.518,0.4796126752096187,reject,reject,True,False,False,6.600000000000213,0.0,5.0,0.0,1.6000000000002124,0,1.0,0,1,1,0.14141458336598997,Abl_G_NoRecedingHorizon
Abl_H_NoAccessConstraints,50016,0.518,0.49676660112505167,reject,reject,True,False,False,33.00000000000009,0.0,25.0,0.0,8.00000000000009,0,5.0,0,5,5,0.08502770642826313,Abl_H_NoAccessConstraints
Abl_I_NoStoppingCert,50016,0.518,0.4796126752096187,reject,reject,True,False,False,6.600000000000213,0.0,5.0,0.0,1.6000000000002124,0,1.0,0,1,1,0.14141458336598997,Abl_I_NoStoppingCert
Full_B7,50017,0.518,0.4796126752096187,reject,reject,True,False,False,6.599999999999935,0.0,5.0,0.0,1.5999999999999348,0,1.0,0,1,1,0.14141458336598997,Full_B7
Abl_A_NoBiasModel,50017,0.518,0.4796126752096187,reject,reject,True,False,False,6.599999999999935,0.0,5.0,0.0,1.5999999999999348,0,1.0,0,1,1,0.14141458336598997,Abl_A_NoBiasModel
Abl_B_NoOptionValue,50017,0.518,0.49126883676178734,reject,reject,True,False,False,6.599999999999935,0.0,5.0,0.0,1.5999999999999348,0,1.0,0,1,1,0.14292308194340186,Abl_B_NoOptionValue
Abl_C_NoStateChange,50017,0.518,0.48416441427068574,reject,reject,True,False,False,13.200000000000008,0.0,10.0,0.0,3.200000000000008,0,2.0,0,2,2,0.14144131749553573,Abl_C_NoStateChange
Abl_E_NoContagion,50017,0.518,0.49360599715477005,reject,reject,True,False,False,6.599999999999935,0.0,5.0,0.0,1.5999999999999348,0,1.0,0,1,1,0.14320321663855165,Abl_E_NoContagion
Abl_F_NoDispositionLoss,50017,0.518,0.49339192547672794,reject,reject,True,False,False,47.743333333333496,0.0,35.0,0.0,12.743333333333496,0,6.0,1,2,3,0.13215215725204857,Abl_F_NoDispositionLoss
Abl_G_NoRecedingHorizon,50017,0.518,0.4796126752096187,reject,reject,True,False,False,6.599999999999935,0.0,5.0,0.0,1.5999999999999348,0,1.0,0,1,1,0.14141458336598997,Abl_G_NoRecedingHorizon
Abl_H_NoAccessConstraints,50017,0.518,0.5130349746703978,reject,reject,True,False,False,32.99999999999995,0.0,25.0,0.0,7.999999999999951,0,5.0,0,5,5,0.08454960088729736,Abl_H_NoAccessConstraints
Abl_I_NoStoppingCert,50017,0.518,0.4796126752096187,reject,reject,True,False,False,6.599999999999935,0.0,5.0,0.0,1.5999999999999348,0,1.0,0,1,1,0.14141458336598997,Abl_I_NoStoppingCert
Full_B7,50018,0.518,0.4796126752096187,reject,reject,True,False,False,6.599999999999935,0.0,5.0,0.0,1.5999999999999348,0,1.0,0,1,1,0.14141458336598997,Full_B7
Abl_A_NoBiasModel,50018,0.518,0.48859806360408503,reject,reject,True,False,False,6.599999999999935,0.0,5.0,0.0,1.5999999999999348,0,1.0,0,1,1,0.14259389920532625,Abl_A_NoBiasModel
Abl_B_NoOptionValue,50018,0.518,0.48911250407526624,reject,reject,True,False,False,6.599999999999935,0.0,5.0,0.0,1.5999999999999348,0,1.0,0,1,1,0.1426580602948032,Abl_B_NoOptionValue
Abl_C_NoStateChange,50018,0.518,0.4908081948503023,reject,reject,True,False,False,13.200000000000008,0.0,10.0,0.0,3.200000000000008,0,2.0,0,2,2,0.14198319095465395,Abl_C_NoStateChange
Abl_E_NoContagion,50018,0.518,0.49878258401134623,reject,reject,True,False,False,6.599999999999935,0.0,5.0,0.0,1.5999999999999348,0,1.0,0,1,1,0.14379756077968012,Abl_E_NoContagion
Abl_F_NoDispositionLoss,50018,0.518,0.485464193580962,reject,reject,True,False,False,47.74333333333322,0.0,35.0,0.0,12.743333333333219,0,6.0,1,2,3,0.13183785834158307,Abl_F_NoDispositionLoss
Abl_G_NoRecedingHorizon,50018,0.518,0.4879930178422088,reject,reject,True,False,False,6.599999999999935,0.0,5.0,0.0,1.5999999999999348,0,1.0,0,1,1,0.14251797586901,Abl_G_NoRecedingHorizon
Abl_H_NoAccessConstraints,50018,0.518,0.5229630026934526,reject,reject,True,False,False,32.999999999999815,0.0,25.0,0.0,7.999999999999813,0,5.0,0,5,5,0.08366668951755747,Abl_H_NoAccessConstraints
Abl_I_NoStoppingCert,50018,0.518,0.49378747074413054,reject,reject,True,False,False,6.599999999999935,0.0,5.0,0.0,1.5999999999999348,0,1.0,0,1,1,0.14322465998703415,Abl_I_NoStoppingCert
Full_B7,50019,0.518,0.48022419330348154,reject,reject,True,False,False,6.599999999999935,0.0,5.0,0.0,1.5999999999999348,0,1.0,0,1,1,0.14149839178670984,Full_B7
Abl_A_NoBiasModel,50019,0.518,0.4796126752096187,reject,reject,True,False,False,6.599999999999935,0.0,5.0,0.0,1.5999999999999348,0,1.0,0,1,1,0.14141458336598997,Abl_A_NoBiasModel
Abl_B_NoOptionValue,50019,0.518,0.4807123172295097,reject,reject,True,False,False,6.599999999999935,0.0,5.0,0.0,1.5999999999999348,0,1.0,0,1,1,0.1415649144123104,Abl_B_NoOptionValue
Abl_C_NoStateChange,50019,0.518,0.4814300578898486,reject,reject,True,False,False,13.19999999999987,0.0,10.0,0.0,3.1999999999998696,0,2.0,0,2,2,0.1412073002123494,Abl_C_NoStateChange
Abl_E_NoContagion,50019,0.518,0.48654059171948844,reject,reject,True,False,False,6.599999999999935,0.0,5.0,0.0,1.5999999999999348,0,1.0,0,1,1,0.14233367751944292,Abl_E_NoContagion
Abl_F_NoDispositionLoss,50019,0.518,0.48460337222870037,reject,reject,True,False,False,47.743333333333354,0.0,35.0,0.0,12.743333333333357,0,6.0,1,2,3,0.13180072191215342,Abl_F_NoDispositionLoss
Abl_G_NoRecedingHorizon,50019,0.518,0.4872721365654594,reject,reject,True,False,False,6.599999999999935,0.0,5.0,0.0,1.5999999999999348,0,1.0,0,1,1,0.14242686414043348,Abl_G_NoRecedingHorizon
Abl_H_NoAccessConstraints,50019,0.518,0.5030846434996592,reject,reject,True,False,False,32.999999999999815,0.0,25.0,0.0,7.999999999999813,0,5.0,0,5,5,0.08502848338438374,Abl_H_NoAccessConstraints
Abl_I_NoStoppingCert,50019,0.518,0.49641094716902956,reject,reject,True,False,False,6.599999999999935,0.0,5.0,0.0,1.5999999999999348,0,1.0,0,1,1,0.14352971384732338,Abl_I_NoStoppingCert
Full_B7,50020,0.518,0.4880934624783608,reject,reject,True,False,False,6.599999999999935,0.0,5.0,0.0,1.5999999999999348,0,1.0,0,1,1,0.1425306146236627,Full_B7
Abl_A_NoBiasModel,50020,0.518,0.49310264652134783,reject,reject,True,False,False,6.599999999999935,0.0,5.0,0.0,1.5999999999999348,0,1.0,0,1,1,0.14314350739442236,Abl_A_NoBiasModel
Abl_B_NoOptionValue,50020,0.518,0.48208928400726175,reject,reject,True,False,False,6.599999999999935,0.0,5.0,0.0,1.5999999999999348,0,1.0,0,1,1,0.1417507822566531,Abl_B_NoOptionValue
Abl_C_NoStateChange,50020,0.518,0.4815916736651692,reject,reject,True,False,False,13.19999999999987,0.0,10.0,0.0,3.1999999999998696,0,2.0,0,2,2,0.1412213112916762,Abl_C_NoStateChange
Abl_E_NoContagion,50020,0.518,0.4796126752096187,reject,reject,True,False,False,6.599999999999935,0.0,5.0,0.0,1.5999999999999348,0,1.0,0,1,1,0.14141458336598997,Abl_E_NoContagion
Abl_F_NoDispositionLoss,50020,0.524,0.49100258186755247,reject,reject,True,False,False,57.622621161079294,0.0,35.0,0.0,22.622621161079294,0,6.0,1,2,3,0.13206268303384577,Abl_F_NoDispositionLoss
Abl_G_NoRecedingHorizon,50020,0.518,0.4796126752096187,reject,reject,True,False,False,6.599999999999935,0.0,5.0,0.0,1.5999999999999348,0,1.0,0,1,1,0.14141458336598997,Abl_G_NoRecedingHorizon
Abl_H_NoAccessConstraints,50020,0.524,0.5381520314583574,reject,reject,True,False,False,41.74347089741332,0.0,25.0,0.0,16.74347089741332,0,5.0,0,5,5,0.08442848267067428,Abl_H_NoAccessConstraints
Abl_I_NoStoppingCert,50020,0.518,0.48252774493364126,reject,reject,True,False,False,6.599999999999935,0.0,5.0,0.0,1.5999999999999348,0,1.0,0,1,1,0.14180941420675225,Abl_I_NoStoppingCert
Full_B7,50021,0.518,0.4796126752096187,reject,reject,True,False,False,6.600000000000213,0.0,5.0,0.0,1.6000000000002124,0,1.0,0,1,1,0.14141458336598997,Full_B7
Abl_A_NoBiasModel,50021,0.518,0.4838476481051857,reject,reject,True,False,False,6.600000000000213,0.0,5.0,0.0,1.6000000000002124,0,1.0,0,1,1,0.14198430675730647,Abl_A_NoBiasModel
Abl_B_NoOptionValue,50021,0.518,0.4796126752096187,reject,reject,True,False,False,6.600000000000213,0.0,5.0,0.0,1.6000000000002124,0,1.0,0,1,1,0.14141458336598997,Abl_B_NoOptionValue
Abl_C_NoStateChange,50021,0.518,0.4771598274481129,reject,reject,True,False,False,13.200000000000147,0.0,10.0,0.0,3.200000000000147,0,2.0,0,2,2,0.14082889950402674,Abl_C_NoStateChange
Abl_E_NoContagion,50021,0.518,0.48679575035089656,reject,reject,True,False,False,6.600000000000213,0.0,5.0,0.0,1.6000000000002124,0,1.0,0,1,1,0.14236626375068848,Abl_E_NoContagion
Abl_F_NoDispositionLoss,50021,0.522,0.477924468955614,reject,reject,True,False,False,53.07334941629171,0.0,35.0,0.0,18.073349416291713,0,6.0,1,2,3,0.13149246143562007,Abl_F_NoDispositionLoss
Abl_G_NoRecedingHorizon,50021,0.518,0.4984062716357798,reject,reject,True,False,False,6.600000000000213,0.0,5.0,0.0,1.6000000000002124,0,1.0,0,1,1,0.14375556133518905,Abl_G_NoRecedingHorizon
Abl_H_NoAccessConstraints,50021,0.524,0.543568005246955,reject,reject,True,False,False,41.501005996538694,0.0,25.0,0.0,16.501005996538698,0,5.0,0,5,5,0.0803940325104604,Abl_H_NoAccessConstraints
Abl_I_NoStoppingCert,50021,0.518,0.48168832473075146,reject,reject,True,False,False,6.600000000000213,0.0,5.0,0.0,1.6000000000002124,0,1.0,0,1,1,0.141696931474629,Abl_I_NoStoppingCert
Full_B7,50022,0.518,0.4796126752096187,reject,reject,True,False,False,6.599999999999935,0.0,5.0,0.0,1.5999999999999348,0,1.0,0,1,1,0.14141458336598997,Full_B7
Abl_A_NoBiasModel,50022,0.518,0.4796126752096187,reject,reject,True,False,False,6.599999999999935,0.0,5.0,0.0,1.5999999999999348,0,1.0,0,1,1,0.14141458336598997,Abl_A_NoBiasModel
Abl_B_NoOptionValue,50022,0.518,0.48059373294176766,reject,reject,True,False,False,6.599999999999935,0.0,5.0,0.0,1.5999999999999348,0,1.0,0,1,1,0.1415487840369478,Abl_B_NoOptionValue
Abl_C_NoStateChange,50022,0.518,0.4768663646128307,reject,reject,True,False,False,13.200000000000008,0.0,10.0,0.0,3.200000000000008,0,2.0,0,2,2,0.1408023127869857,Abl_C_NoStateChange
Abl_E_NoContagion,50022,0.518,0.481588729108365,reject,reject,True,False,False,6.599999999999935,0.0,5.0,0.0,1.5999999999999348,0,1.0,0,1,1,0.1416835206613153,Abl_E_NoContagion
Abl_F_NoDispositionLoss,50022,0.518,0.48196167930717004,reject,reject,True,False,False,47.743333333333354,0.0,35.0,0.0,12.743333333333357,0,6.0,1,2,3,0.13168306427782442,Abl_F_NoDispositionLoss
Abl_G_NoRecedingHorizon,50022,0.518,0.4796126752096187,reject,reject,True,False,False,6.599999999999935,0.0,5.0,0.0,1.5999999999999348,0,1.0,0,1,1,0.14141458336598997,Abl_G_NoRecedingHorizon
Abl_H_NoAccessConstraints,50022,0.518,0.5175760549126036,reject,reject,True,False,False,32.99999999999995,0.0,25.0,0.0,7.999999999999951,0,5.0,0,5,5,0.08394997681504084,Abl_H_NoAccessConstraints
Abl_I_NoStoppingCert,50022,0.518,0.48249468974439064,reject,reject,True,False,False,6.599999999999935,0.0,5.0,0.0,1.5999999999999348,0,1.0,0,1,1,0.1418050032899798,Abl_I_NoStoppingCert
Full_B7,50023,0.518,0.4935564804408818,reject,reject,True,False,False,6.599999999999935,0.0,5.0,0.0,1.5999999999999348,0,1.0,0,1,1,0.14319735792658106,Full_B7
Abl_A_NoBiasModel,50023,0.518,0.4796126752096187,reject,reject,True,False,False,6.599999999999935,0.0,5.0,0.0,1.5999999999999348,0,1.0,0,1,1,0.14141458336598997,Abl_A_NoBiasModel
Abl_B_NoOptionValue,50023,0.518,0.4796126752096187,reject,reject,True,False,False,6.599999999999935,0.0,5.0,0.0,1.5999999999999348,0,1.0,0,1,1,0.14141458336598997,Abl_B_NoOptionValue
Abl_C_NoStateChange,50023,0.518,0.488569352356891,reject,reject,True,False,False,13.200000000000008,0.0,10.0,0.0,3.200000000000008,0,2.0,0,2,2,0.141804801686163,Abl_C_NoStateChange
Abl_E_NoContagion,50023,0.518,0.4796126752096187,reject,reject,True,False,False,6.599999999999935,0.0,5.0,0.0,1.5999999999999348,0,1.0,0,1,1,0.14141458336598997,Abl_E_NoContagion
Abl_F_NoDispositionLoss,50023,0.518,0.4786519785650227,reject,reject,True,False,False,47.743333333333496,0.0,35.0,0.0,12.743333333333496,0,6.0,1,2,3,0.1315277738809041,Abl_F_NoDispositionLoss
Abl_G_NoRecedingHorizon,50023,0.518,0.4796126752096187,reject,reject,True,False,False,6.599999999999935,0.0,5.0,0.0,1.5999999999999348,0,1.0,0,1,1,0.14141458336598997,Abl_G_NoRecedingHorizon
Abl_H_NoAccessConstraints,50023,0.518,0.5115636521930609,reject,reject,True,False,False,32.99999999999995,0.0,25.0,0.0,7.999999999999951,0,5.0,0,5,5,0.0825642472586696,Abl_H_NoAccessConstraints
Abl_I_NoStoppingCert,50023,0.518,0.48686082231553546,reject,reject,True,False,False,6.599999999999935,0.0,5.0,0.0,1.5999999999999348,0,1.0,0,1,1,0.142374559790536,Abl_I_NoStoppingCert
Full_B7,50024,0.518,0.49923220556393194,reject,reject,True,False,False,6.599999999999935,0.0,5.0,0.0,1.5999999999999348,0,1.0,0,1,1,0.14384749518639625,Full_B7
Abl_A_NoBiasModel,50024,0.518,0.479623607636264,reject,reject,True,False,False,6.599999999999935,0.0,5.0,0.0,1.5999999999999348,0,1.0,0,1,1,0.14141608624036467,Abl_A_NoBiasModel
Abl_B_NoOptionValue,50024,0.518,0.4838671531927954,reject,reject,True,False,False,6.599999999999935,0.0,5.0,0.0,1.5999999999999348,0,1.0,0,1,1,0.1419868731927719,Abl_B_NoOptionValue
Abl_C_NoStateChange,50024,0.518,0.4857941540483224,reject,reject,True,False,False,13.19999999999987,0.0,10.0,0.0,3.1999999999998696,0,2.0,0,2,2,0.1415777371736445,Abl_C_NoStateChange
Abl_E_NoContagion,50024,0.518,0.4796126752096187,reject,reject,True,False,False,6.599999999999935,0.0,5.0,0.0,1.5999999999999348,0,1.0,0,1,1,0.14141458336598997,Abl_E_NoContagion
Abl_F_NoDispositionLoss,50024,0.518,0.46848484079782243,reject,reject,True,False,False,47.74333333333322,0.0,35.0,0.0,12.743333333333219,0,6.0,1,2,3,0.13099558790152113,Abl_F_NoDispositionLoss
Abl_G_NoRecedingHorizon,50024,0.518,0.48024790224242697,reject,reject,True,False,False,6.599999999999935,0.0,5.0,0.0,1.5999999999999348,0,1.0,0,1,1,0.14150163057483814,Abl_G_NoRecedingHorizon
Abl_H_NoAccessConstraints,50024,0.518,0.4633894647384313,reject,reject,True,False,False,52.7999999999999,0.0,40.0,0.0,12.799999999999894,0,8.0,0,8,8,0.07194557520362879,Abl_H_NoAccessConstraints
Abl_I_NoStoppingCert,50024,0.518,0.4796126752096187,reject,reject,True,False,False,6.599999999999935,0.0,5.0,0.0,1.5999999999999348,0,1.0,0,1,1,0.14141458336598997,Abl_I_NoStoppingCert
Full_B7,50025,0.518,0.4875087054102763,reject,reject,True,False,False,6.600000000000073,0.0,5.0,0.0,1.6000000000000736,0,1.0,0,1,1,0.14245684226756275,Full_B7
Abl_A_NoBiasModel,50025,0.518,0.4796126752096187,reject,reject,True,False,False,6.600000000000073,0.0,5.0,0.0,1.6000000000000736,0,1.0,0,1,1,0.14141458336598997,Abl_A_NoBiasModel
Abl_B_NoOptionValue,50025,0.518,0.4796126752096187,reject,reject,True,False,False,6.600000000000073,0.0,5.0,0.0,1.6000000000000736,0,1.0,0,1,1,0.14141458336598997,Abl_B_NoOptionValue
Abl_C_NoStateChange,50025,0.518,0.5006196026741538,reject,reject,True,False,False,13.200000000000008,0.0,10.0,0.0,3.200000000000008,0,2.0,0,2,2,0.14271490645060386,Abl_C_NoStateChange
Abl_E_NoContagion,50025,0.518,0.4804042274583173,reject,reject,True,False,False,6.600000000000073,0.0,5.0,0.0,1.6000000000000736,0,1.0,0,1,1,0.1415229659312472,Abl_E_NoContagion
Abl_F_NoDispositionLoss,50025,0.518,0.479197530818438,reject,reject,True,False,False,47.74333333333322,0.0,35.0,0.0,12.743333333333219,0,6.0,1,2,3,0.13155397553293974,Abl_F_NoDispositionLoss
Abl_G_NoRecedingHorizon,50025,0.518,0.4971433012115315,reject,reject,True,False,False,6.600000000000073,0.0,5.0,0.0,1.6000000000000736,0,1.0,0,1,1,0.14361322495556167,Abl_G_NoRecedingHorizon
Abl_H_NoAccessConstraints,50025,0.518,0.5102886757757414,reject,reject,True,False,False,32.99999999999995,0.0,25.0,0.0,7.999999999999951,0,5.0,0,5,5,0.08040992211349936,Abl_H_NoAccessConstraints
Abl_I_NoStoppingCert,50025,0.518,0.4796126752096187,reject,reject,True,False,False,6.600000000000073,0.0,5.0,0.0,1.6000000000000736,0,1.0,0,1,1,0.14141458336598997,Abl_I_NoStoppingCert
Full_B7,50026,0.524,0.49781097813733216,reject,reject,True,False,False,14.908043217242424,0.0,5.0,0.0,9.908043217242424,0,1.0,0,1,1,0.1436887368531279,Full_B7
Abl_A_NoBiasModel,50026,0.518,0.4796126752096187,reject,reject,True,False,False,6.599999999999935,0.0,5.0,0.0,1.5999999999999348,0,1.0,0,1,1,0.14141458336598997,Abl_A_NoBiasModel
Abl_B_NoOptionValue,50026,0.518,0.4796126752096187,reject,reject,True,False,False,6.599999999999935,0.0,5.0,0.0,1.5999999999999348,0,1.0,0,1,1,0.14141458336598997,Abl_B_NoOptionValue
Abl_C_NoStateChange,50026,0.518,0.4768663646128307,reject,reject,True,False,False,13.200000000000008,0.0,10.0,0.0,3.200000000000008,0,2.0,0,2,2,0.1408023127869857,Abl_C_NoStateChange
Abl_E_NoContagion,50026,0.518,0.49258046572549546,reject,reject,True,False,False,6.599999999999935,0.0,5.0,0.0,1.5999999999999348,0,1.0,0,1,1,0.14308120344675146,Abl_E_NoContagion
Abl_F_NoDispositionLoss,50026,0.524,0.5023551552644592,reject,reject,True,False,False,56.50707622961586,0.0,35.0,0.0,21.507076229615866,0,6.0,1,2,3,0.1324476054084729,Abl_F_NoDispositionLoss
Abl_G_NoRecedingHorizon,50026,0.518,0.4796126752096187,reject,reject,True,False,False,6.599999999999935,0.0,5.0,0.0,1.5999999999999348,0,1.0,0,1,1,0.14141458336598997,Abl_G_NoRecedingHorizon
Abl_H_NoAccessConstraints,50026,0.518,0.5334102028231107,reject,reject,True,False,False,32.999999999999815,0.0,25.0,0.0,7.999999999999813,0,5.0,0,5,5,0.08339256292362986,Abl_H_NoAccessConstraints
Abl_I_NoStoppingCert,50026,0.518,0.4796126752096187,reject,reject,True,False,False,6.599999999999935,0.0,5.0,0.0,1.5999999999999348,0,1.0,0,1,1,0.14141458336598997,Abl_I_NoStoppingCert
Full_B7,50027,0.518,0.4981380923218121,reject,reject,True,False,False,6.599999999999935,0.0,5.0,0.0,1.5999999999999348,0,1.0,0,1,1,0.1437255153757392,Full_B7
Abl_A_NoBiasModel,50027,0.518,0.4874058701947089,reject,reject,True,False,False,6.599999999999935,0.0,5.0,0.0,1.5999999999999348,0,1.0,0,1,1,0.1424438203438458,Abl_A_NoBiasModel
Abl_B_NoOptionValue,50027,0.518,0.5062261588219206,reject,reject,True,False,False,6.599999999999935,0.0,5.0,0.0,1.5999999999999348,0,1.0,0,1,1,0.14458982293751824,Abl_B_NoOptionValue
Abl_C_NoStateChange,50027,0.518,0.48377143964988206,reject,reject,True,False,False,13.19999999999987,0.0,10.0,0.0,3.1999999999998696,0,2.0,0,2,2,0.1414080814868008,Abl_C_NoStateChange
Abl_E_NoContagion,50027,0.518,0.48809389337320946,reject,reject,True,False,False,6.599999999999935,0.0,5.0,0.0,1.5999999999999348,0,1.0,0,1,1,0.14253066881264587,Abl_E_NoContagion
Abl_F_NoDispositionLoss,50027,0.518,0.4794256689385195,reject,reject,True,False,False,47.74333333333322,0.0,35.0,0.0,12.743333333333219,0,6.0,1,2,3,0.13156486167894266,Abl_F_NoDispositionLoss
Abl_G_NoRecedingHorizon,50027,0.518,0.4917827795630161,reject,reject,True,False,False,6.599999999999935,0.0,5.0,0.0,1.5999999999999348,0,1.0,0,1,1,0.1429853167784288,Abl_G_NoRecedingHorizon
Abl_H_NoAccessConstraints,50027,0.518,0.5121865076166403,reject,reject,True,False,False,32.999999999999815,0.0,25.0,0.0,7.999999999999813,0,5.0,0,5,5,0.08269185975477936,Abl_H_NoAccessConstraints
Abl_I_NoStoppingCert,50027,0.518,0.48654134345139094,reject,reject,True,False,False,6.599999999999935,0.0,5.0,0.0,1.5999999999999348,0,1.0,0,1,1,0.14233377365400007,Abl_I_NoStoppingCert
Full_B7,50028,0.518,0.4796126752096187,reject,reject,True,False,False,6.600000000000073,0.0,5.0,0.0,1.6000000000000736,0,1.0,0,1,1,0.14141458336598997,Full_B7
Abl_A_NoBiasModel,50028,0.518,0.4844966753911029,reject,reject,True,False,False,6.600000000000073,0.0,5.0,0.0,1.6000000000000736,0,1.0,0,1,1,0.14206942225044408,Abl_A_NoBiasModel
Abl_B_NoOptionValue,50028,0.518,0.4796126752096187,reject,reject,True,False,False,6.600000000000073,0.0,5.0,0.0,1.6000000000000736,0,1.0,0,1,1,0.14141458336598997,Abl_B_NoOptionValue
Abl_C_NoStateChange,50028,0.518,0.4794236520951484,reject,reject,True,False,False,13.200000000000008,0.0,10.0,0.0,3.200000000000008,0,2.0,0,2,2,0.14103147560921028,Abl_C_NoStateChange
Abl_E_NoContagion,50028,0.518,0.4908447229656069,reject,reject,True,False,False,6.600000000000073,0.0,5.0,0.0,1.6000000000000736,0,1.0,0,1,1,0.14287145535120999,Abl_E_NoContagion
Abl_F_NoDispositionLoss,50028,0.518,0.4914777325986292,reject,reject,True,False,False,47.74333333333322,0.0,35.0,0.0,12.743333333333219,0,6.0,1,2,3,0.13208083646872013,Abl_F_NoDispositionLoss
Abl_G_NoRecedingHorizon,50028,0.518,0.4796126752096187,reject,reject,True,False,False,6.600000000000073,0.0,5.0,0.0,1.6000000000000736,0,1.0,0,1,1,0.14141458336598997,Abl_G_NoRecedingHorizon
Abl_H_NoAccessConstraints,50028,0.518,0.5167902272870951,reject,reject,True,False,False,32.99999999999995,0.0,25.0,0.0,7.999999999999951,0,5.0,0,5,5,0.091828139791722,Abl_H_NoAccessConstraints
Abl_I_NoStoppingCert,50028,0.518,0.4796126752096187,reject,reject,True,False,False,6.600000000000073,0.0,5.0,0.0,1.6000000000000736,0,1.0,0,1,1,0.14141458336598997,Abl_I_NoStoppingCert
Full_B7,50029,0.518,0.48912223532837806,reject,reject,True,False,False,6.599999999999935,0.0,5.0,0.0,1.5999999999999348,0,1.0,0,1,1,0.14265927050278274,Full_B7
Abl_A_NoBiasModel,50029,0.518,0.48909218574805785,reject,reject,True,False,False,6.599999999999935,0.0,5.0,0.0,1.5999999999999348,0,1.0,0,1,1,0.14265553303056103,Abl_A_NoBiasModel
Abl_B_NoOptionValue,50029,0.518,0.48928436006287984,reject,reject,True,False,False,6.599999999999935,0.0,5.0,0.0,1.5999999999999348,0,1.0,0,1,1,0.14267941385198937,Abl_B_NoOptionValue
Abl_C_NoStateChange,50029,0.518,0.4901550687691881,reject,reject,True,False,False,13.19999999999987,0.0,10.0,0.0,3.1999999999998696,0,2.0,0,2,2,0.1419315912916732,Abl_C_NoStateChange
Abl_E_NoContagion,50029,0.518,0.4796126752096187,reject,reject,True,False,False,6.599999999999935,0.0,5.0,0.0,1.5999999999999348,0,1.0,0,1,1,0.14141458336598997,Abl_E_NoContagion
Abl_F_NoDispositionLoss,50029,0.518,0.4735020693921079,reject,reject,True,False,False,47.743333333333084,0.0,35.0,0.0,12.74333333333308,0,6.0,1,2,3,0.13126864136926275,Abl_F_NoDispositionLoss
Abl_G_NoRecedingHorizon,50029,0.518,0.4796126752096187,reject,reject,True,False,False,6.599999999999935,0.0,5.0,0.0,1.5999999999999348,0,1.0,0,1,1,0.14141458336598997,Abl_G_NoRecedingHorizon
Abl_H_NoAccessConstraints,50029,0.518,0.5350062388827092,reject,reject,True,False,False,32.99999999999995,0.0,25.0,0.0,7.999999999999951,0,5.0,0,5,5,0.08240341977500998,Abl_H_NoAccessConstraints
Abl_I_NoStoppingCert,50029,0.518,0.4796126752096187,reject,reject,True,False,False,6.599999999999935,0.0,5.0,0.0,1.5999999999999348,0,1.0,0,1,1,0.14141458336598997,Abl_I_NoStoppingCert
Full_B7,50030,0.518,0.4796126752096187,reject,reject,True,False,False,6.599999999999935,0.0,5.0,0.0,1.5999999999999348,0,1.0,0,1,1,0.14141458336598997,Full_B7
Abl_A_NoBiasModel,50030,0.518,0.4836908323641772,reject,reject,True,False,False,6.599999999999935,0.0,5.0,0.0,1.5999999999999348,0,1.0,0,1,1,0.14196365419368084,Abl_A_NoBiasModel
Abl_B_NoOptionValue,50030,0.518,0.4796126752096187,reject,reject,True,False,False,6.599999999999935,0.0,5.0,0.0,1.5999999999999348,0,1.0,0,1,1,0.14141458336598997,Abl_B_NoOptionValue
Abl_C_NoStateChange,50030,0.518,0.49536505104651196,reject,reject,True,False,False,13.19999999999987,0.0,10.0,0.0,3.1999999999998696,0,2.0,0,2,2,0.14233313172921608,Abl_C_NoStateChange
Abl_E_NoContagion,50030,0.518,0.4848469759061563,reject,reject,True,False,False,6.599999999999935,0.0,5.0,0.0,1.5999999999999348,0,1.0,0,1,1,0.14211512032584647,Abl_E_NoContagion
Abl_F_NoDispositionLoss,50030,0.522,0.48615675196562025,reject,reject,True,False,False,53.91982678326923,0.0,35.0,0.0,18.91982678326923,0,6.0,1,2,3,0.13186730697553528,Abl_F_NoDispositionLoss
Abl_G_NoRecedingHorizon,50030,0.518,0.4796126752096187,reject,reject,True,False,False,6.599999999999935,0.0,5.0,0.0,1.5999999999999348,0,1.0,0,1,1,0.14141458336598997,Abl_G_NoRecedingHorizon
Abl_H_NoAccessConstraints,50030,0.518,0.5040182595603893,reject,reject,True,False,False,32.99999999999995,0.0,25.0,0.0,7.999999999999951,0,5.0,0,5,5,0.07964087112030206,Abl_H_NoAccessConstraints
Abl_I_NoStoppingCert,50030,0.518,0.4861375773622731,reject,reject,True,False,False,6.599999999999935,0.0,5.0,0.0,1.5999999999999348,0,1.0,0,1,1,0.14228202677377683,Abl_I_NoStoppingCert
Full_B7,50031,0.518,0.48335965242100104,reject,reject,True,False,False,6.599999999999935,0.0,5.0,0.0,1.5999999999999348,0,1.0,0,1,1,0.14191992623825,Full_B7
Abl_A_NoBiasModel,50031,0.518,0.4867999192225997,reject,reject,True,False,False,6.599999999999935,0.0,5.0,0.0,1.5999999999999348,0,1.0,0,1,1,0.1423667954150712,Abl_A_NoBiasModel
Abl_B_NoOptionValue,50031,0.518,0.4796126752096187,reject,reject,True,False,False,6.599999999999935,0.0,5.0,0.0,1.5999999999999348,0,1.0,0,1,1,0.14141458336598997,Abl_B_NoOptionValue
Abl_C_NoStateChange,50031,0.518,0.4826146489995728,reject,reject,True,False,False,13.19999999999987,0.0,10.0,0.0,3.1999999999998696,0,2.0,0,2,2,0.14130947368251653,Abl_C_NoStateChange
Abl_E_NoContagion,50031,0.518,0.4823859318147602,reject,reject,True,False,False,6.599999999999935,0.0,5.0,0.0,1.5999999999999348,0,1.0,0,1,1,0.1417904798304861,Abl_E_NoContagion
Abl_F_NoDispositionLoss,50031,0.518,0.4717810302834147,reject,reject,True,False,False,47.743333333333354,0.0,35.0,0.0,12.743333333333357,0,6.0,1,2,3,0.13117727388787648,Abl_F_NoDispositionLoss
Abl_G_NoRecedingHorizon,50031,0.518,0.4807828203220347,reject,reject,True,False,False,6.599999999999935,0.0,5.0,0.0,1.5999999999999348,0,1.0,0,1,1,0.141574495273122,Abl_G_NoRecedingHorizon
Abl_H_NoAccessConstraints,50031,0.518,0.5017943177689984,reject,reject,True,False,False,32.99999999999995,0.0,25.0,0.0,7.999999999999952,0,5.0,0,5,5,0.07979438714845671,Abl_H_NoAccessConstraints
Abl_I_NoStoppingCert,50031,0.518,0.4796126752096187,reject,reject,True,False,False,6.599999999999935,0.0,5.0,0.0,1.5999999999999348,0,1.0,0,1,1,0.14141458336598997,Abl_I_NoStoppingCert
Full_B7,50032,0.518,0.4796126752096187,reject,reject,True,False,False,6.599999999999935,0.0,5.0,0.0,1.5999999999999348,0,1.0,0,1,1,0.14141458336598997,Full_B7
Abl_A_NoBiasModel,50032,0.518,0.4796126752096187,reject,reject,True,False,False,6.599999999999935,0.0,5.0,0.0,1.5999999999999348,0,1.0,0,1,1,0.14141458336598997,Abl_A_NoBiasModel
Abl_B_NoOptionValue,50032,0.518,0.4796126752096187,reject,reject,True,False,False,6.599999999999935,0.0,5.0,0.0,1.5999999999999348,0,1.0,0,1,1,0.14141458336598997,Abl_B_NoOptionValue
Abl_C_NoStateChange,50032,0.518,0.4793950779728916,reject,reject,True,False,False,13.19999999999987,0.0,10.0,0.0,3.1999999999998696,0,2.0,0,2,2,0.14102894642389938,Abl_C_NoStateChange
Abl_E_NoContagion,50032,0.518,0.4796126752096187,reject,reject,True,False,False,6.599999999999935,0.0,5.0,0.0,1.5999999999999348,0,1.0,0,1,1,0.14141458336598997,Abl_E_NoContagion
Abl_F_NoDispositionLoss,50032,0.518,0.49514252762623023,reject,reject,True,False,False,47.743333333333084,0.0,35.0,0.0,12.74333333333308,0,6.0,1,2,3,0.1322148437884742,Abl_F_NoDispositionLoss
Abl_G_NoRecedingHorizon,50032,0.518,0.4796126752096187,reject,reject,True,False,False,6.599999999999935,0.0,5.0,0.0,1.5999999999999348,0,1.0,0,1,1,0.14141458336598997,Abl_G_NoRecedingHorizon
Abl_H_NoAccessConstraints,50032,0.518,0.5416082560725173,reject,reject,True,False,False,32.999999999999815,0.0,25.0,0.0,7.999999999999813,0,5.0,0,5,5,0.08252958939019892,Abl_H_NoAccessConstraints
Abl_I_NoStoppingCert,50032,0.518,0.4796126752096187,reject,reject,True,False,False,6.599999999999935,0.0,5.0,0.0,1.5999999999999348,0,1.0,0,1,1,0.14141458336598997,Abl_I_NoStoppingCert
Full_B7,50033,0.518,0.4796126752096187,reject,reject,True,False,False,6.599999999999935,0.0,5.0,0.0,1.5999999999999348,0,1.0,0,1,1,0.14141458336598997,Full_B7
Abl_A_NoBiasModel,50033,0.518,0.4796126752096187,reject,reject,True,False,False,6.599999999999935,0.0,5.0,0.0,1.5999999999999348,0,1.0,0,1,1,0.14141458336598997,Abl_A_NoBiasModel
Abl_B_NoOptionValue,50033,0.518,0.48139675510662794,reject,reject,True,False,False,6.599999999999935,0.0,5.0,0.0,1.5999999999999348,0,1.0,0,1,1,0.14165763194084874,Abl_B_NoOptionValue
Abl_C_NoStateChange,50033,0.518,0.48192624942365303,reject,reject,True,False,False,13.19999999999987,0.0,10.0,0.0,3.1999999999998696,0,2.0,0,2,2,0.1412502452171765,Abl_C_NoStateChange
Abl_E_NoContagion,50033,0.518,0.48041919559834884,reject,reject,True,False,False,6.599999999999935,0.0,5.0,0.0,1.5999999999999348,0,1.0,0,1,1,0.14152500700301654,Abl_E_NoContagion
Abl_F_NoDispositionLoss,50033,0.518,0.49964434217927967,reject,reject,True,False,False,47.743333333333354,0.0,35.0,0.0,12.743333333333357,0,6.0,1,2,3,0.13236493201187285,Abl_F_NoDispositionLoss
Abl_G_NoRecedingHorizon,50033,0.518,0.4796126752096187,reject,reject,True,False,False,6.599999999999935,0.0,5.0,0.0,1.5999999999999348,0,1.0,0,1,1,0.14141458336598997,Abl_G_NoRecedingHorizon
Abl_H_NoAccessConstraints,50033,0.518,0.5263691885153026,reject,reject,True,False,False,32.99999999999995,0.0,25.0,0.0,7.999999999999951,0,5.0,0,5,5,0.08362453311040152,Abl_H_NoAccessConstraints
Abl_I_NoStoppingCert,50033,0.518,0.4796126752096187,reject,reject,True,False,False,6.599999999999935,0.0,5.0,0.0,1.5999999999999348,0,1.0,0,1,1,0.14141458336598997,Abl_I_NoStoppingCert
Full_B7,50034,0.518,0.482634727773258,reject,reject,True,False,False,6.599999999999935,0.0,5.0,0.0,1.5999999999999348,0,1.0,0,1,1,0.14182367971511803,Full_B7
Abl_A_NoBiasModel,50034,0.518,0.4796126752096187,reject,reject,True,False,False,6.599999999999935,0.0,5.0,0.0,1.5999999999999348,0,1.0,0,1,1,0.14141458336598997,Abl_A_NoBiasModel
Abl_B_NoOptionValue,50034,0.518,0.4796126752096187,reject,reject,True,False,False,6.599999999999935,0.0,5.0,0.0,1.5999999999999348,0,1.0,0,1,1,0.14141458336598997,Abl_B_NoOptionValue
Abl_C_NoStateChange,50034,0.518,0.4768663646128307,reject,reject,True,False,False,13.200000000000008,0.0,10.0,0.0,3.200000000000008,0,2.0,0,2,2,0.1408023127869857,Abl_C_NoStateChange
Abl_E_NoContagion,50034,0.518,0.4796126752096187,reject,reject,True,False,False,6.599999999999935,0.0,5.0,0.0,1.5999999999999348,0,1.0,0,1,1,0.14141458336598997,Abl_E_NoContagion
Abl_F_NoDispositionLoss,50034,0.518,0.48461920888513077,reject,reject,True,False,False,47.743333333333496,0.0,35.0,0.0,12.743333333333496,0,6.0,1,2,3,0.13180141045309315,Abl_F_NoDispositionLoss
Abl_G_NoRecedingHorizon,50034,0.518,0.4796126752096187,reject,reject,True,False,False,6.599999999999935,0.0,5.0,0.0,1.5999999999999348,0,1.0,0,1,1,0.14141458336598997,Abl_G_NoRecedingHorizon
Abl_H_NoAccessConstraints,50034,0.518,0.5433828584046105,reject,reject,True,False,False,33.00000000000009,0.0,25.0,0.0,8.00000000000009,0,5.0,0,5,5,0.08814979322748275,Abl_H_NoAccessConstraints
Abl_I_NoStoppingCert,50034,0.518,0.4935041183295308,reject,reject,True,False,False,6.599999999999935,0.0,5.0,0.0,1.5999999999999348,0,1.0,0,1,1,0.14319115896117665,Abl_I_NoStoppingCert
Full_B7,50035,0.518,0.49349960274359506,reject,reject,True,False,False,6.600000000000073,0.0,5.0,0.0,1.6000000000000736,0,1.0,0,1,1,0.1431906242039509,Full_B7
Abl_A_NoBiasModel,50035,0.518,0.4877474356570725,reject,reject,True,False,False,6.600000000000073,0.0,5.0,0.0,1.6000000000000736,0,1.0,0,1,1,0.14248701668682884,Abl_A_NoBiasModel
Abl_B_NoOptionValue,50035,0.518,0.48306813415623023,reject,reject,True,False,False,6.600000000000073,0.0,5.0,0.0,1.6000000000000736,0,1.0,0,1,1,0.14188130952740705,Abl_B_NoOptionValue
Abl_C_NoStateChange,50035,0.518,0.4768663646128307,reject,reject,True,False,False,13.200000000000147,0.0,10.0,0.0,3.200000000000147,0,2.0,0,2,2,0.1408023127869857,Abl_C_NoStateChange
Abl_E_NoContagion,50035,0.518,0.4796126752096187,reject,reject,True,False,False,6.600000000000073,0.0,5.0,0.0,1.6000000000000736,0,1.0,0,1,1,0.14141458336598997,Abl_E_NoContagion
Abl_F_NoDispositionLoss,50035,0.524,0.47657672142098384,reject,reject,True,False,False,56.53255146611022,0.0,35.0,0.0,21.532551466110217,0,6.0,1,2,3,0.13142591952832983,Abl_F_NoDispositionLoss
Abl_G_NoRecedingHorizon,50035,0.518,0.4796126752096187,reject,reject,True,False,False,6.600000000000073,0.0,5.0,0.0,1.6000000000000736,0,1.0,0,1,1,0.14141458336598997,Abl_G_NoRecedingHorizon
Abl_H_NoAccessConstraints,50035,0.518,0.5158552771781286,reject,reject,True,False,False,33.00000000000023,0.0,25.0,0.0,8.00000000000023,0,5.0,0,5,5,0.08140930926570418,Abl_H_NoAccessConstraints
Abl_I_NoStoppingCert,50035,0.518,0.4955715663542633,reject,reject,True,False,False,6.600000000000073,0.0,5.0,0.0,1.6000000000000736,0,1.0,0,1,1,0.14343311609766618,Abl_I_NoStoppingCert
Full_B7,50036,0.518,0.48809410910484496,reject,reject,True,False,False,6.600000000000073,0.0,5.0,0.0,1.6000000000000736,0,1.0,0,1,1,0.14253069594278434,Full_B7
Abl_A_NoBiasModel,50036,0.518,0.4796126752096187,reject,reject,True,False,False,6.600000000000073,0.0,5.0,0.0,1.6000000000000736,0,1.0,0,1,1,0.14141458336598997,Abl_A_NoBiasModel
Abl_B_NoOptionValue,50036,0.518,0.4796126752096187,reject,reject,True,False,False,6.600000000000073,0.0,5.0,0.0,1.6000000000000736,0,1.0,0,1,1,0.14141458336598997,Abl_B_NoOptionValue
Abl_C_NoStateChange,50036,0.518,0.4769814811786902,reject,reject,True,False,False,13.200000000000147,0.0,10.0,0.0,3.200000000000147,0,2.0,0,2,2,0.14081275089501818,Abl_C_NoStateChange
Abl_E_NoContagion,50036,0.518,0.4798948182760065,reject,reject,True,False,False,6.600000000000073,0.0,5.0,0.0,1.6000000000000736,0,1.0,0,1,1,0.14145331592701704,Abl_E_NoContagion
Abl_F_NoDispositionLoss,50036,0.518,0.4895357536557494,reject,reject,True,False,False,47.743333333333354,0.0,35.0,0.0,12.743333333333357,0,6.0,1,2,3,0.13200551202841843,Abl_F_NoDispositionLoss
Abl_G_NoRecedingHorizon,50036,0.518,0.4807507540743009,reject,reject,True,False,False,6.600000000000073,0.0,5.0,0.0,1.6000000000000736,0,1.0,0,1,1,0.14157013856064776,Abl_G_NoRecedingHorizon
Abl_H_NoAccessConstraints,50036,0.518,0.47563455840582913,reject,reject,True,False,False,46.19999999999996,0.0,35.0,0.0,11.19999999999996,0,7.0,0,7,7,0.06939148336806171,Abl_H_NoAccessConstraints
Abl_I_NoStoppingCert,50036,0.518,0.4796126752096187,reject,reject,True,False,False,6.600000000000073,0.0,5.0,0.0,1.6000000000000736,0,1.0,0,1,1,0.14141458336598997,Abl_I_NoStoppingCert
Full_B7,50037,0.518,0.48855535377117104,reject,reject,True,False,False,6.599999999999935,0.0,5.0,0.0,1.5999999999999348,0,1.0,0,1,1,0.1425885562082506,Full_B7
Abl_A_NoBiasModel,50037,0.518,0.48041082978716554,reject,reject,True,False,False,6.599999999999935,0.0,5.0,0.0,1.5999999999999348,0,1.0,0,1,1,0.14152386627047914,Abl_A_NoBiasModel
Abl_B_NoOptionValue,50037,0.518,0.484811895961509,reject,reject,True,False,False,6.599999999999935,0.0,5.0,0.0,1.5999999999999348,0,1.0,0,1,1,0.14211055162954073,Abl_B_NoOptionValue
Abl_C_NoStateChange,50037,0.518,0.4783626563217286,reject,reject,True,False,False,13.19999999999987,0.0,10.0,0.0,3.1999999999998696,0,2.0,0,2,2,0.14093708812462263,Abl_C_NoStateChange
Abl_E_NoContagion,50037,0.518,0.49737494995382664,reject,reject,True,False,False,6.599999999999935,0.0,5.0,0.0,1.5999999999999348,0,1.0,0,1,1,0.1436394909839848,Abl_E_NoContagion
Abl_F_NoDispositionLoss,50037,0.518,0.49198362384274413,reject,reject,True,False,False,47.74333333333322,0.0,35.0,0.0,12.743333333333219,0,6.0,1,2,3,0.1320999676421979,Abl_F_NoDispositionLoss
Abl_G_NoRecedingHorizon,50037,0.518,0.4925881577116861,reject,reject,True,False,False,6.599999999999935,0.0,5.0,0.0,1.5999999999999348,0,1.0,0,1,1,0.14308212388535982,Abl_G_NoRecedingHorizon
Abl_H_NoAccessConstraints,50037,0.518,0.511286456155982,reject,reject,True,False,False,32.99999999999995,0.0,25.0,0.0,7.999999999999951,0,5.0,0,5,5,0.08387655232868403,Abl_H_NoAccessConstraints
Abl_I_NoStoppingCert,50037,0.518,0.484956274676803,reject,reject,True,False,False,6.599999999999935,0.0,5.0,0.0,1.5999999999999348,0,1.0,0,1,1,0.142129344167624,Abl_I_NoStoppingCert
Full_B7,50038,0.518,0.5080091897094168,reject,reject,True,False,False,6.599999999999935,0.0,5.0,0.0,1.5999999999999348,0,1.0,0,1,1,0.14476879636812318,Full_B7
Abl_A_NoBiasModel,50038,0.518,0.5028953985466555,reject,reject,True,False,False,6.599999999999935,0.0,5.0,0.0,1.5999999999999348,0,1.0,0,1,1,0.14424434139137077,Abl_A_NoBiasModel
Abl_B_NoOptionValue,50038,0.518,0.4796126752096187,reject,reject,True,False,False,6.599999999999935,0.0,5.0,0.0,1.5999999999999348,0,1.0,0,1,1,0.14141458336598997,Abl_B_NoOptionValue
Abl_C_NoStateChange,50038,0.518,0.5071880927507838,reject,reject,True,False,False,6.599999999999935,0.0,5.0,0.0,1.5999999999999348,0,1.0,0,1,1,0.14468689361226972,Abl_C_NoStateChange
Abl_E_NoContagion,50038,0.518,0.4820987356814406,reject,reject,True,False,False,6.599999999999935,0.0,5.0,0.0,1.5999999999999348,0,1.0,0,1,1,0.14175204896871962,Abl_E_NoContagion
Abl_F_NoDispositionLoss,50038,0.518,0.4868763912603013,reject,reject,True,False,False,47.74333333333322,0.0,35.0,0.0,12.743333333333219,0,6.0,1,2,3,0.13189750234327186,Abl_F_NoDispositionLoss
Abl_G_NoRecedingHorizon,50038,0.518,0.4796126752096187,reject,reject,True,False,False,6.599999999999935,0.0,5.0,0.0,1.5999999999999348,0,1.0,0,1,1,0.14141458336598997,Abl_G_NoRecedingHorizon
Abl_H_NoAccessConstraints,50038,0.518,0.5150684074391569,reject,reject,True,False,False,33.00000000000009,0.0,25.0,0.0,8.00000000000009,0,5.0,0,5,5,0.07863847412802712,Abl_H_NoAccessConstraints
Abl_I_NoStoppingCert,50038,0.52,0.4796126752096187,reject,reject,True,False,False,10.187740566352655,0.0,5.0,0.0,5.187740566352655,0,1.0,0,1,1,0.14141458336598997,Abl_I_NoStoppingCert
Full_B7,50039,0.518,0.4902621994754863,reject,reject,True,False,False,6.600000000000073,0.0,5.0,0.0,1.6000000000000736,0,1.0,0,1,1,0.14280014822821827,Full_B7
Abl_A_NoBiasModel,50039,0.518,0.4796126752096187,reject,reject,True,False,False,6.600000000000073,0.0,5.0,0.0,1.6000000000000736,0,1.0,0,1,1,0.14141458336598997,Abl_A_NoBiasModel
Abl_B_NoOptionValue,50039,0.518,0.4796126752096187,reject,reject,True,False,False,6.600000000000073,0.0,5.0,0.0,1.6000000000000736,0,1.0,0,1,1,0.14141458336598997,Abl_B_NoOptionValue
Abl_C_NoStateChange,50039,0.518,0.4768663646128307,reject,reject,True,False,False,13.200000000000008,0.0,10.0,0.0,3.200000000000008,0,2.0,0,2,2,0.1408023127869857,Abl_C_NoStateChange
Abl_E_NoContagion,50039,0.518,0.4796126752096187,reject,reject,True,False,False,6.600000000000073,0.0,5.0,0.0,1.6000000000000736,0,1.0,0,1,1,0.14141458336598997,Abl_E_NoContagion
Abl_F_NoDispositionLoss,50039,0.518,0.5025023454744784,reject,reject,True,False,False,47.743333333333354,0.0,35.0,0.0,12.743333333333357,0,6.0,1,2,3,0.13245192890225055,Abl_F_NoDispositionLoss
Abl_G_NoRecedingHorizon,50039,0.518,0.4949754372979556,reject,reject,True,False,False,6.600000000000073,0.0,5.0,0.0,1.6000000000000736,0,1.0,0,1,1,0.14336393900987948,Abl_G_NoRecedingHorizon
Abl_H_NoAccessConstraints,50039,0.518,0.47724647891114885,reject,reject,True,False,False,59.39999999999996,0.0,45.0,0.0,14.399999999999967,0,9.0,0,9,9,0.07097779175837904,Abl_H_NoAccessConstraints
Abl_I_NoStoppingCert,50039,0.518,0.4796126752096187,reject,reject,True,False,False,6.600000000000073,0.0,5.0,0.0,1.6000000000000736,0,1.0,0,1,1,0.14141458336598997,Abl_I_NoStoppingCert
Full_B7,50040,0.518,0.48262229270125817,reject,reject,True,False,False,6.600000000000073,0.0,5.0,0.0,1.6000000000000736,0,1.0,0,1,1,0.14182202238918884,Full_B7
Abl_A_NoBiasModel,50040,0.518,0.4796126752096187,reject,reject,True,False,False,6.600000000000073,0.0,5.0,0.0,1.6000000000000736,0,1.0,0,1,1,0.14141458336598997,Abl_A_NoBiasModel
Abl_B_NoOptionValue,50040,0.518,0.5003623503389121,reject,reject,True,False,False,6.600000000000073,0.0,5.0,0.0,1.6000000000000736,0,1.0,0,1,1,0.1439718223129237,Abl_B_NoOptionValue
Abl_C_NoStateChange,50040,0.518,0.48432162007045976,reject,reject,True,False,False,13.19999999999987,0.0,10.0,0.0,3.1999999999998696,0,2.0,0,2,2,0.1414545760552759,Abl_C_NoStateChange
Abl_E_NoContagion,50040,0.518,0.5001154580121667,reject,reject,True,False,False,6.600000000000073,0.0,5.0,0.0,1.6000000000000736,0,1.0,0,1,1,0.14394480634177692,Abl_E_NoContagion
Abl_F_NoDispositionLoss,50040,0.518,0.4810288878073271,reject,reject,True,False,False,47.743333333333354,0.0,35.0,0.0,12.743333333333357,0,6.0,1,2,3,0.13164018606720918,Abl_F_NoDispositionLoss
Abl_G_NoRecedingHorizon,50040,0.518,0.482935043844245,reject,reject,True,False,False,6.600000000000073,0.0,5.0,0.0,1.6000000000000736,0,1.0,0,1,1,0.1418636402645743,Abl_G_NoRecedingHorizon
Abl_H_NoAccessConstraints,50040,0.518,0.49764631375028145,reject,reject,True,False,False,32.99999999999995,0.0,25.0,0.0,7.999999999999952,0,5.0,0,5,5,0.08779419580694339,Abl_H_NoAccessConstraints
Abl_I_NoStoppingCert,50040,0.518,0.48463612919945975,reject,reject,True,False,False,6.600000000000073,0.0,5.0,0.0,1.6000000000000736,0,1.0,0,1,1,0.1420876348114934,Abl_I_NoStoppingCert
Full_B7,50041,0.518,0.4796126752096187,reject,reject,True,False,False,6.599999999999935,0.0,5.0,0.0,1.5999999999999348,0,1.0,0,1,1,0.14141458336598997,Full_B7
Abl_A_NoBiasModel,50041,0.518,0.4796126752096187,reject,reject,True,False,False,6.599999999999935,0.0,5.0,0.0,1.5999999999999348,0,1.0,0,1,1,0.14141458336598997,Abl_A_NoBiasModel
Abl_B_NoOptionValue,50041,0.518,0.48689756950895086,reject,reject,True,False,False,6.599999999999935,0.0,5.0,0.0,1.5999999999999348,0,1.0,0,1,1,0.14237924213534123,Abl_B_NoOptionValue
Abl_C_NoStateChange,50041,0.518,0.4847086098758428,reject,reject,True,False,False,13.19999999999987,0.0,10.0,0.0,3.1999999999998696,0,2.0,0,2,2,0.1414871238284937,Abl_C_NoStateChange
Abl_E_NoContagion,50041,0.518,0.4796126752096187,reject,reject,True,False,False,6.599999999999935,0.0,5.0,0.0,1.5999999999999348,0,1.0,0,1,1,0.14141458336598997,Abl_E_NoContagion
Abl_F_NoDispositionLoss,50041,0.518,0.49004141593664674,reject,reject,True,False,False,47.743333333333084,0.0,35.0,0.0,12.74333333333308,0,6.0,1,2,3,0.13202541355796224,Abl_F_NoDispositionLoss
Abl_G_NoRecedingHorizon,50041,0.518,0.4796126752096187,reject,reject,True,False,False,6.599999999999935,0.0,5.0,0.0,1.5999999999999348,0,1.0,0,1,1,0.14141458336598997,Abl_G_NoRecedingHorizon
Abl_H_NoAccessConstraints,50041,0.518,0.5215913013477232,reject,reject,True,False,False,32.999999999999815,0.0,25.0,0.0,7.999999999999813,0,5.0,0,5,5,0.08479376587680959,Abl_H_NoAccessConstraints
Abl_I_NoStoppingCert,50041,0.518,0.48495984455852154,reject,reject,True,False,False,6.599999999999935,0.0,5.0,0.0,1.5999999999999348,0,1.0,0,1,1,0.14212980846472253,Abl_I_NoStoppingCert
Full_B7,50042,0.522,0.48251185677118225,reject,reject,True,False,False,13.19313787577977,0.0,5.0,0.0,8.19313787577977,0,1.0,0,1,1,0.1418072942639327,Full_B7
Abl_A_NoBiasModel,50042,0.518,0.4796126752096187,reject,reject,True,False,False,6.599999999999935,0.0,5.0,0.0,1.5999999999999348,0,1.0,0,1,1,0.14141458336598997,Abl_A_NoBiasModel
Abl_B_NoOptionValue,50042,0.518,0.4914403900037486,reject,reject,True,False,False,6.599999999999935,0.0,5.0,0.0,1.5999999999999348,0,1.0,0,1,1,0.142943895583076,Abl_B_NoOptionValue
Abl_C_NoStateChange,50042,0.518,0.48147732043031466,reject,reject,True,False,False,13.19999999999987,0.0,10.0,0.0,3.1999999999998696,0,2.0,0,2,2,0.14121139991474232,Abl_C_NoStateChange
Abl_E_NoContagion,50042,0.518,0.4842016819646858,reject,reject,True,False,False,6.599999999999935,0.0,5.0,0.0,1.5999999999999348,0,1.0,0,1,1,0.14203080795303044,Abl_E_NoContagion
Abl_F_NoDispositionLoss,50042,0.518,0.5081055720936013,reject,reject,True,False,False,47.743333333333354,0.0,35.0,0.0,12.743333333333357,0,6.0,1,2,3,0.1326038653793013,Abl_F_NoDispositionLoss
Abl_G_NoRecedingHorizon,50042,0.518,0.4796126752096187,reject,reject,True,False,False,6.599999999999935,0.0,5.0,0.0,1.5999999999999348,0,1.0,0,1,1,0.14141458336598997,Abl_G_NoRecedingHorizon
Abl_H_NoAccessConstraints,50042,0.518,0.5347477983221147,reject,reject,True,False,False,32.99999999999995,0.0,25.0,0.0,7.999999999999951,0,5.0,0,5,5,0.08907867631058732,Abl_H_NoAccessConstraints
Abl_I_NoStoppingCert,50042,0.518,0.4796126752096187,reject,reject,True,False,False,6.599999999999935,0.0,5.0,0.0,1.5999999999999348,0,1.0,0,1,1,0.14141458336598997,Abl_I_NoStoppingCert
Full_B7,50043,0.518,0.49656269512089635,reject,reject,True,False,False,6.599999999999935,0.0,5.0,0.0,1.5999999999999348,0,1.0,0,1,1,0.14354707670097475,Full_B7
Abl_A_NoBiasModel,50043,0.518,0.48019140687265977,reject,reject,True,False,False,6.599999999999935,0.0,5.0,0.0,1.5999999999999348,0,1.0,0,1,1,0.14149391166416242,Abl_A_NoBiasModel
Abl_B_NoOptionValue,50043,0.518,0.48389943144816083,reject,reject,True,False,False,6.599999999999935,0.0,5.0,0.0,1.5999999999999348,0,1.0,0,1,1,0.1419911191383486,Abl_B_NoOptionValue
Abl_C_NoStateChange,50043,0.518,0.4842731257004681,reject,reject,True,False,False,13.19999999999987,0.0,10.0,0.0,3.1999999999998696,0,2.0,0,2,2,0.14145048836116403,Abl_C_NoStateChange
Abl_E_NoContagion,50043,0.518,0.48658717732090045,reject,reject,True,False,False,6.599999999999935,0.0,5.0,0.0,1.5999999999999348,0,1.0,0,1,1,0.1423396336131005,Abl_E_NoContagion
Abl_F_NoDispositionLoss,50043,0.518,0.4992762802174308,reject,reject,True,False,False,47.74333333333322,0.0,35.0,0.0,12.743333333333219,0,6.0,1,2,3,0.1323532609372534,Abl_F_NoDispositionLoss
Abl_G_NoRecedingHorizon,50043,0.518,0.4829411350776674,reject,reject,True,False,False,6.599999999999935,0.0,5.0,0.0,1.5999999999999348,0,1.0,0,1,1,0.1418644494812111,Abl_G_NoRecedingHorizon
Abl_H_NoAccessConstraints,50043,0.518,0.5279526538827868,reject,reject,True,False,False,32.99999999999995,0.0,25.0,0.0,7.999999999999951,0,5.0,0,5,5,0.081928930968142,Abl_H_NoAccessConstraints
Abl_I_NoStoppingCert,50043,0.52,0.5028505143062612,reject,reject,True,False,False,9.45992590703506,0.0,5.0,0.0,4.459925907035061,0,1.0,0,1,1,0.1442395862158175,Abl_I_NoStoppingCert
Full_B7,50044,0.518,0.4796126752096187,reject,reject,True,False,False,6.599999999999935,0.0,5.0,0.0,1.5999999999999348,0,1.0,0,1,1,0.14141458336598997,Full_B7
Abl_A_NoBiasModel,50044,0.518,0.48555417302441317,reject,reject,True,False,False,6.599999999999935,0.0,5.0,0.0,1.5999999999999348,0,1.0,0,1,1,0.14220686196385732,Abl_A_NoBiasModel
Abl_B_NoOptionValue,50044,0.518,0.48194966850565785,reject,reject,True,False,False,6.599999999999935,0.0,5.0,0.0,1.5999999999999348,0,1.0,0,1,1,0.14173205655732435,Abl_B_NoOptionValue
Abl_C_NoStateChange,50044,0.518,0.4836277882328671,reject,reject,True,False,False,13.19999999999987,0.0,10.0,0.0,3.1999999999998696,0,2.0,0,2,2,0.1413958989398106,Abl_C_NoStateChange
Abl_E_NoContagion,50044,0.518,0.48912947821625075,reject,reject,True,False,False,6.599999999999935,0.0,5.0,0.0,1.5999999999999348,0,1.0,0,1,1,0.14266017116643417,Abl_E_NoContagion
Abl_F_NoDispositionLoss,50044,0.518,0.4945921633563247,reject,reject,True,False,False,47.743333333333354,0.0,35.0,0.0,12.743333333333357,0,6.0,1,2,3,0.13219539724051124,Abl_F_NoDispositionLoss
Abl_G_NoRecedingHorizon,50044,0.518,0.499708551804249,reject,reject,True,False,False,6.599999999999935,0.0,5.0,0.0,1.5999999999999348,0,1.0,0,1,1,0.1439001046144385,Abl_G_NoRecedingHorizon
Abl_H_NoAccessConstraints,50044,0.518,0.518443863292136,reject,reject,True,False,False,32.99999999999995,0.0,25.0,0.0,7.999999999999951,0,5.0,0,5,5,0.08525018069114206,Abl_H_NoAccessConstraints
Abl_I_NoStoppingCert,50044,0.518,0.4796126752096187,reject,reject,True,False,False,6.599999999999935,0.0,5.0,0.0,1.5999999999999348,0,1.0,0,1,1,0.14141458336598997,Abl_I_NoStoppingCert
Full_B7,50045,0.518,0.48577382909217376,reject,reject,True,False,False,6.599999999999935,0.0,5.0,0.0,1.5999999999999348,0,1.0,0,1,1,0.14223521696593125,Full_B7
Abl_A_NoBiasModel,50045,0.518,0.4796126752096187,reject,reject,True,False,False,6.599999999999935,0.0,5.0,0.0,1.5999999999999348,0,1.0,0,1,1,0.14141458336598997,Abl_A_NoBiasModel
Abl_B_NoOptionValue,50045,0.518,0.4943892700125431,reject,reject,True,False,False,6.599999999999935,0.0,5.0,0.0,1.5999999999999348,0,1.0,0,1,1,0.1432954529020515,Abl_B_NoOptionValue
Abl_C_NoStateChange,50045,0.518,0.48593983622705367,reject,reject,True,False,False,13.19999999999987,0.0,10.0,0.0,3.1999999999998696,0,2.0,0,2,2,0.14158982072394594,Abl_C_NoStateChange
Abl_E_NoContagion,50045,0.518,0.4796126752096187,reject,reject,True,False,False,6.599999999999935,0.0,5.0,0.0,1.5999999999999348,0,1.0,0,1,1,0.14141458336598997,Abl_E_NoContagion
Abl_F_NoDispositionLoss,50045,0.518,0.5233333203203583,reject,reject,True,False,False,47.743333333333496,0.0,35.0,0.0,12.743333333333496,0,6.0,1,2,3,0.132892717415155,Abl_F_NoDispositionLoss
Abl_G_NoRecedingHorizon,50045,0.518,0.4796126752096187,reject,reject,True,False,False,6.599999999999935,0.0,5.0,0.0,1.5999999999999348,0,1.0,0,1,1,0.14141458336598997,Abl_G_NoRecedingHorizon
Abl_H_NoAccessConstraints,50045,0.518,0.564661617782588,reject,reject,True,False,False,32.999999999999815,0.0,25.0,0.0,7.999999999999813,0,5.0,0,5,5,0.08911427270621393,Abl_H_NoAccessConstraints
Abl_I_NoStoppingCert,50045,0.518,0.4796126752096187,reject,reject,True,False,False,6.599999999999935,0.0,5.0,0.0,1.5999999999999348,0,1.0,0,1,1,0.14141458336598997,Abl_I_NoStoppingCert
Full_B7,50046,0.518,0.4796126752096187,reject,reject,True,False,False,6.599999999999935,0.0,5.0,0.0,1.5999999999999348,0,1.0,0,1,1,0.14141458336598997,Full_B7
Abl_A_NoBiasModel,50046,0.518,0.4909933181579548,reject,reject,True,False,False,6.599999999999935,0.0,5.0,0.0,1.5999999999999348,0,1.0,0,1,1,0.1428895713137449,Abl_A_NoBiasModel
Abl_B_NoOptionValue,50046,0.518,0.4847603619269426,reject,reject,True,False,False,6.599999999999935,0.0,5.0,0.0,1.5999999999999348,0,1.0,0,1,1,0.14210383693173406,Abl_B_NoOptionValue
Abl_C_NoStateChange,50046,0.518,0.4768663646128307,reject,reject,True,False,False,13.200000000000008,0.0,10.0,0.0,3.200000000000008,0,2.0,0,2,2,0.1408023127869857,Abl_C_NoStateChange
Abl_E_NoContagion,50046,0.518,0.4858371755872392,reject,reject,True,False,False,6.599999999999935,0.0,5.0,0.0,1.5999999999999348,0,1.0,0,1,1,0.1422433819299688,Abl_E_NoContagion
Abl_F_NoDispositionLoss,50046,0.518,0.48849889393043566,reject,reject,True,False,False,47.743333333333354,0.0,35.0,0.0,12.743333333333357,0,6.0,1,2,3,0.1319640688224851,Abl_F_NoDispositionLoss
Abl_G_NoRecedingHorizon,50046,0.518,0.4796126752096187,reject,reject,True,False,False,6.599999999999935,0.0,5.0,0.0,1.5999999999999348,0,1.0,0,1,1,0.14141458336598997,Abl_G_NoRecedingHorizon
Abl_H_NoAccessConstraints,50046,0.518,0.5292821109106378,reject,reject,True,False,False,33.000000000000085,0.0,25.0,0.0,8.000000000000089,0,5.0,0,5,5,0.08344863791056781,Abl_H_NoAccessConstraints
Abl_I_NoStoppingCert,50046,0.518,0.4805856558166517,reject,reject,True,False,False,6.599999999999935,0.0,5.0,0.0,1.5999999999999348,0,1.0,0,1,1,0.1415476846364149,Abl_I_NoStoppingCert
Full_B7,50047,0.518,0.4897940499393014,reject,reject,True,False,False,6.599999999999935,0.0,5.0,0.0,1.5999999999999348,0,1.0,0,1,1,0.14274250776101036,Full_B7
Abl_A_NoBiasModel,50047,0.518,0.4818319309479902,reject,reject,True,False,False,6.599999999999935,0.0,5.0,0.0,1.5999999999999348,0,1.0,0,1,1,0.14171624415957942,Abl_A_NoBiasModel
Abl_B_NoOptionValue,50047,0.518,0.4796126752096187,reject,reject,True,False,False,6.599999999999935,0.0,5.0,0.0,1.5999999999999348,0,1.0,0,1,1,0.14141458336598997,Abl_B_NoOptionValue
Abl_C_NoStateChange,50047,0.518,0.4768663646128307,reject,reject,True,False,False,13.19999999999987,0.0,10.0,0.0,3.1999999999998696,0,2.0,0,2,2,0.1408023127869857,Abl_C_NoStateChange
Abl_E_NoContagion,50047,0.518,0.4796126752096187,reject,reject,True,False,False,6.599999999999935,0.0,5.0,0.0,1.5999999999999348,0,1.0,0,1,1,0.14141458336598997,Abl_E_NoContagion
Abl_F_NoDispositionLoss,50047,0.52,0.47247893915891054,reject,reject,True,False,False,51.48274451538936,0.0,35.0,0.0,16.482744515389363,0,6.0,1,2,3,0.13121461350341931,Abl_F_NoDispositionLoss
Abl_G_NoRecedingHorizon,50047,0.518,0.4868060831554855,reject,reject,True,False,False,6.599999999999935,0.0,5.0,0.0,1.5999999999999348,0,1.0,0,1,1,0.1423675814698772,Abl_G_NoRecedingHorizon
Abl_H_NoAccessConstraints,50047,0.518,0.5058049159435344,reject,reject,True,False,False,32.999999999999815,0.0,25.0,0.0,7.999999999999813,0,5.0,0,5,5,0.0826371142807075,Abl_H_NoAccessConstraints
Abl_I_NoStoppingCert,50047,0.518,0.48122876882780546,reject,reject,True,False,False,6.599999999999935,0.0,5.0,0.0,1.5999999999999348,0,1.0,0,1,1,0.1416349360352266,Abl_I_NoStoppingCert
Full_B7,50048,0.518,0.4796126752096187,reject,reject,True,False,False,6.600000000000073,0.0,5.0,0.0,1.6000000000000736,0,1.0,0,1,1,0.14141458336598997,Full_B7
Abl_A_NoBiasModel,50048,0.518,0.4832110834998278,reject,reject,True,False,False,6.600000000000073,0.0,5.0,0.0,1.6000000000000736,0,1.0,0,1,1,0.14190026037324008,Abl_A_NoBiasModel
Abl_B_NoOptionValue,50048,0.518,0.4965021535588824,reject,reject,True,False,False,6.600000000000073,0.0,5.0,0.0,1.6000000000000736,0,1.0,0,1,1,0.14354015328572223,Abl_B_NoOptionValue
Abl_C_NoStateChange,50048,0.522,0.4981315367930252,reject,reject,True,False,False,20.09135660384311,0.0,10.0,0.0,10.091356603843112,0,2.0,0,2,2,0.14253702572189475,Abl_C_NoStateChange
Abl_E_NoContagion,50048,0.518,0.48090336326720884,reject,reject,True,False,False,6.600000000000073,0.0,5.0,0.0,1.6000000000000736,0,1.0,0,1,1,0.14159086014285266,Abl_E_NoContagion
Abl_F_NoDispositionLoss,50048,0.518,0.4920009146405767,reject,reject,True,False,False,47.743333333333354,0.0,35.0,0.0,12.743333333333357,0,6.0,1,2,3,0.13210061793965164,Abl_F_NoDispositionLoss
Abl_G_NoRecedingHorizon,50048,0.518,0.4796126752096187,reject,reject,True,False,False,6.600000000000073,0.0,5.0,0.0,1.6000000000000736,0,1.0,0,1,1,0.14141458336598997,Abl_G_NoRecedingHorizon
Abl_H_NoAccessConstraints,50048,0.518,0.5298568597926303,reject,reject,True,False,False,33.00000000000009,0.0,25.0,0.0,8.00000000000009,0,5.0,0,5,5,0.08340257698080016,Abl_H_NoAccessConstraints
Abl_I_NoStoppingCert,50048,0.518,0.48919680591051373,reject,reject,True,False,False,6.600000000000073,0.0,5.0,0.0,1.6000000000000736,0,1.0,0,1,1,0.1426685400443951,Abl_I_NoStoppingCert
Full_B7,50049,0.518,0.4796126752096187,reject,reject,True,False,False,6.600000000000073,0.0,5.0,0.0,1.6000000000000736,0,1.0,0,1,1,0.14141458336598997,Full_B7
Abl_A_NoBiasModel,50049,0.518,0.49544892935361,reject,reject,True,False,False,6.600000000000073,0.0,5.0,0.0,1.6000000000000736,0,1.0,0,1,1,0.14341892376287108,Abl_A_NoBiasModel
Abl_B_NoOptionValue,50049,0.518,0.4796126752096187,reject,reject,True,False,False,6.600000000000073,0.0,5.0,0.0,1.6000000000000736,0,1.0,0,1,1,0.14141458336598997,Abl_B_NoOptionValue
Abl_C_NoStateChange,50049,0.518,0.4854652953201444,reject,reject,True,False,False,13.200000000000008,0.0,10.0,0.0,3.200000000000008,0,2.0,0,2,2,0.14155039320626714,Abl_C_NoStateChange
Abl_E_NoContagion,50049,0.518,0.4796126752096187,reject,reject,True,False,False,6.600000000000073,0.0,5.0,0.0,1.6000000000000736,0,1.0,0,1,1,0.14141458336598997,Abl_E_NoContagion
Abl_F_NoDispositionLoss,50049,0.518,0.4837662804308268,reject,reject,True,False,False,47.743333333333496,0.0,35.0,0.0,12.743333333333496,0,6.0,1,2,3,0.13176404221703067,Abl_F_NoDispositionLoss
Abl_G_NoRecedingHorizon,50049,0.518,0.4796126752096187,reject,reject,True,False,False,6.600000000000073,0.0,5.0,0.0,1.6000000000000736,0,1.0,0,1,1,0.14141458336598997,Abl_G_NoRecedingHorizon
Abl_H_NoAccessConstraints,50049,0.518,0.53802412260704,reject,reject,True,False,False,32.99999999999995,0.0,25.0,0.0,7.999999999999951,0,5.0,0,5,5,0.08121713970207663,Abl_H_NoAccessConstraints
Abl_I_NoStoppingCert,50049,0.518,0.4796126752096187,reject,reject,True,False,False,6.600000000000073,0.0,5.0,0.0,1.6000000000000736,0,1.0,0,1,1,0.14141458336598997,Abl_I_NoStoppingCert
Full_B7,50050,0.518,0.48279725147359354,reject,reject,True,False,False,6.599999999999935,0.0,5.0,0.0,1.5999999999999348,0,1.0,0,1,1,0.14184532090063598,Full_B7
Abl_A_NoBiasModel,50050,0.518,0.4796126752096187,reject,reject,True,False,False,6.599999999999935,0.0,5.0,0.0,1.5999999999999348,0,1.0,0,1,1,0.14141458336598997,Abl_A_NoBiasModel
Abl_B_NoOptionValue,50050,0.518,0.4796126752096187,reject,reject,True,False,False,6.599999999999935,0.0,5.0,0.0,1.5999999999999348,0,1.0,0,1,1,0.14141458336598997,Abl_B_NoOptionValue
Abl_C_NoStateChange,50050,0.518,0.4782398257012515,reject,reject,True,False,False,13.19999999999987,0.0,10.0,0.0,3.1999999999998696,0,2.0,0,2,2,0.1409260978060669,Abl_C_NoStateChange
Abl_E_NoContagion,50050,0.518,0.4796126752096187,reject,reject,True,False,False,6.599999999999935,0.0,5.0,0.0,1.5999999999999348,0,1.0,0,1,1,0.14141458336598997,Abl_E_NoContagion
Abl_F_NoDispositionLoss,50050,0.518,0.49742420701118395,reject,reject,True,False,False,47.743333333333354,0.0,35.0,0.0,12.743333333333357,0,6.0,1,2,3,0.1322929121518581,Abl_F_NoDispositionLoss
Abl_G_NoRecedingHorizon,50050,0.518,0.4863310104532103,reject,reject,True,False,False,6.599999999999935,0.0,5.0,0.0,1.5999999999999348,0,1.0,0,1,1,0.14230684517601203,Abl_G_NoRecedingHorizon
Abl_H_NoAccessConstraints,50050,0.518,0.5433888852851027,reject,reject,True,False,False,32.999999999999815,0.0,25.0,0.0,7.999999999999813,0,5.0,0,5,5,0.085049593574003,Abl_H_NoAccessConstraints
Abl_I_NoStoppingCert,50050,0.518,0.49003012072773783,reject,reject,True,False,False,6.599999999999935,0.0,5.0,0.0,1.5999999999999348,0,1.0,0,1,1,0.14277161097491534,Abl_I_NoStoppingCert
Full_B7,50051,0.518,0.4895353207122562,reject,reject,True,False,False,6.599999999999935,0.0,5.0,0.0,1.5999999999999348,0,1.0,0,1,1,0.1427105241450857,Full_B7
Abl_A_NoBiasModel,50051,0.518,0.4849085265489458,reject,reject,True,False,False,6.599999999999935,0.0,5.0,0.0,1.5999999999999348,0,1.0,0,1,1,0.14212313238160149,Abl_A_NoBiasModel
Abl_B_NoOptionValue,50051,0.518,0.4796126752096187,reject,reject,True,False,False,6.599999999999935,0.0,5.0,0.0,1.5999999999999348,0,1.0,0,1,1,0.14141458336598997,Abl_B_NoOptionValue
Abl_C_NoStateChange,50051,0.518,0.4816015935016959,reject,reject,True,False,False,13.19999999999987,0.0,10.0,0.0,3.1999999999998696,0,2.0,0,2,2,0.14122217054449926,Abl_C_NoStateChange
Abl_E_NoContagion,50051,0.518,0.4881656870178688,reject,reject,True,False,False,6.599999999999935,0.0,5.0,0.0,1.5999999999999348,0,1.0,0,1,1,0.14253969398206237,Abl_E_NoContagion
Abl_F_NoDispositionLoss,50051,0.518,0.4842097621785724,reject,reject,True,False,False,47.74333333333322,0.0,35.0,0.0,12.743333333333219,0,6.0,1,2,3,0.1317835443660487,Abl_F_NoDispositionLoss
Abl_G_NoRecedingHorizon,50051,0.518,0.48337562566148173,reject,reject,True,False,False,6.599999999999935,0.0,5.0,0.0,1.5999999999999348,0,1.0,0,1,1,0.14192203877605594,Abl_G_NoRecedingHorizon
Abl_H_NoAccessConstraints,50051,0.518,0.5143278851417312,reject,reject,True,False,False,32.99999999999995,0.0,25.0,0.0,7.999999999999951,0,5.0,0,5,5,0.08553346427993663,Abl_H_NoAccessConstraints
Abl_I_NoStoppingCert,50051,0.518,0.48897812922509826,reject,reject,True,False,False,6.599999999999935,0.0,5.0,0.0,1.5999999999999348,0,1.0,0,1,1,0.14264133584440697,Abl_I_NoStoppingCert
Full_B7,50052,0.518,0.4796126752096187,reject,reject,True,False,False,6.600000000000073,0.0,5.0,0.0,1.6000000000000736,0,1.0,0,1,1,0.14141458336598997,Full_B7
Abl_A_NoBiasModel,50052,0.518,0.4796126752096187,reject,reject,True,False,False,6.600000000000073,0.0,5.0,0.0,1.6000000000000736,0,1.0,0,1,1,0.14141458336598997,Abl_A_NoBiasModel
Abl_B_NoOptionValue,50052,0.518,0.4796126752096187,reject,reject,True,False,False,6.600000000000073,0.0,5.0,0.0,1.6000000000000736,0,1.0,0,1,1,0.14141458336598997,Abl_B_NoOptionValue
Abl_C_NoStateChange,50052,0.518,0.4807482616135562,reject,reject,True,False,False,13.200000000000008,0.0,10.0,0.0,3.200000000000008,0,2.0,0,2,2,0.14114794417818588,Abl_C_NoStateChange
Abl_E_NoContagion,50052,0.518,0.4815930688657922,reject,reject,True,False,False,6.600000000000073,0.0,5.0,0.0,1.6000000000000736,0,1.0,0,1,1,0.14168410530844788,Abl_E_NoContagion
Abl_F_NoDispositionLoss,50052,0.52,0.5023094819870904,reject,reject,True,False,False,51.00791407117108,0.0,35.0,0.0,16.00791407117108,0,6.0,1,2,3,0.13244626036119936,Abl_F_NoDispositionLoss
Abl_G_NoRecedingHorizon,50052,0.518,0.4928545772767852,reject,reject,True,False,False,6.600000000000073,0.0,5.0,0.0,1.6000000000000736,0,1.0,0,1,1,0.14311395490640222,Abl_G_NoRecedingHorizon
Abl_H_NoAccessConstraints,50052,0.518,0.47418259779129723,reject,reject,True,False,False,359.0006058464583,0.0,180.0,100.0,79.00060584645833,5,28.0,6,2,9,0.1212702930722427,Abl_H_NoAccessConstraints
Abl_I_NoStoppingCert,50052,0.518,0.4833238326738374,reject,reject,True,False,False,6.600000000000073,0.0,5.0,0.0,1.6000000000000736,0,1.0,0,1,1,0.1419151876212967,Abl_I_NoStoppingCert
Full_B7,50053,0.518,0.4796126752096187,reject,reject,True,False,False,6.599999999999935,0.0,5.0,0.0,1.5999999999999348,0,1.0,0,1,1,0.14141458336598997,Full_B7
Abl_A_NoBiasModel,50053,0.518,0.4796126752096187,reject,reject,True,False,False,6.599999999999935,0.0,5.0,0.0,1.5999999999999348,0,1.0,0,1,1,0.14141458336598997,Abl_A_NoBiasModel
Abl_B_NoOptionValue,50053,0.518,0.49149530914290773,reject,reject,True,False,False,6.599999999999935,0.0,5.0,0.0,1.5999999999999348,0,1.0,0,1,1,0.1429505502088432,Abl_B_NoOptionValue
Abl_C_NoStateChange,50053,0.518,0.4805786804427531,reject,reject,True,False,False,13.19999999999987,0.0,10.0,0.0,3.1999999999998696,0,2.0,0,2,2,0.14113311828318714,Abl_C_NoStateChange
Abl_E_NoContagion,50053,0.518,0.4880181000371606,reject,reject,True,False,False,6.599999999999935,0.0,5.0,0.0,1.5999999999999348,0,1.0,0,1,1,0.142521133204135,Abl_E_NoContagion
Abl_F_NoDispositionLoss,50053,0.518,0.4905810302062282,reject,reject,True,False,False,47.74333333333322,0.0,35.0,0.0,12.743333333333219,0,6.0,1,2,3,0.1320464274915452,Abl_F_NoDispositionLoss
Abl_G_NoRecedingHorizon,50053,0.518,0.4814009906625148,reject,reject,True,False,False,6.599999999999935,0.0,5.0,0.0,1.5999999999999348,0,1.0,0,1,1,0.14165820368118603,Abl_G_NoRecedingHorizon
Abl_H_NoAccessConstraints,50053,0.518,0.5015413375826692,reject,reject,True,False,False,39.599999999999746,0.0,30.0,0.0,9.599999999999747,0,6.0,0,6,6,0.08211978129143326,Abl_H_NoAccessConstraints
Abl_I_NoStoppingCert,50053,0.518,0.49395573987743085,reject,reject,True,False,False,6.599999999999935,0.0,5.0,0.0,1.5999999999999348,0,1.0,0,1,1,0.14324450346050488,Abl_I_NoStoppingCert
Full_B7,50054,0.518,0.4796126752096187,reject,reject,True,False,False,6.600000000000073,0.0,5.0,0.0,1.6000000000000736,0,1.0,0,1,1,0.14141458336598997,Full_B7
Abl_A_NoBiasModel,50054,0.518,0.48039697388313607,reject,reject,True,False,False,6.600000000000073,0.0,5.0,0.0,1.6000000000000736,0,1.0,0,1,1,0.14152197671345446,Abl_A_NoBiasModel
Abl_B_NoOptionValue,50054,0.518,0.4796126752096187,reject,reject,True,False,False,6.600000000000073,0.0,5.0,0.0,1.6000000000000736,0,1.0,0,1,1,0.14141458336598997,Abl_B_NoOptionValue
Abl_C_NoStateChange,50054,0.518,0.4840923837832826,reject,reject,True,False,False,13.200000000000008,0.0,10.0,0.0,3.200000000000008,0,2.0,0,2,2,0.14143523542643377,Abl_C_NoStateChange
Abl_E_NoContagion,50054,0.518,0.4915848373848357,reject,reject,True,False,False,6.600000000000073,0.0,5.0,0.0,1.6000000000000736,0,1.0,0,1,1,0.14296138971320527,Abl_E_NoContagion
Abl_F_NoDispositionLoss,50054,0.518,0.4985431522875571,reject,reject,True,False,False,47.74333333333322,0.0,35.0,0.0,12.743333333333219,0,6.0,1,2,3,0.13232969573024608,Abl_F_NoDispositionLoss
Abl_G_NoRecedingHorizon,50054,0.518,0.48422271535842354,reject,reject,True,False,False,6.600000000000073,0.0,5.0,0.0,1.6000000000000736,0,1.0,0,1,1,0.14203356517518492,Abl_G_NoRecedingHorizon
Abl_H_NoAccessConstraints,50054,0.518,0.4709907278441271,reject,reject,True,False,False,46.19999999999996,0.0,35.0,0.0,11.19999999999996,0,7.0,0,7,7,0.07565941286431385,Abl_H_NoAccessConstraints
Abl_I_NoStoppingCert,50054,0.518,0.47964294976790034,reject,reject,True,False,False,6.600000000000073,0.0,5.0,0.0,1.6000000000000736,0,1.0,0,1,1,0.1414187447826421,Abl_I_NoStoppingCert
Full_B7,50055,0.518,0.4796126752096187,reject,reject,True,False,False,6.599999999999935,0.0,5.0,0.0,1.5999999999999348,0,1.0,0,1,1,0.14141458336598997,Full_B7
Abl_A_NoBiasModel,50055,0.518,0.4834364606215281,reject,reject,True,False,False,6.599999999999935,0.0,5.0,0.0,1.5999999999999348,0,1.0,0,1,1,0.14193008126006007,Abl_A_NoBiasModel
Abl_B_NoOptionValue,50055,0.518,0.49200977218114633,reject,reject,True,False,False,6.599999999999935,0.0,5.0,0.0,1.5999999999999348,0,1.0,0,1,1,0.1430126901961237,Abl_B_NoOptionValue
Abl_C_NoStateChange,50055,0.518,0.48367982726911063,reject,reject,True,False,False,13.19999999999987,0.0,10.0,0.0,3.1999999999998696,0,2.0,0,2,2,0.14140031423010932,Abl_C_NoStateChange
Abl_E_NoContagion,50055,0.518,0.49211829056396617,reject,reject,True,False,False,6.599999999999935,0.0,5.0,0.0,1.5999999999999348,0,1.0,0,1,1,0.14302575199479345,Abl_E_NoContagion
Abl_F_NoDispositionLoss,50055,0.518,0.48645533233826377,reject,reject,True,False,False,47.743333333333354,0.0,35.0,0.0,12.743333333333357,0,6.0,1,2,3,0.13187988517788565,Abl_F_NoDispositionLoss
Abl_G_NoRecedingHorizon,50055,0.518,0.4896986771511861,reject,reject,True,False,False,6.599999999999935,0.0,5.0,0.0,1.5999999999999348,0,1.0,0,1,1,0.14273072855252353,Abl_G_NoRecedingHorizon
Abl_H_NoAccessConstraints,50055,0.518,0.5074583115650733,reject,reject,True,False,False,33.00000000000009,0.0,25.0,0.0,8.00000000000009,0,5.0,0,5,5,0.08511678695282758,Abl_H_NoAccessConstraints
Abl_I_NoStoppingCert,50055,0.518,0.48521469567335007,reject,reject,True,False,False,6.599999999999935,0.0,5.0,0.0,1.5999999999999348,0,1.0,0,1,1,0.14216290893539196,Abl_I_NoStoppingCert
Full_B7,50056,0.518,0.4796126752096187,reject,reject,True,False,False,6.599999999999935,0.0,5.0,0.0,1.5999999999999348,0,1.0,0,1,1,0.14141458336598997,Full_B7
Abl_A_NoBiasModel,50056,0.518,0.4796126752096187,reject,reject,True,False,False,6.599999999999935,0.0,5.0,0.0,1.5999999999999348,0,1.0,0,1,1,0.14141458336598997,Abl_A_NoBiasModel
Abl_B_NoOptionValue,50056,0.518,0.4796126752096187,reject,reject,True,False,False,6.599999999999935,0.0,5.0,0.0,1.5999999999999348,0,1.0,0,1,1,0.14141458336598997,Abl_B_NoOptionValue
Abl_C_NoStateChange,50056,0.518,0.48152075821096385,reject,reject,True,False,False,13.19999999999987,0.0,10.0,0.0,3.1999999999998696,0,2.0,0,2,2,0.141215166143116,Abl_C_NoStateChange
Abl_E_NoContagion,50056,0.518,0.4796126752096187,reject,reject,True,False,False,6.599999999999935,0.0,5.0,0.0,1.5999999999999348,0,1.0,0,1,1,0.14141458336598997,Abl_E_NoContagion
Abl_F_NoDispositionLoss,50056,0.518,0.4944855064662693,reject,reject,True,False,False,47.743333333333354,0.0,35.0,0.0,12.743333333333357,0,6.0,1,2,3,0.13219160092919793,Abl_F_NoDispositionLoss
Abl_G_NoRecedingHorizon,50056,0.518,0.4796126752096187,reject,reject,True,False,False,6.599999999999935,0.0,5.0,0.0,1.5999999999999348,0,1.0,0,1,1,0.14141458336598997,Abl_G_NoRecedingHorizon
Abl_H_NoAccessConstraints,50056,0.518,0.49648045186826373,reject,reject,True,False,False,32.999999999999815,0.0,25.0,0.0,7.999999999999813,0,5.0,0,5,5,0.08644490517601913,Abl_H_NoAccessConstraints
Abl_I_NoStoppingCert,50056,0.518,0.4829268467691956,reject,reject,True,False,False,6.599999999999935,0.0,5.0,0.0,1.5999999999999348,0,1.0,0,1,1,0.14186255120705435,Abl_I_NoStoppingCert
Full_B7,50057,0.518,0.49247483229727884,reject,reject,True,False,False,6.599999999999935,0.0,5.0,0.0,1.5999999999999348,0,1.0,0,1,1,0.14306855505631502,Full_B7
Abl_A_NoBiasModel,50057,0.518,0.48750758110245423,reject,reject,True,False,False,6.599999999999935,0.0,5.0,0.0,1.5999999999999348,0,1.0,0,1,1,0.1424566999757677,Abl_A_NoBiasModel
Abl_B_NoOptionValue,50057,0.518,0.4796126752096187,reject,reject,True,False,False,6.599999999999935,0.0,5.0,0.0,1.5999999999999348,0,1.0,0,1,1,0.14141458336598997,Abl_B_NoOptionValue
Abl_C_NoStateChange,50057,0.518,0.4768663646128307,reject,reject,True,False,False,13.200000000000008,0.0,10.0,0.0,3.200000000000008,0,2.0,0,2,2,0.1408023127869857,Abl_C_NoStateChange
Abl_E_NoContagion,50057,0.518,0.4960539827284752,reject,reject,True,False,False,6.599999999999935,0.0,5.0,0.0,1.5999999999999348,0,1.0,0,1,1,0.143488748873554,Abl_E_NoContagion
Abl_F_NoDispositionLoss,50057,0.524,0.4834093574003105,reject,reject,True,False,False,55.28859076716682,0.0,35.0,0.0,20.288590767166827,0,6.0,1,2,3,0.13174823244066652,Abl_F_NoDispositionLoss
Abl_G_NoRecedingHorizon,50057,0.518,0.500793780784184,reject,reject,True,False,False,6.599999999999935,0.0,5.0,0.0,1.5999999999999348,0,1.0,0,1,1,0.1440188373356626,Abl_G_NoRecedingHorizon
Abl_H_NoAccessConstraints,50057,0.518,0.5009895115413632,reject,reject,True,False,False,359.3756087025557,0.0,180.0,100.0,79.37560870255572,5,28.0,6,2,9,0.1214831191841188,Abl_H_NoAccessConstraints
Abl_I_NoStoppingCert,50057,0.518,0.4796126752096187,reject,reject,True,False,False,6.599999999999935,0.0,5.0,0.0,1.5999999999999348,0,1.0,0,1,1,0.14141458336598997,Abl_I_NoStoppingCert
Full_B7,50058,0.518,0.480480879788324,reject,reject,True,False,False,6.599999999999935,0.0,5.0,0.0,1.5999999999999348,0,1.0,0,1,1,0.1415334150280688,Full_B7
Abl_A_NoBiasModel,50058,0.518,0.4796126752096187,reject,reject,True,False,False,6.599999999999935,0.0,5.0,0.0,1.5999999999999348,0,1.0,0,1,1,0.14141458336598997,Abl_A_NoBiasModel
Abl_B_NoOptionValue,50058,0.518,0.4867187725788648,reject,reject,True,False,False,6.599999999999935,0.0,5.0,0.0,1.5999999999999348,0,1.0,0,1,1,0.14235644234401326,Abl_B_NoOptionValue
Abl_C_NoStateChange,50058,0.518,0.47796891743562553,reject,reject,True,False,False,13.19999999999987,0.0,10.0,0.0,3.1999999999998696,0,2.0,0,2,2,0.14090181180994304,Abl_C_NoStateChange
Abl_E_NoContagion,50058,0.518,0.481613453621497,reject,reject,True,False,False,6.599999999999935,0.0,5.0,0.0,1.5999999999999348,0,1.0,0,1,1,0.14168685116894925,Abl_E_NoContagion
Abl_F_NoDispositionLoss,50058,0.518,0.4889853689576329,reject,reject,True,False,False,47.743333333333496,0.0,35.0,0.0,12.743333333333496,0,6.0,1,2,3,0.1319836195559845,Abl_F_NoDispositionLoss
Abl_G_NoRecedingHorizon,50058,0.518,0.48741695439350197,reject,reject,True,False,False,6.599999999999935,0.0,5.0,0.0,1.5999999999999348,0,1.0,0,1,1,0.14244522462084683,Abl_G_NoRecedingHorizon
Abl_H_NoAccessConstraints,50058,0.518,0.5248117252010603,reject,reject,True,False,False,32.99999999999995,0.0,25.0,0.0,7.999999999999952,0,5.0,0,5,5,0.08719718327238271,Abl_H_NoAccessConstraints
Abl_I_NoStoppingCert,50058,0.518,0.48540863014028285,reject,reject,True,False,False,6.599999999999935,0.0,5.0,0.0,1.5999999999999348,0,1.0,0,1,1,0.14218803755700027,Abl_I_NoStoppingCert
Full_B7,50059,0.518,0.4796126752096187,reject,reject,True,False,False,6.599999999999935,0.0,5.0,0.0,1.5999999999999348,0,1.0,0,1,1,0.14141458336598997,Full_B7
Abl_A_NoBiasModel,50059,0.518,0.4796126752096187,reject,reject,True,False,False,6.599999999999935,0.0,5.0,0.0,1.5999999999999348,0,1.0,0,1,1,0.14141458336598997,Abl_A_NoBiasModel
Abl_B_NoOptionValue,50059,0.518,0.4832650412257082,reject,reject,True,False,False,6.599999999999935,0.0,5.0,0.0,1.5999999999999348,0,1.0,0,1,1,0.14190740621559367,Abl_B_NoOptionValue
Abl_C_NoStateChange,50059,0.518,0.48923078970717243,reject,reject,True,False,False,13.200000000000008,0.0,10.0,0.0,3.200000000000008,0,2.0,0,2,2,0.14185794893951065,Abl_C_NoStateChange
Abl_E_NoContagion,50059,0.518,0.4796126752096187,reject,reject,True,False,False,6.599999999999935,0.0,5.0,0.0,1.5999999999999348,0,1.0,0,1,1,0.14141458336598997,Abl_E_NoContagion
Abl_F_NoDispositionLoss,50059,0.522,0.479003766299768,reject,reject,True,False,False,52.74594082378137,0.0,35.0,0.0,17.745940823781364,0,6.0,1,2,3,0.13154469680953884,Abl_F_NoDispositionLoss
Abl_G_NoRecedingHorizon,50059,0.518,0.4801252275734065,reject,reject,True,False,False,6.599999999999935,0.0,5.0,0.0,1.5999999999999348,0,1.0,0,1,1,0.14148486398054536,Abl_G_NoRecedingHorizon
Abl_H_NoAccessConstraints,50059,0.518,0.5432598782415576,reject,reject,True,False,False,32.99999999999995,0.0,25.0,0.0,7.999999999999951,0,5.0,0,5,5,0.08276691532329919,Abl_H_NoAccessConstraints
Abl_I_NoStoppingCert,50059,0.518,0.4796126752096187,reject,reject,True,False,False,6.599999999999935,0.0,5.0,0.0,1.5999999999999348,0,1.0,0,1,1,0.14141458336598997,Abl_I_NoStoppingCert
Full_B7,50060,0.518,0.4796126752096187,reject,reject,True,False,False,6.599999999999935,0.0,5.0,0.0,1.5999999999999348,0,1.0,0,1,1,0.14141458336598997,Full_B7
Abl_A_NoBiasModel,50060,0.518,0.49225436488299323,reject,reject,True,False,False,6.599999999999935,0.0,5.0,0.0,1.5999999999999348,0,1.0,0,1,1,0.14304210806820603,Abl_A_NoBiasModel
Abl_B_NoOptionValue,50060,0.518,0.4796126752096187,reject,reject,True,False,False,6.599999999999935,0.0,5.0,0.0,1.5999999999999348,0,1.0,0,1,1,0.14141458336598997,Abl_B_NoOptionValue
Abl_C_NoStateChange,50060,0.518,0.4804015145670924,reject,reject,True,False,False,13.19999999999987,0.0,10.0,0.0,3.1999999999998696,0,2.0,0,2,2,0.14111760269715942,Abl_C_NoStateChange
Abl_E_NoContagion,50060,0.518,0.4796126752096187,reject,reject,True,False,False,6.599999999999935,0.0,5.0,0.0,1.5999999999999348,0,1.0,0,1,1,0.14141458336598997,Abl_E_NoContagion
Abl_F_NoDispositionLoss,50060,0.518,0.4742773136023942,reject,reject,True,False,False,47.74333333333322,0.0,35.0,0.0,12.743333333333219,0,6.0,1,2,3,0.13130901625323158,Abl_F_NoDispositionLoss
Abl_G_NoRecedingHorizon,50060,0.524,0.4796126752096187,reject,reject,True,False,False,15.25360848577697,0.0,5.0,0.0,10.25360848577697,0,1.0,0,1,1,0.14141458336598997,Abl_G_NoRecedingHorizon
Abl_H_NoAccessConstraints,50060,0.518,0.47090496985380764,reject,reject,True,False,False,46.19999999999968,0.0,35.0,0.0,11.199999999999683,0,7.0,0,7,7,0.07531052621450582,Abl_H_NoAccessConstraints
Abl_I_NoStoppingCert,50060,0.518,0.48028951047511825,reject,reject,True,False,False,6.599999999999935,0.0,5.0,0.0,1.5999999999999348,0,1.0,0,1,1,0.1415073126209779,Abl_I_NoStoppingCert
Full_B7,50061,0.518,0.4796126752096187,reject,reject,True,False,False,6.599999999999935,0.0,5.0,0.0,1.5999999999999348,0,1.0,0,1,1,0.14141458336598997,Full_B7
Abl_A_NoBiasModel,50061,0.518,0.48214231661677076,reject,reject,True,False,False,6.599999999999935,0.0,5.0,0.0,1.5999999999999348,0,1.0,0,1,1,0.1417578880753456,Abl_A_NoBiasModel
Abl_B_NoOptionValue,50061,0.518,0.48521624219920634,reject,reject,True,False,False,6.599999999999935,0.0,5.0,0.0,1.5999999999999348,0,1.0,0,1,1,0.14216310952770914,Abl_B_NoOptionValue
Abl_C_NoStateChange,50061,0.518,0.4834443731530513,reject,reject,True,False,False,13.19999999999987,0.0,10.0,0.0,3.1999999999998696,0,2.0,0,2,2,0.14138031836508275,Abl_C_NoStateChange
Abl_E_NoContagion,50061,0.518,0.4827695797133161,reject,reject,True,False,False,6.599999999999935,0.0,5.0,0.0,1.5999999999999348,0,1.0,0,1,1,0.14184163879481232,Abl_E_NoContagion
Abl_F_NoDispositionLoss,50061,0.518,0.4725647157681646,reject,reject,True,False,False,47.74333333333322,0.0,35.0,0.0,12.743333333333219,0,6.0,1,2,3,0.13121917555182264,Abl_F_NoDispositionLoss
Abl_G_NoRecedingHorizon,50061,0.518,0.4796126752096187,reject,reject,True,False,False,6.599999999999935,0.0,5.0,0.0,1.5999999999999348,0,1.0,0,1,1,0.14141458336598997,Abl_G_NoRecedingHorizon
Abl_H_NoAccessConstraints,50061,0.518,0.5233872122867653,reject,reject,True,False,False,32.99999999999995,0.0,25.0,0.0,7.999999999999951,0,5.0,0,5,5,0.08471488496187851,Abl_H_NoAccessConstraints
Abl_I_NoStoppingCert,50061,0.518,0.48648582632989196,reject,reject,True,False,False,6.599999999999935,0.0,5.0,0.0,1.5999999999999348,0,1.0,0,1,1,0.14232667181205588,Abl_I_NoStoppingCert
Full_B7,50062,0.518,0.49538564571052507,reject,reject,True,False,False,6.599999999999935,0.0,5.0,0.0,1.5999999999999348,0,1.0,0,1,1,0.14341159229117384,Full_B7
Abl_A_NoBiasModel,50062,0.518,0.4796126752096187,reject,reject,True,False,False,6.599999999999935,0.0,5.0,0.0,1.5999999999999348,0,1.0,0,1,1,0.14141458336598997,Abl_A_NoBiasModel
Abl_B_NoOptionValue,50062,0.522,0.4796126752096187,reject,reject,True,False,False,12.46878129476547,0.0,5.0,0.0,7.46878129476547,0,1.0,0,1,1,0.14141458336598997,Abl_B_NoOptionValue
Abl_C_NoStateChange,50062,0.518,0.4768663646128307,reject,reject,True,False,False,13.200000000000008,0.0,10.0,0.0,3.200000000000008,0,2.0,0,2,2,0.1408023127869857,Abl_C_NoStateChange
Abl_E_NoContagion,50062,0.518,0.4796126752096187,reject,reject,True,False,False,6.599999999999935,0.0,5.0,0.0,1.5999999999999348,0,1.0,0,1,1,0.14141458336598997,Abl_E_NoContagion
Abl_F_NoDispositionLoss,50062,0.518,0.48408034312104753,reject,reject,True,False,False,47.743333333333354,0.0,35.0,0.0,12.743333333333357,0,6.0,1,2,3,0.13177786937510477,Abl_F_NoDispositionLoss
Abl_G_NoRecedingHorizon,50062,0.518,0.4915424691105694,reject,reject,True,False,False,6.599999999999935,0.0,5.0,0.0,1.5999999999999348,0,1.0,0,1,1,0.1429562613869936,Abl_G_NoRecedingHorizon
Abl_H_NoAccessConstraints,50062,0.522,0.5359751080870263,reject,reject,True,False,False,39.2963187475692,0.0,25.0,0.0,14.296318747569204,0,5.0,0,5,5,0.08514630558315443,Abl_H_NoAccessConstraints
Abl_I_NoStoppingCert,50062,0.518,0.4839836311538243,reject,reject,True,False,False,6.599999999999935,0.0,5.0,0.0,1.5999999999999348,0,1.0,0,1,1,0.14200218816096205,Abl_I_NoStoppingCert
Full_B7,50063,0.518,0.4796126752096187,reject,reject,True,False,False,6.599999999999935,0.0,5.0,0.0,1.5999999999999348,0,1.0,0,1,1,0.14141458336598997,Full_B7
Abl_A_NoBiasModel,50063,0.518,0.4985783414469672,reject,reject,True,False,False,6.599999999999935,0.0,5.0,0.0,1.5999999999999348,0,1.0,0,1,1,0.14377478907004507,Abl_A_NoBiasModel
Abl_B_NoOptionValue,50063,0.518,0.48338883357754875,reject,reject,True,False,False,6.599999999999935,0.0,5.0,0.0,1.5999999999999348,0,1.0,0,1,1,0.14192378531983496,Abl_B_NoOptionValue
Abl_C_NoStateChange,50063,0.518,0.4792583072127485,reject,reject,True,False,False,13.200000000000008,0.0,10.0,0.0,3.200000000000008,0,2.0,0,2,2,0.1410168306049331,Abl_C_NoStateChange
Abl_E_NoContagion,50063,0.518,0.49369182511159365,reject,reject,True,False,False,6.599999999999935,0.0,5.0,0.0,1.5999999999999348,0,1.0,0,1,1,0.14321336379861302,Abl_E_NoContagion
Abl_F_NoDispositionLoss,50063,0.518,0.46122917489244264,reject,reject,True,False,False,39.570000000000135,0.0,30.0,0.0,9.570000000000134,0,5.0,1,1,2,0.1330667667726023,Abl_F_NoDispositionLoss
Abl_G_NoRecedingHorizon,50063,0.518,0.48815509957260117,reject,reject,True,False,False,6.599999999999935,0.0,5.0,0.0,1.5999999999999348,0,1.0,0,1,1,0.1425383634781861,Abl_G_NoRecedingHorizon
Abl_H_NoAccessConstraints,50063,0.518,0.5477991240531008,reject,reject,True,False,False,32.99999999999995,0.0,25.0,0.0,7.999999999999951,0,5.0,0,5,5,0.08210024878577199,Abl_H_NoAccessConstraints
Abl_I_NoStoppingCert,50063,0.518,0.4796126752096187,reject,reject,True,False,False,6.599999999999935,0.0,5.0,0.0,1.5999999999999348,0,1.0,0,1,1,0.14141458336598997,Abl_I_NoStoppingCert
Full_B7,50064,0.518,0.4796126752096187,reject,reject,True,False,False,6.600000000000073,0.0,5.0,0.0,1.6000000000000736,0,1.0,0,1,1,0.14141458336598997,Full_B7
Abl_A_NoBiasModel,50064,0.518,0.4838648236077995,reject,reject,True,False,False,6.600000000000073,0.0,5.0,0.0,1.6000000000000736,0,1.0,0,1,1,0.14198656669886636,Abl_A_NoBiasModel
Abl_B_NoOptionValue,50064,0.518,0.4907029800865975,reject,reject,True,False,False,6.600000000000073,0.0,5.0,0.0,1.6000000000000736,0,1.0,0,1,1,0.14285414688684733,Abl_B_NoOptionValue
Abl_C_NoStateChange,50064,0.518,0.48117777090417,reject,reject,True,False,False,13.200000000000147,0.0,10.0,0.0,3.200000000000147,0,2.0,0,2,2,0.1411853833816672,Abl_C_NoStateChange
Abl_E_NoContagion,50064,0.518,0.49599062945027733,reject,reject,True,False,False,6.600000000000073,0.0,5.0,0.0,1.6000000000000736,0,1.0,0,1,1,0.14348146068125392,Abl_E_NoContagion
Abl_F_NoDispositionLoss,50064,0.518,0.4813542841287305,reject,reject,True,False,False,47.743333333333354,0.0,35.0,0.0,12.743333333333357,0,6.0,1,2,3,0.13165522286031384,Abl_F_NoDispositionLoss
Abl_G_NoRecedingHorizon,50064,0.518,0.4899004296812485,reject,reject,True,False,False,6.600000000000073,0.0,5.0,0.0,1.6000000000000736,0,1.0,0,1,1,0.1427556318152918,Abl_G_NoRecedingHorizon
Abl_H_NoAccessConstraints,50064,0.524,0.5026722679551705,reject,reject,True,False,False,367.38088326081026,0.0,180.0,100.0,87.38088326081028,5,28.0,6,2,9,0.12248611985859242,Abl_H_NoAccessConstraints
Abl_I_NoStoppingCert,50064,0.518,0.4796126752096187,reject,reject,True,False,False,6.600000000000073,0.0,5.0,0.0,1.6000000000000736,0,1.0,0,1,1,0.14141458336598997,Abl_I_NoStoppingCert
Full_B7,50065,0.518,0.4850191471439459,reject,reject,True,False,False,6.599999999999935,0.0,5.0,0.0,1.5999999999999348,0,1.0,0,1,1,0.14213751876298164,Full_B7
Abl_A_NoBiasModel,50065,0.518,0.4912458464633481,reject,reject,True,False,False,6.599999999999935,0.0,5.0,0.0,1.5999999999999348,0,1.0,0,1,1,0.14292028962449568,Abl_A_NoBiasModel
Abl_B_NoOptionValue,50065,0.518,0.4796126752096187,reject,reject,True,False,False,6.599999999999935,0.0,5.0,0.0,1.5999999999999348,0,1.0,0,1,1,0.14141458336598997,Abl_B_NoOptionValue
Abl_C_NoStateChange,50065,0.518,0.4845287458879784,reject,reject,True,False,False,13.19999999999987,0.0,10.0,0.0,3.1999999999998696,0,2.0,0,2,2,0.14147201237746734,Abl_C_NoStateChange
Abl_E_NoContagion,50065,0.518,0.48650115834794405,reject,reject,True,False,False,6.599999999999935,0.0,5.0,0.0,1.5999999999999348,0,1.0,0,1,1,0.1423286335316463,Abl_E_NoContagion
Abl_F_NoDispositionLoss,50065,0.518,0.4802085011437443,reject,reject,True,False,False,47.743333333333496,0.0,35.0,0.0,12.743333333333496,0,6.0,1,2,3,0.13160189901010208,Abl_F_NoDispositionLoss
Abl_G_NoRecedingHorizon,50065,0.518,0.4796126752096187,reject,reject,True,False,False,6.599999999999935,0.0,5.0,0.0,1.5999999999999348,0,1.0,0,1,1,0.14141458336598997,Abl_G_NoRecedingHorizon
Abl_H_NoAccessConstraints,50065,0.524,0.4998851881268115,reject,reject,True,False,False,368.6330163964403,0.0,180.0,100.0,88.63301639644035,5,28.0,6,2,9,0.12163880813162875,Abl_H_NoAccessConstraints
Abl_I_NoStoppingCert,50065,0.518,0.49302687770951364,reject,reject,True,False,False,6.599999999999935,0.0,5.0,0.0,1.5999999999999348,0,1.0,0,1,1,0.14313448985912855,Abl_I_NoStoppingCert
Full_B7,50066,0.518,0.48618160279333367,reject,reject,True,False,False,6.599999999999935,0.0,5.0,0.0,1.5999999999999348,0,1.0,0,1,1,0.14228767996397657,Full_B7
Abl_A_NoBiasModel,50066,0.518,0.4796126752096187,reject,reject,True,False,False,6.599999999999935,0.0,5.0,0.0,1.5999999999999348,0,1.0,0,1,1,0.14141458336598997,Abl_A_NoBiasModel
Abl_B_NoOptionValue,50066,0.518,0.4810900843566131,reject,reject,True,False,False,6.599999999999935,0.0,5.0,0.0,1.5999999999999348,0,1.0,0,1,1,0.14161616937568614,Abl_B_NoOptionValue
Abl_C_NoStateChange,50066,0.518,0.4949189098681157,reject,reject,True,False,False,13.200000000000008,0.0,10.0,0.0,3.200000000000008,0,2.0,0,2,2,0.1422996464723094,Abl_C_NoStateChange
Abl_E_NoContagion,50066,0.518,0.4796126752096187,reject,reject,True,False,False,6.599999999999935,0.0,5.0,0.0,1.5999999999999348,0,1.0,0,1,1,0.14141458336598997,Abl_E_NoContagion
Abl_F_NoDispositionLoss,50066,0.518,0.49736401191056745,reject,reject,True,False,False,47.743333333333496,0.0,35.0,0.0,12.743333333333496,0,6.0,1,2,3,0.13229090533995866,Abl_F_NoDispositionLoss
Abl_G_NoRecedingHorizon,50066,0.518,0.4796126752096187,reject,reject,True,False,False,6.599999999999935,0.0,5.0,0.0,1.5999999999999348,0,1.0,0,1,1,0.14141458336598997,Abl_G_NoRecedingHorizon
Abl_H_NoAccessConstraints,50066,0.518,0.4965564450242665,reject,reject,True,False,False,33.00000000000009,0.0,25.0,0.0,8.00000000000009,0,5.0,0,5,5,0.08407761800794579,Abl_H_NoAccessConstraints
Abl_I_NoStoppingCert,50066,0.518,0.4796126752096187,reject,reject,True,False,False,6.599999999999935,0.0,5.0,0.0,1.5999999999999348,0,1.0,0,1,1,0.14141458336598997,Abl_I_NoStoppingCert
Full_B7,50067,0.518,0.48625391821461117,reject,reject,True,False,False,6.599999999999935,0.0,5.0,0.0,1.5999999999999348,0,1.0,0,1,1,0.1422969600233753,Full_B7
Abl_A_NoBiasModel,50067,0.518,0.47967551776353295,reject,reject,True,False,False,6.599999999999935,0.0,5.0,0.0,1.5999999999999348,0,1.0,0,1,1,0.1414232200150144,Abl_A_NoBiasModel
Abl_B_NoOptionValue,50067,0.518,0.4908229108505674,reject,reject,True,False,False,6.599999999999935,0.0,5.0,0.0,1.5999999999999348,0,1.0,0,1,1,0.14286879361047866,Abl_B_NoOptionValue
Abl_C_NoStateChange,50067,0.518,0.48826807663876126,reject,reject,True,False,False,13.200000000000008,0.0,10.0,0.0,3.200000000000008,0,2.0,0,2,2,0.14178047011128547,Abl_C_NoStateChange
Abl_E_NoContagion,50067,0.518,0.4796126752096187,reject,reject,True,False,False,6.599999999999935,0.0,5.0,0.0,1.5999999999999348,0,1.0,0,1,1,0.14141458336598997,Abl_E_NoContagion
Abl_F_NoDispositionLoss,50067,0.518,0.47786186914339107,reject,reject,True,False,False,47.74333333333322,0.0,35.0,0.0,12.743333333333219,0,6.0,1,2,3,0.13148940305097248,Abl_F_NoDispositionLoss
Abl_G_NoRecedingHorizon,50067,0.518,0.4796126752096187,reject,reject,True,False,False,6.599999999999935,0.0,5.0,0.0,1.5999999999999348,0,1.0,0,1,1,0.14141458336598997,Abl_G_NoRecedingHorizon
Abl_H_NoAccessConstraints,50067,0.518,0.5037649579876655,reject,reject,True,False,False,32.99999999999995,0.0,25.0,0.0,7.999999999999951,0,5.0,0,5,5,0.08199693483872006,Abl_H_NoAccessConstraints
Abl_I_NoStoppingCert,50067,0.518,0.4796126752096187,reject,reject,True,False,False,6.599999999999935,0.0,5.0,0.0,1.5999999999999348,0,1.0,0,1,1,0.14141458336598997,Abl_I_NoStoppingCert
Full_B7,50068,0.518,0.4796126752096187,reject,reject,True,False,False,6.599999999999935,0.0,5.0,0.0,1.5999999999999348,0,1.0,0,1,1,0.14141458336598997,Full_B7
Abl_A_NoBiasModel,50068,0.518,0.4962054071960571,reject,reject,True,False,False,6.599999999999935,0.0,5.0,0.0,1.5999999999999348,0,1.0,0,1,1,0.14350614705428152,Abl_A_NoBiasModel
Abl_B_NoOptionValue,50068,0.518,0.4796126752096187,reject,reject,True,False,False,6.599999999999935,0.0,5.0,0.0,1.5999999999999348,0,1.0,0,1,1,0.14141458336598997,Abl_B_NoOptionValue
Abl_C_NoStateChange,50068,0.518,0.4786623260089571,reject,reject,True,False,False,13.200000000000008,0.0,10.0,0.0,3.200000000000008,0,2.0,0,2,2,0.14096384617167737,Abl_C_NoStateChange
Abl_E_NoContagion,50068,0.518,0.4796126752096187,reject,reject,True,False,False,6.599999999999935,0.0,5.0,0.0,1.5999999999999348,0,1.0,0,1,1,0.14141458336598997,Abl_E_NoContagion
Abl_F_NoDispositionLoss,50068,0.518,0.4978812396582556,reject,reject,True,False,False,47.743333333333496,0.0,35.0,0.0,12.743333333333496,0,6.0,1,2,3,0.13230805567489407,Abl_F_NoDispositionLoss
Abl_G_NoRecedingHorizon,50068,0.518,0.4796126752096187,reject,reject,True,False,False,6.599999999999935,0.0,5.0,0.0,1.5999999999999348,0,1.0,0,1,1,0.14141458336598997,Abl_G_NoRecedingHorizon
Abl_H_NoAccessConstraints,50068,0.522,0.4907163149703592,reject,reject,True,False,False,39.003050683650955,0.0,25.0,0.0,14.003050683650955,0,5.0,0,5,5,0.08105268409883626,Abl_H_NoAccessConstraints
Abl_I_NoStoppingCert,50068,0.518,0.4796126752096187,reject,reject,True,False,False,6.599999999999935,0.0,5.0,0.0,1.5999999999999348,0,1.0,0,1,1,0.14141458336598997,Abl_I_NoStoppingCert
Full_B7,50069,0.518,0.4796126752096187,reject,reject,True,False,False,6.599999999999935,0.0,5.0,0.0,1.5999999999999348,0,1.0,0,1,1,0.14141458336598997,Full_B7
Abl_A_NoBiasModel,50069,0.518,0.4837040462542247,reject,reject,True,False,False,6.599999999999935,0.0,5.0,0.0,1.5999999999999348,0,1.0,0,1,1,0.14196539576825634,Abl_A_NoBiasModel
Abl_B_NoOptionValue,50069,0.518,0.49066447655313583,reject,reject,True,False,False,6.599999999999935,0.0,5.0,0.0,1.5999999999999348,0,1.0,0,1,1,0.1428494404482934,Abl_B_NoOptionValue
Abl_C_NoStateChange,50069,0.518,0.48500261899459546,reject,reject,True,False,False,13.19999999999987,0.0,10.0,0.0,3.1999999999998696,0,2.0,0,2,2,0.14151176545506441,Abl_C_NoStateChange
Abl_E_NoContagion,50069,0.518,0.4842028399685046,reject,reject,True,False,False,6.599999999999935,0.0,5.0,0.0,1.5999999999999348,0,1.0,0,1,1,0.14203095976913227,Abl_E_NoContagion
Abl_F_NoDispositionLoss,50069,0.518,0.49935320938920524,reject,reject,True,False,False,47.743333333333354,0.0,35.0,0.0,12.743333333333357,0,6.0,1,2,3,0.132355709147647,Abl_F_NoDispositionLoss
Abl_G_NoRecedingHorizon,50069,0.518,0.4806685956092197,reject,reject,True,False,False,6.599999999999935,0.0,5.0,0.0,1.5999999999999348,0,1.0,0,1,1,0.14155896947967045,Abl_G_NoRecedingHorizon
Abl_H_NoAccessConstraints,50069,0.524,0.4239741044396017,reject,reject,True,False,False,367.0393290098781,0.0,180.0,100.0,87.03932900987809,5,28.0,6,2,9,0.11852001733564303,Abl_H_NoAccessConstraints
Abl_I_NoStoppingCert,50069,0.518,0.4796126752096187,reject,reject,True,False,False,6.599999999999935,0.0,5.0,0.0,1.5999999999999348,0,1.0,0,1,1,0.14141458336598997,Abl_I_NoStoppingCert
Full_B7,50070,0.518,0.4805569704400002,reject,reject,True,False,False,6.599999999999935,0.0,5.0,0.0,1.5999999999999348,0,1.0,0,1,1,0.14154377945278257,Full_B7
Abl_A_NoBiasModel,50070,0.518,0.5002557205226028,reject,reject,True,False,False,6.599999999999935,0.0,5.0,0.0,1.5999999999999348,0,1.0,0,1,1,0.14396016435283088,Abl_A_NoBiasModel
Abl_B_NoOptionValue,50070,0.518,0.4880194038660772,reject,reject,True,False,False,6.599999999999935,0.0,5.0,0.0,1.5999999999999348,0,1.0,0,1,1,0.14252129730602023,Abl_B_NoOptionValue
Abl_C_NoStateChange,50070,0.518,0.48694686651767977,reject,reject,True,False,False,13.19999999999987,0.0,10.0,0.0,3.1999999999998696,0,2.0,0,2,2,0.14167285116851558,Abl_C_NoStateChange
Abl_E_NoContagion,50070,0.518,0.48199555276662986,reject,reject,True,False,False,6.599999999999935,0.0,5.0,0.0,1.5999999999999348,0,1.0,0,1,1,0.14173821369447565,Abl_E_NoContagion
Abl_F_NoDispositionLoss,50070,0.518,0.48251636893835953,reject,reject,True,False,False,47.74333333333322,0.0,35.0,0.0,12.743333333333219,0,6.0,1,2,3,0.1317082319772531,Abl_F_NoDispositionLoss
Abl_G_NoRecedingHorizon,50070,0.518,0.49116973637575656,reject,reject,True,False,False,6.599999999999935,0.0,5.0,0.0,1.5999999999999348,0,1.0,0,1,1,0.14291104045855474,Abl_G_NoRecedingHorizon
Abl_H_NoAccessConstraints,50070,0.518,0.5259080014776986,reject,reject,True,False,False,32.99999999999995,0.0,25.0,0.0,7.999999999999951,0,5.0,0,5,5,0.08114560145844645,Abl_H_NoAccessConstraints
Abl_I_NoStoppingCert,50070,0.518,0.4796126752096187,reject,reject,True,False,False,6.599999999999935,0.0,5.0,0.0,1.5999999999999348,0,1.0,0,1,1,0.14141458336598997,Abl_I_NoStoppingCert
Full_B7,50071,0.518,0.49548379941770637,reject,reject,True,False,False,6.599999999999935,0.0,5.0,0.0,1.5999999999999348,0,1.0,0,1,1,0.1434229611997381,Full_B7
Abl_A_NoBiasModel,50071,0.518,0.4796126752096187,reject,reject,True,False,False,6.599999999999935,0.0,5.0,0.0,1.5999999999999348,0,1.0,0,1,1,0.14141458336598997,Abl_A_NoBiasModel
Abl_B_NoOptionValue,50071,0.518,0.4796126752096187,reject,reject,True,False,False,6.599999999999935,0.0,5.0,0.0,1.5999999999999348,0,1.0,0,1,1,0.14141458336598997,Abl_B_NoOptionValue
Abl_C_NoStateChange,50071,0.518,0.48154596752133927,reject,reject,True,False,False,13.19999999999987,0.0,10.0,0.0,3.1999999999998696,0,2.0,0,2,2,0.14121735114295733,Abl_C_NoStateChange
Abl_E_NoContagion,50071,0.518,0.49450404526319663,reject,reject,True,False,False,6.599999999999935,0.0,5.0,0.0,1.5999999999999348,0,1.0,0,1,1,0.14330889924947154,Abl_E_NoContagion
Abl_F_NoDispositionLoss,50071,0.518,0.48448026118439547,reject,reject,True,False,False,47.74333333333322,0.0,35.0,0.0,12.743333333333219,0,6.0,1,2,3,0.13179536250661117,Abl_F_NoDispositionLoss
Abl_G_NoRecedingHorizon,50071,0.518,0.4796126752096187,reject,reject,True,False,False,6.599999999999935,0.0,5.0,0.0,1.5999999999999348,0,1.0,0,1,1,0.14141458336598997,Abl_G_NoRecedingHorizon
Abl_H_NoAccessConstraints,50071,0.518,0.49763975842031327,reject,reject,True,False,False,32.999999999999815,0.0,25.0,0.0,7.999999999999813,0,5.0,0,5,5,0.0924636402958598,Abl_H_NoAccessConstraints
Abl_I_NoStoppingCert,50071,0.518,0.4796126752096187,reject,reject,True,False,False,6.599999999999935,0.0,5.0,0.0,1.5999999999999348,0,1.0,0,1,1,0.14141458336598997,Abl_I_NoStoppingCert
Full_B7,50072,0.518,0.4887921214285191,reject,reject,True,False,False,6.599999999999935,0.0,5.0,0.0,1.5999999999999348,0,1.0,0,1,1,0.14261814449680224,Full_B7
Abl_A_NoBiasModel,50072,0.518,0.4796126752096187,reject,reject,True,False,False,6.599999999999935,0.0,5.0,0.0,1.5999999999999348,0,1.0,0,1,1,0.14141458336598997,Abl_A_NoBiasModel
Abl_B_NoOptionValue,50072,0.518,0.4892885413322804,reject,reject,True,False,False,6.599999999999935,0.0,5.0,0.0,1.5999999999999348,0,1.0,0,1,1,0.14267993288456,Abl_B_NoOptionValue
Abl_C_NoStateChange,50072,0.518,0.4768663646128307,reject,reject,True,False,False,13.200000000000008,0.0,10.0,0.0,3.200000000000008,0,2.0,0,2,2,0.1408023127869857,Abl_C_NoStateChange
Abl_E_NoContagion,50072,0.518,0.4796126752096187,reject,reject,True,False,False,6.599999999999935,0.0,5.0,0.0,1.5999999999999348,0,1.0,0,1,1,0.14141458336598997,Abl_E_NoContagion
Abl_F_NoDispositionLoss,50072,0.518,0.49052927296347504,reject,reject,True,False,False,47.74333333333322,0.0,35.0,0.0,12.743333333333219,0,6.0,1,2,3,0.1320444219528795,Abl_F_NoDispositionLoss
Abl_G_NoRecedingHorizon,50072,0.518,0.4796126752096187,reject,reject,True,False,False,6.599999999999935,0.0,5.0,0.0,1.5999999999999348,0,1.0,0,1,1,0.14141458336598997,Abl_G_NoRecedingHorizon
Abl_H_NoAccessConstraints,50072,0.518,0.5052305485217607,reject,reject,True,False,False,32.99999999999995,0.0,25.0,0.0,7.999999999999951,0,5.0,0,5,5,0.0831202130529936,Abl_H_NoAccessConstraints
Abl_I_NoStoppingCert,50072,0.518,0.4796126752096187,reject,reject,True,False,False,6.599999999999935,0.0,5.0,0.0,1.5999999999999348,0,1.0,0,1,1,0.14141458336598997,Abl_I_NoStoppingCert
Full_B7,50073,0.518,0.4796126752096187,reject,reject,True,False,False,6.599999999999935,0.0,5.0,0.0,1.5999999999999348,0,1.0,0,1,1,0.14141458336598997,Full_B7
Abl_A_NoBiasModel,50073,0.518,0.4796126752096187,reject,reject,True,False,False,6.599999999999935,0.0,5.0,0.0,1.5999999999999348,0,1.0,0,1,1,0.14141458336598997,Abl_A_NoBiasModel
Abl_B_NoOptionValue,50073,0.518,0.4796126752096187,reject,reject,True,False,False,6.599999999999935,0.0,5.0,0.0,1.5999999999999348,0,1.0,0,1,1,0.14141458336598997,Abl_B_NoOptionValue
Abl_C_NoStateChange,50073,0.518,0.48382174908156683,reject,reject,True,False,False,13.200000000000147,0.0,10.0,0.0,3.200000000000147,0,2.0,0,2,2,0.14141234384545928,Abl_C_NoStateChange
Abl_E_NoContagion,50073,0.518,0.48662967660728285,reject,reject,True,False,False,6.599999999999935,0.0,5.0,0.0,1.5999999999999348,0,1.0,0,1,1,0.14234506466473806,Abl_E_NoContagion
Abl_F_NoDispositionLoss,50073,0.522,0.4854827955655911,reject,reject,True,False,False,53.52391706060192,0.0,35.0,0.0,18.523917060601914,0,6.0,1,2,3,0.13183865432198083,Abl_F_NoDispositionLoss
Abl_G_NoRecedingHorizon,50073,0.518,0.4796126752096187,reject,reject,True,False,False,6.599999999999935,0.0,5.0,0.0,1.5999999999999348,0,1.0,0,1,1,0.14141458336598997,Abl_G_NoRecedingHorizon
Abl_H_NoAccessConstraints,50073,0.518,0.48579107002656363,reject,reject,True,False,False,46.19999999999996,0.0,35.0,0.0,11.19999999999996,0,7.0,0,7,7,0.07424291893296445,Abl_H_NoAccessConstraints
Abl_I_NoStoppingCert,50073,0.518,0.5129286090192718,reject,reject,True,False,False,6.599999999999935,0.0,5.0,0.0,1.5999999999999348,0,1.0,0,1,1,0.1452411461348331,Abl_I_NoStoppingCert
Full_B7,50074,0.518,0.4796126752096187,reject,reject,True,False,False,6.600000000000073,0.0,5.0,0.0,1.6000000000000736,0,1.0,0,1,1,0.14141458336598997,Full_B7
Abl_A_NoBiasModel,50074,0.518,0.4896776060137456,reject,reject,True,False,False,6.600000000000073,0.0,5.0,0.0,1.6000000000000736,0,1.0,0,1,1,0.14272812445091562,Abl_A_NoBiasModel
Abl_B_NoOptionValue,50074,0.518,0.4799830210305058,reject,reject,True,False,False,6.600000000000073,0.0,5.0,0.0,1.6000000000000736,0,1.0,0,1,1,0.14146540156552892,Abl_B_NoOptionValue
Abl_C_NoStateChange,50074,0.518,0.48656924878102437,reject,reject,True,False,False,13.200000000000008,0.0,10.0,0.0,3.200000000000008,0,2.0,0,2,2,0.14164181805977047,Abl_C_NoStateChange
Abl_E_NoContagion,50074,0.518,0.48831266715543825,reject,reject,True,False,False,6.600000000000073,0.0,5.0,0.0,1.6000000000000736,0,1.0,0,1,1,0.14255814888380117,Abl_E_NoContagion
Abl_F_NoDispositionLoss,50074,0.518,0.455637811390979,reject,reject,True,False,False,39.56999999999999,0.0,30.0,0.0,9.569999999999995,0,5.0,1,1,2,0.13255902526651142,Abl_F_NoDispositionLoss
Abl_G_NoRecedingHorizon,50074,0.518,0.4824983856449247,reject,reject,True,False,False,6.600000000000073,0.0,5.0,0.0,1.6000000000000736,0,1.0,0,1,1,0.14180549654979643,Abl_G_NoRecedingHorizon
Abl_H_NoAccessConstraints,50074,0.518,0.5175233452670273,reject,reject,True,False,False,32.99999999999995,0.0,25.0,0.0,7.999999999999951,0,5.0,0,5,5,0.08455753119137253,Abl_H_NoAccessConstraints
Abl_I_NoStoppingCert,50074,0.518,0.4796126752096187,reject,reject,True,False,False,6.600000000000073,0.0,5.0,0.0,1.6000000000000736,0,1.0,0,1,1,0.14141458336598997,Abl_I_NoStoppingCert
Full_B7,50075,0.518,0.4812188172920184,reject,reject,True,False,False,6.600000000000073,0.0,5.0,0.0,1.6000000000000736,0,1.0,0,1,1,0.14163359029385472,Full_B7
Abl_A_NoBiasModel,50075,0.518,0.48045576005003454,reject,reject,True,False,False,6.600000000000073,0.0,5.0,0.0,1.6000000000000736,0,1.0,0,1,1,0.14152999165695052,Abl_A_NoBiasModel
Abl_B_NoOptionValue,50075,0.518,0.4807033722302518,reject,reject,True,False,False,6.600000000000073,0.0,5.0,0.0,1.6000000000000736,0,1.0,0,1,1,0.14156369835630433,Abl_B_NoOptionValue
Abl_C_NoStateChange,50075,0.518,0.4795867941467084,reject,reject,True,False,False,13.200000000000008,0.0,10.0,0.0,3.200000000000008,0,2.0,0,2,2,0.14104590226044053,Abl_C_NoStateChange
Abl_E_NoContagion,50075,0.518,0.4796126752096187,reject,reject,True,False,False,6.600000000000073,0.0,5.0,0.0,1.6000000000000736,0,1.0,0,1,1,0.14141458336598997,Abl_E_NoContagion
Abl_F_NoDispositionLoss,50075,0.518,0.48950400239871394,reject,reject,True,False,False,47.74333333333322,0.0,35.0,0.0,12.743333333333219,0,6.0,1,2,3,0.13200425560866025,Abl_F_NoDispositionLoss
Abl_G_NoRecedingHorizon,50075,0.518,0.4796126752096187,reject,reject,True,False,False,6.600000000000073,0.0,5.0,0.0,1.6000000000000736,0,1.0,0,1,1,0.14141458336598997,Abl_G_NoRecedingHorizon
Abl_H_NoAccessConstraints,50075,0.518,0.5142104196024928,reject,reject,True,False,False,33.00000000000009,0.0,25.0,0.0,8.00000000000009,0,5.0,0,5,5,0.0829726861508769,Abl_H_NoAccessConstraints
Abl_I_NoStoppingCert,50075,0.518,0.4847453761323549,reject,reject,True,False,False,6.600000000000073,0.0,5.0,0.0,1.6000000000000736,0,1.0,0,1,1,0.14210188365022108,Abl_I_NoStoppingCert
Full_B7,50076,0.518,0.4796126752096187,reject,reject,True,False,False,6.600000000000213,0.0,5.0,0.0,1.6000000000002124,0,1.0,0,1,1,0.14141458336598997,Full_B7
Abl_A_NoBiasModel,50076,0.518,0.4796126752096187,reject,reject,True,False,False,6.600000000000213,0.0,5.0,0.0,1.6000000000002124,0,1.0,0,1,1,0.14141458336598997,Abl_A_NoBiasModel
Abl_B_NoOptionValue,50076,0.518,0.48787249115987735,reject,reject,True,False,False,6.600000000000213,0.0,5.0,0.0,1.6000000000002124,0,1.0,0,1,1,0.14250279203785227,Abl_B_NoOptionValue
Abl_C_NoStateChange,50076,0.518,0.4768663646128307,reject,reject,True,False,False,13.200000000000147,0.0,10.0,0.0,3.200000000000147,0,2.0,0,2,2,0.1408023127869857,Abl_C_NoStateChange
Abl_E_NoContagion,50076,0.518,0.4933078186996001,reject,reject,True,False,False,6.600000000000213,0.0,5.0,0.0,1.6000000000002124,0,1.0,0,1,1,0.14316788686530746,Abl_E_NoContagion
Abl_F_NoDispositionLoss,50076,0.518,0.4885264851371257,reject,reject,True,False,False,47.743333333333354,0.0,35.0,0.0,12.743333333333357,0,6.0,1,2,3,0.13196518270468305,Abl_F_NoDispositionLoss
Abl_G_NoRecedingHorizon,50076,0.518,0.4796126752096187,reject,reject,True,False,False,6.600000000000213,0.0,5.0,0.0,1.6000000000002124,0,1.0,0,1,1,0.14141458336598997,Abl_G_NoRecedingHorizon
Abl_H_NoAccessConstraints,50076,0.518,0.5229851619443413,reject,reject,True,False,False,32.99999999999995,0.0,25.0,0.0,7.999999999999952,0,5.0,0,5,5,0.0840878396311552,Abl_H_NoAccessConstraints
Abl_I_NoStoppingCert,50076,0.518,0.4796126752096187,reject,reject,True,False,False,6.600000000000213,0.0,5.0,0.0,1.6000000000002124,0,1.0,0,1,1,0.14141458336598997,Abl_I_NoStoppingCert
Full_B7,50077,0.518,0.4796126752096187,reject,reject,True,False,False,6.599999999999935,0.0,5.0,0.0,1.5999999999999348,0,1.0,0,1,1,0.14141458336598997,Full_B7
Abl_A_NoBiasModel,50077,0.518,0.4800952705133894,reject,reject,True,False,False,6.599999999999935,0.0,5.0,0.0,1.5999999999999348,0,1.0,0,1,1,0.14148076639937765,Abl_A_NoBiasModel
Abl_B_NoOptionValue,50077,0.518,0.4796126752096187,reject,reject,True,False,False,6.599999999999935,0.0,5.0,0.0,1.5999999999999348,0,1.0,0,1,1,0.14141458336598997,Abl_B_NoOptionValue
Abl_C_NoStateChange,50077,0.518,0.4768663646128307,reject,reject,True,False,False,13.19999999999987,0.0,10.0,0.0,3.1999999999998696,0,2.0,0,2,2,0.1408023127869857,Abl_C_NoStateChange
Abl_E_NoContagion,50077,0.518,0.49839402288927825,reject,reject,True,False,False,6.599999999999935,0.0,5.0,0.0,1.5999999999999348,0,1.0,0,1,1,0.14375419111130472,Abl_E_NoContagion
Abl_F_NoDispositionLoss,50077,0.518,0.4945508118797151,reject,reject,True,False,False,47.743333333333084,0.0,35.0,0.0,12.74333333333308,0,6.0,1,2,3,0.1321939264569247,Abl_F_NoDispositionLoss
Abl_G_NoRecedingHorizon,50077,0.518,0.4796126752096187,reject,reject,True,False,False,6.599999999999935,0.0,5.0,0.0,1.5999999999999348,0,1.0,0,1,1,0.14141458336598997,Abl_G_NoRecedingHorizon
Abl_H_NoAccessConstraints,50077,0.518,0.5288537326063544,reject,reject,True,False,False,32.999999999999815,0.0,25.0,0.0,7.999999999999813,0,5.0,0,5,5,0.07978518755872377,Abl_H_NoAccessConstraints
Abl_I_NoStoppingCert,50077,0.518,0.4815824995304679,reject,reject,True,False,False,6.599999999999935,0.0,5.0,0.0,1.5999999999999348,0,1.0,0,1,1,0.14168268137396936,Abl_I_NoStoppingCert
Full_B7,50078,0.518,0.4796126752096187,reject,reject,True,False,False,6.599999999999935,0.0,5.0,0.0,1.5999999999999348,0,1.0,0,1,1,0.14141458336598997,Full_B7
Abl_A_NoBiasModel,50078,0.518,0.4796126752096187,reject,reject,True,False,False,6.599999999999935,0.0,5.0,0.0,1.5999999999999348,0,1.0,0,1,1,0.14141458336598997,Abl_A_NoBiasModel
Abl_B_NoOptionValue,50078,0.518,0.4946689276439898,reject,reject,True,False,False,6.599999999999935,0.0,5.0,0.0,1.5999999999999348,0,1.0,0,1,1,0.14332818485846702,Abl_B_NoOptionValue
Abl_C_NoStateChange,50078,0.518,0.489042773905177,reject,reject,True,False,False,13.19999999999987,0.0,10.0,0.0,3.1999999999998696,0,2.0,0,2,2,0.14184287960591938,Abl_C_NoStateChange
Abl_E_NoContagion,50078,0.518,0.4796126752096187,reject,reject,True,False,False,6.599999999999935,0.0,5.0,0.0,1.5999999999999348,0,1.0,0,1,1,0.14141458336598997,Abl_E_NoContagion
Abl_F_NoDispositionLoss,50078,0.518,0.5008299867761302,reject,reject,True,False,False,47.743333333333496,0.0,35.0,0.0,12.743333333333496,0,6.0,1,2,3,0.1324018028957177,Abl_F_NoDispositionLoss
Abl_G_NoRecedingHorizon,50078,0.518,0.4825844298380879,reject,reject,True,False,False,6.599999999999935,0.0,5.0,0.0,1.5999999999999348,0,1.0,0,1,1,0.14181697476905147,Abl_G_NoRecedingHorizon
Abl_H_NoAccessConstraints,50078,0.518,0.5230521153508716,reject,reject,True,False,False,32.999999999999815,0.0,25.0,0.0,7.999999999999813,0,5.0,0,5,5,0.08383199267258436,Abl_H_NoAccessConstraints
Abl_I_NoStoppingCert,50078,0.518,0.4823547860787114,reject,reject,True,False,False,6.599999999999935,0.0,5.0,0.0,1.5999999999999348,0,1.0,0,1,1,0.14178631762814914,Abl_I_NoStoppingCert
Full_B7,50079,0.518,0.4796126752096187,reject,reject,True,False,False,6.599999999999935,0.0,5.0,0.0,1.5999999999999348,0,1.0,0,1,1,0.14141458336598997,Full_B7
Abl_A_NoBiasModel,50079,0.518,0.4796126752096187,reject,reject,True,False,False,6.599999999999935,0.0,5.0,0.0,1.5999999999999348,0,1.0,0,1,1,0.14141458336598997,Abl_A_NoBiasModel
Abl_B_NoOptionValue,50079,0.518,0.4796126752096187,reject,reject,True,False,False,6.599999999999935,0.0,5.0,0.0,1.5999999999999348,0,1.0,0,1,1,0.14141458336598997,Abl_B_NoOptionValue
Abl_C_NoStateChange,50079,0.518,0.4768663646128307,reject,reject,True,False,False,13.200000000000008,0.0,10.0,0.0,3.200000000000008,0,2.0,0,2,2,0.1408023127869857,Abl_C_NoStateChange
Abl_E_NoContagion,50079,0.518,0.4796126752096187,reject,reject,True,False,False,6.599999999999935,0.0,5.0,0.0,1.5999999999999348,0,1.0,0,1,1,0.14141458336598997,Abl_E_NoContagion
Abl_F_NoDispositionLoss,50079,0.518,0.4846985895659447,reject,reject,True,False,False,47.74333333333322,0.0,35.0,0.0,12.743333333333219,0,6.0,1,2,3,0.13180485872518458,Abl_F_NoDispositionLoss
Abl_G_NoRecedingHorizon,50079,0.518,0.4796126752096187,reject,reject,True,False,False,6.599999999999935,0.0,5.0,0.0,1.5999999999999348,0,1.0,0,1,1,0.14141458336598997,Abl_G_NoRecedingHorizon
Abl_H_NoAccessConstraints,50079,0.518,0.48953371143490826,reject,reject,True,False,False,39.599999999999746,0.0,30.0,0.0,9.599999999999747,0,6.0,0,6,6,0.07829591012176527,Abl_H_NoAccessConstraints
Abl_I_NoStoppingCert,50079,0.518,0.4877962205906937,reject,reject,True,False,False,6.599999999999935,0.0,5.0,0.0,1.5999999999999348,0,1.0,0,1,1,0.1424931732926255,Abl_I_NoStoppingCert
Full_B7,50080,0.518,0.48252789383563294,reject,reject,True,False,False,6.599999999999935,0.0,5.0,0.0,1.5999999999999348,0,1.0,0,1,1,0.1418094340729516,Full_B7
Abl_A_NoBiasModel,50080,0.518,0.48224474826595126,reject,reject,True,False,False,6.599999999999935,0.0,5.0,0.0,1.5999999999999348,0,1.0,0,1,1,0.1417716017998636,Abl_A_NoBiasModel
Abl_B_NoOptionValue,50080,0.518,0.4828182631956765,reject,reject,True,False,False,6.599999999999935,0.0,5.0,0.0,1.5999999999999348,0,1.0,0,1,1,0.14184811608869374,Abl_B_NoOptionValue
Abl_C_NoStateChange,50080,0.518,0.4842863387517801,reject,reject,True,False,False,13.19999999999987,0.0,10.0,0.0,3.1999999999998696,0,2.0,0,2,2,0.14145160231789253,Abl_C_NoStateChange
Abl_E_NoContagion,50080,0.524,0.4810578438454954,reject,reject,True,False,False,16.05306266484779,0.0,5.0,0.0,11.05306266484779,0,1.0,0,1,1,0.1416118027823883,Abl_E_NoContagion
Abl_F_NoDispositionLoss,50080,0.518,0.4805446433266697,reject,reject,True,False,False,47.74333333333322,0.0,35.0,0.0,12.743333333333219,0,6.0,1,2,3,0.1316176518076057,Abl_F_NoDispositionLoss
Abl_G_NoRecedingHorizon,50080,0.518,0.48629087060420784,reject,reject,True,False,False,6.599999999999935,0.0,5.0,0.0,1.5999999999999348,0,1.0,0,1,1,0.1423016992614313,Abl_G_NoRecedingHorizon
Abl_H_NoAccessConstraints,50080,0.518,0.525245110950721,reject,reject,True,False,False,32.999999999999815,0.0,25.0,0.0,7.999999999999813,0,5.0,0,5,5,0.0879916318784999,Abl_H_NoAccessConstraints
Abl_I_NoStoppingCert,50080,0.518,0.4796126752096187,reject,reject,True,False,False,6.599999999999935,0.0,5.0,0.0,1.5999999999999348,0,1.0,0,1,1,0.14141458336598997,Abl_I_NoStoppingCert
Full_B7,50081,0.518,0.4796126752096187,reject,reject,True,False,False,6.599999999999935,0.0,5.0,0.0,1.5999999999999348,0,1.0,0,1,1,0.14141458336598997,Full_B7
Abl_A_NoBiasModel,50081,0.518,0.4901784532450212,reject,reject,True,False,False,6.599999999999935,0.0,5.0,0.0,1.5999999999999348,0,1.0,0,1,1,0.14278985892170548,Abl_A_NoBiasModel
Abl_B_NoOptionValue,50081,0.518,0.4796126752096187,reject,reject,True,False,False,6.599999999999935,0.0,5.0,0.0,1.5999999999999348,0,1.0,0,1,1,0.14141458336598997,Abl_B_NoOptionValue
Abl_C_NoStateChange,50081,0.518,0.4768663646128307,reject,reject,True,False,False,13.19999999999987,0.0,10.0,0.0,3.1999999999998696,0,2.0,0,2,2,0.1408023127869857,Abl_C_NoStateChange
Abl_E_NoContagion,50081,0.518,0.4796126752096187,reject,reject,True,False,False,6.599999999999935,0.0,5.0,0.0,1.5999999999999348,0,1.0,0,1,1,0.14141458336598997,Abl_E_NoContagion
Abl_F_NoDispositionLoss,50081,0.518,0.49108148593089435,reject,reject,True,False,False,47.74333333333322,0.0,35.0,0.0,12.743333333333219,0,6.0,1,2,3,0.13206571000974476,Abl_F_NoDispositionLoss
Abl_G_NoRecedingHorizon,50081,0.518,0.4796126752096187,reject,reject,True,False,False,6.599999999999935,0.0,5.0,0.0,1.5999999999999348,0,1.0,0,1,1,0.14141458336598997,Abl_G_NoRecedingHorizon
Abl_H_NoAccessConstraints,50081,0.518,0.5093697272241624,reject,reject,True,False,False,32.999999999999815,0.0,25.0,0.0,7.999999999999813,0,5.0,0,5,5,0.08281210109842921,Abl_H_NoAccessConstraints
Abl_I_NoStoppingCert,50081,0.518,0.4796126752096187,reject,reject,True,False,False,6.599999999999935,0.0,5.0,0.0,1.5999999999999348,0,1.0,0,1,1,0.14141458336598997,Abl_I_NoStoppingCert
Full_B7,50082,0.518,0.48862585571179806,reject,reject,True,False,False,6.599999999999935,0.0,5.0,0.0,1.5999999999999348,0,1.0,0,1,1,0.1425973746598278,Full_B7
Abl_A_NoBiasModel,50082,0.518,0.4940844809001577,reject,reject,True,False,False,6.599999999999935,0.0,5.0,0.0,1.5999999999999348,0,1.0,0,1,1,0.14325965977990754,Abl_A_NoBiasModel
Abl_B_NoOptionValue,50082,0.518,0.4968895068864202,reject,reject,True,False,False,6.599999999999935,0.0,5.0,0.0,1.5999999999999348,0,1.0,0,1,1,0.1435843656571538,Abl_B_NoOptionValue
Abl_C_NoStateChange,50082,0.52,0.48695545230421056,reject,reject,True,False,False,16.40175019254799,0.0,10.0,0.0,6.40175019254799,0,2.0,0,2,2,0.1416735553404365,Abl_C_NoStateChange
Abl_E_NoContagion,50082,0.518,0.5024325555935264,reject,reject,True,False,False,6.599999999999935,0.0,5.0,0.0,1.5999999999999348,0,1.0,0,1,1,0.14419517888277747,Abl_E_NoContagion
Abl_F_NoDispositionLoss,50082,0.518,0.4852525478121623,reject,reject,True,False,False,47.743333333333354,0.0,35.0,0.0,12.743333333333357,0,6.0,1,2,3,0.1318287825781323,Abl_F_NoDispositionLoss
Abl_G_NoRecedingHorizon,50082,0.518,0.48770973041527627,reject,reject,True,False,False,6.599999999999935,0.0,5.0,0.0,1.5999999999999348,0,1.0,0,1,1,0.1424822560972629,Abl_G_NoRecedingHorizon
Abl_H_NoAccessConstraints,50082,0.518,0.5499661557150792,reject,reject,True,False,False,33.00000000000009,0.0,25.0,0.0,8.00000000000009,0,5.0,0,5,5,0.08722471754352547,Abl_H_NoAccessConstraints
Abl_I_NoStoppingCert,50082,0.518,0.4796126752096187,reject,reject,True,False,False,6.599999999999935,0.0,5.0,0.0,1.5999999999999348,0,1.0,0,1,1,0.14141458336598997,Abl_I_NoStoppingCert
Full_B7,50083,0.518,0.4796126752096187,reject,reject,True,False,False,6.600000000000073,0.0,5.0,0.0,1.6000000000000736,0,1.0,0,1,1,0.14141458336598997,Full_B7
Abl_A_NoBiasModel,50083,0.518,0.4796126752096187,reject,reject,True,False,False,6.600000000000073,0.0,5.0,0.0,1.6000000000000736,0,1.0,0,1,1,0.14141458336598997,Abl_A_NoBiasModel
Abl_B_NoOptionValue,50083,0.518,0.4890196061861901,reject,reject,True,False,False,6.600000000000073,0.0,5.0,0.0,1.6000000000000736,0,1.0,0,1,1,0.14264650073987492,Abl_B_NoOptionValue
Abl_C_NoStateChange,50083,0.518,0.48336188433987515,reject,reject,True,False,False,13.200000000000147,0.0,10.0,0.0,3.200000000000147,0,2.0,0,2,2,0.1413733017392502,Abl_C_NoStateChange
Abl_E_NoContagion,50083,0.518,0.4835344514023589,reject,reject,True,False,False,6.600000000000073,0.0,5.0,0.0,1.6000000000000736,0,1.0,0,1,1,0.14194302504347273,Abl_E_NoContagion
Abl_F_NoDispositionLoss,50083,0.518,0.4918718619873469,reject,reject,True,False,False,47.743333333333354,0.0,35.0,0.0,12.743333333333357,0,6.0,1,2,3,0.13209575862518466,Abl_F_NoDispositionLoss
Abl_G_NoRecedingHorizon,50083,0.518,0.48602837108301145,reject,reject,True,False,False,6.600000000000073,0.0,5.0,0.0,1.6000000000000736,0,1.0,0,1,1,0.1422679923943622,Abl_G_NoRecedingHorizon
Abl_H_NoAccessConstraints,50083,0.524,0.48292867732920064,reject,reject,True,False,False,54.01613894167889,0.0,35.0,0.0,19.01613894167889,0,7.0,0,7,7,0.07434071244183019,Abl_H_NoAccessConstraints
Abl_I_NoStoppingCert,50083,0.518,0.4796126752096187,reject,reject,True,False,False,6.600000000000073,0.0,5.0,0.0,1.6000000000000736,0,1.0,0,1,1,0.14141458336598997,Abl_I_NoStoppingCert
Full_B7,50084,0.518,0.4913787744092833,reject,reject,True,False,False,6.600000000000073,0.0,5.0,0.0,1.6000000000000736,0,1.0,0,1,1,0.14293642467812284,Full_B7
Abl_A_NoBiasModel,50084,0.518,0.48443556229139945,reject,reject,True,False,False,6.600000000000073,0.0,5.0,0.0,1.6000000000000736,0,1.0,0,1,1,0.14206143247520311,Abl_A_NoBiasModel
Abl_B_NoOptionValue,50084,0.518,0.47986910914225556,reject,reject,True,False,False,6.600000000000073,0.0,5.0,0.0,1.6000000000000736,0,1.0,0,1,1,0.1414497911875241,Abl_B_NoOptionValue
Abl_C_NoStateChange,50084,0.518,0.4832642662176653,reject,reject,True,False,False,13.200000000000008,0.0,10.0,0.0,3.200000000000008,0,2.0,0,2,2,0.14136499062067434,Abl_C_NoStateChange
Abl_E_NoContagion,50084,0.518,0.4852332418616845,reject,reject,True,False,False,6.600000000000073,0.0,5.0,0.0,1.6000000000000736,0,1.0,0,1,1,0.14216531425396203,Abl_E_NoContagion
Abl_F_NoDispositionLoss,50084,0.518,0.4808244621939052,reject,reject,True,False,False,47.743333333333354,0.0,35.0,0.0,12.743333333333357,0,6.0,1,2,3,0.13163069605331615,Abl_F_NoDispositionLoss
Abl_G_NoRecedingHorizon,50084,0.518,0.48021111479537587,reject,reject,True,False,False,6.600000000000073,0.0,5.0,0.0,1.6000000000000736,0,1.0,0,1,1,0.14149660484560153,Abl_G_NoRecedingHorizon
Abl_H_NoAccessConstraints,50084,0.518,0.5148602266212848,reject,reject,True,False,False,32.99999999999995,0.0,25.0,0.0,7.999999999999951,0,5.0,0,5,5,0.08816545897289167,Abl_H_NoAccessConstraints
Abl_I_NoStoppingCert,50084,0.518,0.4931753365994142,reject,reject,True,False,False,6.600000000000073,0.0,5.0,0.0,1.6000000000000736,0,1.0,0,1,1,0.14315215124315528,Abl_I_NoStoppingCert
Full_B7,50085,0.518,0.48727155534147915,reject,reject,True,False,False,6.599999999999935,0.0,5.0,0.0,1.5999999999999348,0,1.0,0,1,1,0.1424267903931203,Full_B7
Abl_A_NoBiasModel,50085,0.518,0.4876776319548948,reject,reject,True,False,False,6.599999999999935,0.0,5.0,0.0,1.5999999999999348,0,1.0,0,1,1,0.14247820187734203,Abl_A_NoBiasModel
Abl_B_NoOptionValue,50085,0.518,0.4796126752096187,reject,reject,True,False,False,6.599999999999935,0.0,5.0,0.0,1.5999999999999348,0,1.0,0,1,1,0.14141458336598997,Abl_B_NoOptionValue
Abl_C_NoStateChange,50085,0.518,0.4815996410293347,reject,reject,True,False,False,13.200000000000008,0.0,10.0,0.0,3.200000000000008,0,2.0,0,2,2,0.14122200142873553,Abl_C_NoStateChange
Abl_E_NoContagion,50085,0.518,0.4897196799309528,reject,reject,True,False,False,6.599999999999935,0.0,5.0,0.0,1.5999999999999348,0,1.0,0,1,1,0.14273332360518987,Abl_E_NoContagion
Abl_F_NoDispositionLoss,50085,0.518,0.48040760095218815,reject,reject,True,False,False,47.74333333333322,0.0,35.0,0.0,12.743333333333219,0,6.0,1,2,3,0.13161124045468586,Abl_F_NoDispositionLoss
Abl_G_NoRecedingHorizon,50085,0.518,0.4814076263460362,reject,reject,True,False,False,6.599999999999935,0.0,5.0,0.0,1.5999999999999348,0,1.0,0,1,1,0.14165909935474522,Abl_G_NoRecedingHorizon
Abl_H_NoAccessConstraints,50085,0.518,0.5211719423102008,reject,reject,True,False,False,32.999999999999815,0.0,25.0,0.0,7.999999999999813,0,5.0,0,5,5,0.08331905398645092,Abl_H_NoAccessConstraints
Abl_I_NoStoppingCert,50085,0.518,0.48257625385592373,reject,reject,True,False,False,6.599999999999935,0.0,5.0,0.0,1.5999999999999348,0,1.0,0,1,1,0.14181588454163255,Abl_I_NoStoppingCert
Full_B7,50086,0.518,0.4796126752096187,reject,reject,True,False,False,6.599999999999935,0.0,5.0,0.0,1.5999999999999348,0,1.0,0,1,1,0.14141458336598997,Full_B7
Abl_A_NoBiasModel,50086,0.518,0.4796126752096187,reject,reject,True,False,False,6.599999999999935,0.0,5.0,0.0,1.5999999999999348,0,1.0,0,1,1,0.14141458336598997,Abl_A_NoBiasModel
Abl_B_NoOptionValue,50086,0.518,0.4910819656433711,reject,reject,True,False,False,6.599999999999935,0.0,5.0,0.0,1.5999999999999348,0,1.0,0,1,1,0.1429003645060766,Abl_B_NoOptionValue
Abl_C_NoStateChange,50086,0.518,0.4768663646128307,reject,reject,True,False,False,13.19999999999987,0.0,10.0,0.0,3.1999999999998696,0,2.0,0,2,2,0.1408023127869857,Abl_C_NoStateChange
Abl_E_NoContagion,50086,0.518,0.4796126752096187,reject,reject,True,False,False,6.599999999999935,0.0,5.0,0.0,1.5999999999999348,0,1.0,0,1,1,0.14141458336598997,Abl_E_NoContagion
Abl_F_NoDispositionLoss,50086,0.518,0.48435138178214415,reject,reject,True,False,False,47.74333333333322,0.0,35.0,0.0,12.743333333333219,0,6.0,1,2,3,0.13178973902970004,Abl_F_NoDispositionLoss
Abl_G_NoRecedingHorizon,50086,0.518,0.4796551091610549,reject,reject,True,False,False,6.599999999999935,0.0,5.0,0.0,1.5999999999999348,0,1.0,0,1,1,0.14142041580225834,Abl_G_NoRecedingHorizon
Abl_H_NoAccessConstraints,50086,0.524,0.49397114247304225,reject,reject,True,False,False,42.164442485274876,0.0,25.0,0.0,17.164442485274876,0,5.0,0,5,5,0.08675685840116763,Abl_H_NoAccessConstraints
Abl_I_NoStoppingCert,50086,0.518,0.4862522081856785,reject,reject,True,False,False,6.599999999999935,0.0,5.0,0.0,1.5999999999999348,0,1.0,0,1,1,0.14229674066244352,Abl_I_NoStoppingCert
Full_B7,50087,0.518,0.4796126752096187,reject,reject,True,False,False,6.600000000000351,0.0,5.0,0.0,1.6000000000003511,0,1.0,0,1,1,0.14141458336598997,Full_B7
Abl_A_NoBiasModel,50087,0.518,0.49345187084346565,reject,reject,True,False,False,6.600000000000351,0.0,5.0,0.0,1.6000000000003511,0,1.0,0,1,1,0.14318496988510257,Abl_A_NoBiasModel
Abl_B_NoOptionValue,50087,0.518,0.4796126752096187,reject,reject,True,False,False,6.600000000000351,0.0,5.0,0.0,1.6000000000003511,0,1.0,0,1,1,0.14141458336598997,Abl_B_NoOptionValue
Abl_C_NoStateChange,50087,0.518,0.4945287436416403,reject,reject,True,False,False,13.200000000000287,0.0,10.0,0.0,3.200000000000286,0,2.0,0,2,2,0.14227022466490769,Abl_C_NoStateChange
Abl_E_NoContagion,50087,0.518,0.4815950226132218,reject,reject,True,False,False,6.600000000000351,0.0,5.0,0.0,1.6000000000003511,0,1.0,0,1,1,0.14168436850650837,Abl_E_NoContagion
Abl_F_NoDispositionLoss,50087,0.518,0.4815473258692015,reject,reject,True,False,False,47.743333333333496,0.0,35.0,0.0,12.743333333333496,0,6.0,1,2,3,0.13166410339737963,Abl_F_NoDispositionLoss
Abl_G_NoRecedingHorizon,50087,0.518,0.49764718829952,reject,reject,True,False,False,6.600000000000351,0.0,5.0,0.0,1.6000000000003511,0,1.0,0,1,1,0.14367026784279868,Abl_G_NoRecedingHorizon
Abl_H_NoAccessConstraints,50087,0.524,0.4219365162126551,reject,reject,True,False,False,369.1763812057701,0.0,180.0,100.0,89.17638120577011,5,28.0,6,2,9,0.11917782393684356,Abl_H_NoAccessConstraints
Abl_I_NoStoppingCert,50087,0.518,0.4796126752096187,reject,reject,True,False,False,6.600000000000351,0.0,5.0,0.0,1.6000000000003511,0,1.0,0,1,1,0.14141458336598997,Abl_I_NoStoppingCert
Full_B7,50088,0.518,0.482867331363175,reject,reject,True,False,False,6.600000000000073,0.0,5.0,0.0,1.6000000000000736,0,1.0,0,1,1,0.141854641241811,Full_B7
Abl_A_NoBiasModel,50088,0.518,0.4796126752096187,reject,reject,True,False,False,6.600000000000073,0.0,5.0,0.0,1.6000000000000736,0,1.0,0,1,1,0.14141458336598997,Abl_A_NoBiasModel
Abl_B_NoOptionValue,50088,0.518,0.4796126752096187,reject,reject,True,False,False,6.600000000000073,0.0,5.0,0.0,1.6000000000000736,0,1.0,0,1,1,0.14141458336598997,Abl_B_NoOptionValue
Abl_C_NoStateChange,50088,0.518,0.4811791413245137,reject,reject,True,False,False,13.200000000000008,0.0,10.0,0.0,3.200000000000008,0,2.0,0,2,2,0.14118550258229648,Abl_C_NoStateChange
Abl_E_NoContagion,50088,0.518,0.4796126752096187,reject,reject,True,False,False,6.600000000000073,0.0,5.0,0.0,1.6000000000000736,0,1.0,0,1,1,0.14141458336598997,Abl_E_NoContagion
Abl_F_NoDispositionLoss,50088,0.518,0.5040712837919107,reject,reject,True,False,False,47.74333333333322,0.0,35.0,0.0,12.743333333333217,0,6.0,1,2,3,0.132496956155091,Abl_F_NoDispositionLoss
Abl_G_NoRecedingHorizon,50088,0.518,0.4884388844491953,reject,reject,True,False,False,6.600000000000073,0.0,5.0,0.0,1.6000000000000736,0,1.0,0,1,1,0.14257397325927307,Abl_G_NoRecedingHorizon
Abl_H_NoAccessConstraints,50088,0.518,0.5517570562900684,reject,reject,True,False,False,33.00000000000009,0.0,25.0,0.0,8.00000000000009,0,5.0,0,5,5,0.08242283843161295,Abl_H_NoAccessConstraints
Abl_I_NoStoppingCert,50088,0.518,0.4884131980580951,reject,reject,True,False,False,6.600000000000073,0.0,5.0,0.0,1.6000000000000736,0,1.0,0,1,1,0.14257075461387692,Abl_I_NoStoppingCert
Full_B7,50089,0.518,0.4796126752096187,reject,reject,True,False,False,6.599999999999935,0.0,5.0,0.0,1.5999999999999348,0,1.0,0,1,1,0.14141458336598997,Full_B7
Abl_A_NoBiasModel,50089,0.52,0.4978174367194593,reject,reject,True,False,False,9.0824615691204,0.0,5.0,0.0,4.082461569120399,0,1.0,0,1,1,0.14368946439262284,Abl_A_NoBiasModel
Abl_B_NoOptionValue,50089,0.518,0.4796126752096187,reject,reject,True,False,False,6.599999999999935,0.0,5.0,0.0,1.5999999999999348,0,1.0,0,1,1,0.14141458336598997,Abl_B_NoOptionValue
Abl_C_NoStateChange,50089,0.518,0.4840796533243414,reject,reject,True,False,False,13.200000000000008,0.0,10.0,0.0,3.200000000000008,0,2.0,0,2,2,0.1414341600352358,Abl_C_NoStateChange
Abl_E_NoContagion,50089,0.518,0.4886648549724278,reject,reject,True,False,False,6.599999999999935,0.0,5.0,0.0,1.5999999999999348,0,1.0,0,1,1,0.14260224981336478,Abl_E_NoContagion
Abl_F_NoDispositionLoss,50089,0.518,0.4881693120751288,reject,reject,True,False,False,47.74333333333322,0.0,35.0,0.0,12.743333333333219,0,6.0,1,2,3,0.13195071651283405,Abl_F_NoDispositionLoss
Abl_G_NoRecedingHorizon,50089,0.518,0.4874584830911705,reject,reject,True,False,False,6.599999999999935,0.0,5.0,0.0,1.5999999999999348,0,1.0,0,1,1,0.1424504844713189,Abl_G_NoRecedingHorizon
Abl_H_NoAccessConstraints,50089,0.518,0.44799988924063017,reject,reject,True,False,False,358.7150648997027,0.0,180.0,100.0,78.71506489970272,5,28.0,6,2,9,0.12020239475079336,Abl_H_NoAccessConstraints
Abl_I_NoStoppingCert,50089,0.518,0.4796126752096187,reject,reject,True,False,False,6.599999999999935,0.0,5.0,0.0,1.5999999999999348,0,1.0,0,1,1,0.14141458336598997,Abl_I_NoStoppingCert
Full_B7,50090,0.518,0.4900937715380821,reject,reject,True,False,False,6.599999999999796,0.0,5.0,0.0,1.599999999999796,0,1.0,0,1,1,0.14277944499346676,Full_B7
Abl_A_NoBiasModel,50090,0.518,0.4796126752096187,reject,reject,True,False,False,6.599999999999796,0.0,5.0,0.0,1.599999999999796,0,1.0,0,1,1,0.14141458336598997,Abl_A_NoBiasModel
Abl_B_NoOptionValue,50090,0.518,0.4796126752096187,reject,reject,True,False,False,6.599999999999796,0.0,5.0,0.0,1.599999999999796,0,1.0,0,1,1,0.14141458336598997,Abl_B_NoOptionValue
Abl_C_NoStateChange,50090,0.518,0.4850787163238758,reject,reject,True,False,False,13.19999999999987,0.0,10.0,0.0,3.1999999999998696,0,2.0,0,2,2,0.14151813126635904,Abl_C_NoStateChange
Abl_E_NoContagion,50090,0.518,0.4796126752096187,reject,reject,True,False,False,6.599999999999796,0.0,5.0,0.0,1.599999999999796,0,1.0,0,1,1,0.14141458336598997,Abl_E_NoContagion
Abl_F_NoDispositionLoss,50090,0.518,0.4859533859744042,reject,reject,True,False,False,47.743333333333084,0.0,35.0,0.0,12.74333333333308,0,6.0,1,2,3,0.13185869918207982,Abl_F_NoDispositionLoss
Abl_G_NoRecedingHorizon,50090,0.518,0.48739938776036607,reject,reject,True,False,False,6.599999999999796,0.0,5.0,0.0,1.599999999999796,0,1.0,0,1,1,0.14244299899472557,Abl_G_NoRecedingHorizon
Abl_H_NoAccessConstraints,50090,0.518,0.46723432594023384,reject,reject,True,False,False,46.19999999999968,0.0,35.0,0.0,11.199999999999683,0,7.0,0,7,7,0.07288777104021874,Abl_H_NoAccessConstraints
Abl_I_NoStoppingCert,50090,0.518,0.4796126752096187,reject,reject,True,False,False,6.599999999999796,0.0,5.0,0.0,1.599999999999796,0,1.0,0,1,1,0.14141458336598997,Abl_I_NoStoppingCert
Full_B7,50091,0.518,0.4822085646988138,reject,reject,True,False,False,6.599999999999935,0.0,5.0,0.0,1.5999999999999348,0,1.0,0,1,1,0.1417667591454595,Full_B7
Abl_A_NoBiasModel,50091,0.518,0.49777967746499163,reject,reject,True,False,False,6.599999999999935,0.0,5.0,0.0,1.5999999999999348,0,1.0,0,1,1,0.14368521014054933,Abl_A_NoBiasModel
Abl_B_NoOptionValue,50091,0.518,0.4981658838868914,reject,reject,True,False,False,6.599999999999935,0.0,5.0,0.0,1.5999999999999348,0,1.0,0,1,1,0.14372863350258436,Abl_B_NoOptionValue
Abl_C_NoStateChange,50091,0.518,0.4879490208751943,reject,reject,True,False,False,13.200000000000008,0.0,10.0,0.0,3.200000000000008,0,2.0,0,2,2,0.14175461809879922,Abl_C_NoStateChange
Abl_E_NoContagion,50091,0.518,0.49244447190244556,reject,reject,True,False,False,6.599999999999935,0.0,5.0,0.0,1.5999999999999348,0,1.0,0,1,1,0.1430649169600476,Abl_E_NoContagion
Abl_F_NoDispositionLoss,50091,0.518,0.4897499714767374,reject,reject,True,False,False,47.743333333333354,0.0,35.0,0.0,12.743333333333357,0,6.0,1,2,3,0.13201396785921443,Abl_F_NoDispositionLoss
Abl_G_NoRecedingHorizon,50091,0.518,0.4796126752096187,reject,reject,True,False,False,6.599999999999935,0.0,5.0,0.0,1.5999999999999348,0,1.0,0,1,1,0.14141458336598997,Abl_G_NoRecedingHorizon
Abl_H_NoAccessConstraints,50091,0.518,0.5027063627365687,reject,reject,True,False,False,32.99999999999995,0.0,25.0,0.0,7.999999999999951,0,5.0,0,5,5,0.08546094852208524,Abl_H_NoAccessConstraints
Abl_I_NoStoppingCert,50091,0.518,0.49368230886755377,reject,reject,True,False,False,6.599999999999935,0.0,5.0,0.0,1.5999999999999348,0,1.0,0,1,1,0.14321223921290954,Abl_I_NoStoppingCert
Full_B7,50092,0.518,0.5069109437346844,reject,reject,True,False,False,6.600000000000073,0.0,5.0,0.0,1.6000000000000736,0,1.0,0,1,1,0.14465904994584844,Full_B7
Abl_A_NoBiasModel,50092,0.518,0.4796126752096187,reject,reject,True,False,False,6.600000000000073,0.0,5.0,0.0,1.6000000000000736,0,1.0,0,1,1,0.14141458336598997,Abl_A_NoBiasModel
Abl_B_NoOptionValue,50092,0.518,0.4796126752096187,reject,reject,True,False,False,6.600000000000073,0.0,5.0,0.0,1.6000000000000736,0,1.0,0,1,1,0.14141458336598997,Abl_B_NoOptionValue
Abl_C_NoStateChange,50092,0.518,0.4768663646128307,reject,reject,True,False,False,13.200000000000147,0.0,10.0,0.0,3.200000000000147,0,2.0,0,2,2,0.1408023127869857,Abl_C_NoStateChange
Abl_E_NoContagion,50092,0.518,0.48813079104027973,reject,reject,True,False,False,6.600000000000073,0.0,5.0,0.0,1.6000000000000736,0,1.0,0,1,1,0.14253530809254775,Abl_E_NoContagion
Abl_F_NoDispositionLoss,50092,0.518,0.48401607020591914,reject,reject,True,False,False,47.743333333333496,0.0,35.0,0.0,12.743333333333496,0,6.0,1,2,3,0.13177504605641877,Abl_F_NoDispositionLoss
Abl_G_NoRecedingHorizon,50092,0.518,0.49220067779285614,reject,reject,True,False,False,6.600000000000073,0.0,5.0,0.0,1.6000000000000736,0,1.0,0,1,1,0.14303565789205544,Abl_G_NoRecedingHorizon
Abl_H_NoAccessConstraints,50092,0.518,0.5242667064395514,reject,reject,True,False,False,33.00000000000009,0.0,25.0,0.0,8.00000000000009,0,5.0,0,5,5,0.0825388763854333,Abl_H_NoAccessConstraints
Abl_I_NoStoppingCert,50092,0.518,0.4846337133002533,reject,reject,True,False,False,6.600000000000073,0.0,5.0,0.0,1.6000000000000736,0,1.0,0,1,1,0.14208731952511996,Abl_I_NoStoppingCert
Full_B7,50093,0.518,0.4796126752096187,reject,reject,True,False,False,6.599999999999935,0.0,5.0,0.0,1.5999999999999348,0,1.0,0,1,1,0.14141458336598997,Full_B7
Abl_A_NoBiasModel,50093,0.518,0.48903785131180727,reject,reject,True,False,False,6.599999999999935,0.0,5.0,0.0,1.5999999999999348,0,1.0,0,1,1,0.14264877196171655,Abl_A_NoBiasModel
Abl_B_NoOptionValue,50093,0.518,0.4796126752096187,reject,reject,True,False,False,6.599999999999935,0.0,5.0,0.0,1.5999999999999348,0,1.0,0,1,1,0.14141458336598997,Abl_B_NoOptionValue
Abl_C_NoStateChange,50093,0.518,0.4768663646128307,reject,reject,True,False,False,13.200000000000008,0.0,10.0,0.0,3.200000000000008,0,2.0,0,2,2,0.1408023127869857,Abl_C_NoStateChange
Abl_E_NoContagion,50093,0.518,0.4844107843951256,reject,reject,True,False,False,6.599999999999935,0.0,5.0,0.0,1.5999999999999348,0,1.0,0,1,1,0.14205819160680175,Abl_E_NoContagion
Abl_F_NoDispositionLoss,50093,0.518,0.48326622568462885,reject,reject,True,False,False,47.74333333333322,0.0,35.0,0.0,12.743333333333219,0,6.0,1,2,3,0.13174186388939252,Abl_F_NoDispositionLoss
Abl_G_NoRecedingHorizon,50093,0.518,0.4833640752850804,reject,reject,True,False,False,6.599999999999935,0.0,5.0,0.0,1.5999999999999348,0,1.0,0,1,1,0.141920511218612,Abl_G_NoRecedingHorizon
Abl_H_NoAccessConstraints,50093,0.518,0.5422385315547139,reject,reject,True,False,False,32.999999999999815,0.0,25.0,0.0,7.999999999999813,0,5.0,0,5,5,0.08446940662947469,Abl_H_NoAccessConstraints
Abl_I_NoStoppingCert,50093,0.518,0.48723967739727314,reject,reject,True,False,False,6.599999999999935,0.0,5.0,0.0,1.5999999999999348,0,1.0,0,1,1,0.1424227449228772,Abl_I_NoStoppingCert
Full_B7,50094,0.518,0.48062001578413555,reject,reject,True,False,False,6.599999999999935,0.0,5.0,0.0,1.5999999999999348,0,1.0,0,1,1,0.1415523608399979,Full_B7
Abl_A_NoBiasModel,50094,0.518,0.4796126752096187,reject,reject,True,False,False,6.599999999999935,0.0,5.0,0.0,1.5999999999999348,0,1.0,0,1,1,0.14141458336598997,Abl_A_NoBiasModel
Abl_B_NoOptionValue,50094,0.518,0.48705426061821255,reject,reject,True,False,False,6.599999999999935,0.0,5.0,0.0,1.5999999999999348,0,1.0,0,1,1,0.14239918702975116,Abl_B_NoOptionValue
Abl_C_NoStateChange,50094,0.518,0.4916367249263166,reject,reject,True,False,False,13.200000000000008,0.0,10.0,0.0,3.200000000000008,0,2.0,0,2,2,0.14204812651604212,Abl_C_NoStateChange
Abl_E_NoContagion,50094,0.518,0.48507139701515883,reject,reject,True,False,False,6.599999999999935,0.0,5.0,0.0,1.5999999999999348,0,1.0,0,1,1,0.14214430808078052,Abl_E_NoContagion
Abl_F_NoDispositionLoss,50094,0.518,0.4743036492295548,reject,reject,True,False,False,47.743333333333354,0.0,35.0,0.0,12.743333333333357,0,6.0,1,2,3,0.13131037929973763,Abl_F_NoDispositionLoss
Abl_G_NoRecedingHorizon,50094,0.518,0.4796126752096187,reject,reject,True,False,False,6.599999999999935,0.0,5.0,0.0,1.5999999999999348,0,1.0,0,1,1,0.14141458336598997,Abl_G_NoRecedingHorizon
Abl_H_NoAccessConstraints,50094,0.522,0.49733146866623323,reject,reject,True,False,False,46.400139277604055,0.0,30.0,0.0,16.400139277604058,0,6.0,0,6,6,0.08078531261982513,Abl_H_NoAccessConstraints
Abl_I_NoStoppingCert,50094,0.518,0.4796126752096187,reject,reject,True,False,False,6.599999999999935,0.0,5.0,0.0,1.5999999999999348,0,1.0,0,1,1,0.14141458336598997,Abl_I_NoStoppingCert
Full_B7,50095,0.518,0.4796126752096187,reject,reject,True,False,False,6.600000000000073,0.0,5.0,0.0,1.6000000000000736,0,1.0,0,1,1,0.14141458336598997,Full_B7
Abl_A_NoBiasModel,50095,0.518,0.4796126752096187,reject,reject,True,False,False,6.600000000000073,0.0,5.0,0.0,1.6000000000000736,0,1.0,0,1,1,0.14141458336598997,Abl_A_NoBiasModel
Abl_B_NoOptionValue,50095,0.518,0.4796126752096187,reject,reject,True,False,False,6.600000000000073,0.0,5.0,0.0,1.6000000000000736,0,1.0,0,1,1,0.14141458336598997,Abl_B_NoOptionValue
Abl_C_NoStateChange,50095,0.518,0.48415279395851957,reject,reject,True,False,False,13.200000000000008,0.0,10.0,0.0,3.200000000000008,0,2.0,0,2,2,0.14144033660810074,Abl_C_NoStateChange
Abl_E_NoContagion,50095,0.518,0.4796126752096187,reject,reject,True,False,False,6.600000000000073,0.0,5.0,0.0,1.6000000000000736,0,1.0,0,1,1,0.14141458336598997,Abl_E_NoContagion
Abl_F_NoDispositionLoss,50095,0.518,0.4695720552873719,reject,reject,True,False,False,47.743333333333354,0.0,35.0,0.0,12.743333333333357,0,6.0,1,2,3,0.1310564891698067,Abl_F_NoDispositionLoss
Abl_G_NoRecedingHorizon,50095,0.518,0.4893877995607493,reject,reject,True,False,False,6.600000000000073,0.0,5.0,0.0,1.6000000000000736,0,1.0,0,1,1,0.14269224709544573,Abl_G_NoRecedingHorizon
Abl_H_NoAccessConstraints,50095,0.518,0.49977684226238506,reject,reject,True,False,False,32.99999999999995,0.0,25.0,0.0,7.999999999999951,0,5.0,0,5,5,0.07951504227899349,Abl_H_NoAccessConstraints
Abl_I_NoStoppingCert,50095,0.518,0.4796126752096187,reject,reject,True,False,False,6.600000000000073,0.0,5.0,0.0,1.6000000000000736,0,1.0,0,1,1,0.14141458336598997,Abl_I_NoStoppingCert
Full_B7,50096,0.518,0.48847672868788894,reject,reject,True,False,False,6.599999999999935,0.0,5.0,0.0,1.5999999999999348,0,1.0,0,1,1,0.14257871370928296,Full_B7
Abl_A_NoBiasModel,50096,0.518,0.48310788002723715,reject,reject,True,False,False,6.599999999999935,0.0,5.0,0.0,1.5999999999999348,0,1.0,0,1,1,0.1418865814909322,Abl_A_NoBiasModel
Abl_B_NoOptionValue,50096,0.518,0.48388133427174723,reject,reject,True,False,False,6.599999999999935,0.0,5.0,0.0,1.5999999999999348,0,1.0,0,1,1,0.1419887387772137,Abl_B_NoOptionValue
Abl_C_NoStateChange,50096,0.518,0.4900871768714824,reject,reject,True,False,False,13.19999999999987,0.0,10.0,0.0,3.1999999999998696,0,2.0,0,2,2,0.1419262067280477,Abl_C_NoStateChange
Abl_E_NoContagion,50096,0.518,0.48494249639201537,reject,reject,True,False,False,6.599999999999935,0.0,5.0,0.0,1.5999999999999348,0,1.0,0,1,1,0.14212755200592658,Abl_E_NoContagion
Abl_F_NoDispositionLoss,50096,0.518,0.4987318407182639,reject,reject,True,False,False,47.743333333333084,0.0,35.0,0.0,12.74333333333308,0,6.0,1,2,3,0.13233580129503614,Abl_F_NoDispositionLoss
Abl_G_NoRecedingHorizon,50096,0.518,0.4848557974989626,reject,reject,True,False,False,6.599999999999935,0.0,5.0,0.0,1.5999999999999348,0,1.0,0,1,1,0.14211626895421509,Abl_G_NoRecedingHorizon
Abl_H_NoAccessConstraints,50096,0.524,0.503437266876109,reject,reject,True,False,False,41.79239289373899,0.0,25.0,0.0,16.792392893738988,0,5.0,0,5,5,0.08050386320146966,Abl_H_NoAccessConstraints
Abl_I_NoStoppingCert,50096,0.518,0.4796126752096187,reject,reject,True,False,False,6.599999999999935,0.0,5.0,0.0,1.5999999999999348,0,1.0,0,1,1,0.14141458336598997,Abl_I_NoStoppingCert
Full_B7,50097,0.518,0.48098751914315685,reject,reject,True,False,False,6.600000000000073,0.0,5.0,0.0,1.6000000000000736,0,1.0,0,1,1,0.14160227311694548,Full_B7
Abl_A_NoBiasModel,50097,0.518,0.49717509943542304,reject,reject,True,False,False,6.600000000000073,0.0,5.0,0.0,1.6000000000000736,0,1.0,0,1,1,0.14361683471186498,Abl_A_NoBiasModel
Abl_B_NoOptionValue,50097,0.518,0.4796126752096187,reject,reject,True,False,False,6.600000000000073,0.0,5.0,0.0,1.6000000000000736,0,1.0,0,1,1,0.14141458336598997,Abl_B_NoOptionValue
Abl_C_NoStateChange,50097,0.518,0.48375729517979205,reject,reject,True,False,False,13.200000000000147,0.0,10.0,0.0,3.200000000000147,0,2.0,0,2,2,0.14140688273467508,Abl_C_NoStateChange
Abl_E_NoContagion,50097,0.518,0.4796126752096187,reject,reject,True,False,False,6.600000000000073,0.0,5.0,0.0,1.6000000000000736,0,1.0,0,1,1,0.14141458336598997,Abl_E_NoContagion
Abl_F_NoDispositionLoss,50097,0.518,0.4628652036856334,reject,reject,True,False,False,39.56999999999999,0.0,30.0,0.0,9.569999999999995,0,5.0,1,1,2,0.13320786205750404,Abl_F_NoDispositionLoss
Abl_G_NoRecedingHorizon,50097,0.518,0.4796126752096187,reject,reject,True,False,False,6.600000000000073,0.0,5.0,0.0,1.6000000000000736,0,1.0,0,1,1,0.14141458336598997,Abl_G_NoRecedingHorizon
Abl_H_NoAccessConstraints,50097,0.518,0.5581906768317288,reject,reject,True,False,False,33.00000000000023,0.0,25.0,0.0,8.00000000000023,0,5.0,0,5,5,0.08211215459269026,Abl_H_NoAccessConstraints
Abl_I_NoStoppingCert,50097,0.518,0.49040794982740527,reject,reject,True,False,False,6.600000000000073,0.0,5.0,0.0,1.6000000000000736,0,1.0,0,1,1,0.1428180328318044,Abl_I_NoStoppingCert
Full_B7,50098,0.518,0.4796126752096187,reject,reject,True,False,False,6.600000000000213,0.0,5.0,0.0,1.6000000000002124,0,1.0,0,1,1,0.14141458336598997,Full_B7
Abl_A_NoBiasModel,50098,0.518,0.4796126752096187,reject,reject,True,False,False,6.600000000000213,0.0,5.0,0.0,1.6000000000002124,0,1.0,0,1,1,0.14141458336598997,Abl_A_NoBiasModel
Abl_B_NoOptionValue,50098,0.518,0.4879244012893021,reject,reject,True,False,False,6.600000000000213,0.0,5.0,0.0,1.6000000000002124,0,1.0,0,1,1,0.14250933405743735,Abl_B_NoOptionValue
Abl_C_NoStateChange,50098,0.518,0.48121325989334734,reject,reject,True,False,False,13.200000000000008,0.0,10.0,0.0,3.200000000000008,0,2.0,0,2,2,0.14118846972852644,Abl_C_NoStateChange
Abl_E_NoContagion,50098,0.518,0.4796126752096187,reject,reject,True,False,False,6.600000000000213,0.0,5.0,0.0,1.6000000000002124,0,1.0,0,1,1,0.14141458336598997,Abl_E_NoContagion
Abl_F_NoDispositionLoss,50098,0.518,0.47856405275116976,reject,reject,True,False,False,47.743333333333496,0.0,35.0,0.0,12.743333333333496,0,6.0,1,2,3,0.13152352864716116,Abl_F_NoDispositionLoss
Abl_G_NoRecedingHorizon,50098,0.518,0.4796126752096187,reject,reject,True,False,False,6.600000000000213,0.0,5.0,0.0,1.6000000000002124,0,1.0,0,1,1,0.14141458336598997,Abl_G_NoRecedingHorizon
Abl_H_NoAccessConstraints,50098,0.52,0.4879965302880203,reject,reject,True,False,False,35.521057118142025,0.0,25.0,0.0,10.521057118142025,0,5.0,0,5,5,0.07934903693162085,Abl_H_NoAccessConstraints
Abl_I_NoStoppingCert,50098,0.518,0.48243272142242244,reject,reject,True,False,False,6.600000000000213,0.0,5.0,0.0,1.6000000000002124,0,1.0,0,1,1,0.14179673009344354,Abl_I_NoStoppingCert
Full_B7,50099,0.518,0.4796126752096187,reject,reject,True,False,False,6.600000000000073,0.0,5.0,0.0,1.6000000000000736,0,1.0,0,1,1,0.14141458336598997,Full_B7
Abl_A_NoBiasModel,50099,0.518,0.48172886885603977,reject,reject,True,False,False,6.600000000000073,0.0,5.0,0.0,1.6000000000000736,0,1.0,0,1,1,0.14170238689912434,Abl_A_NoBiasModel
Abl_B_NoOptionValue,50099,0.518,0.4796126752096187,reject,reject,True,False,False,6.600000000000073,0.0,5.0,0.0,1.6000000000000736,0,1.0,0,1,1,0.14141458336598997,Abl_B_NoOptionValue
Abl_C_NoStateChange,50099,0.518,0.4865790385195786,reject,reject,True,False,False,13.200000000000008,0.0,10.0,0.0,3.200000000000008,0,2.0,0,2,2,0.141642624134346,Abl_C_NoStateChange
Abl_E_NoContagion,50099,0.518,0.4980765284345893,reject,reject,True,False,False,6.600000000000073,0.0,5.0,0.0,1.6000000000000736,0,1.0,0,1,1,0.14371860443620005,Abl_E_NoContagion
Abl_F_NoDispositionLoss,50099,0.518,0.4931081941600305,reject,reject,True,False,False,47.743333333333496,0.0,35.0,0.0,12.743333333333496,0,6.0,1,2,3,0.13214176891247256,Abl_F_NoDispositionLoss
Abl_G_NoRecedingHorizon,50099,0.518,0.48664929175651916,reject,reject,True,False,False,6.600000000000073,0.0,5.0,0.0,1.6000000000000736,0,1.0,0,1,1,0.1423475704807201,Abl_G_NoRecedingHorizon
Abl_H_NoAccessConstraints,50099,0.518,0.5294936401333952,reject,reject,True,False,False,33.00000000000009,0.0,25.0,0.0,8.00000000000009,0,5.0,0,5,5,0.08775091825684854,Abl_H_NoAccessConstraints
Abl_I_NoStoppingCert,50099,0.518,0.4951910755663421,reject,reject,True,False,False,6.600000000000073,0.0,5.0,0.0,1.6000000000000736,0,1.0,0,1,1,0.14338901751544,Abl_I_NoStoppingCert
Full_B7,50100,0.518,0.4796126752096187,reject,reject,True,False,False,6.600000000000213,0.0,5.0,0.0,1.6000000000002124,0,1.0,0,1,1,0.14141458336598997,Full_B7
Abl_A_NoBiasModel,50100,0.518,0.4804439150340224,reject,reject,True,False,False,6.600000000000213,0.0,5.0,0.0,1.6000000000002124,0,1.0,0,1,1,0.1415283770877237,Abl_A_NoBiasModel
Abl_B_NoOptionValue,50100,0.518,0.4796126752096187,reject,reject,True,False,False,6.600000000000213,0.0,5.0,0.0,1.6000000000002124,0,1.0,0,1,1,0.14141458336598997,Abl_B_NoOptionValue
Abl_C_NoStateChange,50100,0.524,0.4852818784105842,reject,reject,True,False,False,23.201621711883412,0.0,10.0,0.0,13.201621711883412,0,2.0,0,2,2,0.1415351021429196,Abl_C_NoStateChange
Abl_E_NoContagion,50100,0.518,0.4873111083596792,reject,reject,True,False,False,6.600000000000213,0.0,5.0,0.0,1.6000000000002124,0,1.0,0,1,1,0.14243180793509905,Abl_E_NoContagion
Abl_F_NoDispositionLoss,50100,0.518,0.4951333236215788,reject,reject,True,False,False,47.743333333333354,0.0,35.0,0.0,12.743333333333357,0,6.0,1,2,3,0.1322145205431657,Abl_F_NoDispositionLoss
Abl_G_NoRecedingHorizon,50100,0.518,0.5051141495581731,reject,reject,True,False,False,6.600000000000213,0.0,5.0,0.0,1.6000000000002124,0,1.0,0,1,1,0.144476099214391,Abl_G_NoRecedingHorizon
Abl_H_NoAccessConstraints,50100,0.518,0.5130539820507265,reject,reject,True,False,False,32.99999999999995,0.0,25.0,0.0,7.999999999999951,0,5.0,0,5,5,0.0841723393815426,Abl_H_NoAccessConstraints
Abl_I_NoStoppingCert,50100,0.518,0.4896818210847017,reject,reject,True,False,False,6.600000000000213,0.0,5.0,0.0,1.6000000000002124,0,1.0,0,1,1,0.142728645423792,Abl_I_NoStoppingCert
Full_B7,50101,0.518,0.4817211135350631,reject,reject,True,False,False,6.599999999999935,0.0,5.0,0.0,1.5999999999999348,0,1.0,0,1,1,0.141701343556762,Full_B7
Abl_A_NoBiasModel,50101,0.518,0.48164625957901175,reject,reject,True,False,False,6.599999999999935,0.0,5.0,0.0,1.5999999999999348,0,1.0,0,1,1,0.14169126897304515,Abl_A_NoBiasModel
Abl_B_NoOptionValue,50101,0.518,0.4848520498620652,reject,reject,True,False,False,6.599999999999935,0.0,5.0,0.0,1.5999999999999348,0,1.0,0,1,1,0.1421157810007809,Abl_B_NoOptionValue
Abl_C_NoStateChange,50101,0.518,0.48398918552184134,reject,reject,True,False,False,13.19999999999987,0.0,10.0,0.0,3.1999999999998696,0,2.0,0,2,2,0.14142651385446878,Abl_C_NoStateChange
Abl_E_NoContagion,50101,0.518,0.4845113221460222,reject,reject,True,False,False,6.599999999999935,0.0,5.0,0.0,1.5999999999999348,0,1.0,0,1,1,0.14207133636574507,Abl_E_NoContagion
Abl_F_NoDispositionLoss,50101,0.518,0.49038072420025935,reject,reject,True,False,False,47.743333333333084,0.0,35.0,0.0,12.74333333333308,0,6.0,1,2,3,0.13203865404021922,Abl_F_NoDispositionLoss
Abl_G_NoRecedingHorizon,50101,0.518,0.48488879130047835,reject,reject,True,False,False,6.599999999999935,0.0,5.0,0.0,1.5999999999999348,0,1.0,0,1,1,0.1421205640099709,Abl_G_NoRecedingHorizon
Abl_H_NoAccessConstraints,50101,0.518,0.5169216260639353,reject,reject,True,False,False,32.999999999999815,0.0,25.0,0.0,7.999999999999813,0,5.0,0,5,5,0.08484926845302351,Abl_H_NoAccessConstraints
Abl_I_NoStoppingCert,50101,0.518,0.4796126752096187,reject,reject,True,False,False,6.599999999999935,0.0,5.0,0.0,1.5999999999999348,0,1.0,0,1,1,0.14141458336598997,Abl_I_NoStoppingCert
Full_B7,50102,0.518,0.4796126752096187,reject,reject,True,False,False,6.599999999999935,0.0,5.0,0.0,1.5999999999999348,0,1.0,0,1,1,0.14141458336598997,Full_B7
Abl_A_NoBiasModel,50102,0.518,0.4965006395727027,reject,reject,True,False,False,6.599999999999935,0.0,5.0,0.0,1.5999999999999348,0,1.0,0,1,1,0.14353998008640076,Abl_A_NoBiasModel
Abl_B_NoOptionValue,50102,0.518,0.49718587861340663,reject,reject,True,False,False,6.599999999999935,0.0,5.0,0.0,1.5999999999999348,0,1.0,0,1,1,0.1436180580652423,Abl_B_NoOptionValue
Abl_C_NoStateChange,50102,0.518,0.4805431335156893,reject,reject,True,False,False,13.19999999999987,0.0,10.0,0.0,3.1999999999998696,0,2.0,0,2,2,0.14113000738292436,Abl_C_NoStateChange
Abl_E_NoContagion,50102,0.518,0.48844441375896597,reject,reject,True,False,False,6.599999999999935,0.0,5.0,0.0,1.5999999999999348,0,1.0,0,1,1,0.14257466599429633,Abl_E_NoContagion
Abl_F_NoDispositionLoss,50102,0.518,0.4823408986811226,reject,reject,True,False,False,47.743333333333354,0.0,35.0,0.0,12.743333333333357,0,6.0,1,2,3,0.13170029704604752,Abl_F_NoDispositionLoss
Abl_G_NoRecedingHorizon,50102,0.518,0.4929070489697921,reject,reject,True,False,False,6.599999999999935,0.0,5.0,0.0,1.5999999999999348,0,1.0,0,1,1,0.14312021278017267,Abl_G_NoRecedingHorizon
Abl_H_NoAccessConstraints,50102,0.518,0.5242109181813502,reject,reject,True,False,False,32.999999999999815,0.0,25.0,0.0,7.999999999999813,0,5.0,0,5,5,0.08161579649539275,Abl_H_NoAccessConstraints
Abl_I_NoStoppingCert,50102,0.518,0.4857453822224615,reject,reject,True,False,False,6.599999999999935,0.0,5.0,0.0,1.5999999999999348,0,1.0,0,1,1,0.14223154854953182,Abl_I_NoStoppingCert
Full_B7,50103,0.518,0.48641870405901494,reject,reject,True,False,False,6.600000000000073,0.0,5.0,0.0,1.6000000000000736,0,1.0,0,1,1,0.142318079774875,Full_B7
Abl_A_NoBiasModel,50103,0.518,0.49267651371641785,reject,reject,True,False,False,6.600000000000073,0.0,5.0,0.0,1.6000000000000736,0,1.0,0,1,1,0.14309269101560754,Abl_A_NoBiasModel
Abl_B_NoOptionValue,50103,0.518,0.4796126752096187,reject,reject,True,False,False,6.600000000000073,0.0,5.0,0.0,1.6000000000000736,0,1.0,0,1,1,0.14141458336598997,Abl_B_NoOptionValue
Abl_C_NoStateChange,50103,0.518,0.4768663646128307,reject,reject,True,False,False,13.200000000000008,0.0,10.0,0.0,3.200000000000008,0,2.0,0,2,2,0.1408023127869857,Abl_C_NoStateChange
Abl_E_NoContagion,50103,0.518,0.4796126752096187,reject,reject,True,False,False,6.600000000000073,0.0,5.0,0.0,1.6000000000000736,0,1.0,0,1,1,0.14141458336598997,Abl_E_NoContagion
Abl_F_NoDispositionLoss,50103,0.518,0.48409001376172645,reject,reject,True,False,False,47.743333333333354,0.0,35.0,0.0,12.743333333333357,0,6.0,1,2,3,0.13177829389228138,Abl_F_NoDispositionLoss
Abl_G_NoRecedingHorizon,50103,0.518,0.48873353816110027,reject,reject,True,False,False,6.600000000000073,0.0,5.0,0.0,1.6000000000000736,0,1.0,0,1,1,0.1426108306025305,Abl_G_NoRecedingHorizon
Abl_H_NoAccessConstraints,50103,0.518,0.5128321031952386,reject,reject,True,False,False,32.999999999999815,0.0,25.0,0.0,7.999999999999813,0,5.0,0,5,5,0.08578150391707223,Abl_H_NoAccessConstraints
Abl_I_NoStoppingCert,50103,0.518,0.4796126752096187,reject,reject,True,False,False,6.600000000000073,0.0,5.0,0.0,1.6000000000000736,0,1.0,0,1,1,0.14141458336598997,Abl_I_NoStoppingCert
Full_B7,50104,0.518,0.4796126752096187,reject,reject,True,False,False,6.600000000000073,0.0,5.0,0.0,1.6000000000000736,0,1.0,0,1,1,0.14141458336598997,Full_B7
Abl_A_NoBiasModel,50104,0.518,0.4899378694541191,reject,reject,True,False,False,6.600000000000073,0.0,5.0,0.0,1.6000000000000736,0,1.0,0,1,1,0.14276024709527396,Abl_A_NoBiasModel
Abl_B_NoOptionValue,50104,0.518,0.4814054239480316,reject,reject,True,False,False,6.600000000000073,0.0,5.0,0.0,1.6000000000000736,0,1.0,0,1,1,0.14165880208550544,Abl_B_NoOptionValue
Abl_C_NoStateChange,50104,0.518,0.4768663646128307,reject,reject,True,False,False,13.200000000000147,0.0,10.0,0.0,3.200000000000147,0,2.0,0,2,2,0.1408023127869857,Abl_C_NoStateChange
Abl_E_NoContagion,50104,0.518,0.4796126752096187,reject,reject,True,False,False,6.600000000000073,0.0,5.0,0.0,1.6000000000000736,0,1.0,0,1,1,0.14141458336598997,Abl_E_NoContagion
Abl_F_NoDispositionLoss,50104,0.518,0.47991273092453496,reject,reject,True,False,False,47.743333333333354,0.0,35.0,0.0,12.743333333333357,0,6.0,1,2,3,0.13158796328934325,Abl_F_NoDispositionLoss
Abl_G_NoRecedingHorizon,50104,0.518,0.48431638801268206,reject,reject,True,False,False,6.600000000000073,0.0,5.0,0.0,1.6000000000000736,0,1.0,0,1,1,0.14204583710722818,Abl_G_NoRecedingHorizon
Abl_H_NoAccessConstraints,50104,0.518,0.5315521088984276,reject,reject,True,False,False,33.000000000000085,0.0,25.0,0.0,8.000000000000089,0,5.0,0,5,5,0.08071037743696777,Abl_H_NoAccessConstraints
Abl_I_NoStoppingCert,50104,0.518,0.4889488849732424,reject,reject,True,False,False,6.600000000000073,0.0,5.0,0.0,1.6000000000000736,0,1.0,0,1,1,0.14263769281128333,Abl_I_NoStoppingCert
Full_B7,50105,0.518,0.4848800487317518,reject,reject,True,False,False,6.599999999999935,0.0,5.0,0.0,1.5999999999999348,0,1.0,0,1,1,0.14211942606890188,Full_B7
Abl_A_NoBiasModel,50105,0.518,0.4796126752096187,reject,reject,True,False,False,6.599999999999935,0.0,5.0,0.0,1.5999999999999348,0,1.0,0,1,1,0.14141458336598997,Abl_A_NoBiasModel
Abl_B_NoOptionValue,50105,0.518,0.4796126752096187,reject,reject,True,False,False,6.599999999999935,0.0,5.0,0.0,1.5999999999999348,0,1.0,0,1,1,0.14141458336598997,Abl_B_NoOptionValue
Abl_C_NoStateChange,50105,0.518,0.4788511812983809,reject,reject,True,False,False,13.19999999999987,0.0,10.0,0.0,3.1999999999998696,0,2.0,0,2,2,0.14098066932592096,Abl_C_NoStateChange
Abl_E_NoContagion,50105,0.518,0.4796126752096187,reject,reject,True,False,False,6.599999999999935,0.0,5.0,0.0,1.5999999999999348,0,1.0,0,1,1,0.14141458336598997,Abl_E_NoContagion
Abl_F_NoDispositionLoss,50105,0.52,0.4930556722880278,reject,reject,True,False,False,50.820635687755356,0.0,35.0,0.0,15.820635687755352,0,6.0,1,2,3,0.13213983892325326,Abl_F_NoDispositionLoss
Abl_G_NoRecedingHorizon,50105,0.518,0.4796126752096187,reject,reject,True,False,False,6.599999999999935,0.0,5.0,0.0,1.5999999999999348,0,1.0,0,1,1,0.14141458336598997,Abl_G_NoRecedingHorizon
Abl_H_NoAccessConstraints,50105,0.518,0.497611764246453,reject,reject,True,False,False,39.599999999999746,0.0,30.0,0.0,9.599999999999747,0,6.0,0,6,6,0.08369982065096056,Abl_H_NoAccessConstraints
Abl_I_NoStoppingCert,50105,0.518,0.4796126752096187,reject,reject,True,False,False,6.599999999999935,0.0,5.0,0.0,1.5999999999999348,0,1.0,0,1,1,0.14141458336598997,Abl_I_NoStoppingCert
Full_B7,50106,0.518,0.48666268574761373,reject,reject,True,False,False,6.599999999999935,0.0,5.0,0.0,1.5999999999999348,0,1.0,0,1,1,0.14234928124680987,Full_B7
Abl_A_NoBiasModel,50106,0.518,0.4796126752096187,reject,reject,True,False,False,6.599999999999935,0.0,5.0,0.0,1.5999999999999348,0,1.0,0,1,1,0.14141458336598997,Abl_A_NoBiasModel
Abl_B_NoOptionValue,50106,0.518,0.4796126752096187,reject,reject,True,False,False,6.599999999999935,0.0,5.0,0.0,1.5999999999999348,0,1.0,0,1,1,0.14141458336598997,Abl_B_NoOptionValue
Abl_C_NoStateChange,50106,0.518,0.4984173868733823,reject,reject,True,False,False,13.19999999999987,0.0,10.0,0.0,3.1999999999998696,0,2.0,0,2,2,0.14255772626162774,Abl_C_NoStateChange
Abl_E_NoContagion,50106,0.518,0.489485318252043,reject,reject,True,False,False,6.599999999999935,0.0,5.0,0.0,1.5999999999999348,0,1.0,0,1,1,0.14270433243623118,Abl_E_NoContagion
Abl_F_NoDispositionLoss,50106,0.518,0.4722286569846138,reject,reject,True,False,False,47.743333333333084,0.0,35.0,0.0,12.74333333333308,0,6.0,1,2,3,0.13120126818296585,Abl_F_NoDispositionLoss
Abl_G_NoRecedingHorizon,50106,0.518,0.4895604295650422,reject,reject,True,False,False,6.599999999999935,0.0,5.0,0.0,1.5999999999999348,0,1.0,0,1,1,0.14271363204323717,Abl_G_NoRecedingHorizon
Abl_H_NoAccessConstraints,50106,0.518,0.5174350805585002,reject,reject,True,False,False,32.999999999999815,0.0,25.0,0.0,7.999999999999813,0,5.0,0,5,5,0.0847926099263972,Abl_H_NoAccessConstraints
Abl_I_NoStoppingCert,50106,0.518,0.4796126752096187,reject,reject,True,False,False,6.599999999999935,0.0,5.0,0.0,1.5999999999999348,0,1.0,0,1,1,0.14141458336598997,Abl_I_NoStoppingCert
Full_B7,50107,0.518,0.4796126752096187,reject,reject,True,False,False,6.599999999999935,0.0,5.0,0.0,1.5999999999999348,0,1.0,0,1,1,0.14141458336598997,Full_B7
Abl_A_NoBiasModel,50107,0.518,0.4796126752096187,reject,reject,True,False,False,6.599999999999935,0.0,5.0,0.0,1.5999999999999348,0,1.0,0,1,1,0.14141458336598997,Abl_A_NoBiasModel
Abl_B_NoOptionValue,50107,0.518,0.49496816854284625,reject,reject,True,False,False,6.599999999999935,0.0,5.0,0.0,1.5999999999999348,0,1.0,0,1,1,0.143363092574223,Abl_B_NoOptionValue
Abl_C_NoStateChange,50107,0.518,0.4768663646128307,reject,reject,True,False,False,13.200000000000008,0.0,10.0,0.0,3.200000000000008,0,2.0,0,2,2,0.1408023127869857,Abl_C_NoStateChange
Abl_E_NoContagion,50107,0.518,0.4796126752096187,reject,reject,True,False,False,6.599999999999935,0.0,5.0,0.0,1.5999999999999348,0,1.0,0,1,1,0.14141458336598997,Abl_E_NoContagion
Abl_F_NoDispositionLoss,50107,0.518,0.4830157688354877,reject,reject,True,False,False,47.74333333333322,0.0,35.0,0.0,12.743333333333219,0,6.0,1,2,3,0.13173068059929985,Abl_F_NoDispositionLoss
Abl_G_NoRecedingHorizon,50107,0.518,0.48760496610429094,reject,reject,True,False,False,6.599999999999935,0.0,5.0,0.0,1.5999999999999348,0,1.0,0,1,1,0.14246901855871472,Abl_G_NoRecedingHorizon
Abl_H_NoAccessConstraints,50107,0.522,0.5179337788564271,reject,reject,True,False,False,38.665131147308216,0.0,25.0,0.0,13.66513114730822,0,5.0,0,5,5,0.08172094858026448,Abl_H_NoAccessConstraints
Abl_I_NoStoppingCert,50107,0.518,0.4996579595667874,reject,reject,True,False,False,6.599999999999935,0.0,5.0,0.0,1.5999999999999348,0,1.0,0,1,1,0.14389453132020105,Abl_I_NoStoppingCert
Full_B7,50108,0.518,0.4835613394611654,reject,reject,True,False,False,6.599999999999935,0.0,5.0,0.0,1.5999999999999348,0,1.0,0,1,1,0.14194657441529565,Full_B7
Abl_A_NoBiasModel,50108,0.518,0.4864275538349954,reject,reject,True,False,False,6.599999999999935,0.0,5.0,0.0,1.5999999999999348,0,1.0,0,1,1,0.14231921295085936,Abl_A_NoBiasModel
Abl_B_NoOptionValue,50108,0.518,0.4796126752096187,reject,reject,True,False,False,6.599999999999935,0.0,5.0,0.0,1.5999999999999348,0,1.0,0,1,1,0.14141458336598997,Abl_B_NoOptionValue
Abl_C_NoStateChange,50108,0.518,0.47933523067504274,reject,reject,True,False,False,13.200000000000008,0.0,10.0,0.0,3.200000000000008,0,2.0,0,2,2,0.14102364685629018,Abl_C_NoStateChange
Abl_E_NoContagion,50108,0.518,0.4902589847816694,reject,reject,True,False,False,6.599999999999935,0.0,5.0,0.0,1.5999999999999348,0,1.0,0,1,1,0.14279975343733775,Abl_E_NoContagion
Abl_F_NoDispositionLoss,50108,0.522,0.5014626572883005,reject,reject,True,False,False,53.52609111070325,0.0,35.0,0.0,18.526091110703245,0,6.0,1,2,3,0.1324210247832758,Abl_F_NoDispositionLoss
Abl_G_NoRecedingHorizon,50108,0.518,0.4796126752096187,reject,reject,True,False,False,6.599999999999935,0.0,5.0,0.0,1.5999999999999348,0,1.0,0,1,1,0.14141458336598997,Abl_G_NoRecedingHorizon
Abl_H_NoAccessConstraints,50108,0.518,0.5222457696395222,reject,reject,True,False,False,32.999999999999815,0.0,25.0,0.0,7.999999999999813,0,5.0,0,5,5,0.09387272410482152,Abl_H_NoAccessConstraints
Abl_I_NoStoppingCert,50108,0.518,0.4796126752096187,reject,reject,True,False,False,6.599999999999935,0.0,5.0,0.0,1.5999999999999348,0,1.0,0,1,1,0.14141458336598997,Abl_I_NoStoppingCert
Full_B7,50109,0.522,0.48896765239489126,reject,reject,True,False,False,12.383451103236682,0.0,5.0,0.0,7.383451103236682,0,1.0,0,1,1,0.1426400308521567,Full_B7
Abl_A_NoBiasModel,50109,0.518,0.4796126752096187,reject,reject,True,False,False,6.600000000000073,0.0,5.0,0.0,1.6000000000000736,0,1.0,0,1,1,0.14141458336598997,Abl_A_NoBiasModel
Abl_B_NoOptionValue,50109,0.524,0.4796126752096187,reject,reject,True,False,False,16.87206806236782,0.0,5.0,0.0,11.87206806236782,0,1.0,0,1,1,0.14141458336598997,Abl_B_NoOptionValue
Abl_C_NoStateChange,50109,0.518,0.4788523999211168,reject,reject,True,False,False,13.200000000000008,0.0,10.0,0.0,3.200000000000008,0,2.0,0,2,2,0.14098077777976922,Abl_C_NoStateChange
Abl_E_NoContagion,50109,0.518,0.4796126752096187,reject,reject,True,False,False,6.600000000000073,0.0,5.0,0.0,1.6000000000000736,0,1.0,0,1,1,0.14141458336598997,Abl_E_NoContagion
Abl_F_NoDispositionLoss,50109,0.518,0.5069855517699157,reject,reject,True,False,False,47.743333333333496,0.0,35.0,0.0,12.743333333333496,0,6.0,1,2,3,0.13257546451204055,Abl_F_NoDispositionLoss
Abl_G_NoRecedingHorizon,50109,0.518,0.4855449470797293,reject,reject,True,False,False,6.600000000000073,0.0,5.0,0.0,1.6000000000000736,0,1.0,0,1,1,0.14220566955191621,Abl_G_NoRecedingHorizon
Abl_H_NoAccessConstraints,50109,0.518,0.5124781379584482,reject,reject,True,False,False,33.000000000000085,0.0,25.0,0.0,8.000000000000089,0,5.0,0,5,5,0.08271310617063829,Abl_H_NoAccessConstraints
Abl_I_NoStoppingCert,50109,0.518,0.48624590597850864,reject,reject,True,False,False,6.600000000000073,0.0,5.0,0.0,1.6000000000000736,0,1.0,0,1,1,0.14229593218647896,Abl_I_NoStoppingCert
Full_B7,50110,0.518,0.4796126752096187,reject,reject,True,False,False,6.600000000000213,0.0,5.0,0.0,1.6000000000002124,0,1.0,0,1,1,0.14141458336598997,Full_B7
Abl_A_NoBiasModel,50110,0.518,0.4796126752096187,reject,reject,True,False,False,6.600000000000213,0.0,5.0,0.0,1.6000000000002124,0,1.0,0,1,1,0.14141458336598997,Abl_A_NoBiasModel
Abl_B_NoOptionValue,50110,0.518,0.48839962829323574,reject,reject,True,False,False,6.600000000000213,0.0,5.0,0.0,1.6000000000002124,0,1.0,0,1,1,0.14256905388462784,Abl_B_NoOptionValue
Abl_C_NoStateChange,50110,0.518,0.4852557235224698,reject,reject,True,False,False,13.200000000000287,0.0,10.0,0.0,3.200000000000286,0,2.0,0,2,2,0.14153291931573145,Abl_C_NoStateChange
Abl_E_NoContagion,50110,0.522,0.5021430466656971,reject,reject,True,False,False,12.53067516984951,0.0,5.0,0.0,7.53067516984951,0,1.0,0,1,1,0.1441642840405898,Abl_E_NoContagion
Abl_F_NoDispositionLoss,50110,0.518,0.47832414104430543,reject,reject,True,False,False,47.743333333333496,0.0,35.0,0.0,12.743333333333496,0,6.0,1,2,3,0.13151191365532766,Abl_F_NoDispositionLoss
Abl_G_NoRecedingHorizon,50110,0.518,0.48907902844056317,reject,reject,True,False,False,6.600000000000213,0.0,5.0,0.0,1.6000000000002124,0,1.0,0,1,1,0.14265389617890137,Abl_G_NoRecedingHorizon
Abl_H_NoAccessConstraints,50110,0.522,0.5183828079749138,reject,reject,True,False,False,39.660222793747565,0.0,25.0,0.0,14.660222793747568,0,5.0,0,5,5,0.0878822821547114,Abl_H_NoAccessConstraints
Abl_I_NoStoppingCert,50110,0.518,0.4915786846225231,reject,reject,True,False,False,6.600000000000213,0.0,5.0,0.0,1.6000000000002124,0,1.0,0,1,1,0.14296064512343745,Abl_I_NoStoppingCert
Full_B7,50111,0.518,0.4888498369197528,reject,reject,True,False,False,6.599999999999935,0.0,5.0,0.0,1.5999999999999348,0,1.0,0,1,1,0.14262534547756758,Full_B7
Abl_A_NoBiasModel,50111,0.518,0.49059487339664337,reject,reject,True,False,False,6.599999999999935,0.0,5.0,0.0,1.5999999999999348,0,1.0,0,1,1,0.14284092747637794,Abl_A_NoBiasModel
Abl_B_NoOptionValue,50111,0.518,0.4796126752096187,reject,reject,True,False,False,6.599999999999935,0.0,5.0,0.0,1.5999999999999348,0,1.0,0,1,1,0.14141458336598997,Abl_B_NoOptionValue
Abl_C_NoStateChange,50111,0.518,0.48153227126354914,reject,reject,True,False,False,13.19999999999987,0.0,10.0,0.0,3.1999999999998696,0,2.0,0,2,2,0.1412161640972458,Abl_C_NoStateChange
Abl_E_NoContagion,50111,0.518,0.4796126752096187,reject,reject,True,False,False,6.599999999999935,0.0,5.0,0.0,1.5999999999999348,0,1.0,0,1,1,0.14141458336598997,Abl_E_NoContagion
Abl_F_NoDispositionLoss,50111,0.52,0.47055089162315955,reject,reject,True,False,False,50.790904893474845,0.0,35.0,0.0,15.790904893474845,0,6.0,1,2,3,0.1311104989479687,Abl_F_NoDispositionLoss
Abl_G_NoRecedingHorizon,50111,0.518,0.4796126752096187,reject,reject,True,False,False,6.599999999999935,0.0,5.0,0.0,1.5999999999999348,0,1.0,0,1,1,0.14141458336598997,Abl_G_NoRecedingHorizon
Abl_H_NoAccessConstraints,50111,0.518,0.5099780420804717,reject,reject,True,False,False,32.999999999999815,0.0,25.0,0.0,7.999999999999813,0,5.0,0,5,5,0.08326735737803743,Abl_H_NoAccessConstraints
Abl_I_NoStoppingCert,50111,0.518,0.48042767733371117,reject,reject,True,False,False,6.599999999999935,0.0,5.0,0.0,1.5999999999999348,0,1.0,0,1,1,0.14152616344289523,Abl_I_NoStoppingCert
Full_B7,50112,0.518,0.4949806229055033,reject,reject,True,False,False,6.599999999999935,0.0,5.0,0.0,1.5999999999999348,0,1.0,0,1,1,0.14336454282278321,Full_B7
Abl_A_NoBiasModel,50112,0.518,0.48421640170383295,reject,reject,True,False,False,6.599999999999935,0.0,5.0,0.0,1.5999999999999348,0,1.0,0,1,1,0.14203273759597254,Abl_A_NoBiasModel
Abl_B_NoOptionValue,50112,0.518,0.4903300201094091,reject,reject,True,False,False,6.599999999999935,0.0,5.0,0.0,1.5999999999999348,0,1.0,0,1,1,0.14280847388975595,Abl_B_NoOptionValue
Abl_C_NoStateChange,50112,0.518,0.4811941814481952,reject,reject,True,False,False,13.19999999999987,0.0,10.0,0.0,3.1999999999998696,0,2.0,0,2,2,0.14118681068166583,Abl_C_NoStateChange
Abl_E_NoContagion,50112,0.518,0.4855854080863205,reject,reject,True,False,False,6.599999999999935,0.0,5.0,0.0,1.5999999999999348,0,1.0,0,1,1,0.14221089808654042,Abl_E_NoContagion
Abl_F_NoDispositionLoss,50112,0.518,0.4992576422588656,reject,reject,True,False,False,47.743333333333354,0.0,35.0,0.0,12.743333333333357,0,6.0,1,2,3,0.13235266709721624,Abl_F_NoDispositionLoss
Abl_G_NoRecedingHorizon,50112,0.518,0.48245424059829495,reject,reject,True,False,False,6.599999999999935,0.0,5.0,0.0,1.5999999999999348,0,1.0,0,1,1,0.1417996036548024,Abl_G_NoRecedingHorizon
Abl_H_NoAccessConstraints,50112,0.518,0.4944958798212612,reject,reject,True,False,False,32.99999999999995,0.0,25.0,0.0,7.999999999999951,0,5.0,0,5,5,0.08306147484029654,Abl_H_NoAccessConstraints
Abl_I_NoStoppingCert,50112,0.518,0.5010120083580148,reject,reject,True,False,False,6.599999999999935,0.0,5.0,0.0,1.5999999999999348,0,1.0,0,1,1,0.14404252477540716,Abl_I_NoStoppingCert
Full_B7,50113,0.518,0.48598738257784724,reject,reject,True,False,False,6.599999999999935,0.0,5.0,0.0,1.5999999999999348,0,1.0,0,1,1,0.14226272062944526,Full_B7
Abl_A_NoBiasModel,50113,0.518,0.4796126752096187,reject,reject,True,False,False,6.599999999999935,0.0,5.0,0.0,1.5999999999999348,0,1.0,0,1,1,0.14141458336598997,Abl_A_NoBiasModel
Abl_B_NoOptionValue,50113,0.518,0.4796126752096187,reject,reject,True,False,False,6.599999999999935,0.0,5.0,0.0,1.5999999999999348,0,1.0,0,1,1,0.14141458336598997,Abl_B_NoOptionValue
Abl_C_NoStateChange,50113,0.518,0.4768663646128307,reject,reject,True,False,False,13.200000000000147,0.0,10.0,0.0,3.200000000000147,0,2.0,0,2,2,0.1408023127869857,Abl_C_NoStateChange
Abl_E_NoContagion,50113,0.518,0.4796126752096187,reject,reject,True,False,False,6.599999999999935,0.0,5.0,0.0,1.5999999999999348,0,1.0,0,1,1,0.14141458336598997,Abl_E_NoContagion
Abl_F_NoDispositionLoss,50113,0.52,0.4873588552825911,reject,reject,True,False,False,50.658215392243264,0.0,35.0,0.0,15.658215392243267,0,6.0,1,2,3,0.13191751519949033,Abl_F_NoDispositionLoss
Abl_G_NoRecedingHorizon,50113,0.518,0.4796126752096187,reject,reject,True,False,False,6.599999999999935,0.0,5.0,0.0,1.5999999999999348,0,1.0,0,1,1,0.14141458336598997,Abl_G_NoRecedingHorizon
Abl_H_NoAccessConstraints,50113,0.518,0.4756794503132499,reject,reject,True,False,False,52.80000000000004,0.0,40.0,0.0,12.800000000000036,0,8.0,0,8,8,0.07266062859275604,Abl_H_NoAccessConstraints
Abl_I_NoStoppingCert,50113,0.518,0.5005072574077978,reject,reject,True,False,False,6.599999999999935,0.0,5.0,0.0,1.5999999999999348,0,1.0,0,1,1,0.1439876410201946,Abl_I_NoStoppingCert
Full_B7,50114,0.518,0.4796126752096187,reject,reject,True,False,False,6.599999999999935,0.0,5.0,0.0,1.5999999999999348,0,1.0,0,1,1,0.14141458336598997,Full_B7
Abl_A_NoBiasModel,50114,0.518,0.48730093064912927,reject,reject,True,False,False,6.599999999999935,0.0,5.0,0.0,1.5999999999999348,0,1.0,0,1,1,0.14243051703493004,Abl_A_NoBiasModel
Abl_B_NoOptionValue,50114,0.518,0.49138639087895963,reject,reject,True,False,False,6.599999999999935,0.0,5.0,0.0,1.5999999999999348,0,1.0,0,1,1,0.14293734845525888,Abl_B_NoOptionValue
Abl_C_NoStateChange,50114,0.518,0.4768663646128307,reject,reject,True,False,False,13.19999999999987,0.0,10.0,0.0,3.1999999999998696,0,2.0,0,2,2,0.1408023127869857,Abl_C_NoStateChange
Abl_E_NoContagion,50114,0.518,0.4885456424860002,reject,reject,True,False,False,6.599999999999935,0.0,5.0,0.0,1.5999999999999348,0,1.0,0,1,1,0.14258734097997483,Abl_E_NoContagion
Abl_F_NoDispositionLoss,50114,0.518,0.49036051497778266,reject,reject,True,False,False,47.74333333333322,0.0,35.0,0.0,12.743333333333217,0,6.0,1,2,3,0.13203786799510409,Abl_F_NoDispositionLoss
Abl_G_NoRecedingHorizon,50114,0.518,0.4796126752096187,reject,reject,True,False,False,6.599999999999935,0.0,5.0,0.0,1.5999999999999348,0,1.0,0,1,1,0.14141458336598997,Abl_G_NoRecedingHorizon
Abl_H_NoAccessConstraints,50114,0.518,0.4943227257377541,reject,reject,True,False,False,32.99999999999995,0.0,25.0,0.0,7.999999999999951,0,5.0,0,5,5,0.08516291271640619,Abl_H_NoAccessConstraints
Abl_I_NoStoppingCert,50114,0.518,0.5021588319965458,reject,reject,True,False,False,6.599999999999935,0.0,5.0,0.0,1.5999999999999348,0,1.0,0,1,1,0.14416597141719686,Abl_I_NoStoppingCert
Full_B7,50115,0.518,0.4796126752096187,reject,reject,True,False,False,6.600000000000351,0.0,5.0,0.0,1.6000000000003511,0,1.0,0,1,1,0.14141458336598997,Full_B7
Abl_A_NoBiasModel,50115,0.518,0.4796126752096187,reject,reject,True,False,False,6.600000000000351,0.0,5.0,0.0,1.6000000000003511,0,1.0,0,1,1,0.14141458336598997,Abl_A_NoBiasModel
Abl_B_NoOptionValue,50115,0.518,0.4796126752096187,reject,reject,True,False,False,6.600000000000351,0.0,5.0,0.0,1.6000000000003511,0,1.0,0,1,1,0.14141458336598997,Abl_B_NoOptionValue
Abl_C_NoStateChange,50115,0.518,0.4768663646128307,reject,reject,True,False,False,13.200000000000287,0.0,10.0,0.0,3.200000000000286,0,2.0,0,2,2,0.1408023127869857,Abl_C_NoStateChange
Abl_E_NoContagion,50115,0.518,0.48240097501922446,reject,reject,True,False,False,6.600000000000351,0.0,5.0,0.0,1.6000000000003511,0,1.0,0,1,1,0.14179248966741315,Abl_E_NoContagion
Abl_F_NoDispositionLoss,50115,0.518,0.48056156082317497,reject,reject,True,False,False,47.743333333333496,0.0,35.0,0.0,12.743333333333496,0,6.0,1,2,3,0.131618442227728,Abl_F_NoDispositionLoss
Abl_G_NoRecedingHorizon,50115,0.518,0.4796126752096187,reject,reject,True,False,False,6.600000000000351,0.0,5.0,0.0,1.6000000000003511,0,1.0,0,1,1,0.14141458336598997,Abl_G_NoRecedingHorizon
Abl_H_NoAccessConstraints,50115,0.518,0.4229317695223306,reject,reject,True,False,False,358.3843522386013,0.0,180.0,100.0,78.3843522386013,5,28.0,6,2,9,0.11818640380032644,Abl_H_NoAccessConstraints
Abl_I_NoStoppingCert,50115,0.518,0.4814774845125516,reject,reject,True,False,False,6.600000000000351,0.0,5.0,0.0,1.6000000000003511,0,1.0,0,1,1,0.14166852497774488,Abl_I_NoStoppingCert
Full_B7,50116,0.518,0.4796126752096187,reject,reject,True,False,False,6.599999999999935,0.0,5.0,0.0,1.5999999999999348,0,1.0,0,1,1,0.14141458336598997,Full_B7
Abl_A_NoBiasModel,50116,0.518,0.4841492771284049,reject,reject,True,False,False,6.599999999999935,0.0,5.0,0.0,1.5999999999999348,0,1.0,0,1,1,0.14202393566036312,Abl_A_NoBiasModel
Abl_B_NoOptionValue,50116,0.518,0.48574239754989457,reject,reject,True,False,False,6.599999999999935,0.0,5.0,0.0,1.5999999999999348,0,1.0,0,1,1,0.14223116359133842,Abl_B_NoOptionValue
Abl_C_NoStateChange,50116,0.518,0.4768663646128307,reject,reject,True,False,False,13.200000000000008,0.0,10.0,0.0,3.200000000000008,0,2.0,0,2,2,0.1408023127869857,Abl_C_NoStateChange
Abl_E_NoContagion,50116,0.518,0.4906502281629105,reject,reject,True,False,False,6.599999999999935,0.0,5.0,0.0,1.5999999999999348,0,1.0,0,1,1,0.14284769830162483,Abl_E_NoContagion
Abl_F_NoDispositionLoss,50116,0.518,0.480737996009389,reject,reject,True,False,False,47.74333333333322,0.0,35.0,0.0,12.743333333333219,0,6.0,1,2,3,0.13162667197691522,Abl_F_NoDispositionLoss
Abl_G_NoRecedingHorizon,50116,0.518,0.49211847328190317,reject,reject,True,False,False,6.599999999999935,0.0,5.0,0.0,1.5999999999999348,0,1.0,0,1,1,0.1430257739741868,Abl_G_NoRecedingHorizon
Abl_H_NoAccessConstraints,50116,0.518,0.5312666288071677,reject,reject,True,False,False,32.999999999999815,0.0,25.0,0.0,7.999999999999813,0,5.0,0,5,5,0.08179576792505108,Abl_H_NoAccessConstraints
Abl_I_NoStoppingCert,50116,0.518,0.4796126752096187,reject,reject,True,False,False,6.599999999999935,0.0,5.0,0.0,1.5999999999999348,0,1.0,0,1,1,0.14141458336598997,Abl_I_NoStoppingCert
Full_B7,50117,0.518,0.48593522469398814,reject,reject,True,False,False,6.600000000000213,0.0,5.0,0.0,1.6000000000002124,0,1.0,0,1,1,0.14225600897086674,Full_B7
Abl_A_NoBiasModel,50117,0.518,0.4839953494078907,reject,reject,True,False,False,6.600000000000213,0.0,5.0,0.0,1.6000000000002124,0,1.0,0,1,1,0.14200372788447052,Abl_A_NoBiasModel
Abl_B_NoOptionValue,50117,0.518,0.4796126752096187,reject,reject,True,False,False,6.600000000000213,0.0,5.0,0.0,1.6000000000002124,0,1.0,0,1,1,0.14141458336598997,Abl_B_NoOptionValue
Abl_C_NoStateChange,50117,0.518,0.48352315427274445,reject,reject,True,False,False,13.200000000000147,0.0,10.0,0.0,3.200000000000147,0,2.0,0,2,2,0.14138701413908628,Abl_C_NoStateChange
Abl_E_NoContagion,50117,0.518,0.4796126752096187,reject,reject,True,False,False,6.600000000000213,0.0,5.0,0.0,1.6000000000002124,0,1.0,0,1,1,0.14141458336598997,Abl_E_NoContagion
Abl_F_NoDispositionLoss,50117,0.518,0.47629983000958376,reject,reject,True,False,False,47.743333333333354,0.0,35.0,0.0,12.743333333333357,0,6.0,1,2,3,0.13141206774036315,Abl_F_NoDispositionLoss
Abl_G_NoRecedingHorizon,50117,0.518,0.4796126752096187,reject,reject,True,False,False,6.600000000000213,0.0,5.0,0.0,1.6000000000002124,0,1.0,0,1,1,0.14141458336598997,Abl_G_NoRecedingHorizon
Abl_H_NoAccessConstraints,50117,0.518,0.515862232605133,reject,reject,True,False,False,32.99999999999995,0.0,25.0,0.0,7.999999999999952,0,5.0,0,5,5,0.08624113905524339,Abl_H_NoAccessConstraints
Abl_I_NoStoppingCert,50117,0.518,0.4796126752096187,reject,reject,True,False,False,6.600000000000213,0.0,5.0,0.0,1.6000000000002124,0,1.0,0,1,1,0.14141458336598997,Abl_I_NoStoppingCert
Full_B7,50118,0.518,0.4796126752096187,reject,reject,True,False,False,6.600000000000073,0.0,5.0,0.0,1.6000000000000736,0,1.0,0,1,1,0.14141458336598997,Full_B7
Abl_A_NoBiasModel,50118,0.518,0.4796126752096187,reject,reject,True,False,False,6.600000000000073,0.0,5.0,0.0,1.6000000000000736,0,1.0,0,1,1,0.14141458336598997,Abl_A_NoBiasModel
Abl_B_NoOptionValue,50118,0.518,0.4796149382310517,reject,reject,True,False,False,6.600000000000073,0.0,5.0,0.0,1.6000000000000736,0,1.0,0,1,1,0.14141489447595523,Abl_B_NoOptionValue
Abl_C_NoStateChange,50118,0.518,0.482862697792761,reject,reject,True,False,False,13.200000000000287,0.0,10.0,0.0,3.200000000000286,0,2.0,0,2,2,0.14133071510485237,Abl_C_NoStateChange
Abl_E_NoContagion,50118,0.518,0.4796126752096187,reject,reject,True,False,False,6.600000000000073,0.0,5.0,0.0,1.6000000000000736,0,1.0,0,1,1,0.14141458336598997,Abl_E_NoContagion
Abl_F_NoDispositionLoss,50118,0.518,0.4835066715063781,reject,reject,True,False,False,47.743333333333496,0.0,35.0,0.0,12.743333333333496,0,6.0,1,2,3,0.13175255302224192,Abl_F_NoDispositionLoss
Abl_G_NoRecedingHorizon,50118,0.518,0.4800571940539079,reject,reject,True,False,False,6.600000000000073,0.0,5.0,0.0,1.6000000000000736,0,1.0,0,1,1,0.1414755564233948,Abl_G_NoRecedingHorizon
Abl_H_NoAccessConstraints,50118,0.518,0.5339952443863174,reject,reject,True,False,False,33.00000000000023,0.0,25.0,0.0,8.00000000000023,0,5.0,0,5,5,0.0870833898861896,Abl_H_NoAccessConstraints
Abl_I_NoStoppingCert,50118,0.518,0.48882067512800387,reject,reject,True,False,False,6.600000000000073,0.0,5.0,0.0,1.6000000000000736,0,1.0,0,1,1,0.14262170761980544,Abl_I_NoStoppingCert
Full_B7,50119,0.518,0.4796126752096187,reject,reject,True,False,False,6.599999999999935,0.0,5.0,0.0,1.5999999999999348,0,1.0,0,1,1,0.14141458336598997,Full_B7
Abl_A_NoBiasModel,50119,0.518,0.4796126752096187,reject,reject,True,False,False,6.599999999999935,0.0,5.0,0.0,1.5999999999999348,0,1.0,0,1,1,0.14141458336598997,Abl_A_NoBiasModel
Abl_B_NoOptionValue,50119,0.518,0.4906720310269934,reject,reject,True,False,False,6.599999999999935,0.0,5.0,0.0,1.5999999999999348,0,1.0,0,1,1,0.14285036401996842,Abl_B_NoOptionValue
Abl_C_NoStateChange,50119,0.518,0.47861037130403694,reject,reject,True,False,False,13.19999999999987,0.0,10.0,0.0,3.1999999999998696,0,2.0,0,2,2,0.14095921263352346,Abl_C_NoStateChange
Abl_E_NoContagion,50119,0.518,0.49185710876481326,reject,reject,True,False,False,6.599999999999935,0.0,5.0,0.0,1.5999999999999348,0,1.0,0,1,1,0.14299428793348248,Abl_E_NoContagion
Abl_F_NoDispositionLoss,50119,0.518,0.47924081347683717,reject,reject,True,False,False,47.743333333333354,0.0,35.0,0.0,12.743333333333357,0,6.0,1,2,3,0.13155604407599567,Abl_F_NoDispositionLoss
Abl_G_NoRecedingHorizon,50119,0.518,0.4955264739810625,reject,reject,True,False,False,6.599999999999935,0.0,5.0,0.0,1.5999999999999348,0,1.0,0,1,1,0.14342790006426723,Abl_G_NoRecedingHorizon
Abl_H_NoAccessConstraints,50119,0.518,0.4783226896434643,reject,reject,True,False,False,46.19999999999982,0.0,35.0,0.0,11.199999999999822,0,7.0,0,7,7,0.07472002830091687,Abl_H_NoAccessConstraints
Abl_I_NoStoppingCert,50119,0.518,0.4796126752096187,reject,reject,True,False,False,6.599999999999935,0.0,5.0,0.0,1.5999999999999348,0,1.0,0,1,1,0.14141458336598997,Abl_I_NoStoppingCert
Full_B7,50120,0.518,0.4796126752096187,reject,reject,True,False,False,6.599999999999935,0.0,5.0,0.0,1.5999999999999348,0,1.0,0,1,1,0.14141458336598997,Full_B7
Abl_A_NoBiasModel,50120,0.518,0.4930294195673139,reject,reject,True,False,False,6.599999999999935,0.0,5.0,0.0,1.5999999999999348,0,1.0,0,1,1,0.14313479250081057,Abl_A_NoBiasModel
Abl_B_NoOptionValue,50120,0.518,0.4796126752096187,reject,reject,True,False,False,6.599999999999935,0.0,5.0,0.0,1.5999999999999348,0,1.0,0,1,1,0.14141458336598997,Abl_B_NoOptionValue
Abl_C_NoStateChange,50120,0.518,0.47835594590586117,reject,reject,True,False,False,13.19999999999987,0.0,10.0,0.0,3.1999999999998696,0,2.0,0,2,2,0.1409364880461627,Abl_C_NoStateChange
Abl_E_NoContagion,50120,0.518,0.48499978241290875,reject,reject,True,False,False,6.599999999999935,0.0,5.0,0.0,1.5999999999999348,0,1.0,0,1,1,0.1421350015663008,Abl_E_NoContagion
Abl_F_NoDispositionLoss,50120,0.518,0.4919269845901032,reject,reject,True,False,False,47.71271495038237,0.0,35.0,0.0,12.71271495038237,0,6.0,1,2,3,0.13209783581179171,Abl_F_NoDispositionLoss
Abl_G_NoRecedingHorizon,50120,0.518,0.4828643337221168,reject,reject,True,False,False,6.599999999999935,0.0,5.0,0.0,1.5999999999999348,0,1.0,0,1,1,0.14185424270699892,Abl_G_NoRecedingHorizon
Abl_H_NoAccessConstraints,50120,0.518,0.47449952795059797,reject,reject,True,False,False,46.15338161704893,0.0,35.0,0.0,11.153381617048929,0,7.0,0,7,7,0.07391949714547495,Abl_H_NoAccessConstraints
Abl_I_NoStoppingCert,50120,0.518,0.4836813273242456,reject,reject,True,False,False,6.599999999999935,0.0,5.0,0.0,1.5999999999999348,0,1.0,0,1,1,0.14196240129179216,Abl_I_NoStoppingCert
Full_B7,50121,0.518,0.48258915811543135,reject,reject,True,False,False,6.599999999999796,0.0,5.0,0.0,1.599999999999796,0,1.0,0,1,1,0.14181760521952064,Full_B7
Abl_A_NoBiasModel,50121,0.518,0.4880683070292373,reject,reject,True,False,False,6.599999999999796,0.0,5.0,0.0,1.599999999999796,0,1.0,0,1,1,0.14252745065547495,Abl_A_NoBiasModel
Abl_B_NoOptionValue,50121,0.518,0.4796126752096187,reject,reject,True,False,False,6.599999999999796,0.0,5.0,0.0,1.599999999999796,0,1.0,0,1,1,0.14141458336598997,Abl_B_NoOptionValue
Abl_C_NoStateChange,50121,0.518,0.4895828437920855,reject,reject,True,False,False,13.200000000000008,0.0,10.0,0.0,3.200000000000008,0,2.0,0,2,2,0.1418860848018638,Abl_C_NoStateChange
Abl_E_NoContagion,50121,0.518,0.4796126752096187,reject,reject,True,False,False,6.599999999999796,0.0,5.0,0.0,1.599999999999796,0,1.0,0,1,1,0.14141458336598997,Abl_E_NoContagion
Abl_F_NoDispositionLoss,50121,0.518,0.48569662257185636,reject,reject,True,False,False,47.743333333333354,0.0,35.0,0.0,12.743333333333357,0,6.0,1,2,3,0.13184778418907986,Abl_F_NoDispositionLoss
Abl_G_NoRecedingHorizon,50121,0.518,0.484376496962937,reject,reject,True,False,False,6.599999999999796,0.0,5.0,0.0,1.599999999999796,0,1.0,0,1,1,0.14205370552521449,Abl_G_NoRecedingHorizon
Abl_H_NoAccessConstraints,50121,0.518,0.46594461173212365,reject,reject,True,False,False,52.7999999999999,0.0,40.0,0.0,12.799999999999894,0,8.0,0,8,8,0.07257180064534985,Abl_H_NoAccessConstraints
Abl_I_NoStoppingCert,50121,0.518,0.4959063336511096,reject,reject,True,False,False,6.599999999999796,0.0,5.0,0.0,1.599999999999796,0,1.0,0,1,1,0.14347175491988615,Abl_I_NoStoppingCert
Full_B7,50122,0.518,0.49274605807606076,reject,reject,True,False,False,6.599999999999935,0.0,5.0,0.0,1.5999999999999348,0,1.0,0,1,1,0.1431010009153805,Full_B7
Abl_A_NoBiasModel,50122,0.518,0.49936944932899674,reject,reject,True,False,False,6.599999999999935,0.0,5.0,0.0,1.5999999999999348,0,1.0,0,1,1,0.14386268379192227,Abl_A_NoBiasModel
Abl_B_NoOptionValue,50122,0.518,0.4909740036096717,reject,reject,True,False,False,6.599999999999935,0.0,5.0,0.0,1.5999999999999348,0,1.0,0,1,1,0.1428872182757282,Abl_B_NoOptionValue
Abl_C_NoStateChange,50122,0.518,0.49682265631404415,reject,reject,True,False,False,13.19999999999987,0.0,10.0,0.0,3.1999999999998696,0,2.0,0,2,2,0.14244136253436332,Abl_C_NoStateChange
Abl_E_NoContagion,50122,0.518,0.4796126752096187,reject,reject,True,False,False,6.599999999999935,0.0,5.0,0.0,1.5999999999999348,0,1.0,0,1,1,0.14141458336598997,Abl_E_NoContagion
Abl_F_NoDispositionLoss,50122,0.518,0.48295659570298255,reject,reject,True,False,False,47.743333333333354,0.0,35.0,0.0,12.743333333333357,0,6.0,1,2,3,0.1317280311063853,Abl_F_NoDispositionLoss
Abl_G_NoRecedingHorizon,50122,0.518,0.4834608561939008,reject,reject,True,False,False,6.599999999999935,0.0,5.0,0.0,1.5999999999999348,0,1.0,0,1,1,0.14193330495778858,Abl_G_NoRecedingHorizon
Abl_H_NoAccessConstraints,50122,0.518,0.4955161289318083,reject,reject,True,False,False,32.99999999999995,0.0,25.0,0.0,7.999999999999951,0,5.0,0,5,5,0.08043605433803928,Abl_H_NoAccessConstraints
Abl_I_NoStoppingCert,50122,0.518,0.4796126752096187,reject,reject,True,False,False,6.599999999999935,0.0,5.0,0.0,1.5999999999999348,0,1.0,0,1,1,0.14141458336598997,Abl_I_NoStoppingCert
Full_B7,50123,0.518,0.49664271443227703,reject,reject,True,False,False,6.599999999999935,0.0,5.0,0.0,1.5999999999999348,0,1.0,0,1,1,0.14355622003548446,Full_B7
Abl_A_NoBiasModel,50123,0.518,0.48741042177401733,reject,reject,True,False,False,6.599999999999935,0.0,5.0,0.0,1.5999999999999348,0,1.0,0,1,1,0.1424443970119224,Abl_A_NoBiasModel
Abl_B_NoOptionValue,50123,0.518,0.49132929240418227,reject,reject,True,False,False,6.599999999999935,0.0,5.0,0.0,1.5999999999999348,0,1.0,0,1,1,0.14293042125174113,Abl_B_NoOptionValue
Abl_C_NoStateChange,50123,0.518,0.4807897993581888,reject,reject,True,False,False,13.19999999999987,0.0,10.0,0.0,3.1999999999998696,0,2.0,0,2,2,0.14115157188515187,Abl_C_NoStateChange
Abl_E_NoContagion,50123,0.52,0.48259155817643934,reject,reject,True,False,False,9.845750035971097,0.0,5.0,0.0,4.845750035971097,0,1.0,0,1,1,0.14181792522264294,Abl_E_NoContagion
Abl_F_NoDispositionLoss,50123,0.518,0.49806117817288886,reject,reject,True,False,False,47.743333333333084,0.0,35.0,0.0,12.74333333333308,0,6.0,1,2,3,0.13231397263681052,Abl_F_NoDispositionLoss
Abl_G_NoRecedingHorizon,50123,0.518,0.48924461005096836,reject,reject,True,False,False,6.599999999999935,0.0,5.0,0.0,1.5999999999999348,0,1.0,0,1,1,0.1426744783839883,Abl_G_NoRecedingHorizon
Abl_H_NoAccessConstraints,50123,0.518,0.5060446123739375,reject,reject,True,False,False,33.00000000000009,0.0,25.0,0.0,8.00000000000009,0,5.0,0,5,5,0.08780650350562355,Abl_H_NoAccessConstraints
Abl_I_NoStoppingCert,50123,0.518,0.4804131337336652,reject,reject,True,False,False,6.599999999999935,0.0,5.0,0.0,1.5999999999999348,0,1.0,0,1,1,0.14152418043824794,Abl_I_NoStoppingCert
Full_B7,50124,0.518,0.4856242407462966,reject,reject,True,False,False,6.599999999999935,0.0,5.0,0.0,1.5999999999999348,0,1.0,0,1,1,0.14221591408281103,Full_B7
Abl_A_NoBiasModel,50124,0.518,0.480879794490079,reject,reject,True,False,False,6.599999999999935,0.0,5.0,0.0,1.5999999999999348,0,1.0,0,1,1,0.14158766204578255,Abl_A_NoBiasModel
Abl_B_NoOptionValue,50124,0.518,0.48013287375192515,reject,reject,True,False,False,6.599999999999935,0.0,5.0,0.0,1.5999999999999348,0,1.0,0,1,1,0.1414859096380301,Abl_B_NoOptionValue
Abl_C_NoStateChange,50124,0.518,0.4768663646128307,reject,reject,True,False,False,13.200000000000008,0.0,10.0,0.0,3.200000000000008,0,2.0,0,2,2,0.1408023127869857,Abl_C_NoStateChange
Abl_E_NoContagion,50124,0.518,0.4796126752096187,reject,reject,True,False,False,6.599999999999935,0.0,5.0,0.0,1.5999999999999348,0,1.0,0,1,1,0.14141458336598997,Abl_E_NoContagion
Abl_F_NoDispositionLoss,50124,0.518,0.4877654999383919,reject,reject,True,False,False,47.743333333333354,0.0,35.0,0.0,12.743333333333357,0,6.0,1,2,3,0.1319342391810444,Abl_F_NoDispositionLoss
Abl_G_NoRecedingHorizon,50124,0.518,0.48094257211995267,reject,reject,True,False,False,6.599999999999935,0.0,5.0,0.0,1.5999999999999348,0,1.0,0,1,1,0.14159617876031275,Abl_G_NoRecedingHorizon
Abl_H_NoAccessConstraints,50124,0.518,0.4727909699076388,reject,reject,True,False,False,46.19999999999996,0.0,35.0,0.0,11.19999999999996,0,7.0,0,7,7,0.0756142948660419,Abl_H_NoAccessConstraints
Abl_I_NoStoppingCert,50124,0.518,0.480877494275562,reject,reject,True,False,False,6.599999999999935,0.0,5.0,0.0,1.5999999999999348,0,1.0,0,1,1,0.14158734988337537,Abl_I_NoStoppingCert
Full_B7,50125,0.518,0.48176897388830797,reject,reject,True,False,False,6.599999999999935,0.0,5.0,0.0,1.5999999999999348,0,1.0,0,1,1,0.14170778099377027,Full_B7
Abl_A_NoBiasModel,50125,0.518,0.4833707768299873,reject,reject,True,False,False,6.599999999999935,0.0,5.0,0.0,1.5999999999999348,0,1.0,0,1,1,0.14192139753210153,Abl_A_NoBiasModel
Abl_B_NoOptionValue,50125,0.518,0.4952105636707197,reject,reject,True,False,False,6.599999999999935,0.0,5.0,0.0,1.5999999999999348,0,1.0,0,1,1,0.14339128088808756,Abl_B_NoOptionValue
Abl_C_NoStateChange,50125,0.518,0.48543077860582307,reject,reject,True,False,False,13.19999999999987,0.0,10.0,0.0,3.1999999999998696,0,2.0,0,2,2,0.14154751782885747,Abl_C_NoStateChange
Abl_E_NoContagion,50125,0.518,0.4877618084141301,reject,reject,True,False,False,6.599999999999935,0.0,5.0,0.0,1.5999999999999348,0,1.0,0,1,1,0.14248883085123226,Abl_E_NoContagion
Abl_F_NoDispositionLoss,50125,0.518,0.4833165669856518,reject,reject,True,False,False,47.74333333333322,0.0,35.0,0.0,12.743333333333219,0,6.0,1,2,3,0.13174410565815015,Abl_F_NoDispositionLoss
Abl_G_NoRecedingHorizon,50125,0.518,0.4796126752096187,reject,reject,True,False,False,6.599999999999935,0.0,5.0,0.0,1.5999999999999348,0,1.0,0,1,1,0.14141458336598997,Abl_G_NoRecedingHorizon
Abl_H_NoAccessConstraints,50125,0.518,0.5265326102728836,reject,reject,True,False,False,32.99999999999995,0.0,25.0,0.0,7.999999999999952,0,5.0,0,5,5,0.0861924454896522,Abl_H_NoAccessConstraints
Abl_I_NoStoppingCert,50125,0.518,0.4796126752096187,reject,reject,True,False,False,6.599999999999935,0.0,5.0,0.0,1.5999999999999348,0,1.0,0,1,1,0.14141458336598997,Abl_I_NoStoppingCert
Full_B7,50126,0.518,0.48125871814172827,reject,reject,True,False,False,6.600000000000073,0.0,5.0,0.0,1.6000000000000736,0,1.0,0,1,1,0.1416389852348965,Full_B7
Abl_A_NoBiasModel,50126,0.518,0.48898606518627447,reject,reject,True,False,False,6.600000000000073,0.0,5.0,0.0,1.6000000000000736,0,1.0,0,1,1,0.14264232424688,Abl_A_NoBiasModel
Abl_B_NoOptionValue,50126,0.518,0.49900814840885505,reject,reject,True,False,False,6.600000000000073,0.0,5.0,0.0,1.6000000000000736,0,1.0,0,1,1,0.1438226452682182,Abl_B_NoOptionValue
Abl_C_NoStateChange,50126,0.518,0.4768663646128307,reject,reject,True,False,False,13.200000000000287,0.0,10.0,0.0,3.200000000000286,0,2.0,0,2,2,0.1408023127869857,Abl_C_NoStateChange
Abl_E_NoContagion,50126,0.518,0.4796126752096187,reject,reject,True,False,False,6.600000000000073,0.0,5.0,0.0,1.6000000000000736,0,1.0,0,1,1,0.14141458336598997,Abl_E_NoContagion
Abl_F_NoDispositionLoss,50126,0.518,0.47794597680794865,reject,reject,True,False,False,47.743333333333496,0.0,35.0,0.0,12.743333333333496,0,6.0,1,2,3,0.13149351149935634,Abl_F_NoDispositionLoss
Abl_G_NoRecedingHorizon,50126,0.518,0.4796126752096187,reject,reject,True,False,False,6.600000000000073,0.0,5.0,0.0,1.6000000000000736,0,1.0,0,1,1,0.14141458336598997,Abl_G_NoRecedingHorizon
Abl_H_NoAccessConstraints,50126,0.518,0.5071495282756946,reject,reject,True,False,False,33.00000000000023,0.0,25.0,0.0,8.00000000000023,0,5.0,0,5,5,0.08052484920937181,Abl_H_NoAccessConstraints
Abl_I_NoStoppingCert,50126,0.518,0.49036372342091294,reject,reject,True,False,False,6.600000000000073,0.0,5.0,0.0,1.6000000000000736,0,1.0,0,1,1,0.1428126089855815,Abl_I_NoStoppingCert
Full_B7,50127,0.518,0.4796126752096187,reject,reject,True,False,False,6.599999999999935,0.0,5.0,0.0,1.5999999999999348,0,1.0,0,1,1,0.14141458336598997,Full_B7
Abl_A_NoBiasModel,50127,0.518,0.48424141642766266,reject,reject,True,False,False,6.599999999999935,0.0,5.0,0.0,1.5999999999999348,0,1.0,0,1,1,0.1420360161452033,Abl_A_NoBiasModel
Abl_B_NoOptionValue,50127,0.518,0.49099742616603537,reject,reject,True,False,False,6.599999999999935,0.0,5.0,0.0,1.5999999999999348,0,1.0,0,1,1,0.14289007171580104,Abl_B_NoOptionValue
Abl_C_NoStateChange,50127,0.518,0.4804412763401755,reject,reject,True,False,False,13.200000000000008,0.0,10.0,0.0,3.200000000000008,0,2.0,0,2,2,0.14112108726320316,Abl_C_NoStateChange
Abl_E_NoContagion,50127,0.518,0.502386448408444,reject,reject,True,False,False,6.599999999999935,0.0,5.0,0.0,1.5999999999999348,0,1.0,0,1,1,0.14419026597373522,Abl_E_NoContagion
Abl_F_NoDispositionLoss,50127,0.524,0.47291741321863745,reject,reject,True,False,False,54.7801666188041,0.0,35.0,0.0,19.780166618804106,0,6.0,1,2,3,0.1312378713371539,Abl_F_NoDispositionLoss
Abl_G_NoRecedingHorizon,50127,0.518,0.4796126752096187,reject,reject,True,False,False,6.599999999999935,0.0,5.0,0.0,1.5999999999999348,0,1.0,0,1,1,0.14141458336598997,Abl_G_NoRecedingHorizon
Abl_H_NoAccessConstraints,50127,0.518,0.5350958044563778,reject,reject,True,False,False,33.000000000000085,0.0,25.0,0.0,8.000000000000089,0,5.0,0,5,5,0.08413648740811563,Abl_H_NoAccessConstraints
Abl_I_NoStoppingCert,50127,0.518,0.4796126752096187,reject,reject,True,False,False,6.599999999999935,0.0,5.0,0.0,1.5999999999999348,0,1.0,0,1,1,0.14141458336598997,Abl_I_NoStoppingCert
Full_B7,50128,0.518,0.491434580736418,reject,reject,True,False,False,6.600000000000073,0.0,5.0,0.0,1.6000000000000736,0,1.0,0,1,1,0.1429431914275535,Full_B7
Abl_A_NoBiasModel,50128,0.518,0.4931863262384253,reject,reject,True,False,False,6.600000000000073,0.0,5.0,0.0,1.6000000000000736,0,1.0,0,1,1,0.14315345744234292,Abl_A_NoBiasModel
Abl_B_NoOptionValue,50128,0.518,0.48078966562490405,reject,reject,True,False,False,6.600000000000073,0.0,5.0,0.0,1.6000000000000736,0,1.0,0,1,1,0.14157542513137028,Abl_B_NoOptionValue
Abl_C_NoStateChange,50128,0.518,0.4791063391135353,reject,reject,True,False,False,13.200000000000008,0.0,10.0,0.0,3.200000000000008,0,2.0,0,2,2,0.14100334949460197,Abl_C_NoStateChange
Abl_E_NoContagion,50128,0.518,0.49986483287860634,reject,reject,True,False,False,6.600000000000073,0.0,5.0,0.0,1.6000000000000736,0,1.0,0,1,1,0.1439172992517523,Abl_E_NoContagion
Abl_F_NoDispositionLoss,50128,0.518,0.47989786563400233,reject,reject,True,False,False,47.743333333333354,0.0,35.0,0.0,12.743333333333357,0,6.0,1,2,3,0.13158726103488513,Abl_F_NoDispositionLoss
Abl_G_NoRecedingHorizon,50128,0.518,0.4987388967755308,reject,reject,True,False,False,6.600000000000073,0.0,5.0,0.0,1.6000000000000736,0,1.0,0,1,1,0.14379269460377028,Abl_G_NoRecedingHorizon
Abl_H_NoAccessConstraints,50128,0.518,0.53860189254121,reject,reject,True,False,False,33.00000000000009,0.0,25.0,0.0,8.00000000000009,0,5.0,0,5,5,0.08021114160071116,Abl_H_NoAccessConstraints
Abl_I_NoStoppingCert,50128,0.518,0.4796126752096187,reject,reject,True,False,False,6.600000000000073,0.0,5.0,0.0,1.6000000000000736,0,1.0,0,1,1,0.14141458336598997,Abl_I_NoStoppingCert
Full_B7,50129,0.518,0.4796126752096187,reject,reject,True,False,False,6.599999999999935,0.0,5.0,0.0,1.5999999999999348,0,1.0,0,1,1,0.14141458336598997,Full_B7
Abl_A_NoBiasModel,50129,0.518,0.4829533463946474,reject,reject,True,False,False,6.599999999999935,0.0,5.0,0.0,1.5999999999999348,0,1.0,0,1,1,0.1418660715924331,Abl_A_NoBiasModel
Abl_B_NoOptionValue,50129,0.518,0.4796126752096187,reject,reject,True,False,False,6.599999999999935,0.0,5.0,0.0,1.5999999999999348,0,1.0,0,1,1,0.14141458336598997,Abl_B_NoOptionValue
Abl_C_NoStateChange,50129,0.518,0.4831043246739936,reject,reject,True,False,False,13.200000000000008,0.0,10.0,0.0,3.200000000000008,0,2.0,0,2,2,0.14135135560118572,Abl_C_NoStateChange
Abl_E_NoContagion,50129,0.518,0.4796126752096187,reject,reject,True,False,False,6.599999999999935,0.0,5.0,0.0,1.5999999999999348,0,1.0,0,1,1,0.14141458336598997,Abl_E_NoContagion
Abl_F_NoDispositionLoss,50129,0.522,0.4896208286386946,reject,reject,True,False,False,53.8058575092942,0.0,35.0,0.0,18.8058575092942,0,6.0,1,2,3,0.13200887455952015,Abl_F_NoDispositionLoss
Abl_G_NoRecedingHorizon,50129,0.518,0.47970495468229535,reject,reject,True,False,False,6.599999999999935,0.0,5.0,0.0,1.5999999999999348,0,1.0,0,1,1,0.1414272637240835,Abl_G_NoRecedingHorizon
Abl_H_NoAccessConstraints,50129,0.518,0.4671420228688218,reject,reject,True,False,False,46.196544667748526,0.0,35.0,0.0,11.196544667748526,0,7.0,0,7,7,0.07613463264035979,Abl_H_NoAccessConstraints
Abl_I_NoStoppingCert,50129,0.518,0.4882935583428396,reject,reject,True,False,False,6.599999999999935,0.0,5.0,0.0,1.5999999999999348,0,1.0,0,1,1,0.14255575123924863,Abl_I_NoStoppingCert
Full_B7,50130,0.518,0.4796126752096187,reject,reject,True,False,False,6.600000000000213,0.0,5.0,0.0,1.6000000000002124,0,1.0,0,1,1,0.14141458336598997,Full_B7
Abl_A_NoBiasModel,50130,0.518,0.4796126752096187,reject,reject,True,False,False,6.600000000000213,0.0,5.0,0.0,1.6000000000002124,0,1.0,0,1,1,0.14141458336598997,Abl_A_NoBiasModel
Abl_B_NoOptionValue,50130,0.524,0.4796126752096187,reject,reject,True,False,False,16.516845258579128,0.0,5.0,0.0,11.516845258579128,0,1.0,0,1,1,0.14141458336598997,Abl_B_NoOptionValue
Abl_C_NoStateChange,50130,0.518,0.4768663646128307,reject,reject,True,False,False,13.200000000000147,0.0,10.0,0.0,3.200000000000147,0,2.0,0,2,2,0.1408023127869857,Abl_C_NoStateChange
Abl_E_NoContagion,50130,0.518,0.4977822233464872,reject,reject,True,False,False,6.600000000000213,0.0,5.0,0.0,1.6000000000002124,0,1.0,0,1,1,0.14368549703916353,Abl_E_NoContagion
Abl_F_NoDispositionLoss,50130,0.518,0.477177946138415,reject,reject,True,False,False,47.743333333333354,0.0,35.0,0.0,12.743333333333357,0,6.0,1,2,3,0.1314557840504797,Abl_F_NoDispositionLoss
Abl_G_NoRecedingHorizon,50130,0.518,0.48783030205315453,reject,reject,True,False,False,6.600000000000213,0.0,5.0,0.0,1.6000000000002124,0,1.0,0,1,1,0.14249747240623362,Abl_G_NoRecedingHorizon
Abl_H_NoAccessConstraints,50130,0.522,0.5567345419120289,reject,reject,True,False,False,38.10776253154858,0.0,25.0,0.0,13.107762531548579,0,5.0,0,5,5,0.0839381812350189,Abl_H_NoAccessConstraints
Abl_I_NoStoppingCert,50130,0.518,0.4796126752096187,reject,reject,True,False,False,6.600000000000213,0.0,5.0,0.0,1.6000000000002124,0,1.0,0,1,1,0.14141458336598997,Abl_I_NoStoppingCert
Full_B7,50131,0.518,0.4796126752096187,reject,reject,True,False,False,6.599999999999935,0.0,5.0,0.0,1.5999999999999348,0,1.0,0,1,1,0.14141458336598997,Full_B7
Abl_A_NoBiasModel,50131,0.518,0.48307935099238597,reject,reject,True,False,False,6.599999999999935,0.0,5.0,0.0,1.5999999999999348,0,1.0,0,1,1,0.14188279757016514,Abl_A_NoBiasModel
Abl_B_NoOptionValue,50131,0.518,0.4796126752096187,reject,reject,True,False,False,6.599999999999935,0.0,5.0,0.0,1.5999999999999348,0,1.0,0,1,1,0.14141458336598997,Abl_B_NoOptionValue
Abl_C_NoStateChange,50131,0.518,0.483819189817542,reject,reject,True,False,False,13.200000000000008,0.0,10.0,0.0,3.200000000000008,0,2.0,0,2,2,0.1414121270698827,Abl_C_NoStateChange
Abl_E_NoContagion,50131,0.518,0.4796126752096187,reject,reject,True,False,False,6.599999999999935,0.0,5.0,0.0,1.5999999999999348,0,1.0,0,1,1,0.14141458336598997,Abl_E_NoContagion
Abl_F_NoDispositionLoss,50131,0.518,0.4866223760206475,reject,reject,True,False,False,47.743333333333354,0.0,35.0,0.0,12.743333333333357,0,6.0,1,2,3,0.13188689120231273,Abl_F_NoDispositionLoss
Abl_G_NoRecedingHorizon,50131,0.518,0.4796126752096187,reject,reject,True,False,False,6.599999999999935,0.0,5.0,0.0,1.5999999999999348,0,1.0,0,1,1,0.14141458336598997,Abl_G_NoRecedingHorizon
Abl_H_NoAccessConstraints,50131,0.518,0.5074005717694581,reject,reject,True,False,False,32.99999999999995,0.0,25.0,0.0,7.999999999999951,0,5.0,0,5,5,0.089771729875452,Abl_H_NoAccessConstraints
Abl_I_NoStoppingCert,50131,0.518,0.48165405702469066,reject,reject,True,False,False,6.599999999999935,0.0,5.0,0.0,1.5999999999999348,0,1.0,0,1,1,0.1416923187935881,Abl_I_NoStoppingCert
Full_B7,50132,0.518,0.4860383158993605,reject,reject,True,False,False,6.600000000000213,0.0,5.0,0.0,1.6000000000002124,0,1.0,0,1,1,0.14226927110598284,Full_B7
Abl_A_NoBiasModel,50132,0.518,0.4796126752096187,reject,reject,True,False,False,6.600000000000213,0.0,5.0,0.0,1.6000000000002124,0,1.0,0,1,1,0.14141458336598997,Abl_A_NoBiasModel
Abl_B_NoOptionValue,50132,0.518,0.4796126752096187,reject,reject,True,False,False,6.600000000000213,0.0,5.0,0.0,1.6000000000002124,0,1.0,0,1,1,0.14141458336598997,Abl_B_NoOptionValue
Abl_C_NoStateChange,50132,0.518,0.48114372758763413,reject,reject,True,False,False,13.200000000000287,0.0,10.0,0.0,3.200000000000286,0,2.0,0,2,2,0.14118242173634163,Abl_C_NoStateChange
Abl_E_NoContagion,50132,0.518,0.4853857180238867,reject,reject,True,False,False,6.600000000000213,0.0,5.0,0.0,1.6000000000002124,0,1.0,0,1,1,0.1421850714667873,Abl_E_NoContagion
Abl_F_NoDispositionLoss,50132,0.518,0.5077296663884631,reject,reject,True,False,False,47.74333333333364,0.0,35.0,0.0,12.743333333333634,0,6.0,1,2,3,0.13259444296516348,Abl_F_NoDispositionLoss
Abl_G_NoRecedingHorizon,50132,0.518,0.48568109053480446,reject,reject,True,False,False,6.600000000000213,0.0,5.0,0.0,1.6000000000002124,0,1.0,0,1,1,0.14222325360400864,Abl_G_NoRecedingHorizon
Abl_H_NoAccessConstraints,50132,0.518,0.5367322096509162,reject,reject,True,False,False,33.00000000000009,0.0,25.0,0.0,8.00000000000009,0,5.0,0,5,5,0.08884918422547994,Abl_H_NoAccessConstraints
Abl_I_NoStoppingCert,50132,0.518,0.4834559513717104,reject,reject,True,False,False,6.600000000000213,0.0,5.0,0.0,1.6000000000002124,0,1.0,0,1,1,0.14193265688726367,Abl_I_NoStoppingCert
Full_B7,50133,0.518,0.4796126752096187,reject,reject,True,False,False,6.599999999999935,0.0,5.0,0.0,1.5999999999999348,0,1.0,0,1,1,0.14141458336598997,Full_B7
Abl_A_NoBiasModel,50133,0.518,0.4796126752096187,reject,reject,True,False,False,6.599999999999935,0.0,5.0,0.0,1.5999999999999348,0,1.0,0,1,1,0.14141458336598997,Abl_A_NoBiasModel
Abl_B_NoOptionValue,50133,0.518,0.4796126752096187,reject,reject,True,False,False,6.599999999999935,0.0,5.0,0.0,1.5999999999999348,0,1.0,0,1,1,0.14141458336598997,Abl_B_NoOptionValue
Abl_C_NoStateChange,50133,0.518,0.4962682814669838,reject,reject,True,False,False,13.200000000000147,0.0,10.0,0.0,3.200000000000147,0,2.0,0,2,2,0.14240040983652888,Abl_C_NoStateChange
Abl_E_NoContagion,50133,0.518,0.4796126752096187,reject,reject,True,False,False,6.599999999999935,0.0,5.0,0.0,1.5999999999999348,0,1.0,0,1,1,0.14141458336598997,Abl_E_NoContagion
Abl_F_NoDispositionLoss,50133,0.528,0.49008943770206825,reject,reject,True,False,False,60.633659462240274,0.0,35.0,0.0,25.633659462240274,0,6.0,1,2,3,0.13202729301356803,Abl_F_NoDispositionLoss
Abl_G_NoRecedingHorizon,50133,0.522,0.4796126752096187,reject,reject,True,False,False,11.333919603469102,0.0,5.0,0.0,6.333919603469101,0,1.0,0,1,1,0.14141458336598997,Abl_G_NoRecedingHorizon
Abl_H_NoAccessConstraints,50133,0.518,0.5346857629591557,reject,reject,True,False,False,33.000000000000085,0.0,25.0,0.0,8.000000000000089,0,5.0,0,5,5,0.07958769835087608,Abl_H_NoAccessConstraints
Abl_I_NoStoppingCert,50133,0.518,0.4884851371957179,reject,reject,True,False,False,6.599999999999935,0.0,5.0,0.0,1.5999999999999348,0,1.0,0,1,1,0.14257976671158873,Abl_I_NoStoppingCert
Full_B7,50134,0.518,0.4899909561913768,reject,reject,True,False,False,6.599999999999935,0.0,5.0,0.0,1.5999999999999348,0,1.0,0,1,1,0.14276678794390152,Full_B7
Abl_A_NoBiasModel,50134,0.518,0.5005684919167559,reject,reject,True,False,False,6.599999999999935,0.0,5.0,0.0,1.5999999999999348,0,1.0,0,1,1,0.1439943172934837,Abl_A_NoBiasModel
Abl_B_NoOptionValue,50134,0.518,0.4796126752096187,reject,reject,True,False,False,6.599999999999935,0.0,5.0,0.0,1.5999999999999348,0,1.0,0,1,1,0.14141458336598997,Abl_B_NoOptionValue
Abl_C_NoStateChange,50134,0.518,0.478888665182516,reject,reject,True,False,False,13.200000000000008,0.0,10.0,0.0,3.200000000000008,0,2.0,0,2,2,0.14098400469143738,Abl_C_NoStateChange
Abl_E_NoContagion,50134,0.518,0.4796126752096187,reject,reject,True,False,False,6.599999999999935,0.0,5.0,0.0,1.5999999999999348,0,1.0,0,1,1,0.14141458336598997,Abl_E_NoContagion
Abl_F_NoDispositionLoss,50134,0.518,0.4954596047877161,reject,reject,True,False,False,47.743333333333354,0.0,35.0,0.0,12.743333333333357,0,6.0,1,2,3,0.13222593868114108,Abl_F_NoDispositionLoss
Abl_G_NoRecedingHorizon,50134,0.518,0.483942196532984,reject,reject,True,False,False,6.599999999999935,0.0,5.0,0.0,1.5999999999999348,0,1.0,0,1,1,0.1419967423257505,Abl_G_NoRecedingHorizon
Abl_H_NoAccessConstraints,50134,0.524,0.5307823386385169,reject,reject,True,False,False,41.69705241008998,0.0,25.0,0.0,16.69705241008998,0,5.0,0,5,5,0.0850789294710769,Abl_H_NoAccessConstraints
Abl_I_NoStoppingCert,50134,0.518,0.4796126752096187,reject,reject,True,False,False,6.599999999999935,0.0,5.0,0.0,1.5999999999999348,0,1.0,0,1,1,0.14141458336598997,Abl_I_NoStoppingCert
Full_B7,50135,0.518,0.4796126752096187,reject,reject,True,False,False,6.599999999999935,0.0,5.0,0.0,1.5999999999999348,0,1.0,0,1,1,0.14141458336598997,Full_B7
Abl_A_NoBiasModel,50135,0.518,0.48486710672060573,reject,reject,True,False,False,6.599999999999935,0.0,5.0,0.0,1.5999999999999348,0,1.0,0,1,1,0.14211774133110464,Abl_A_NoBiasModel
Abl_B_NoOptionValue,50135,0.518,0.48231108214396945,reject,reject,True,False,False,6.599999999999935,0.0,5.0,0.0,1.5999999999999348,0,1.0,0,1,1,0.1417804749248973,Abl_B_NoOptionValue
Abl_C_NoStateChange,50135,0.518,0.4768663646128307,reject,reject,True,False,False,13.200000000000008,0.0,10.0,0.0,3.200000000000008,0,2.0,0,2,2,0.1408023127869857,Abl_C_NoStateChange
Abl_E_NoContagion,50135,0.518,0.48788380917026763,reject,reject,True,False,False,6.599999999999935,0.0,5.0,0.0,1.5999999999999348,0,1.0,0,1,1,0.1425042187139189,Abl_E_NoContagion
Abl_F_NoDispositionLoss,50135,0.518,0.4780484038689902,reject,reject,True,False,False,47.743333333333496,0.0,35.0,0.0,12.743333333333496,0,6.0,1,2,3,0.13149850712908584,Abl_F_NoDispositionLoss
Abl_G_NoRecedingHorizon,50135,0.518,0.4796126752096187,reject,reject,True,False,False,6.599999999999935,0.0,5.0,0.0,1.5999999999999348,0,1.0,0,1,1,0.14141458336598997,Abl_G_NoRecedingHorizon
Abl_H_NoAccessConstraints,50135,0.518,0.5118962133483829,reject,reject,True,False,False,33.00000000000009,0.0,25.0,0.0,8.00000000000009,0,5.0,0,5,5,0.0832216626695057,Abl_H_NoAccessConstraints
Abl_I_NoStoppingCert,50135,0.518,0.49001814072903016,reject,reject,True,False,False,6.599999999999935,0.0,5.0,0.0,1.5999999999999348,0,1.0,0,1,1,0.14277013588431597,Abl_I_NoStoppingCert
Full_B7,50136,0.518,0.4796126752096187,reject,reject,True,False,False,6.600000000000073,0.0,5.0,0.0,1.6000000000000736,0,1.0,0,1,1,0.14141458336598997,Full_B7
Abl_A_NoBiasModel,50136,0.518,0.4796126752096187,reject,reject,True,False,False,6.600000000000073,0.0,5.0,0.0,1.6000000000000736,0,1.0,0,1,1,0.14141458336598997,Abl_A_NoBiasModel
Abl_B_NoOptionValue,50136,0.518,0.4887207556232334,reject,reject,True,False,False,6.600000000000073,0.0,5.0,0.0,1.6000000000000736,0,1.0,0,1,1,0.14260923413029208,Abl_B_NoOptionValue
Abl_C_NoStateChange,50136,0.518,0.47759471107550944,reject,reject,True,False,False,13.200000000000008,0.0,10.0,0.0,3.200000000000008,0,2.0,0,2,2,0.14086816049634457,Abl_C_NoStateChange
Abl_E_NoContagion,50136,0.518,0.48419789658686907,reject,reject,True,False,False,6.600000000000073,0.0,5.0,0.0,1.6000000000000736,0,1.0,0,1,1,0.1420303116711975,Abl_E_NoContagion
Abl_F_NoDispositionLoss,50136,0.518,0.487945240655027,reject,reject,True,False,False,47.74333333333322,0.0,35.0,0.0,12.743333333333219,0,6.0,1,2,3,0.13194158941647877,Abl_F_NoDispositionLoss
Abl_G_NoRecedingHorizon,50136,0.518,0.4796126752096187,reject,reject,True,False,False,6.600000000000073,0.0,5.0,0.0,1.6000000000000736,0,1.0,0,1,1,0.14141458336598997,Abl_G_NoRecedingHorizon
Abl_H_NoAccessConstraints,50136,0.518,0.508171876458608,reject,reject,True,False,False,32.99999999999995,0.0,25.0,0.0,7.999999999999951,0,5.0,0,5,5,0.08019693483383034,Abl_H_NoAccessConstraints
Abl_I_NoStoppingCert,50136,0.518,0.48463914106884437,reject,reject,True,False,False,6.600000000000073,0.0,5.0,0.0,1.6000000000000736,0,1.0,0,1,1,0.14208802786355093,Abl_I_NoStoppingCert
Full_B7,50137,0.518,0.5104115916871061,reject,reject,True,False,False,6.599999999999935,0.0,5.0,0.0,1.5999999999999348,0,1.0,0,1,1,0.14500338992549025,Full_B7
Abl_A_NoBiasModel,50137,0.518,0.48908927005087693,reject,reject,True,False,False,6.599999999999935,0.0,5.0,0.0,1.5999999999999348,0,1.0,0,1,1,0.14265517031986327,Abl_A_NoBiasModel
Abl_B_NoOptionValue,50137,0.518,0.4796126752096187,reject,reject,True,False,False,6.599999999999935,0.0,5.0,0.0,1.5999999999999348,0,1.0,0,1,1,0.14141458336598997,Abl_B_NoOptionValue
Abl_C_NoStateChange,50137,0.518,0.4768663646128307,reject,reject,True,False,False,13.200000000000008,0.0,10.0,0.0,3.200000000000008,0,2.0,0,2,2,0.1408023127869857,Abl_C_NoStateChange
Abl_E_NoContagion,50137,0.518,0.4796126752096187,reject,reject,True,False,False,6.599999999999935,0.0,5.0,0.0,1.5999999999999348,0,1.0,0,1,1,0.14141458336598997,Abl_E_NoContagion
Abl_F_NoDispositionLoss,50137,0.518,0.4788056143402725,reject,reject,True,False,False,47.743333333333354,0.0,35.0,0.0,12.743333333333357,0,6.0,1,2,3,0.1315351768260378,Abl_F_NoDispositionLoss
Abl_G_NoRecedingHorizon,50137,0.518,0.4796126752096187,reject,reject,True,False,False,6.599999999999935,0.0,5.0,0.0,1.5999999999999348,0,1.0,0,1,1,0.14141458336598997,Abl_G_NoRecedingHorizon
Abl_H_NoAccessConstraints,50137,0.518,0.5611190965931963,reject,reject,True,False,False,32.99999999999995,0.0,25.0,0.0,7.999999999999951,0,5.0,0,5,5,0.08612049608386949,Abl_H_NoAccessConstraints
Abl_I_NoStoppingCert,50137,0.518,0.4796126752096187,reject,reject,True,False,False,6.599999999999935,0.0,5.0,0.0,1.5999999999999348,0,1.0,0,1,1,0.14141458336598997,Abl_I_NoStoppingCert
Full_B7,50138,0.518,0.4796126752096187,reject,reject,True,False,False,6.599999999999935,0.0,5.0,0.0,1.5999999999999348,0,1.0,0,1,1,0.14141458336598997,Full_B7
Abl_A_NoBiasModel,50138,0.518,0.4796126752096187,reject,reject,True,False,False,6.599999999999935,0.0,5.0,0.0,1.5999999999999348,0,1.0,0,1,1,0.14141458336598997,Abl_A_NoBiasModel
Abl_B_NoOptionValue,50138,0.518,0.4964685670494059,reject,reject,True,False,False,6.599999999999935,0.0,5.0,0.0,1.5999999999999348,0,1.0,0,1,1,0.143536310284336,Abl_B_NoOptionValue
Abl_C_NoStateChange,50138,0.518,0.4768663646128307,reject,reject,True,False,False,13.200000000000147,0.0,10.0,0.0,3.200000000000147,0,2.0,0,2,2,0.1408023127869857,Abl_C_NoStateChange
Abl_E_NoContagion,50138,0.518,0.4796126752096187,reject,reject,True,False,False,6.599999999999935,0.0,5.0,0.0,1.5999999999999348,0,1.0,0,1,1,0.14141458336598997,Abl_E_NoContagion
Abl_F_NoDispositionLoss,50138,0.518,0.4799189948895097,reject,reject,True,False,False,47.743333333333354,0.0,35.0,0.0,12.743333333333357,0,6.0,1,2,3,0.13158825915363573,Abl_F_NoDispositionLoss
Abl_G_NoRecedingHorizon,50138,0.518,0.4796126752096187,reject,reject,True,False,False,6.599999999999935,0.0,5.0,0.0,1.5999999999999348,0,1.0,0,1,1,0.14141458336598997,Abl_G_NoRecedingHorizon
Abl_H_NoAccessConstraints,50138,0.518,0.5185588653126975,reject,reject,True,False,False,32.99999999999995,0.0,25.0,0.0,7.999999999999952,0,5.0,0,5,5,0.08657517031309517,Abl_H_NoAccessConstraints
Abl_I_NoStoppingCert,50138,0.518,0.4796126752096187,reject,reject,True,False,False,6.599999999999935,0.0,5.0,0.0,1.5999999999999348,0,1.0,0,1,1,0.14141458336598997,Abl_I_NoStoppingCert
Full_B7,50139,0.518,0.4857899286157408,reject,reject,True,False,False,6.599999999999935,0.0,5.0,0.0,1.5999999999999348,0,1.0,0,1,1,0.1422372926156842,Full_B7
Abl_A_NoBiasModel,50139,0.518,0.4796126752096187,reject,reject,True,False,False,6.599999999999935,0.0,5.0,0.0,1.5999999999999348,0,1.0,0,1,1,0.14141458336598997,Abl_A_NoBiasModel
Abl_B_NoOptionValue,50139,0.518,0.48663778898030685,reject,reject,True,False,False,6.599999999999935,0.0,5.0,0.0,1.5999999999999348,0,1.0,0,1,1,0.14234610107636395,Abl_B_NoOptionValue
Abl_C_NoStateChange,50139,0.518,0.48978013526493136,reject,reject,True,False,False,13.19999999999987,0.0,10.0,0.0,3.1999999999998696,0,2.0,0,2,2,0.14190180600180327,Abl_C_NoStateChange
Abl_E_NoContagion,50139,0.518,0.4796126752096187,reject,reject,True,False,False,6.599999999999935,0.0,5.0,0.0,1.5999999999999348,0,1.0,0,1,1,0.14141458336598997,Abl_E_NoContagion
Abl_F_NoDispositionLoss,50139,0.518,0.5040182406257218,reject,reject,True,False,False,47.743333333333354,0.0,35.0,0.0,12.743333333333357,0,6.0,1,2,3,0.13249546544313037,Abl_F_NoDispositionLoss
Abl_G_NoRecedingHorizon,50139,0.524,0.48852573790070614,reject,reject,True,False,False,16.258858960884744,0.0,5.0,0.0,11.258858960884744,0,1.0,0,1,1,0.14258484980409797,Abl_G_NoRecedingHorizon
Abl_H_NoAccessConstraints,50139,0.524,0.5044527306530415,reject,reject,True,False,False,41.612637393513396,0.0,25.0,0.0,16.6126373935134,0,5.0,0,5,5,0.0810694270457726,Abl_H_NoAccessConstraints
Abl_I_NoStoppingCert,50139,0.518,0.4796126752096187,reject,reject,True,False,False,6.599999999999935,0.0,5.0,0.0,1.5999999999999348,0,1.0,0,1,1,0.14141458336598997,Abl_I_NoStoppingCert
Full_B7,50140,0.518,0.4853418219988629,reject,reject,True,False,False,6.599999999999935,0.0,5.0,0.0,1.5999999999999348,0,1.0,0,1,1,0.14217938688548082,Full_B7
Abl_A_NoBiasModel,50140,0.518,0.49457232853882643,reject,reject,True,False,False,6.599999999999935,0.0,5.0,0.0,1.5999999999999348,0,1.0,0,1,1,0.14331689049163826,Abl_A_NoBiasModel
Abl_B_NoOptionValue,50140,0.518,0.4867641131205131,reject,reject,True,False,False,6.599999999999935,0.0,5.0,0.0,1.5999999999999348,0,1.0,0,1,1,0.14236222821642766,Abl_B_NoOptionValue
Abl_C_NoStateChange,50140,0.518,0.47920645239951387,reject,reject,True,False,False,13.19999999999987,0.0,10.0,0.0,3.1999999999998696,0,2.0,0,2,2,0.14101223281010522,Abl_C_NoStateChange
Abl_E_NoContagion,50140,0.518,0.4804003613034002,reject,reject,True,False,False,6.599999999999935,0.0,5.0,0.0,1.5999999999999348,0,1.0,0,1,1,0.14152243868738817,Abl_E_NoContagion
Abl_F_NoDispositionLoss,50140,0.518,0.4925065967820907,reject,reject,True,False,False,47.74333333333322,0.0,35.0,0.0,12.743333333333219,0,6.0,1,2,3,0.1321195316041329,Abl_F_NoDispositionLoss
Abl_G_NoRecedingHorizon,50140,0.518,0.5015437943025766,reject,reject,True,False,False,6.599999999999935,0.0,5.0,0.0,1.5999999999999348,0,1.0,0,1,1,0.14409998350159858,Abl_G_NoRecedingHorizon
Abl_H_NoAccessConstraints,50140,0.518,0.5360865668767145,reject,reject,True,False,False,32.99999999999995,0.0,25.0,0.0,7.999999999999952,0,5.0,0,5,5,0.08311693745825445,Abl_H_NoAccessConstraints
Abl_I_NoStoppingCert,50140,0.518,0.48922908402120513,reject,reject,True,False,False,6.599999999999935,0.0,5.0,0.0,1.5999999999999348,0,1.0,0,1,1,0.14267255004627766,Abl_I_NoStoppingCert
Full_B7,50141,0.518,0.49007539404264,reject,reject,True,False,False,6.599999999999935,0.0,5.0,0.0,1.5999999999999348,0,1.0,0,1,1,0.14277718369210537,Full_B7
Abl_A_NoBiasModel,50141,0.522,0.5096576151125184,reject,reject,True,False,False,13.909798742415404,0.0,5.0,0.0,8.909798742415404,0,1.0,0,1,1,0.14493057214009483,Abl_A_NoBiasModel
Abl_B_NoOptionValue,50141,0.518,0.4796126752096187,reject,reject,True,False,False,6.599999999999935,0.0,5.0,0.0,1.5999999999999348,0,1.0,0,1,1,0.14141458336598997,Abl_B_NoOptionValue
Abl_C_NoStateChange,50141,0.518,0.48247868982318953,reject,reject,True,False,False,13.200000000000008,0.0,10.0,0.0,3.200000000000008,0,2.0,0,2,2,0.14129780843869805,Abl_C_NoStateChange
Abl_E_NoContagion,50141,0.518,0.48248100251334797,reject,reject,True,False,False,6.599999999999935,0.0,5.0,0.0,1.5999999999999348,0,1.0,0,1,1,0.14180317640888612,Abl_E_NoContagion
Abl_F_NoDispositionLoss,50141,0.518,0.489803838578765,reject,reject,True,False,False,47.74333333333322,0.0,35.0,0.0,12.743333333333219,0,6.0,1,2,3,0.1320160884249444,Abl_F_NoDispositionLoss
Abl_G_NoRecedingHorizon,50141,0.518,0.4951520263195307,reject,reject,True,False,False,6.599999999999935,0.0,5.0,0.0,1.5999999999999348,0,1.0,0,1,1,0.1433844807543751,Abl_G_NoRecedingHorizon
Abl_H_NoAccessConstraints,50141,0.518,0.5148930155405976,reject,reject,True,False,False,32.999999999999815,0.0,25.0,0.0,7.999999999999813,0,5.0,0,5,5,0.0886863808687755,Abl_H_NoAccessConstraints
Abl_I_NoStoppingCert,50141,0.518,0.48928787745127,reject,reject,True,False,False,6.599999999999935,0.0,5.0,0.0,1.5999999999999348,0,1.0,0,1,1,0.1426798504767579,Abl_I_NoStoppingCert
Full_B7,50142,0.518,0.4796126752096187,reject,reject,True,False,False,6.599999999999935,0.0,5.0,0.0,1.5999999999999348,0,1.0,0,1,1,0.14141458336598997,Full_B7
Abl_A_NoBiasModel,50142,0.518,0.49198135476361166,reject,reject,True,False,False,6.599999999999935,0.0,5.0,0.0,1.5999999999999348,0,1.0,0,1,1,0.14300926710772796,Abl_A_NoBiasModel
Abl_B_NoOptionValue,50142,0.518,0.4796126752096187,reject,reject,True,False,False,6.599999999999935,0.0,5.0,0.0,1.5999999999999348,0,1.0,0,1,1,0.14141458336598997,Abl_B_NoOptionValue
Abl_C_NoStateChange,50142,0.518,0.4795709092325292,reject,reject,True,False,False,13.19999999999987,0.0,10.0,0.0,3.1999999999998696,0,2.0,0,2,2,0.14104449857185405,Abl_C_NoStateChange
Abl_E_NoContagion,50142,0.518,0.4796126752096187,reject,reject,True,False,False,6.599999999999935,0.0,5.0,0.0,1.5999999999999348,0,1.0,0,1,1,0.14141458336598997,Abl_E_NoContagion
Abl_F_NoDispositionLoss,50142,0.52,0.49663392141030105,reject,reject,True,False,False,51.18401448386584,0.0,35.0,0.0,16.184014483865834,0,6.0,1,2,3,0.13226633759320858,Abl_F_NoDispositionLoss
Abl_G_NoRecedingHorizon,50142,0.518,0.4796126752096187,reject,reject,True,False,False,6.599999999999935,0.0,5.0,0.0,1.5999999999999348,0,1.0,0,1,1,0.14141458336598997,Abl_G_NoRecedingHorizon
Abl_H_NoAccessConstraints,50142,0.518,0.4744510623581051,reject,reject,True,False,False,52.80000000000003,0.0,40.0,0.0,12.800000000000034,0,8.0,0,8,8,0.06994850168447807,Abl_H_NoAccessConstraints
Abl_I_NoStoppingCert,50142,0.518,0.4796126752096187,reject,reject,True,False,False,6.599999999999935,0.0,5.0,0.0,1.5999999999999348,0,1.0,0,1,1,0.14141458336598997,Abl_I_NoStoppingCert
Full_B7,50143,0.518,0.4869575865856725,reject,reject,True,False,False,6.600000000000073,0.0,5.0,0.0,1.6000000000000736,0,1.0,0,1,1,0.1423868855614857,Full_B7
Abl_A_NoBiasModel,50143,0.518,0.4861281299532186,reject,reject,True,False,False,6.600000000000073,0.0,5.0,0.0,1.6000000000000736,0,1.0,0,1,1,0.1422808133099831,Abl_A_NoBiasModel
Abl_B_NoOptionValue,50143,0.518,0.4796126752096187,reject,reject,True,False,False,6.600000000000073,0.0,5.0,0.0,1.6000000000000736,0,1.0,0,1,1,0.14141458336598997,Abl_B_NoOptionValue
Abl_C_NoStateChange,50143,0.518,0.4825177845229761,reject,reject,True,False,False,13.200000000000287,0.0,10.0,0.0,3.200000000000286,0,2.0,0,2,2,0.1413011643815414,Abl_C_NoStateChange
Abl_E_NoContagion,50143,0.518,0.4924142698584865,reject,reject,True,False,False,6.600000000000073,0.0,5.0,0.0,1.6000000000000736,0,1.0,0,1,1,0.14306129660395714,Abl_E_NoContagion
Abl_F_NoDispositionLoss,50143,0.518,0.4787162805106543,reject,reject,True,False,False,47.743333333333496,0.0,35.0,0.0,12.743333333333496,0,6.0,1,2,3,0.13153087457797766,Abl_F_NoDispositionLoss
Abl_G_NoRecedingHorizon,50143,0.518,0.4814698145826636,reject,reject,True,False,False,6.600000000000073,0.0,5.0,0.0,1.6000000000000736,0,1.0,0,1,1,0.14166749044308072,Abl_G_NoRecedingHorizon
Abl_H_NoAccessConstraints,50143,0.518,0.4948790316522409,reject,reject,True,False,False,33.00000000000009,0.0,25.0,0.0,8.00000000000009,0,5.0,0,5,5,0.08112542030304838,Abl_H_NoAccessConstraints
Abl_I_NoStoppingCert,50143,0.518,0.4832247636846082,reject,reject,True,False,False,6.600000000000073,0.0,5.0,0.0,1.6000000000000736,0,1.0,0,1,1,0.14190207247733402,Abl_I_NoStoppingCert
Full_B7,50144,0.518,0.4796126752096187,reject,reject,True,False,False,6.600000000000073,0.0,5.0,0.0,1.6000000000000736,0,1.0,0,1,1,0.14141458336598997,Full_B7
Abl_A_NoBiasModel,50144,0.518,0.4796126752096187,reject,reject,True,False,False,6.600000000000073,0.0,5.0,0.0,1.6000000000000736,0,1.0,0,1,1,0.14141458336598997,Abl_A_NoBiasModel
Abl_B_NoOptionValue,50144,0.518,0.4974460248334645,reject,reject,True,False,False,6.600000000000073,0.0,5.0,0.0,1.6000000000000736,0,1.0,0,1,1,0.1436475356172449,Abl_B_NoOptionValue
Abl_C_NoStateChange,50144,0.518,0.48430201816001717,reject,reject,True,False,False,13.200000000000008,0.0,10.0,0.0,3.200000000000008,0,2.0,0,2,2,0.14145292401178836,Abl_C_NoStateChange
Abl_E_NoContagion,50144,0.518,0.4911217366649045,reject,reject,True,False,False,6.600000000000073,0.0,5.0,0.0,1.6000000000000736,0,1.0,0,1,1,0.1429052033292257,Abl_E_NoContagion
Abl_F_NoDispositionLoss,50144,0.518,0.48734809867117646,reject,reject,True,False,False,47.743333333333354,0.0,35.0,0.0,12.743333333333357,0,6.0,1,2,3,0.13191707102872252,Abl_F_NoDispositionLoss
Abl_G_NoRecedingHorizon,50144,0.518,0.48403112331417386,reject,reject,True,False,False,6.600000000000073,0.0,5.0,0.0,1.6000000000000736,0,1.0,0,1,1,0.14200842723453835,Abl_G_NoRecedingHorizon
Abl_H_NoAccessConstraints,50144,0.518,0.5323422457396007,reject,reject,True,False,False,33.00000000000023,0.0,25.0,0.0,8.00000000000023,0,5.0,0,5,5,0.0920687092448798,Abl_H_NoAccessConstraints
Abl_I_NoStoppingCert,50144,0.518,0.4874783750066011,reject,reject,True,False,False,6.600000000000073,0.0,5.0,0.0,1.6000000000000736,0,1.0,0,1,1,0.14245300306209313,Abl_I_NoStoppingCert
Full_B7,50145,0.518,0.48268076629604134,reject,reject,True,False,False,6.599999999999935,0.0,5.0,0.0,1.5999999999999348,0,1.0,0,1,1,0.1418298137878404,Full_B7
Abl_A_NoBiasModel,50145,0.518,0.4907056882033558,reject,reject,True,False,False,6.599999999999935,0.0,5.0,0.0,1.5999999999999348,0,1.0,0,1,1,0.14285447783492994,Abl_A_NoBiasModel
Abl_B_NoOptionValue,50145,0.518,0.48313238321946406,reject,reject,True,False,False,6.599999999999935,0.0,5.0,0.0,1.5999999999999348,0,1.0,0,1,1,0.1418898305485078,Abl_B_NoOptionValue
Abl_C_NoStateChange,50145,0.518,0.4846517735224548,reject,reject,True,False,False,13.19999999999987,0.0,10.0,0.0,3.1999999999998696,0,2.0,0,2,2,0.14148235166993897,Abl_C_NoStateChange
Abl_E_NoContagion,50145,0.518,0.4815322668320938,reject,reject,True,False,False,6.599999999999935,0.0,5.0,0.0,1.5999999999999348,0,1.0,0,1,1,0.14167591174170438,Abl_E_NoContagion
Abl_F_NoDispositionLoss,50145,0.518,0.48515995948882323,reject,reject,True,False,False,47.743333333333354,0.0,35.0,0.0,12.743333333333357,0,6.0,1,2,3,0.1318248009897679,Abl_F_NoDispositionLoss
Abl_G_NoRecedingHorizon,50145,0.518,0.4876216335775386,reject,reject,True,False,False,6.599999999999935,0.0,5.0,0.0,1.5999999999999348,0,1.0,0,1,1,0.14247112558815592,Abl_G_NoRecedingHorizon
Abl_H_NoAccessConstraints,50145,0.518,0.4829301853832356,reject,reject,True,False,False,46.19999999999996,0.0,35.0,0.0,11.19999999999996,0,7.0,0,7,7,0.07666091201307523,Abl_H_NoAccessConstraints
Abl_I_NoStoppingCert,50145,0.518,0.4796126752096187,reject,reject,True,False,False,6.599999999999935,0.0,5.0,0.0,1.5999999999999348,0,1.0,0,1,1,0.14141458336598997,Abl_I_NoStoppingCert
Full_B7,50146,0.518,0.4796126752096187,reject,reject,True,False,False,6.599999999999935,0.0,5.0,0.0,1.5999999999999348,0,1.0,0,1,1,0.14141458336598997,Full_B7
Abl_A_NoBiasModel,50146,0.518,0.48288281558177265,reject,reject,True,False,False,6.599999999999935,0.0,5.0,0.0,1.5999999999999348,0,1.0,0,1,1,0.14185669966236114,Abl_A_NoBiasModel
Abl_B_NoOptionValue,50146,0.518,0.48401750450463377,reject,reject,True,False,False,6.599999999999935,0.0,5.0,0.0,1.5999999999999348,0,1.0,0,1,1,0.14200663844187816,Abl_B_NoOptionValue
Abl_C_NoStateChange,50146,0.518,0.47822676866079317,reject,reject,True,False,False,13.200000000000008,0.0,10.0,0.0,3.200000000000008,0,2.0,0,2,2,0.1409249287509737,Abl_C_NoStateChange
Abl_E_NoContagion,50146,0.518,0.4796126752096187,reject,reject,True,False,False,6.599999999999935,0.0,5.0,0.0,1.5999999999999348,0,1.0,0,1,1,0.14141458336598997,Abl_E_NoContagion
Abl_F_NoDispositionLoss,50146,0.518,0.49586647474932477,reject,reject,True,False,False,47.743333333333084,0.0,35.0,0.0,12.74333333333308,0,6.0,1,2,3,0.13224005915850612,Abl_F_NoDispositionLoss
Abl_G_NoRecedingHorizon,50146,0.522,0.5043404891525631,reject,reject,True,False,False,11.780175859679716,0.0,5.0,0.0,6.780175859679716,0,1.0,0,1,1,0.14439602173071345,Abl_G_NoRecedingHorizon
Abl_H_NoAccessConstraints,50146,0.524,0.491343988192028,reject,reject,True,False,False,46.777412056278585,0.0,30.0,0.0,16.777412056278585,0,6.0,0,6,6,0.08402620959709453,Abl_H_NoAccessConstraints
Abl_I_NoStoppingCert,50146,0.518,0.48420669997997123,reject,reject,True,False,False,6.599999999999935,0.0,5.0,0.0,1.5999999999999348,0,1.0,0,1,1,0.14203146580927306,Abl_I_NoStoppingCert
Full_B7,50147,0.52,0.4821251204235293,reject,reject,True,False,False,9.407034939900717,0.0,5.0,0.0,4.407034939900717,0,1.0,0,1,1,0.14175558439186317,Full_B7
Abl_A_NoBiasModel,50147,0.518,0.4796126752096187,reject,reject,True,False,False,6.600000000000073,0.0,5.0,0.0,1.6000000000000736,0,1.0,0,1,1,0.14141458336598997,Abl_A_NoBiasModel
Abl_B_NoOptionValue,50147,0.518,0.4796126752096187,reject,reject,True,False,False,6.600000000000073,0.0,5.0,0.0,1.6000000000000736,0,1.0,0,1,1,0.14141458336598997,Abl_B_NoOptionValue
Abl_C_NoStateChange,50147,0.518,0.48813687768153224,reject,reject,True,False,False,13.200000000000008,0.0,10.0,0.0,3.200000000000008,0,2.0,0,2,2,0.14176985002607442,Abl_C_NoStateChange
Abl_E_NoContagion,50147,0.518,0.4894222503277671,reject,reject,True,False,False,6.600000000000073,0.0,5.0,0.0,1.6000000000000736,0,1.0,0,1,1,0.14269651800423372,Abl_E_NoContagion
Abl_F_NoDispositionLoss,50147,0.518,0.481953691528211,reject,reject,True,False,False,47.743333333333354,0.0,35.0,0.0,12.743333333333357,0,6.0,1,2,3,0.1316827000542851,Abl_F_NoDispositionLoss
Abl_G_NoRecedingHorizon,50147,0.518,0.48229172353355293,reject,reject,True,False,False,6.600000000000073,0.0,5.0,0.0,1.6000000000000736,0,1.0,0,1,1,0.141777886058934,Abl_G_NoRecedingHorizon
Abl_H_NoAccessConstraints,50147,0.518,0.5211251249925347,reject,reject,True,False,False,32.99999999999995,0.0,25.0,0.0,7.999999999999951,0,5.0,0,5,5,0.08329840403512502,Abl_H_NoAccessConstraints
Abl_I_NoStoppingCert,50147,0.518,0.48709223406539115,reject,reject,True,False,False,6.600000000000073,0.0,5.0,0.0,1.6000000000000736,0,1.0,0,1,1,0.14240401553085213,Abl_I_NoStoppingCert
Full_B7,50148,0.518,0.49315134690193324,reject,reject,True,False,False,6.599999999999935,0.0,5.0,0.0,1.5999999999999348,0,1.0,0,1,1,0.14314929932610188,Full_B7
Abl_A_NoBiasModel,50148,0.518,0.4796126752096187,reject,reject,True,False,False,6.599999999999935,0.0,5.0,0.0,1.5999999999999348,0,1.0,0,1,1,0.14141458336598997,Abl_A_NoBiasModel
Abl_B_NoOptionValue,50148,0.518,0.4796126752096187,reject,reject,True,False,False,6.599999999999935,0.0,5.0,0.0,1.5999999999999348,0,1.0,0,1,1,0.14141458336598997,Abl_B_NoOptionValue
Abl_C_NoStateChange,50148,0.518,0.485082020251539,reject,reject,True,False,False,13.19999999999987,0.0,10.0,0.0,3.1999999999998696,0,2.0,0,2,2,0.14151840753900327,Abl_C_NoStateChange
Abl_E_NoContagion,50148,0.518,0.4924184095950027,reject,reject,True,False,False,6.599999999999935,0.0,5.0,0.0,1.5999999999999348,0,1.0,0,1,1,0.14306179291211024,Abl_E_NoContagion
Abl_F_NoDispositionLoss,50148,0.518,0.4876015471801275,reject,reject,True,False,False,47.743333333333354,0.0,35.0,0.0,12.743333333333357,0,6.0,1,2,3,0.13192751216095905,Abl_F_NoDispositionLoss
Abl_G_NoRecedingHorizon,50148,0.518,0.49112933025838845,reject,reject,True,False,False,6.599999999999935,0.0,5.0,0.0,1.5999999999999348,0,1.0,0,1,1,0.14290612697571928,Abl_G_NoRecedingHorizon
Abl_H_NoAccessConstraints,50148,0.518,0.4641262807471028,reject,reject,True,False,False,46.19999999999982,0.0,35.0,0.0,11.199999999999822,0,7.0,0,7,7,0.07524333499226095,Abl_H_NoAccessConstraints
Abl_I_NoStoppingCert,50148,0.518,0.4796126752096187,reject,reject,True,False,False,6.599999999999935,0.0,5.0,0.0,1.5999999999999348,0,1.0,0,1,1,0.14141458336598997,Abl_I_NoStoppingCert
Full_B7,50149,0.522,0.48751547671346857,reject,reject,True,False,False,13.300639666664889,0.0,5.0,0.0,8.300639666664889,0,1.0,0,1,1,0.14245769920349943,Full_B7
Abl_A_NoBiasModel,50149,0.518,0.4842039030007898,reject,reject,True,False,False,6.600000000000073,0.0,5.0,0.0,1.6000000000000736,0,1.0,0,1,1,0.14203109913268908,Abl_A_NoBiasModel
Abl_B_NoOptionValue,50149,0.518,0.4882323877426944,reject,reject,True,False,False,6.600000000000073,0.0,5.0,0.0,1.6000000000000736,0,1.0,0,1,1,0.14254807261446334,Abl_B_NoOptionValue
Abl_C_NoStateChange,50149,0.518,0.48246591230779823,reject,reject,True,False,False,13.200000000000008,0.0,10.0,0.0,3.200000000000008,0,2.0,0,2,2,0.1412967113133497,Abl_C_NoStateChange
Abl_E_NoContagion,50149,0.518,0.4796126752096187,reject,reject,True,False,False,6.600000000000073,0.0,5.0,0.0,1.6000000000000736,0,1.0,0,1,1,0.14141458336598997,Abl_E_NoContagion
Abl_F_NoDispositionLoss,50149,0.518,0.46427482092481115,reject,reject,True,False,False,39.570000000000135,0.0,30.0,0.0,9.570000000000134,0,5.0,1,1,2,0.13332673435565454,Abl_F_NoDispositionLoss
Abl_G_NoRecedingHorizon,50149,0.518,0.5040572990045084,reject,reject,True,False,False,6.600000000000073,0.0,5.0,0.0,1.6000000000000736,0,1.0,0,1,1,0.14436651373964263,Abl_G_NoRecedingHorizon
Abl_H_NoAccessConstraints,50149,0.518,0.535476286553167,reject,reject,True,False,False,32.99999999999995,0.0,25.0,0.0,7.999999999999951,0,5.0,0,5,5,0.08166860088646422,Abl_H_NoAccessConstraints
Abl_I_NoStoppingCert,50149,0.518,0.4796126752096187,reject,reject,True,False,False,6.600000000000073,0.0,5.0,0.0,1.6000000000000736,0,1.0,0,1,1,0.14141458336598997,Abl_I_NoStoppingCert
Full_B7,50150,0.518,0.5010164838444433,reject,reject,True,False,False,6.599999999999935,0.0,5.0,0.0,1.5999999999999348,0,1.0,0,1,1,0.14404300990610316,Full_B7
Abl_A_NoBiasModel,50150,0.518,0.4796126752096187,reject,reject,True,False,False,6.599999999999935,0.0,5.0,0.0,1.5999999999999348,0,1.0,0,1,1,0.14141458336598997,Abl_A_NoBiasModel
Abl_B_NoOptionValue,50150,0.518,0.4796126752096187,reject,reject,True,False,False,6.599999999999935,0.0,5.0,0.0,1.5999999999999348,0,1.0,0,1,1,0.14141458336598997,Abl_B_NoOptionValue
Abl_C_NoStateChange,50150,0.518,0.4882359812161245,reject,reject,True,False,False,13.19999999999987,0.0,10.0,0.0,3.1999999999998696,0,2.0,0,2,2,0.14177787345982082,Abl_C_NoStateChange
Abl_E_NoContagion,50150,0.518,0.47995531116433987,reject,reject,True,False,False,6.599999999999935,0.0,5.0,0.0,1.5999999999999348,0,1.0,0,1,1,0.14146160589997134,Abl_E_NoContagion
Abl_F_NoDispositionLoss,50150,0.518,0.4933869383934485,reject,reject,True,False,False,47.743333333333084,0.0,35.0,0.0,12.74333333333308,0,6.0,1,2,3,0.13215197520864558,Abl_F_NoDispositionLoss
Abl_G_NoRecedingHorizon,50150,0.518,0.4906365618297094,reject,reject,True,False,False,6.599999999999935,0.0,5.0,0.0,1.5999999999999348,0,1.0,0,1,1,0.14284602706413516,Abl_G_NoRecedingHorizon
Abl_H_NoAccessConstraints,50150,0.518,0.5106558751198318,reject,reject,True,False,False,32.999999999999815,0.0,25.0,0.0,7.999999999999813,0,5.0,0,5,5,0.08825315353304052,Abl_H_NoAccessConstraints
Abl_I_NoStoppingCert,50150,0.522,0.48145483051920845,reject,reject,True,False,False,13.520203108213636,0.0,5.0,0.0,8.520203108213636,0,1.0,0,1,1,0.14166546912817776,Abl_I_NoStoppingCert
Full_B7,50151,0.518,0.4796126752096187,reject,reject,True,False,False,6.600000000000213,0.0,5.0,0.0,1.6000000000002124,0,1.0,0,1,1,0.14141458336598997,Full_B7
Abl_A_NoBiasModel,50151,0.518,0.49147417235728375,reject,reject,True,False,False,6.600000000000213,0.0,5.0,0.0,1.6000000000002124,0,1.0,0,1,1,0.14294798951950802,Abl_A_NoBiasModel
Abl_B_NoOptionValue,50151,0.518,0.48461776669119877,reject,reject,True,False,False,6.600000000000213,0.0,5.0,0.0,1.6000000000002124,0,1.0,0,1,1,0.14208523821472113,Abl_B_NoOptionValue
Abl_C_NoStateChange,50151,0.518,0.4768663646128307,reject,reject,True,False,False,13.200000000000147,0.0,10.0,0.0,3.200000000000147,0,2.0,0,2,2,0.1408023127869857,Abl_C_NoStateChange
Abl_E_NoContagion,50151,0.518,0.49970209493520834,reject,reject,True,False,False,6.600000000000213,0.0,5.0,0.0,1.6000000000002124,0,1.0,0,1,1,0.14389939350803554,Abl_E_NoContagion
Abl_F_NoDispositionLoss,50151,0.518,0.4865742278105832,reject,reject,True,False,False,47.743333333333354,0.0,35.0,0.0,12.743333333333357,0,6.0,1,2,3,0.131884874084467,Abl_F_NoDispositionLoss
Abl_G_NoRecedingHorizon,50151,0.518,0.48853174675462013,reject,reject,True,False,False,6.600000000000213,0.0,5.0,0.0,1.6000000000002124,0,1.0,0,1,1,0.14258560190444353,Abl_G_NoRecedingHorizon
Abl_H_NoAccessConstraints,50151,0.518,0.553698951460673,reject,reject,True,False,False,33.00000000000009,0.0,25.0,0.0,8.00000000000009,0,5.0,0,5,5,0.08326967144953837,Abl_H_NoAccessConstraints
Abl_I_NoStoppingCert,50151,0.518,0.48022543531861145,reject,reject,True,False,False,6.600000000000213,0.0,5.0,0.0,1.6000000000002124,0,1.0,0,1,1,0.14149856147315484,Abl_I_NoStoppingCert
Full_B7,50152,0.518,0.4796126752096187,reject,reject,True,False,False,6.599999999999935,0.0,5.0,0.0,1.5999999999999348,0,1.0,0,1,1,0.14141458336598997,Full_B7
Abl_A_NoBiasModel,50152,0.518,0.4836471660186345,reject,reject,True,False,False,6.599999999999935,0.0,5.0,0.0,1.5999999999999348,0,1.0,0,1,1,0.14195789730617592,Abl_A_NoBiasModel
Abl_B_NoOptionValue,50152,0.518,0.4796126752096187,reject,reject,True,False,False,6.599999999999935,0.0,5.0,0.0,1.5999999999999348,0,1.0,0,1,1,0.14141458336598997,Abl_B_NoOptionValue
Abl_C_NoStateChange,50152,0.518,0.4768663646128307,reject,reject,True,False,False,13.19999999999987,0.0,10.0,0.0,3.1999999999998696,0,2.0,0,2,2,0.1408023127869857,Abl_C_NoStateChange
Abl_E_NoContagion,50152,0.518,0.4796126752096187,reject,reject,True,False,False,6.599999999999935,0.0,5.0,0.0,1.5999999999999348,0,1.0,0,1,1,0.14141458336598997,Abl_E_NoContagion
Abl_F_NoDispositionLoss,50152,0.518,0.490514777587554,reject,reject,True,False,False,47.743333333333084,0.0,35.0,0.0,12.74333333333308,0,6.0,1,2,3,0.13204385989134604,Abl_F_NoDispositionLoss
Abl_G_NoRecedingHorizon,50152,0.518,0.4796126752096187,reject,reject,True,False,False,6.599999999999935,0.0,5.0,0.0,1.5999999999999348,0,1.0,0,1,1,0.14141458336598997,Abl_G_NoRecedingHorizon
Abl_H_NoAccessConstraints,50152,0.518,0.49742444801594277,reject,reject,True,False,False,32.999999999999815,0.0,25.0,0.0,7.999999999999813,0,5.0,0,5,5,0.08616016460012908,Abl_H_NoAccessConstraints
Abl_I_NoStoppingCert,50152,0.518,0.4796126752096187,reject,reject,True,False,False,6.599999999999935,0.0,5.0,0.0,1.5999999999999348,0,1.0,0,1,1,0.14141458336598997,Abl_I_NoStoppingCert
Full_B7,50153,0.518,0.488908373649661,reject,reject,True,False,False,6.599999999999935,0.0,5.0,0.0,1.5999999999999348,0,1.0,0,1,1,0.14263264428416644,Full_B7
Abl_A_NoBiasModel,50153,0.518,0.4796126752096187,reject,reject,True,False,False,6.599999999999935,0.0,5.0,0.0,1.5999999999999348,0,1.0,0,1,1,0.14141458336598997,Abl_A_NoBiasModel
Abl_B_NoOptionValue,50153,0.518,0.48871816752014147,reject,reject,True,False,False,6.599999999999935,0.0,5.0,0.0,1.5999999999999348,0,1.0,0,1,1,0.14260891086261002,Abl_B_NoOptionValue
Abl_C_NoStateChange,50153,0.518,0.49447362345842283,reject,reject,True,False,False,13.200000000000008,0.0,10.0,0.0,3.200000000000008,0,2.0,0,2,2,0.1422660577728278,Abl_C_NoStateChange
Abl_E_NoContagion,50153,0.518,0.4796126752096187,reject,reject,True,False,False,6.599999999999935,0.0,5.0,0.0,1.5999999999999348,0,1.0,0,1,1,0.14141458336598997,Abl_E_NoContagion
Abl_F_NoDispositionLoss,50153,0.518,0.48745992836825547,reject,reject,True,False,False,47.74333333333322,0.0,35.0,0.0,12.743333333333219,0,6.0,1,2,3,0.13192168429493117,Abl_F_NoDispositionLoss
Abl_G_NoRecedingHorizon,50153,0.518,0.4831490919914086,reject,reject,True,False,False,6.599999999999935,0.0,5.0,0.0,1.5999999999999348,0,1.0,0,1,1,0.14189204561024477,Abl_G_NoRecedingHorizon
Abl_H_NoAccessConstraints,50153,0.518,0.5324234789374651,reject,reject,True,False,False,32.99999999999995,0.0,25.0,0.0,7.999999999999951,0,5.0,0,5,5,0.09143893408724817,Abl_H_NoAccessConstraints
Abl_I_NoStoppingCert,50153,0.518,0.4796126752096187,reject,reject,True,False,False,6.599999999999935,0.0,5.0,0.0,1.5999999999999348,0,1.0,0,1,1,0.14141458336598997,Abl_I_NoStoppingCert
Full_B7,50154,0.518,0.4796126752096187,reject,reject,True,False,False,6.600000000000073,0.0,5.0,0.0,1.6000000000000736,0,1.0,0,1,1,0.14141458336598997,Full_B7
Abl_A_NoBiasModel,50154,0.522,0.4910071168085148,reject,reject,True,False,False,10.95457113442971,0.0,5.0,0.0,5.95457113442971,0,1.0,0,1,1,0.14289125205553127,Abl_A_NoBiasModel
Abl_B_NoOptionValue,50154,0.518,0.4796126752096187,reject,reject,True,False,False,6.600000000000073,0.0,5.0,0.0,1.6000000000000736,0,1.0,0,1,1,0.14141458336598997,Abl_B_NoOptionValue
Abl_C_NoStateChange,50154,0.518,0.4768663646128307,reject,reject,True,False,False,13.200000000000287,0.0,10.0,0.0,3.200000000000286,0,2.0,0,2,2,0.1408023127869857,Abl_C_NoStateChange
Abl_E_NoContagion,50154,0.518,0.4827864952950948,reject,reject,True,False,False,6.600000000000073,0.0,5.0,0.0,1.6000000000000736,0,1.0,0,1,1,0.1418438897701658,Abl_E_NoContagion
Abl_F_NoDispositionLoss,50154,0.518,0.48574097938790367,reject,reject,True,False,False,47.743333333333496,0.0,35.0,0.0,12.743333333333496,0,6.0,1,2,3,0.13184967354804947,Abl_F_NoDispositionLoss
Abl_G_NoRecedingHorizon,50154,0.518,0.4910764238141355,reject,reject,True,False,False,6.600000000000073,0.0,5.0,0.0,1.6000000000000736,0,1.0,0,1,1,0.1428996900778809,Abl_G_NoRecedingHorizon
Abl_H_NoAccessConstraints,50154,0.518,0.539462742762018,reject,reject,True,False,False,33.00000000000023,0.0,25.0,0.0,8.00000000000023,0,5.0,0,5,5,0.08501623556224694,Abl_H_NoAccessConstraints
Abl_I_NoStoppingCert,50154,0.518,0.4796126752096187,reject,reject,True,False,False,6.600000000000073,0.0,5.0,0.0,1.6000000000000736,0,1.0,0,1,1,0.14141458336598997,Abl_I_NoStoppingCert
Full_B7,50155,0.518,0.4824625502542389,reject,reject,True,False,False,6.599999999999935,0.0,5.0,0.0,1.5999999999999348,0,1.0,0,1,1,0.14180071311212825,Full_B7
Abl_A_NoBiasModel,50155,0.518,0.5041688285015622,reject,reject,True,False,False,6.599999999999935,0.0,5.0,0.0,1.5999999999999348,0,1.0,0,1,1,0.14437814752414513,Abl_A_NoBiasModel
Abl_B_NoOptionValue,50155,0.518,0.48287433770712973,reject,reject,True,False,False,6.599999999999935,0.0,5.0,0.0,1.5999999999999348,0,1.0,0,1,1,0.1418555726830291,Abl_B_NoOptionValue
Abl_C_NoStateChange,50155,0.518,0.48458427846702684,reject,reject,True,False,False,13.19999999999987,0.0,10.0,0.0,3.1999999999998696,0,2.0,0,2,2,0.1414766809683442,Abl_C_NoStateChange
Abl_E_NoContagion,50155,0.518,0.4796126752096187,reject,reject,True,False,False,6.599999999999935,0.0,5.0,0.0,1.5999999999999348,0,1.0,0,1,1,0.14141458336598997,Abl_E_NoContagion
Abl_F_NoDispositionLoss,50155,0.524,0.4995863213297686,reject,reject,True,False,False,56.009114678486455,0.0,35.0,0.0,21.00911467848646,0,6.0,1,2,3,0.13236309928289988,Abl_F_NoDispositionLoss
Abl_G_NoRecedingHorizon,50155,0.518,0.4889073297813072,reject,reject,True,False,False,6.599999999999935,0.0,5.0,0.0,1.5999999999999348,0,1.0,0,1,1,0.1426325141675822,Abl_G_NoRecedingHorizon
Abl_H_NoAccessConstraints,50155,0.518,0.5020006652760547,reject,reject,True,False,False,32.999999999999815,0.0,25.0,0.0,7.999999999999813,0,5.0,0,5,5,0.08678902846210851,Abl_H_NoAccessConstraints
Abl_I_NoStoppingCert,50155,0.518,0.4796126752096187,reject,reject,True,False,False,6.599999999999935,0.0,5.0,0.0,1.5999999999999348,0,1.0,0,1,1,0.14141458336598997,Abl_I_NoStoppingCert
Full_B7,50156,0.522,0.48128018220427693,reject,reject,True,False,False,11.906885099014215,0.0,5.0,0.0,6.9068850990142145,0,1.0,0,1,1,0.14164188644585016,Full_B7
Abl_A_NoBiasModel,50156,0.518,0.4796126752096187,reject,reject,True,False,False,6.600000000000073,0.0,5.0,0.0,1.6000000000000736,0,1.0,0,1,1,0.14141458336598997,Abl_A_NoBiasModel
Abl_B_NoOptionValue,50156,0.518,0.48132918409480874,reject,reject,True,False,False,6.600000000000073,0.0,5.0,0.0,1.6000000000000736,0,1.0,0,1,1,0.1416485074317398,Abl_B_NoOptionValue
Abl_C_NoStateChange,50156,0.518,0.47730828825877747,reject,reject,True,False,False,13.200000000000008,0.0,10.0,0.0,3.200000000000008,0,2.0,0,2,2,0.14084232095854862,Abl_C_NoStateChange
Abl_E_NoContagion,50156,0.518,0.4796126752096187,reject,reject,True,False,False,6.600000000000073,0.0,5.0,0.0,1.6000000000000736,0,1.0,0,1,1,0.14141458336598997,Abl_E_NoContagion
Abl_F_NoDispositionLoss,50156,0.518,0.48287543388012705,reject,reject,True,False,False,47.743333333333354,0.0,35.0,0.0,12.743333333333357,0,6.0,1,2,3,0.1317243925128325,Abl_F_NoDispositionLoss
Abl_G_NoRecedingHorizon,50156,0.518,0.4796126752096187,reject,reject,True,False,False,6.600000000000073,0.0,5.0,0.0,1.6000000000000736,0,1.0,0,1,1,0.14141458336598997,Abl_G_NoRecedingHorizon
Abl_H_NoAccessConstraints,50156,0.518,0.49388833627116735,reject,reject,True,False,False,32.99999999999995,0.0,25.0,0.0,7.999999999999951,0,5.0,0,5,5,0.07944545497990668,Abl_H_NoAccessConstraints
Abl_I_NoStoppingCert,50156,0.518,0.4796126752096187,reject,reject,True,False,False,6.600000000000073,0.0,5.0,0.0,1.6000000000000736,0,1.0,0,1,1,0.14141458336598997,Abl_I_NoStoppingCert
Full_B7,50157,0.518,0.4810115053170604,reject,reject,True,False,False,6.599999999999935,0.0,5.0,0.0,1.5999999999999348,0,1.0,0,1,1,0.1416055242453733,Full_B7
Abl_A_NoBiasModel,50157,0.518,0.5091962266709967,reject,reject,True,False,False,6.599999999999935,0.0,5.0,0.0,1.5999999999999348,0,1.0,0,1,1,0.14488564789234376,Abl_A_NoBiasModel
Abl_B_NoOptionValue,50157,0.518,0.4796126752096187,reject,reject,True,False,False,6.599999999999935,0.0,5.0,0.0,1.5999999999999348,0,1.0,0,1,1,0.14141458336598997,Abl_B_NoOptionValue
Abl_C_NoStateChange,50157,0.518,0.5020760133630683,reject,reject,True,False,False,6.599999999999935,0.0,5.0,0.0,1.5999999999999348,0,1.0,0,1,1,0.14415711483651722,Abl_C_NoStateChange
Abl_E_NoContagion,50157,0.518,0.4924367482984067,reject,reject,True,False,False,6.599999999999935,0.0,5.0,0.0,1.5999999999999348,0,1.0,0,1,1,0.1430639912393814,Abl_E_NoContagion
Abl_F_NoDispositionLoss,50157,0.518,0.46031527256482485,reject,reject,True,False,False,39.56999999999986,0.0,30.0,0.0,9.569999999999856,0,5.0,1,1,2,0.13298648197596127,Abl_F_NoDispositionLoss
Abl_G_NoRecedingHorizon,50157,0.518,0.4796126752096187,reject,reject,True,False,False,6.599999999999935,0.0,5.0,0.0,1.5999999999999348,0,1.0,0,1,1,0.14141458336598997,Abl_G_NoRecedingHorizon
Abl_H_NoAccessConstraints,50157,0.518,0.5126556634626563,reject,reject,True,False,False,32.99999999999995,0.0,25.0,0.0,7.999999999999951,0,5.0,0,5,5,0.0829002720434383,Abl_H_NoAccessConstraints
Abl_I_NoStoppingCert,50157,0.518,0.48591272155807586,reject,reject,True,False,False,6.599999999999935,0.0,5.0,0.0,1.5999999999999348,0,1.0,0,1,1,0.1422531121211845,Abl_I_NoStoppingCert
Full_B7,50158,0.518,0.4796126752096187,reject,reject,True,False,False,6.599999999999935,0.0,5.0,0.0,1.5999999999999348,0,1.0,0,1,1,0.14141458336598997,Full_B7
Abl_A_NoBiasModel,50158,0.518,0.4796126752096187,reject,reject,True,False,False,6.599999999999935,0.0,5.0,0.0,1.5999999999999348,0,1.0,0,1,1,0.14141458336598997,Abl_A_NoBiasModel
Abl_B_NoOptionValue,50158,0.518,0.49251862837974303,reject,reject,True,False,False,6.599999999999935,0.0,5.0,0.0,1.5999999999999348,0,1.0,0,1,1,0.14307380096274422,Abl_B_NoOptionValue
Abl_C_NoStateChange,50158,0.518,0.5010614484937741,reject,reject,True,False,False,6.599999999999935,0.0,5.0,0.0,1.5999999999999348,0,1.0,0,1,1,0.14404788248254807,Abl_C_NoStateChange
Abl_E_NoContagion,50158,0.518,0.4827262557769784,reject,reject,True,False,False,6.599999999999935,0.0,5.0,0.0,1.5999999999999348,0,1.0,0,1,1,0.14183587182198787,Abl_E_NoContagion
Abl_F_NoDispositionLoss,50158,0.518,0.4729033821998441,reject,reject,True,False,False,47.743333333333084,0.0,35.0,0.0,12.74333333333308,0,6.0,1,2,3,0.13123712950130162,Abl_F_NoDispositionLoss
Abl_G_NoRecedingHorizon,50158,0.518,0.48634679092105193,reject,reject,True,False,False,6.599999999999935,0.0,5.0,0.0,1.5999999999999348,0,1.0,0,1,1,0.14230886762102285,Abl_G_NoRecedingHorizon
Abl_H_NoAccessConstraints,50158,0.518,0.48491911681800903,reject,reject,True,False,False,46.19999999999982,0.0,35.0,0.0,11.199999999999822,0,7.0,0,7,7,0.07744403340525946,Abl_H_NoAccessConstraints
Abl_I_NoStoppingCert,50158,0.518,0.4796126752096187,reject,reject,True,False,False,6.599999999999935,0.0,5.0,0.0,1.5999999999999348,0,1.0,0,1,1,0.14141458336598997,Abl_I_NoStoppingCert
Full_B7,50159,0.518,0.49157213715150955,reject,reject,True,False,False,6.600000000000351,0.0,5.0,0.0,1.6000000000003511,0,1.0,0,1,1,0.14295985271087608,Full_B7
Abl_A_NoBiasModel,50159,0.518,0.4947384629126031,reject,reject,True,False,False,6.600000000000351,0.0,5.0,0.0,1.6000000000003511,0,1.0,0,1,1,0.14333630716407308,Abl_A_NoBiasModel
Abl_B_NoOptionValue,50159,0.518,0.4796126752096187,reject,reject,True,False,False,6.600000000000351,0.0,5.0,0.0,1.6000000000003511,0,1.0,0,1,1,0.14141458336598997,Abl_B_NoOptionValue
Abl_C_NoStateChange,50159,0.518,0.4839431922982292,reject,reject,True,False,False,13.200000000000287,0.0,10.0,0.0,3.200000000000286,0,2.0,0,2,2,0.14142262388817967,Abl_C_NoStateChange
Abl_E_NoContagion,50159,0.518,0.48172030132962834,reject,reject,True,False,False,6.600000000000351,0.0,5.0,0.0,1.6000000000003511,0,1.0,0,1,1,0.14170123428393622,Abl_E_NoContagion
Abl_F_NoDispositionLoss,50159,0.518,0.49916825451147273,reject,reject,True,False,False,47.743333333333496,0.0,35.0,0.0,12.743333333333496,0,6.0,1,2,3,0.13234981523322284,Abl_F_NoDispositionLoss
Abl_G_NoRecedingHorizon,50159,0.518,0.4889160063889705,reject,reject,True,False,False,6.600000000000351,0.0,5.0,0.0,1.6000000000003511,0,1.0,0,1,1,0.1426335956482529,Abl_G_NoRecedingHorizon
Abl_H_NoAccessConstraints,50159,0.524,0.4999622452389277,reject,reject,True,False,False,48.6491593854593,0.0,30.0,0.0,18.6491593854593,0,6.0,0,6,6,0.07987706894101618,Abl_H_NoAccessConstraints
Abl_I_NoStoppingCert,50159,0.518,0.4796126752096187,reject,reject,True,False,False,6.600000000000351,0.0,5.0,0.0,1.6000000000003511,0,1.0,0,1,1,0.14141458336598997,Abl_I_NoStoppingCert
Full_B7,50160,0.518,0.4802275418292353,reject,reject,True,False,False,6.599999999999935,0.0,5.0,0.0,1.5999999999999348,0,1.0,0,1,1,0.1414988492636788,Full_B7
Abl_A_NoBiasModel,50160,0.518,0.49434054731709126,reject,reject,True,False,False,6.599999999999935,0.0,5.0,0.0,1.5999999999999348,0,1.0,0,1,1,0.14328973950441842,Abl_A_NoBiasModel
Abl_B_NoOptionValue,50160,0.518,0.4901776282861155,reject,reject,True,False,False,6.599999999999935,0.0,5.0,0.0,1.5999999999999348,0,1.0,0,1,1,0.1427897575174661,Abl_B_NoOptionValue
Abl_C_NoStateChange,50160,0.518,0.4768663646128307,reject,reject,True,False,False,13.200000000000008,0.0,10.0,0.0,3.200000000000008,0,2.0,0,2,2,0.1408023127869857,Abl_C_NoStateChange
Abl_E_NoContagion,50160,0.518,0.4796126752096187,reject,reject,True,False,False,6.599999999999935,0.0,5.0,0.0,1.5999999999999348,0,1.0,0,1,1,0.14141458336598997,Abl_E_NoContagion
Abl_F_NoDispositionLoss,50160,0.518,0.4893502697338302,reject,reject,True,False,False,47.743333333333354,0.0,35.0,0.0,12.743333333333357,0,6.0,1,2,3,0.13199816097522496,Abl_F_NoDispositionLoss
Abl_G_NoRecedingHorizon,50160,0.518,0.48206840680191243,reject,reject,True,False,False,6.599999999999935,0.0,5.0,0.0,1.5999999999999348,0,1.0,0,1,1,0.1417479838569319,Abl_G_NoRecedingHorizon
Abl_H_NoAccessConstraints,50160,0.518,0.5186897364444991,reject,reject,True,False,False,33.00000000000009,0.0,25.0,0.0,8.00000000000009,0,5.0,0,5,5,0.0838052806279711,Abl_H_NoAccessConstraints
Abl_I_NoStoppingCert,50160,0.518,0.4796126752096187,reject,reject,True,False,False,6.599999999999935,0.0,5.0,0.0,1.5999999999999348,0,1.0,0,1,1,0.14141458336598997,Abl_I_NoStoppingCert
Full_B7,50161,0.518,0.4796126752096187,reject,reject,True,False,False,6.600000000000073,0.0,5.0,0.0,1.6000000000000736,0,1.0,0,1,1,0.14141458336598997,Full_B7
Abl_A_NoBiasModel,50161,0.518,0.47971110953702867,reject,reject,True,False,False,6.600000000000073,0.0,5.0,0.0,1.6000000000000736,0,1.0,0,1,1,0.14142810905490039,Abl_A_NoBiasModel
Abl_B_NoOptionValue,50161,0.518,0.48935564598665693,reject,reject,True,False,False,6.600000000000073,0.0,5.0,0.0,1.6000000000000736,0,1.0,0,1,1,0.14268825951541425,Abl_B_NoOptionValue
Abl_C_NoStateChange,50161,0.518,0.4768663646128307,reject,reject,True,False,False,13.200000000000008,0.0,10.0,0.0,3.200000000000008,0,2.0,0,2,2,0.1408023127869857,Abl_C_NoStateChange
Abl_E_NoContagion,50161,0.518,0.496250313668224,reject,reject,True,False,False,6.600000000000073,0.0,5.0,0.0,1.6000000000000736,0,1.0,0,1,1,0.1435113007635352,Abl_E_NoContagion
Abl_F_NoDispositionLoss,50161,0.524,0.480653086533092,reject,reject,True,False,False,56.49055946535083,0.0,35.0,0.0,21.49055946535083,0,6.0,1,2,3,0.13162271452083202,Abl_F_NoDispositionLoss
Abl_G_NoRecedingHorizon,50161,0.518,0.4796126752096187,reject,reject,True,False,False,6.600000000000073,0.0,5.0,0.0,1.6000000000000736,0,1.0,0,1,1,0.14141458336598997,Abl_G_NoRecedingHorizon
Abl_H_NoAccessConstraints,50161,0.518,0.488498390397435,reject,reject,True,False,False,46.19999999999996,0.0,35.0,0.0,11.19999999999996,0,7.0,0,7,7,0.07453481689031673,Abl_H_NoAccessConstraints
Abl_I_NoStoppingCert,50161,0.518,0.4796126752096187,reject,reject,True,False,False,6.600000000000073,0.0,5.0,0.0,1.6000000000000736,0,1.0,0,1,1,0.14141458336598997,Abl_I_NoStoppingCert
Full_B7,50162,0.518,0.4796126752096187,reject,reject,True,False,False,6.599999999999935,0.0,5.0,0.0,1.5999999999999348,0,1.0,0,1,1,0.14141458336598997,Full_B7
Abl_A_NoBiasModel,50162,0.518,0.49552664047572625,reject,reject,True,False,False,6.599999999999935,0.0,5.0,0.0,1.5999999999999348,0,1.0,0,1,1,0.14342791932845042,Abl_A_NoBiasModel
Abl_B_NoOptionValue,50162,0.518,0.48248405119232596,reject,reject,True,False,False,6.599999999999935,0.0,5.0,0.0,1.5999999999999348,0,1.0,0,1,1,0.14180358334888632,Abl_B_NoOptionValue
Abl_C_NoStateChange,50162,0.518,0.48709167760479755,reject,reject,True,False,False,13.200000000000008,0.0,10.0,0.0,3.200000000000008,0,2.0,0,2,2,0.1416847195560676,Abl_C_NoStateChange
Abl_E_NoContagion,50162,0.518,0.48027189265088177,reject,reject,True,False,False,6.599999999999935,0.0,5.0,0.0,1.5999999999999348,0,1.0,0,1,1,0.14150490701487564,Abl_E_NoContagion
Abl_F_NoDispositionLoss,50162,0.518,0.47443374691274504,reject,reject,True,False,False,47.74333333333322,0.0,35.0,0.0,12.743333333333219,0,6.0,1,2,3,0.13131710452369627,Abl_F_NoDispositionLoss
Abl_G_NoRecedingHorizon,50162,0.518,0.4796126752096187,reject,reject,True,False,False,6.599999999999935,0.0,5.0,0.0,1.5999999999999348,0,1.0,0,1,1,0.14141458336598997,Abl_G_NoRecedingHorizon
Abl_H_NoAccessConstraints,50162,0.518,0.49476574853551014,reject,reject,True,False,False,32.999999999999815,0.0,25.0,0.0,7.999999999999813,0,5.0,0,5,5,0.08004890595458915,Abl_H_NoAccessConstraints
Abl_I_NoStoppingCert,50162,0.518,0.4880017318651899,reject,reject,True,False,False,6.599999999999935,0.0,5.0,0.0,1.5999999999999348,0,1.0,0,1,1,0.14251907288362067,Abl_I_NoStoppingCert
Full_B7,50163,0.518,0.48122268276011526,reject,reject,True,False,False,6.599999999999935,0.0,5.0,0.0,1.5999999999999348,0,1.0,0,1,1,0.14163411303560738,Full_B7
Abl_A_NoBiasModel,50163,0.518,0.4841212010094761,reject,reject,True,False,False,6.599999999999935,0.0,5.0,0.0,1.5999999999999348,0,1.0,0,1,1,0.14202025224018577,Abl_A_NoBiasModel
Abl_B_NoOptionValue,50163,0.518,0.4796126752096187,reject,reject,True,False,False,6.599999999999935,0.0,5.0,0.0,1.5999999999999348,0,1.0,0,1,1,0.14141458336598997,Abl_B_NoOptionValue
Abl_C_NoStateChange,50163,0.52,0.4768663646128307,reject,reject,True,False,False,16.01167789522794,0.0,10.0,0.0,6.01167789522794,0,2.0,0,2,2,0.1408023127869857,Abl_C_NoStateChange
Abl_E_NoContagion,50163,0.518,0.4871726190743105,reject,reject,True,False,False,6.599999999999935,0.0,5.0,0.0,1.5999999999999348,0,1.0,0,1,1,0.14241423034616482,Abl_E_NoContagion
Abl_F_NoDispositionLoss,50163,0.518,0.49247164916875813,reject,reject,True,False,False,47.74333333333322,0.0,35.0,0.0,12.743333333333219,0,6.0,1,2,3,0.1321182309998941,Abl_F_NoDispositionLoss
Abl_G_NoRecedingHorizon,50163,0.518,0.4835775992896205,reject,reject,True,False,False,6.599999999999935,0.0,5.0,0.0,1.5999999999999348,0,1.0,0,1,1,0.1419487203171743,Abl_G_NoRecedingHorizon
Abl_H_NoAccessConstraints,50163,0.518,0.5251161579558791,reject,reject,True,False,False,32.99999999999995,0.0,25.0,0.0,7.999999999999951,0,5.0,0,5,5,0.08180163055457855,Abl_H_NoAccessConstraints
Abl_I_NoStoppingCert,50163,0.518,0.4853827301880159,reject,reject,True,False,False,6.599999999999935,0.0,5.0,0.0,1.5999999999999348,0,1.0,0,1,1,0.14218468462298248,Abl_I_NoStoppingCert
Full_B7,50164,0.518,0.4869341608561357,reject,reject,True,False,False,6.599999999999935,0.0,5.0,0.0,1.5999999999999348,0,1.0,0,1,1,0.14238390278383478,Full_B7
Abl_A_NoBiasModel,50164,0.518,0.4796126752096187,reject,reject,True,False,False,6.599999999999935,0.0,5.0,0.0,1.5999999999999348,0,1.0,0,1,1,0.14141458336598997,Abl_A_NoBiasModel
Abl_B_NoOptionValue,50164,0.518,0.4865679384210508,reject,reject,True,False,False,6.599999999999935,0.0,5.0,0.0,1.5999999999999348,0,1.0,0,1,1,0.14233717422906123,Abl_B_NoOptionValue
Abl_C_NoStateChange,50164,0.518,0.49260716523296644,reject,reject,True,False,False,13.200000000000008,0.0,10.0,0.0,3.200000000000008,0,2.0,0,2,2,0.14212344322876802,Abl_C_NoStateChange
Abl_E_NoContagion,50164,0.518,0.4796126752096187,reject,reject,True,False,False,6.599999999999935,0.0,5.0,0.0,1.5999999999999348,0,1.0,0,1,1,0.14141458336598997,Abl_E_NoContagion
Abl_F_NoDispositionLoss,50164,0.518,0.49709207351943296,reject,reject,True,False,False,47.74333333333322,0.0,35.0,0.0,12.743333333333219,0,6.0,1,2,3,0.13228180370037781,Abl_F_NoDispositionLoss
Abl_G_NoRecedingHorizon,50164,0.518,0.490952625724428,reject,reject,True,False,False,6.599999999999935,0.0,5.0,0.0,1.5999999999999348,0,1.0,0,1,1,0.142884613277488,Abl_G_NoRecedingHorizon
Abl_H_NoAccessConstraints,50164,0.524,0.5248216357798177,reject,reject,True,False,False,41.780011981926414,0.0,25.0,0.0,16.780011981926414,0,5.0,0,5,5,0.08563182038371833,Abl_H_NoAccessConstraints
Abl_I_NoStoppingCert,50164,0.518,0.48788089892379327,reject,reject,True,False,False,6.599999999999935,0.0,5.0,0.0,1.5999999999999348,0,1.0,0,1,1,0.14250385188356296,Abl_I_NoStoppingCert
Full_B7,50165,0.518,0.4796126752096187,reject,reject,True,False,False,6.599999999999935,0.0,5.0,0.0,1.5999999999999348,0,1.0,0,1,1,0.14141458336598997,Full_B7
Abl_A_NoBiasModel,50165,0.518,0.4796126752096187,reject,reject,True,False,False,6.599999999999935,0.0,5.0,0.0,1.5999999999999348,0,1.0,0,1,1,0.14141458336598997,Abl_A_NoBiasModel
Abl_B_NoOptionValue,50165,0.518,0.4796126752096187,reject,reject,True,False,False,6.599999999999935,0.0,5.0,0.0,1.5999999999999348,0,1.0,0,1,1,0.14141458336598997,Abl_B_NoOptionValue
Abl_C_NoStateChange,50165,0.518,0.47766669324248356,reject,reject,True,False,False,13.19999999999987,0.0,10.0,0.0,3.1999999999998696,0,2.0,0,2,2,0.14087464311341788,Abl_C_NoStateChange
Abl_E_NoContagion,50165,0.518,0.4796126752096187,reject,reject,True,False,False,6.599999999999935,0.0,5.0,0.0,1.5999999999999348,0,1.0,0,1,1,0.14141458336598997,Abl_E_NoContagion
Abl_F_NoDispositionLoss,50165,0.518,0.4852769034287968,reject,reject,True,False,False,47.743333333333354,0.0,35.0,0.0,12.743333333333357,0,6.0,1,2,3,0.13182982881055322,Abl_F_NoDispositionLoss
Abl_G_NoRecedingHorizon,50165,0.518,0.4796126752096187,reject,reject,True,False,False,6.599999999999935,0.0,5.0,0.0,1.5999999999999348,0,1.0,0,1,1,0.14141458336598997,Abl_G_NoRecedingHorizon
Abl_H_NoAccessConstraints,50165,0.52,0.511930330471725,reject,reject,True,False,False,35.70440653110447,0.0,25.0,0.0,10.704406531104466,0,5.0,0,5,5,0.08395294416587457,Abl_H_NoAccessConstraints
Abl_I_NoStoppingCert,50165,0.518,0.4819273932042824,reject,reject,True,False,False,6.599999999999935,0.0,5.0,0.0,1.5999999999999348,0,1.0,0,1,1,0.14172906641515332,Abl_I_NoStoppingCert
Full_B7,50166,0.518,0.4815804415182699,reject,reject,True,False,False,6.599999999999935,0.0,5.0,0.0,1.5999999999999348,0,1.0,0,1,1,0.1416824040939533,Full_B7
Abl_A_NoBiasModel,50166,0.518,0.4796126752096187,reject,reject,True,False,False,6.599999999999935,0.0,5.0,0.0,1.5999999999999348,0,1.0,0,1,1,0.14141458336598997,Abl_A_NoBiasModel
Abl_B_NoOptionValue,50166,0.518,0.4939438165800455,reject,reject,True,False,False,6.599999999999935,0.0,5.0,0.0,1.5999999999999348,0,1.0,0,1,1,0.14324309863604223,Abl_B_NoOptionValue
Abl_C_NoStateChange,50166,0.518,0.48159165543865445,reject,reject,True,False,False,13.19999999999987,0.0,10.0,0.0,3.1999999999998696,0,2.0,0,2,2,0.14122130971282354,Abl_C_NoStateChange
Abl_E_NoContagion,50166,0.518,0.48625900715281273,reject,reject,True,False,False,6.599999999999935,0.0,5.0,0.0,1.5999999999999348,0,1.0,0,1,1,0.14229761280392406,Abl_E_NoContagion
Abl_F_NoDispositionLoss,50166,0.518,0.4812258893001797,reject,reject,True,False,False,47.743333333333084,0.0,35.0,0.0,12.74333333333308,0,6.0,1,2,3,0.13164929977008988,Abl_F_NoDispositionLoss
Abl_G_NoRecedingHorizon,50166,0.518,0.5049350892560605,reject,reject,True,False,False,6.599999999999935,0.0,5.0,0.0,1.5999999999999348,0,1.0,0,1,1,0.14445763548483082,Abl_G_NoRecedingHorizon
Abl_H_NoAccessConstraints,50166,0.518,0.5193780804927624,reject,reject,True,False,False,32.999999999999815,0.0,25.0,0.0,7.999999999999813,0,5.0,0,5,5,0.08193626284534113,Abl_H_NoAccessConstraints
Abl_I_NoStoppingCert,50166,0.518,0.4796126752096187,reject,reject,True,False,False,6.599999999999935,0.0,5.0,0.0,1.5999999999999348,0,1.0,0,1,1,0.14141458336598997,Abl_I_NoStoppingCert
Full_B7,50167,0.518,0.4796126752096187,reject,reject,True,False,False,6.599999999999935,0.0,5.0,0.0,1.5999999999999348,0,1.0,0,1,1,0.14141458336598997,Full_B7
Abl_A_NoBiasModel,50167,0.518,0.4875655217720607,reject,reject,True,False,False,6.599999999999935,0.0,5.0,0.0,1.5999999999999348,0,1.0,0,1,1,0.1424640306645385,Abl_A_NoBiasModel
Abl_B_NoOptionValue,50167,0.518,0.4796126752096187,reject,reject,True,False,False,6.599999999999935,0.0,5.0,0.0,1.5999999999999348,0,1.0,0,1,1,0.14141458336598997,Abl_B_NoOptionValue
Abl_C_NoStateChange,50167,0.518,0.4976671087245254,reject,reject,True,False,False,13.200000000000008,0.0,10.0,0.0,3.200000000000008,0,2.0,0,2,2,0.1425032466127209,Abl_C_NoStateChange
Abl_E_NoContagion,50167,0.518,0.48423233863330795,reject,reject,True,False,False,6.599999999999935,0.0,5.0,0.0,1.5999999999999348,0,1.0,0,1,1,0.14203482646592738,Abl_E_NoContagion
Abl_F_NoDispositionLoss,50167,0.518,0.480802044548593,reject,reject,True,False,False,47.74333333333322,0.0,35.0,0.0,12.743333333333219,0,6.0,1,2,3,0.13162965332662516,Abl_F_NoDispositionLoss
Abl_G_NoRecedingHorizon,50167,0.518,0.4804185553098942,reject,reject,True,False,False,6.599999999999935,0.0,5.0,0.0,1.5999999999999348,0,1.0,0,1,1,0.1415249196989891,Abl_G_NoRecedingHorizon
Abl_H_NoAccessConstraints,50167,0.518,0.5304580749494587,reject,reject,True,False,False,32.999999999999815,0.0,25.0,0.0,7.999999999999813,0,5.0,0,5,5,0.08038413898352664,Abl_H_NoAccessConstraints
Abl_I_NoStoppingCert,50167,0.518,0.4796126752096187,reject,reject,True,False,False,6.599999999999935,0.0,5.0,0.0,1.5999999999999348,0,1.0,0,1,1,0.14141458336598997,Abl_I_NoStoppingCert
Full_B7,50168,0.518,0.48260494833435175,reject,reject,True,False,False,6.599999999999935,0.0,5.0,0.0,1.5999999999999348,0,1.0,0,1,1,0.1418197104025055,Full_B7
Abl_A_NoBiasModel,50168,0.518,0.4938266823679309,reject,reject,True,False,False,6.599999999999935,0.0,5.0,0.0,1.5999999999999348,0,1.0,0,1,1,0.14322928750106473,Abl_A_NoBiasModel
Abl_B_NoOptionValue,50168,0.518,0.4796126752096187,reject,reject,True,False,False,6.599999999999935,0.0,5.0,0.0,1.5999999999999348,0,1.0,0,1,1,0.14141458336598997,Abl_B_NoOptionValue
Abl_C_NoStateChange,50168,0.518,0.4768663646128307,reject,reject,True,False,False,13.19999999999987,0.0,10.0,0.0,3.1999999999998696,0,2.0,0,2,2,0.1408023127869857,Abl_C_NoStateChange
Abl_E_NoContagion,50168,0.518,0.4796126752096187,reject,reject,True,False,False,6.599999999999935,0.0,5.0,0.0,1.5999999999999348,0,1.0,0,1,1,0.14141458336598997,Abl_E_NoContagion
Abl_F_NoDispositionLoss,50168,0.518,0.4901083030136263,reject,reject,True,False,False,47.74333333333322,0.0,35.0,0.0,12.743333333333219,0,6.0,1,2,3,0.13202803085539286,Abl_F_NoDispositionLoss
Abl_G_NoRecedingHorizon,50168,0.518,0.48225573844722885,reject,reject,True,False,False,6.599999999999935,0.0,5.0,0.0,1.5999999999999348,0,1.0,0,1,1,0.1417730723191373,Abl_G_NoRecedingHorizon
Abl_H_NoAccessConstraints,50168,0.518,0.5275957142980868,reject,reject,True,False,False,32.99999999999995,0.0,25.0,0.0,7.999999999999951,0,5.0,0,5,5,0.08692602709232863,Abl_H_NoAccessConstraints
Abl_I_NoStoppingCert,50168,0.518,0.4796126752096187,reject,reject,True,False,False,6.599999999999935,0.0,5.0,0.0,1.5999999999999348,0,1.0,0,1,1,0.14141458336598997,Abl_I_NoStoppingCert
Full_B7,50169,0.518,0.4836445542931311,reject,reject,True,False,False,6.599999999999935,0.0,5.0,0.0,1.5999999999999348,0,1.0,0,1,1,0.14195755289774667,Full_B7
Abl_A_NoBiasModel,50169,0.518,0.4853852551706893,reject,reject,True,False,False,6.599999999999935,0.0,5.0,0.0,1.5999999999999348,0,1.0,0,1,1,0.1421850115406408,Abl_A_NoBiasModel
Abl_B_NoOptionValue,50169,0.518,0.4796126752096187,reject,reject,True,False,False,6.599999999999935,0.0,5.0,0.0,1.5999999999999348,0,1.0,0,1,1,0.14141458336598997,Abl_B_NoOptionValue
Abl_C_NoStateChange,50169,0.518,0.47812035522050395,reject,reject,True,False,False,13.200000000000008,0.0,10.0,0.0,3.200000000000008,0,2.0,0,2,2,0.140915395554055,Abl_C_NoStateChange
Abl_E_NoContagion,50169,0.518,0.4796126752096187,reject,reject,True,False,False,6.599999999999935,0.0,5.0,0.0,1.5999999999999348,0,1.0,0,1,1,0.14141458336598997,Abl_E_NoContagion
Abl_F_NoDispositionLoss,50169,0.518,0.46053794151933625,reject,reject,True,False,False,39.56999999999999,0.0,30.0,0.0,9.569999999999995,0,5.0,1,1,2,0.1330061401475451,Abl_F_NoDispositionLoss
Abl_G_NoRecedingHorizon,50169,0.518,0.4796126752096187,reject,reject,True,False,False,6.599999999999935,0.0,5.0,0.0,1.5999999999999348,0,1.0,0,1,1,0.14141458336598997,Abl_G_NoRecedingHorizon
Abl_H_NoAccessConstraints,50169,0.518,0.5229810662558074,reject,reject,True,False,False,32.999999999999815,0.0,25.0,0.0,7.999999999999813,0,5.0,0,5,5,0.0856035772331418,Abl_H_NoAccessConstraints
Abl_I_NoStoppingCert,50169,0.518,0.4852813902354559,reject,reject,True,False,False,6.599999999999935,0.0,5.0,0.0,1.5999999999999348,0,1.0,0,1,1,0.14217155657149283,Abl_I_NoStoppingCert
Full_B7,50170,0.518,0.48094991698177625,reject,reject,True,False,False,6.599999999999935,0.0,5.0,0.0,1.5999999999999348,0,1.0,0,1,1,0.14159717484079296,Full_B7
Abl_A_NoBiasModel,50170,0.518,0.4857331337518505,reject,reject,True,False,False,6.599999999999935,0.0,5.0,0.0,1.5999999999999348,0,1.0,0,1,1,0.14222996868382368,Abl_A_NoBiasModel
Abl_B_NoOptionValue,50170,0.518,0.4796126752096187,reject,reject,True,False,False,6.599999999999935,0.0,5.0,0.0,1.5999999999999348,0,1.0,0,1,1,0.14141458336598997,Abl_B_NoOptionValue
Abl_C_NoStateChange,50170,0.518,0.4799112635243567,reject,reject,True,False,False,13.200000000000008,0.0,10.0,0.0,3.200000000000008,0,2.0,0,2,2,0.1410745264943551,Abl_C_NoStateChange
Abl_E_NoContagion,50170,0.518,0.48629688032768525,reject,reject,True,False,False,6.599999999999935,0.0,5.0,0.0,1.5999999999999348,0,1.0,0,1,1,0.1423024698466077,Abl_E_NoContagion
Abl_F_NoDispositionLoss,50170,0.518,0.4870080652620533,reject,reject,True,False,False,47.743333333333496,0.0,35.0,0.0,12.743333333333496,0,6.0,1,2,3,0.13190298263038455,Abl_F_NoDispositionLoss
Abl_G_NoRecedingHorizon,50170,0.518,0.4796126752096187,reject,reject,True,False,False,6.599999999999935,0.0,5.0,0.0,1.5999999999999348,0,1.0,0,1,1,0.14141458336598997,Abl_G_NoRecedingHorizon
Abl_H_NoAccessConstraints,50170,0.518,0.5409968392066892,reject,reject,True,False,False,33.00000000000009,0.0,25.0,0.0,8.00000000000009,0,5.0,0,5,5,0.08350379179060965,Abl_H_NoAccessConstraints
Abl_I_NoStoppingCert,50170,0.518,0.4796126752096187,reject,reject,True,False,False,6.599999999999935,0.0,5.0,0.0,1.5999999999999348,0,1.0,0,1,1,0.14141458336598997,Abl_I_NoStoppingCert
Full_B7,50171,0.518,0.4881338450496891,reject,reject,True,False,False,6.600000000000073,0.0,5.0,0.0,1.6000000000000736,0,1.0,0,1,1,0.14253569200111535,Full_B7
Abl_A_NoBiasModel,50171,0.518,0.4799845252452634,reject,reject,True,False,False,6.600000000000073,0.0,5.0,0.0,1.6000000000000736,0,1.0,0,1,1,0.14146560758044324,Abl_A_NoBiasModel
Abl_B_NoOptionValue,50171,0.518,0.4796126752096187,reject,reject,True,False,False,6.600000000000073,0.0,5.0,0.0,1.6000000000000736,0,1.0,0,1,1,0.14141458336598997,Abl_B_NoOptionValue
Abl_C_NoStateChange,50171,0.518,0.4842159887824816,reject,reject,True,False,False,13.200000000000008,0.0,10.0,0.0,3.200000000000008,0,2.0,0,2,2,0.141445669573718,Abl_C_NoStateChange
Abl_E_NoContagion,50171,0.518,0.4796126752096187,reject,reject,True,False,False,6.600000000000073,0.0,5.0,0.0,1.6000000000000736,0,1.0,0,1,1,0.14141458336598997,Abl_E_NoContagion
Abl_F_NoDispositionLoss,50171,0.52,0.48699033724610163,reject,reject,True,False,False,51.00455907008788,0.0,35.0,0.0,16.004559070087883,0,6.0,1,2,3,0.13190224559230374,Abl_F_NoDispositionLoss
Abl_G_NoRecedingHorizon,50171,0.518,0.4796126752096187,reject,reject,True,False,False,6.600000000000073,0.0,5.0,0.0,1.6000000000000736,0,1.0,0,1,1,0.14141458336598997,Abl_G_NoRecedingHorizon
Abl_H_NoAccessConstraints,50171,0.518,0.5464941226108839,reject,reject,True,False,False,32.99999999999995,0.0,25.0,0.0,7.999999999999951,0,5.0,0,5,5,0.08076715521503082,Abl_H_NoAccessConstraints
Abl_I_NoStoppingCert,50171,0.518,0.479917493121612,reject,reject,True,False,False,6.600000000000073,0.0,5.0,0.0,1.6000000000000736,0,1.0,0,1,1,0.14145642389716756,Abl_I_NoStoppingCert
Full_B7,50172,0.518,0.4796126752096187,reject,reject,True,False,False,6.600000000000351,0.0,5.0,0.0,1.6000000000003511,0,1.0,0,1,1,0.14141458336598997,Full_B7
Abl_A_NoBiasModel,50172,0.518,0.4877556033029122,reject,reject,True,False,False,6.600000000000351,0.0,5.0,0.0,1.6000000000003511,0,1.0,0,1,1,0.1424880476616192,Abl_A_NoBiasModel
Abl_B_NoOptionValue,50172,0.518,0.4796126752096187,reject,reject,True,False,False,6.600000000000351,0.0,5.0,0.0,1.6000000000003511,0,1.0,0,1,1,0.14141458336598997,Abl_B_NoOptionValue
Abl_C_NoStateChange,50172,0.518,0.47858866257985005,reject,reject,True,False,False,13.200000000000287,0.0,10.0,0.0,3.200000000000286,0,2.0,0,2,2,0.14095727586396553,Abl_C_NoStateChange
Abl_E_NoContagion,50172,0.518,0.4796126752096187,reject,reject,True,False,False,6.600000000000351,0.0,5.0,0.0,1.6000000000003511,0,1.0,0,1,1,0.14141458336598997,Abl_E_NoContagion
Abl_F_NoDispositionLoss,50172,0.518,0.48360596576483167,reject,reject,True,False,False,47.743333333333496,0.0,35.0,0.0,12.743333333333496,0,6.0,1,2,3,0.13175695372307705,Abl_F_NoDispositionLoss
Abl_G_NoRecedingHorizon,50172,0.518,0.48343174843827114,reject,reject,True,False,False,6.600000000000351,0.0,5.0,0.0,1.6000000000003511,0,1.0,0,1,1,0.14192945848441016,Abl_G_NoRecedingHorizon
Abl_H_NoAccessConstraints,50172,0.518,0.5143219268822063,reject,reject,True,False,False,33.00000000000023,0.0,25.0,0.0,8.00000000000023,0,5.0,0,5,5,0.08884550633864854,Abl_H_NoAccessConstraints
Abl_I_NoStoppingCert,50172,0.518,0.48840932550457605,reject,reject,True,False,False,6.600000000000351,0.0,5.0,0.0,1.6000000000003511,0,1.0,0,1,1,0.14257026928362793,Abl_I_NoStoppingCert
Full_B7,50173,0.518,0.4796126752096187,reject,reject,True,False,False,6.599999999999935,0.0,5.0,0.0,1.5999999999999348,0,1.0,0,1,1,0.14141458336598997,Full_B7
Abl_A_NoBiasModel,50173,0.518,0.4796126752096187,reject,reject,True,False,False,6.599999999999935,0.0,5.0,0.0,1.5999999999999348,0,1.0,0,1,1,0.14141458336598997,Abl_A_NoBiasModel
Abl_B_NoOptionValue,50173,0.518,0.4796126752096187,reject,reject,True,False,False,6.599999999999935,0.0,5.0,0.0,1.5999999999999348,0,1.0,0,1,1,0.14141458336598997,Abl_B_NoOptionValue
Abl_C_NoStateChange,50173,0.518,0.47920165060202075,reject,reject,True,False,False,13.200000000000147,0.0,10.0,0.0,3.200000000000147,0,2.0,0,2,2,0.14101180693256024,Abl_C_NoStateChange
Abl_E_NoContagion,50173,0.518,0.4796126752096187,reject,reject,True,False,False,6.599999999999935,0.0,5.0,0.0,1.5999999999999348,0,1.0,0,1,1,0.14141458336598997,Abl_E_NoContagion
Abl_F_NoDispositionLoss,50173,0.518,0.4879439045028414,reject,reject,True,False,False,47.743333333333354,0.0,35.0,0.0,12.743333333333357,0,6.0,1,2,3,0.13194153487126892,Abl_F_NoDispositionLoss
Abl_G_NoRecedingHorizon,50173,0.518,0.4879499242782271,reject,reject,True,False,False,6.599999999999935,0.0,5.0,0.0,1.5999999999999348,0,1.0,0,1,1,0.142512549264335,Abl_G_NoRecedingHorizon
Abl_H_NoAccessConstraints,50173,0.518,0.5221518285071448,reject,reject,True,False,False,32.99999999999995,0.0,25.0,0.0,7.999999999999952,0,5.0,0,5,5,0.08330279796834407,Abl_H_NoAccessConstraints
Abl_I_NoStoppingCert,50173,0.518,0.4796126752096187,reject,reject,True,False,False,6.599999999999935,0.0,5.0,0.0,1.5999999999999348,0,1.0,0,1,1,0.14141458336598997,Abl_I_NoStoppingCert
Full_B7,50174,0.518,0.4796126752096187,reject,reject,True,False,False,6.600000000000073,0.0,5.0,0.0,1.6000000000000736,0,1.0,0,1,1,0.14141458336598997,Full_B7
Abl_A_NoBiasModel,50174,0.518,0.4796126752096187,reject,reject,True,False,False,6.600000000000073,0.0,5.0,0.0,1.6000000000000736,0,1.0,0,1,1,0.14141458336598997,Abl_A_NoBiasModel
Abl_B_NoOptionValue,50174,0.52,0.4796126752096187,reject,reject,True,False,False,8.980086656224513,0.0,5.0,0.0,3.980086656224513,0,1.0,0,1,1,0.14141458336598997,Abl_B_NoOptionValue
Abl_C_NoStateChange,50174,0.518,0.47726183269848665,reject,reject,True,False,False,13.200000000000008,0.0,10.0,0.0,3.200000000000008,0,2.0,0,2,2,0.1408381232528183,Abl_C_NoStateChange
Abl_E_NoContagion,50174,0.518,0.47965601731801205,reject,reject,True,False,False,6.600000000000073,0.0,5.0,0.0,1.6000000000000736,0,1.0,0,1,1,0.14142054059855333,Abl_E_NoContagion
Abl_F_NoDispositionLoss,50174,0.526,0.4902005466075211,reject,reject,True,False,False,60.37785448456536,0.0,35.0,0.0,25.377854484565365,0,6.0,1,2,3,0.1320316345303217,Abl_F_NoDispositionLoss
Abl_G_NoRecedingHorizon,50174,0.518,0.4946380208864287,reject,reject,True,False,False,6.600000000000073,0.0,5.0,0.0,1.6000000000000736,0,1.0,0,1,1,0.14332457260408493,Abl_G_NoRecedingHorizon
Abl_H_NoAccessConstraints,50174,0.518,0.5155389967556321,reject,reject,True,False,False,32.99999999999995,0.0,25.0,0.0,7.999999999999951,0,5.0,0,5,5,0.08262624637382558,Abl_H_NoAccessConstraints
Abl_I_NoStoppingCert,50174,0.518,0.48331903719274605,reject,reject,True,False,False,6.600000000000073,0.0,5.0,0.0,1.6000000000000736,0,1.0,0,1,1,0.1419145530893455,Abl_I_NoStoppingCert
Full_B7,50175,0.518,0.4961154015051058,reject,reject,True,False,False,6.599999999999935,0.0,5.0,0.0,1.5999999999999348,0,1.0,0,1,1,0.14349580939106335,Full_B7
Abl_A_NoBiasModel,50175,0.518,0.482486536019163,reject,reject,True,False,False,6.599999999999935,0.0,5.0,0.0,1.5999999999999348,0,1.0,0,1,1,0.14180391501593761,Abl_A_NoBiasModel
Abl_B_NoOptionValue,50175,0.518,0.4796126752096187,reject,reject,True,False,False,6.599999999999935,0.0,5.0,0.0,1.5999999999999348,0,1.0,0,1,1,0.14141458336598997,Abl_B_NoOptionValue
Abl_C_NoStateChange,50175,0.518,0.4899965388586221,reject,reject,True,False,False,13.19999999999987,0.0,10.0,0.0,3.1999999999998696,0,2.0,0,2,2,0.14191901203591012,Abl_C_NoStateChange
Abl_E_NoContagion,50175,0.518,0.4808002981695612,reject,reject,True,False,False,6.599999999999935,0.0,5.0,0.0,1.5999999999999348,0,1.0,0,1,1,0.14157686931480484,Abl_E_NoContagion
Abl_F_NoDispositionLoss,50175,0.518,0.4777731169584283,reject,reject,True,False,False,47.74333333333322,0.0,35.0,0.0,12.743333333333219,0,6.0,1,2,3,0.13148506156583542,Abl_F_NoDispositionLoss
Abl_G_NoRecedingHorizon,50175,0.518,0.49016338612025,reject,reject,True,False,False,6.599999999999935,0.0,5.0,0.0,1.5999999999999348,0,1.0,0,1,1,0.14278800671968309,Abl_G_NoRecedingHorizon
Abl_H_NoAccessConstraints,50175,0.518,0.4231425585718542,reject,reject,True,False,False,359.04326259445384,0.0,180.0,100.0,79.04326259445385,5,28.0,6,2,9,0.11819351145830642,Abl_H_NoAccessConstraints
Abl_I_NoStoppingCert,50175,0.518,0.4796126752096187,reject,reject,True,False,False,6.599999999999935,0.0,5.0,0.0,1.5999999999999348,0,1.0,0,1,1,0.14141458336598997,Abl_I_NoStoppingCert
Full_B7,50176,0.518,0.48823018713374033,reject,reject,True,False,False,6.599999999999935,0.0,5.0,0.0,1.5999999999999348,0,1.0,0,1,1,0.14254779628117498,Full_B7
Abl_A_NoBiasModel,50176,0.518,0.4796126752096187,reject,reject,True,False,False,6.599999999999935,0.0,5.0,0.0,1.5999999999999348,0,1.0,0,1,1,0.14141458336598997,Abl_A_NoBiasModel
Abl_B_NoOptionValue,50176,0.518,0.4796126752096187,reject,reject,True,False,False,6.599999999999935,0.0,5.0,0.0,1.5999999999999348,0,1.0,0,1,1,0.14141458336598997,Abl_B_NoOptionValue
Abl_C_NoStateChange,50176,0.518,0.4815406356472286,reject,reject,True,False,False,13.200000000000147,0.0,10.0,0.0,3.200000000000147,0,2.0,0,2,2,0.14121688905217955,Abl_C_NoStateChange
Abl_E_NoContagion,50176,0.518,0.4805359534956269,reject,reject,True,False,False,6.599999999999935,0.0,5.0,0.0,1.5999999999999348,0,1.0,0,1,1,0.1415409175095652,Abl_E_NoContagion
Abl_F_NoDispositionLoss,50176,0.518,0.4875175489841892,reject,reject,True,False,False,47.743333333333496,0.0,35.0,0.0,12.743333333333496,0,6.0,1,2,3,0.13192405741110025,Abl_F_NoDispositionLoss
Abl_G_NoRecedingHorizon,50176,0.518,0.4869141967449755,reject,reject,True,False,False,6.599999999999935,0.0,5.0,0.0,1.5999999999999348,0,1.0,0,1,1,0.14238136017768557,Abl_G_NoRecedingHorizon
Abl_H_NoAccessConstraints,50176,0.518,0.501627296566385,reject,reject,True,False,False,33.00000000000009,0.0,25.0,0.0,8.00000000000009,0,5.0,0,5,5,0.07991254405715462,Abl_H_NoAccessConstraints
Abl_I_NoStoppingCert,50176,0.518,0.4973300023375032,reject,reject,True,False,False,6.599999999999935,0.0,5.0,0.0,1.5999999999999348,0,1.0,0,1,1,0.14363440009438264,Abl_I_NoStoppingCert
Full_B7,50177,0.518,0.4796126752096187,reject,reject,True,False,False,6.599999999999935,0.0,5.0,0.0,1.5999999999999348,0,1.0,0,1,1,0.14141458336598997,Full_B7
Abl_A_NoBiasModel,50177,0.518,0.4796126752096187,reject,reject,True,False,False,6.599999999999935,0.0,5.0,0.0,1.5999999999999348,0,1.0,0,1,1,0.14141458336598997,Abl_A_NoBiasModel
Abl_B_NoOptionValue,50177,0.518,0.4853342681828611,reject,reject,True,False,False,6.599999999999935,0.0,5.0,0.0,1.5999999999999348,0,1.0,0,1,1,0.14217840839103488,Abl_B_NoOptionValue
Abl_C_NoStateChange,50177,0.518,0.47884136163328206,reject,reject,True,False,False,13.200000000000008,0.0,10.0,0.0,3.200000000000008,0,2.0,0,2,2,0.14097979535747376,Abl_C_NoStateChange
Abl_E_NoContagion,50177,0.518,0.4874788284246308,reject,reject,True,False,False,6.599999999999935,0.0,5.0,0.0,1.5999999999999348,0,1.0,0,1,1,0.14245306046475806,Abl_E_NoContagion
Abl_F_NoDispositionLoss,50177,0.518,0.5022039002103507,reject,reject,True,False,False,47.74333333333322,0.0,35.0,0.0,12.743333333333219,0,6.0,1,2,3,0.13244314477100555,Abl_F_NoDispositionLoss
Abl_G_NoRecedingHorizon,50177,0.518,0.4796126752096187,reject,reject,True,False,False,6.599999999999935,0.0,5.0,0.0,1.5999999999999348,0,1.0,0,1,1,0.14141458336598997,Abl_G_NoRecedingHorizon
Abl_H_NoAccessConstraints,50177,0.518,0.5242684250741583,reject,reject,True,False,False,32.99999999999995,0.0,25.0,0.0,7.999999999999951,0,5.0,0,5,5,0.08212276037987544,Abl_H_NoAccessConstraints
Abl_I_NoStoppingCert,50177,0.52,0.4796126752096187,reject,reject,True,False,False,10.287527355442716,0.0,5.0,0.0,5.287527355442717,0,1.0,0,1,1,0.14141458336598997,Abl_I_NoStoppingCert
Full_B7,50178,0.518,0.4796126752096187,reject,reject,True,False,False,6.599999999999935,0.0,5.0,0.0,1.5999999999999348,0,1.0,0,1,1,0.14141458336598997,Full_B7
Abl_A_NoBiasModel,50178,0.518,0.4845093581695772,reject,reject,True,False,False,6.599999999999935,0.0,5.0,0.0,1.5999999999999348,0,1.0,0,1,1,0.14207107972010355,Abl_A_NoBiasModel
Abl_B_NoOptionValue,50178,0.518,0.4796126752096187,reject,reject,True,False,False,6.599999999999935,0.0,5.0,0.0,1.5999999999999348,0,1.0,0,1,1,0.14141458336598997,Abl_B_NoOptionValue
Abl_C_NoStateChange,50178,0.518,0.4815517692327367,reject,reject,True,False,False,13.19999999999987,0.0,10.0,0.0,3.1999999999998696,0,2.0,0,2,2,0.14121785392462305,Abl_C_NoStateChange
Abl_E_NoContagion,50178,0.518,0.48067760884680977,reject,reject,True,False,False,6.599999999999935,0.0,5.0,0.0,1.5999999999999348,0,1.0,0,1,1,0.1415601952490472,Abl_E_NoContagion
Abl_F_NoDispositionLoss,50178,0.518,0.4900300068520888,reject,reject,True,False,False,47.743333333333354,0.0,35.0,0.0,12.743333333333357,0,6.0,1,2,3,0.13202496676491954,Abl_F_NoDispositionLoss
Abl_G_NoRecedingHorizon,50178,0.518,0.4796126752096187,reject,reject,True,False,False,6.599999999999935,0.0,5.0,0.0,1.5999999999999348,0,1.0,0,1,1,0.14141458336598997,Abl_G_NoRecedingHorizon
Abl_H_NoAccessConstraints,50178,0.52,0.42223242861432475,reject,reject,True,False,False,362.39591113853294,0.0,180.0,100.0,82.39591113853292,5,28.0,6,2,9,0.11816237549335827,Abl_H_NoAccessConstraints
Abl_I_NoStoppingCert,50178,0.518,0.4876510216008859,reject,reject,True,False,False,6.599999999999935,0.0,5.0,0.0,1.5999999999999348,0,1.0,0,1,1,0.1424748397688201,Abl_I_NoStoppingCert
Full_B7,50179,0.518,0.4838772954573676,reject,reject,True,False,False,6.599999999999935,0.0,5.0,0.0,1.5999999999999348,0,1.0,0,1,1,0.14198820748138868,Full_B7
Abl_A_NoBiasModel,50179,0.518,0.4796126752096187,reject,reject,True,False,False,6.599999999999935,0.0,5.0,0.0,1.5999999999999348,0,1.0,0,1,1,0.14141458336598997,Abl_A_NoBiasModel
Abl_B_NoOptionValue,50179,0.518,0.4796126752096187,reject,reject,True,False,False,6.599999999999935,0.0,5.0,0.0,1.5999999999999348,0,1.0,0,1,1,0.14141458336598997,Abl_B_NoOptionValue
Abl_C_NoStateChange,50179,0.518,0.4768663646128307,reject,reject,True,False,False,13.19999999999987,0.0,10.0,0.0,3.1999999999998696,0,2.0,0,2,2,0.1408023127869857,Abl_C_NoStateChange
Abl_E_NoContagion,50179,0.518,0.4856760394481787,reject,reject,True,False,False,6.599999999999935,0.0,5.0,0.0,1.5999999999999348,0,1.0,0,1,1,0.14222260166958672,Abl_E_NoContagion
Abl_F_NoDispositionLoss,50179,0.518,0.4855101745635201,reject,reject,True,False,False,47.74333333333322,0.0,35.0,0.0,12.743333333333219,0,6.0,1,2,3,0.13183982536971162,Abl_F_NoDispositionLoss
Abl_G_NoRecedingHorizon,50179,0.518,0.4796126752096187,reject,reject,True,False,False,6.599999999999935,0.0,5.0,0.0,1.5999999999999348,0,1.0,0,1,1,0.14141458336598997,Abl_G_NoRecedingHorizon
Abl_H_NoAccessConstraints,50179,0.518,0.5237723403010374,reject,reject,True,False,False,32.999999999999815,0.0,25.0,0.0,7.999999999999813,0,5.0,0,5,5,0.08771887484665487,Abl_H_NoAccessConstraints
Abl_I_NoStoppingCert,50179,0.518,0.4855124988691464,reject,reject,True,False,False,6.599999999999935,0.0,5.0,0.0,1.5999999999999348,0,1.0,0,1,1,0.14220147483659137,Abl_I_NoStoppingCert
Full_B7,50180,0.518,0.4796126752096187,reject,reject,True,False,False,6.599999999999935,0.0,5.0,0.0,1.5999999999999348,0,1.0,0,1,1,0.14141458336598997,Full_B7
Abl_A_NoBiasModel,50180,0.518,0.4796126752096187,reject,reject,True,False,False,6.599999999999935,0.0,5.0,0.0,1.5999999999999348,0,1.0,0,1,1,0.14141458336598997,Abl_A_NoBiasModel
Abl_B_NoOptionValue,50180,0.518,0.48434169467443783,reject,reject,True,False,False,6.599999999999935,0.0,5.0,0.0,1.5999999999999348,0,1.0,0,1,1,0.14204915042263255,Abl_B_NoOptionValue
Abl_C_NoStateChange,50180,0.518,0.4774078443083319,reject,reject,True,False,False,13.200000000000008,0.0,10.0,0.0,3.200000000000008,0,2.0,0,2,2,0.14085131047325475,Abl_C_NoStateChange
Abl_E_NoContagion,50180,0.518,0.49652055132419093,reject,reject,True,False,False,6.599999999999935,0.0,5.0,0.0,1.5999999999999348,0,1.0,0,1,1,0.14354225773669319,Abl_E_NoContagion
Abl_F_NoDispositionLoss,50180,0.518,0.4918710589085406,reject,reject,True,False,False,47.743333333333354,0.0,35.0,0.0,12.743333333333357,0,6.0,1,2,3,0.13209572834494693,Abl_F_NoDispositionLoss
Abl_G_NoRecedingHorizon,50180,0.518,0.49898677109345047,reject,reject,True,False,False,6.599999999999935,0.0,5.0,0.0,1.5999999999999348,0,1.0,0,1,1,0.14382027084857726,Abl_G_NoRecedingHorizon
Abl_H_NoAccessConstraints,50180,0.518,0.5335380250262731,reject,reject,True,False,False,32.99999999999995,0.0,25.0,0.0,7.999999999999951,0,5.0,0,5,5,0.08526891307202887,Abl_H_NoAccessConstraints
Abl_I_NoStoppingCert,50180,0.518,0.4796126752096187,reject,reject,True,False,False,6.599999999999935,0.0,5.0,0.0,1.5999999999999348,0,1.0,0,1,1,0.14141458336598997,Abl_I_NoStoppingCert
Full_B7,50181,0.518,0.49167625605635623,reject,reject,True,False,False,6.600000000000213,0.0,5.0,0.0,1.6000000000002124,0,1.0,0,1,1,0.14297244690484004,Full_B7
Abl_A_NoBiasModel,50181,0.518,0.4796126752096187,reject,reject,True,False,False,6.600000000000213,0.0,5.0,0.0,1.6000000000002124,0,1.0,0,1,1,0.14141458336598997,Abl_A_NoBiasModel
Abl_B_NoOptionValue,50181,0.518,0.4796126752096187,reject,reject,True,False,False,6.600000000000213,0.0,5.0,0.0,1.6000000000002124,0,1.0,0,1,1,0.14141458336598997,Abl_B_NoOptionValue
Abl_C_NoStateChange,50181,0.518,0.4920550991629803,reject,reject,True,False,False,13.200000000000147,0.0,10.0,0.0,3.200000000000147,0,2.0,0,2,2,0.14208069486831965,Abl_C_NoStateChange
Abl_E_NoContagion,50181,0.518,0.4826095507563977,reject,reject,True,False,False,6.600000000000213,0.0,5.0,0.0,1.6000000000002124,0,1.0,0,1,1,0.1418203239413895,Abl_E_NoContagion
Abl_F_NoDispositionLoss,50181,0.518,0.47487730780283793,reject,reject,True,False,False,47.743333333333496,0.0,35.0,0.0,12.743333333333496,0,6.0,1,2,3,0.13133993118719453,Abl_F_NoDispositionLoss
Abl_G_NoRecedingHorizon,50181,0.518,0.4910541982963606,reject,reject,True,False,False,6.600000000000213,0.0,5.0,0.0,1.6000000000002124,0,1.0,0,1,1,0.14289698486402302,Abl_G_NoRecedingHorizon
Abl_H_NoAccessConstraints,50181,0.518,0.5332595763793953,reject,reject,True,False,False,33.00000000000009,0.0,25.0,0.0,8.00000000000009,0,5.0,0,5,5,0.08459483831352815,Abl_H_NoAccessConstraints
Abl_I_NoStoppingCert,50181,0.518,0.4900761031535573,reject,reject,True,False,False,6.600000000000213,0.0,5.0,0.0,1.6000000000002124,0,1.0,0,1,1,0.14277727095480647,Abl_I_NoStoppingCert
Full_B7,50182,0.518,0.49099644135597326,reject,reject,True,False,False,6.599999999999935,0.0,5.0,0.0,1.5999999999999348,0,1.0,0,1,1,0.1428899517568313,Full_B7
Abl_A_NoBiasModel,50182,0.518,0.4858226605846535,reject,reject,True,False,False,6.599999999999935,0.0,5.0,0.0,1.5999999999999348,0,1.0,0,1,1,0.14224151152456882,Abl_A_NoBiasModel
Abl_B_NoOptionValue,50182,0.518,0.48536110553763506,reject,reject,True,False,False,6.599999999999935,0.0,5.0,0.0,1.5999999999999348,0,1.0,0,1,1,0.1421818844504679,Abl_B_NoOptionValue
Abl_C_NoStateChange,50182,0.518,0.48981031249974355,reject,reject,True,False,False,13.19999999999987,0.0,10.0,0.0,3.1999999999998696,0,2.0,0,2,2,0.14190420775616513,Abl_C_NoStateChange
Abl_E_NoContagion,50182,0.518,0.48235821203380824,reject,reject,True,False,False,6.599999999999935,0.0,5.0,0.0,1.5999999999999348,0,1.0,0,1,1,0.1417867755261397,Abl_E_NoContagion
Abl_F_NoDispositionLoss,50182,0.518,0.4838184326750885,reject,reject,True,False,False,47.743333333333496,0.0,35.0,0.0,12.743333333333496,0,6.0,1,2,3,0.1317663437633309,Abl_F_NoDispositionLoss
Abl_G_NoRecedingHorizon,50182,0.518,0.4880243161769501,reject,reject,True,False,False,6.599999999999935,0.0,5.0,0.0,1.5999999999999348,0,1.0,0,1,1,0.1425219155560629,Abl_G_NoRecedingHorizon
Abl_H_NoAccessConstraints,50182,0.518,0.5334938333458115,reject,reject,True,False,False,32.99999999999995,0.0,25.0,0.0,7.999999999999952,0,5.0,0,5,5,0.08302683635431918,Abl_H_NoAccessConstraints
Abl_I_NoStoppingCert,50182,0.518,0.4796126752096187,reject,reject,True,False,False,6.599999999999935,0.0,5.0,0.0,1.5999999999999348,0,1.0,0,1,1,0.14141458336598997,Abl_I_NoStoppingCert
Full_B7,50183,0.518,0.48237468742868084,reject,reject,True,False,False,6.600000000000073,0.0,5.0,0.0,1.6000000000000736,0,1.0,0,1,1,0.1417889773270436,Full_B7
Abl_A_NoBiasModel,50183,0.518,0.4796126752096187,reject,reject,True,False,False,6.600000000000073,0.0,5.0,0.0,1.6000000000000736,0,1.0,0,1,1,0.14141458336598997,Abl_A_NoBiasModel
Abl_B_NoOptionValue,50183,0.518,0.4889259656785668,reject,reject,True,False,False,6.600000000000073,0.0,5.0,0.0,1.6000000000000736,0,1.0,0,1,1,0.1426348368801198,Abl_B_NoOptionValue
Abl_C_NoStateChange,50183,0.518,0.5044559892589655,reject,reject,True,False,False,6.600000000000073,0.0,5.0,0.0,1.6000000000000736,0,1.0,0,1,1,0.14440802642457007,Abl_C_NoStateChange
Abl_E_NoContagion,50183,0.518,0.4797751397986499,reject,reject,True,False,False,6.600000000000073,0.0,5.0,0.0,1.6000000000000736,0,1.0,0,1,1,0.14143690007016174,Abl_E_NoContagion
Abl_F_NoDispositionLoss,50183,0.522,0.4754335383553586,reject,reject,True,False,False,53.49113582001502,0.0,35.0,0.0,18.49113582001502,0,6.0,1,2,3,0.13136833191589564,Abl_F_NoDispositionLoss
Abl_G_NoRecedingHorizon,50183,0.518,0.506666679019822,reject,reject,True,False,False,6.600000000000073,0.0,5.0,0.0,1.6000000000000736,0,1.0,0,1,1,0.14463442680279517,Abl_G_NoRecedingHorizon
Abl_H_NoAccessConstraints,50183,0.518,0.5231384641850326,reject,reject,True,False,False,33.00000000000023,0.0,25.0,0.0,8.00000000000023,0,5.0,0,5,5,0.08134030251517475,Abl_H_NoAccessConstraints
Abl_I_NoStoppingCert,50183,0.518,0.5108336150494626,reject,reject,True,False,False,6.600000000000073,0.0,5.0,0.0,1.6000000000000736,0,1.0,0,1,1,0.14504382630551785,Abl_I_NoStoppingCert
Full_B7,50184,0.518,0.4998163638533132,reject,reject,True,False,False,6.599999999999935,0.0,5.0,0.0,1.5999999999999348,0,1.0,0,1,1,0.14391196997215833,Full_B7
Abl_A_NoBiasModel,50184,0.518,0.4937143494378363,reject,reject,True,False,False,6.599999999999935,0.0,5.0,0.0,1.5999999999999348,0,1.0,0,1,1,0.14321602513351656,Abl_A_NoBiasModel
Abl_B_NoOptionValue,50184,0.518,0.4796126752096187,reject,reject,True,False,False,6.599999999999935,0.0,5.0,0.0,1.5999999999999348,0,1.0,0,1,1,0.14141458336598997,Abl_B_NoOptionValue
Abl_C_NoStateChange,50184,0.518,0.48459023482374597,reject,reject,True,False,False,13.19999999999987,0.0,10.0,0.0,3.1999999999998696,0,2.0,0,2,2,0.14147718155835115,Abl_C_NoStateChange
Abl_E_NoContagion,50184,0.518,0.5015929487405395,reject,reject,True,False,False,6.599999999999935,0.0,5.0,0.0,1.5999999999999348,0,1.0,0,1,1,0.14410527569384243,Abl_E_NoContagion
Abl_F_NoDispositionLoss,50184,0.518,0.49834123877812775,reject,reject,True,False,False,47.74333333333322,0.0,35.0,0.0,12.743333333333219,0,6.0,1,2,3,0.13232313114371977,Abl_F_NoDispositionLoss
Abl_G_NoRecedingHorizon,50184,0.518,0.483291679585555,reject,reject,True,False,False,6.599999999999935,0.0,5.0,0.0,1.5999999999999348,0,1.0,0,1,1,0.14191093255707693,Abl_G_NoRecedingHorizon
Abl_H_NoAccessConstraints,50184,0.518,0.4747458631078857,reject,reject,True,False,False,46.19999999999982,0.0,35.0,0.0,11.199999999999822,0,7.0,0,7,7,0.0762909824340717,Abl_H_NoAccessConstraints
Abl_I_NoStoppingCert,50184,0.518,0.4915701777907923,reject,reject,True,False,False,6.599999999999935,0.0,5.0,0.0,1.5999999999999348,0,1.0,0,1,1,0.1429596155665049,Abl_I_NoStoppingCert
Full_B7,50185,0.518,0.5087984466221563,reject,reject,True,False,False,6.600000000000213,0.0,5.0,0.0,1.6000000000002124,0,1.0,0,1,1,0.14484669487121088,Full_B7
Abl_A_NoBiasModel,50185,0.518,0.4796126752096187,reject,reject,True,False,False,6.600000000000213,0.0,5.0,0.0,1.6000000000002124,0,1.0,0,1,1,0.14141458336598997,Abl_A_NoBiasModel
Abl_B_NoOptionValue,50185,0.518,0.4796126752096187,reject,reject,True,False,False,6.600000000000213,0.0,5.0,0.0,1.6000000000002124,0,1.0,0,1,1,0.14141458336598997,Abl_B_NoOptionValue
Abl_C_NoStateChange,50185,0.518,0.4770648510829659,reject,reject,True,False,False,13.200000000000147,0.0,10.0,0.0,3.200000000000147,0,2.0,0,2,2,0.14082030318770047,Abl_C_NoStateChange
Abl_E_NoContagion,50185,0.518,0.4985875136933255,reject,reject,True,False,False,6.600000000000213,0.0,5.0,0.0,1.6000000000002124,0,1.0,0,1,1,0.14377581290563488,Abl_E_NoContagion
Abl_F_NoDispositionLoss,50185,0.518,0.4647615296796247,reject,reject,True,False,False,47.743333333333496,0.0,35.0,0.0,12.743333333333496,0,6.0,1,2,3,0.13077973745037838,Abl_F_NoDispositionLoss
Abl_G_NoRecedingHorizon,50185,0.518,0.4796126752096187,reject,reject,True,False,False,6.600000000000213,0.0,5.0,0.0,1.6000000000002124,0,1.0,0,1,1,0.14141458336598997,Abl_G_NoRecedingHorizon
Abl_H_NoAccessConstraints,50185,0.518,0.5314174242823655,reject,reject,True,False,False,33.00000000000009,0.0,25.0,0.0,8.00000000000009,0,5.0,0,5,5,0.08835617869967864,Abl_H_NoAccessConstraints
Abl_I_NoStoppingCert,50185,0.518,0.48680294586589945,reject,reject,True,False,False,6.600000000000213,0.0,5.0,0.0,1.6000000000002124,0,1.0,0,1,1,0.14236718139390325,Abl_I_NoStoppingCert
Full_B7,50186,0.518,0.4796126752096187,reject,reject,True,False,False,6.599999999999935,0.0,5.0,0.0,1.5999999999999348,0,1.0,0,1,1,0.14141458336598997,Full_B7
Abl_A_NoBiasModel,50186,0.518,0.48099362847145644,reject,reject,True,False,False,6.599999999999935,0.0,5.0,0.0,1.5999999999999348,0,1.0,0,1,1,0.14160310126215866,Abl_A_NoBiasModel
Abl_B_NoOptionValue,50186,0.518,0.4796126752096187,reject,reject,True,False,False,6.599999999999935,0.0,5.0,0.0,1.5999999999999348,0,1.0,0,1,1,0.14141458336598997,Abl_B_NoOptionValue
Abl_C_NoStateChange,50186,0.518,0.4864084485963929,reject,reject,True,False,False,13.200000000000008,0.0,10.0,0.0,3.200000000000008,0,2.0,0,2,2,0.14162856623272602,Abl_C_NoStateChange
Abl_E_NoContagion,50186,0.518,0.4796126752096187,reject,reject,True,False,False,6.599999999999935,0.0,5.0,0.0,1.5999999999999348,0,1.0,0,1,1,0.14141458336598997,Abl_E_NoContagion
Abl_F_NoDispositionLoss,50186,0.518,0.4910728031932353,reject,reject,True,False,False,47.743333333333496,0.0,35.0,0.0,12.743333333333496,0,6.0,1,2,3,0.1320653771579236,Abl_F_NoDispositionLoss
Abl_G_NoRecedingHorizon,50186,0.518,0.4796126752096187,reject,reject,True,False,False,6.599999999999935,0.0,5.0,0.0,1.5999999999999348,0,1.0,0,1,1,0.14141458336598997,Abl_G_NoRecedingHorizon
Abl_H_NoAccessConstraints,50186,0.518,0.5028554834505541,reject,reject,True,False,False,32.999999999999815,0.0,25.0,0.0,7.999999999999813,0,5.0,0,5,5,0.08037254171210571,Abl_H_NoAccessConstraints
Abl_I_NoStoppingCert,50186,0.518,0.49116317791995234,reject,reject,True,False,False,6.599999999999935,0.0,5.0,0.0,1.5999999999999348,0,1.0,0,1,1,0.1429102430846488,Abl_I_NoStoppingCert
Full_B7,50187,0.518,0.4861920857678883,reject,reject,True,False,False,6.599999999999935,0.0,5.0,0.0,1.5999999999999348,0,1.0,0,1,1,0.14228902566306037,Full_B7
Abl_A_NoBiasModel,50187,0.518,0.4796126752096187,reject,reject,True,False,False,6.599999999999935,0.0,5.0,0.0,1.5999999999999348,0,1.0,0,1,1,0.14141458336598997,Abl_A_NoBiasModel
Abl_B_NoOptionValue,50187,0.518,0.4796126752096187,reject,reject,True,False,False,6.599999999999935,0.0,5.0,0.0,1.5999999999999348,0,1.0,0,1,1,0.14141458336598997,Abl_B_NoOptionValue
Abl_C_NoStateChange,50187,0.518,0.4768663646128307,reject,reject,True,False,False,13.19999999999987,0.0,10.0,0.0,3.1999999999998696,0,2.0,0,2,2,0.1408023127869857,Abl_C_NoStateChange
Abl_E_NoContagion,50187,0.518,0.49163676650208543,reject,reject,True,False,False,6.599999999999935,0.0,5.0,0.0,1.5999999999999348,0,1.0,0,1,1,0.14296767198612145,Abl_E_NoContagion
Abl_F_NoDispositionLoss,50187,0.518,0.48045484698048374,reject,reject,True,False,False,47.74333333333322,0.0,35.0,0.0,12.743333333333219,0,6.0,1,2,3,0.13161345249954168,Abl_F_NoDispositionLoss
Abl_G_NoRecedingHorizon,50187,0.518,0.4796126752096187,reject,reject,True,False,False,6.599999999999935,0.0,5.0,0.0,1.5999999999999348,0,1.0,0,1,1,0.14141458336598997,Abl_G_NoRecedingHorizon
Abl_H_NoAccessConstraints,50187,0.518,0.5137004957333217,reject,reject,True,False,False,32.99999999999995,0.0,25.0,0.0,7.999999999999951,0,5.0,0,5,5,0.07910135746626225,Abl_H_NoAccessConstraints
Abl_I_NoStoppingCert,50187,0.518,0.4796126752096187,reject,reject,True,False,False,6.599999999999935,0.0,5.0,0.0,1.5999999999999348,0,1.0,0,1,1,0.14141458336598997,Abl_I_NoStoppingCert
Full_B7,50188,0.518,0.4796126752096187,reject,reject,True,False,False,6.599999999999935,0.0,5.0,0.0,1.5999999999999348,0,1.0,0,1,1,0.14141458336598997,Full_B7
Abl_A_NoBiasModel,50188,0.518,0.48894567373961717,reject,reject,True,False,False,6.599999999999935,0.0,5.0,0.0,1.5999999999999348,0,1.0,0,1,1,0.14263729270848563,Abl_A_NoBiasModel
Abl_B_NoOptionValue,50188,0.518,0.4898565319101322,reject,reject,True,False,False,6.599999999999935,0.0,5.0,0.0,1.5999999999999348,0,1.0,0,1,1,0.1427502180175727,Abl_B_NoOptionValue
Abl_C_NoStateChange,50188,0.518,0.5015622554202268,reject,reject,True,False,False,13.19999999999987,0.0,10.0,0.0,3.1999999999998696,0,2.0,0,2,2,0.14278094544828263,Abl_C_NoStateChange
Abl_E_NoContagion,50188,0.518,0.49744625191091485,reject,reject,True,False,False,6.599999999999935,0.0,5.0,0.0,1.5999999999999348,0,1.0,0,1,1,0.14364756130827888,Abl_E_NoContagion
Abl_F_NoDispositionLoss,50188,0.518,0.513626465841409,reject,reject,True,False,False,47.743333333333496,0.0,35.0,0.0,12.743333333333496,0,6.0,1,2,3,0.13272951100969158,Abl_F_NoDispositionLoss
Abl_G_NoRecedingHorizon,50188,0.518,0.4796126752096187,reject,reject,True,False,False,6.599999999999935,0.0,5.0,0.0,1.5999999999999348,0,1.0,0,1,1,0.14141458336598997,Abl_G_NoRecedingHorizon
Abl_H_NoAccessConstraints,50188,0.518,0.514135451301151,reject,reject,True,False,False,32.99999999999995,0.0,25.0,0.0,7.999999999999951,0,5.0,0,5,5,0.08291054428817576,Abl_H_NoAccessConstraints
Abl_I_NoStoppingCert,50188,0.518,0.4796126752096187,reject,reject,True,False,False,6.599999999999935,0.0,5.0,0.0,1.5999999999999348,0,1.0,0,1,1,0.14141458336598997,Abl_I_NoStoppingCert
Full_B7,50189,0.518,0.48292977409399523,reject,reject,True,False,False,6.599999999999935,0.0,5.0,0.0,1.5999999999999348,0,1.0,0,1,1,0.14186294014001374,Full_B7
Abl_A_NoBiasModel,50189,0.518,0.4796126752096187,reject,reject,True,False,False,6.599999999999935,0.0,5.0,0.0,1.5999999999999348,0,1.0,0,1,1,0.14141458336598997,Abl_A_NoBiasModel
Abl_B_NoOptionValue,50189,0.518,0.4796126752096187,reject,reject,True,False,False,6.599999999999935,0.0,5.0,0.0,1.5999999999999348,0,1.0,0,1,1,0.14141458336598997,Abl_B_NoOptionValue
Abl_C_NoStateChange,50189,0.518,0.4768663646128307,reject,reject,True,False,False,13.19999999999987,0.0,10.0,0.0,3.1999999999998696,0,2.0,0,2,2,0.1408023127869857,Abl_C_NoStateChange
Abl_E_NoContagion,50189,0.518,0.4839027785782741,reject,reject,True,False,False,6.599999999999935,0.0,5.0,0.0,1.5999999999999348,0,1.0,0,1,1,0.14199155934410781,Abl_E_NoContagion
Abl_F_NoDispositionLoss,50189,0.518,0.4832213870136236,reject,reject,True,False,False,47.743333333333354,0.0,35.0,0.0,12.743333333333357,0,6.0,1,2,3,0.13173986545573055,Abl_F_NoDispositionLoss
Abl_G_NoRecedingHorizon,50189,0.518,0.4796126752096187,reject,reject,True,False,False,6.599999999999935,0.0,5.0,0.0,1.5999999999999348,0,1.0,0,1,1,0.14141458336598997,Abl_G_NoRecedingHorizon
Abl_H_NoAccessConstraints,50189,0.518,0.497445560559677,reject,reject,True,False,False,32.999999999999815,0.0,25.0,0.0,7.999999999999813,0,5.0,0,5,5,0.08073465174956593,Abl_H_NoAccessConstraints
Abl_I_NoStoppingCert,50189,0.518,0.48800838199088964,reject,reject,True,False,False,6.599999999999935,0.0,5.0,0.0,1.5999999999999348,0,1.0,0,1,1,0.14251991000293449,Abl_I_NoStoppingCert
Full_B7,50190,0.518,0.4796126752096187,reject,reject,True,False,False,6.600000000000073,0.0,5.0,0.0,1.6000000000000736,0,1.0,0,1,1,0.14141458336598997,Full_B7
Abl_A_NoBiasModel,50190,0.518,0.4796126752096187,reject,reject,True,False,False,6.600000000000073,0.0,5.0,0.0,1.6000000000000736,0,1.0,0,1,1,0.14141458336598997,Abl_A_NoBiasModel
Abl_B_NoOptionValue,50190,0.518,0.48188812444638673,reject,reject,True,False,False,6.600000000000073,0.0,5.0,0.0,1.6000000000000736,0,1.0,0,1,1,0.1417237934648447,Abl_B_NoOptionValue
Abl_C_NoStateChange,50190,0.518,0.484956348591146,reject,reject,True,False,False,13.200000000000147,0.0,10.0,0.0,3.200000000000147,0,2.0,0,2,2,0.1415078923410872,Abl_C_NoStateChange
Abl_E_NoContagion,50190,0.518,0.495059299403804,reject,reject,True,False,False,6.600000000000073,0.0,5.0,0.0,1.6000000000000736,0,1.0,0,1,1,0.14337369949880563,Abl_E_NoContagion
Abl_F_NoDispositionLoss,50190,0.52,0.47566083437411805,reject,reject,True,False,False,50.81754312815806,0.0,35.0,0.0,15.817543128158057,0,6.0,1,2,3,0.13137986572940616,Abl_F_NoDispositionLoss
Abl_G_NoRecedingHorizon,50190,0.518,0.5112246768447178,reject,reject,True,False,False,6.600000000000073,0.0,5.0,0.0,1.6000000000000736,0,1.0,0,1,1,0.14508109005244965,Abl_G_NoRecedingHorizon
Abl_H_NoAccessConstraints,50190,0.518,0.5084035841404486,reject,reject,True,False,False,33.00000000000023,0.0,25.0,0.0,8.00000000000023,0,5.0,0,5,5,0.08840718274554367,Abl_H_NoAccessConstraints
Abl_I_NoStoppingCert,50190,0.518,0.4796126752096187,reject,reject,True,False,False,6.600000000000073,0.0,5.0,0.0,1.6000000000000736,0,1.0,0,1,1,0.14141458336598997,Abl_I_NoStoppingCert
Full_B7,50191,0.518,0.4796126752096187,reject,reject,True,False,False,6.599999999999935,0.0,5.0,0.0,1.5999999999999348,0,1.0,0,1,1,0.14141458336598997,Full_B7
Abl_A_NoBiasModel,50191,0.518,0.49764107526064577,reject,reject,True,False,False,6.599999999999935,0.0,5.0,0.0,1.5999999999999348,0,1.0,0,1,1,0.14366957784159767,Abl_A_NoBiasModel
Abl_B_NoOptionValue,50191,0.518,0.4796126752096187,reject,reject,True,False,False,6.599999999999935,0.0,5.0,0.0,1.5999999999999348,0,1.0,0,1,1,0.14141458336598997,Abl_B_NoOptionValue
Abl_C_NoStateChange,50191,0.518,0.4780765709894542,reject,reject,True,False,False,13.200000000000008,0.0,10.0,0.0,3.200000000000008,0,2.0,0,2,2,0.14091147022328107,Abl_C_NoStateChange
Abl_E_NoContagion,50191,0.518,0.4796126752096187,reject,reject,True,False,False,6.599999999999935,0.0,5.0,0.0,1.5999999999999348,0,1.0,0,1,1,0.14141458336598997,Abl_E_NoContagion
Abl_F_NoDispositionLoss,50191,0.518,0.4756675801113076,reject,reject,True,False,False,47.74333333333308,0.0,35.0,0.0,12.743333333333078,0,6.0,1,2,3,0.13138020739633127,Abl_F_NoDispositionLoss
Abl_G_NoRecedingHorizon,50191,0.518,0.4796126752096187,reject,reject,True,False,False,6.599999999999935,0.0,5.0,0.0,1.5999999999999348,0,1.0,0,1,1,0.14141458336598997,Abl_G_NoRecedingHorizon
Abl_H_NoAccessConstraints,50191,0.518,0.5326185633605823,reject,reject,True,False,False,32.99999999999995,0.0,25.0,0.0,7.999999999999951,0,5.0,0,5,5,0.08316989859448208,Abl_H_NoAccessConstraints
Abl_I_NoStoppingCert,50191,0.518,0.4796126752096187,reject,reject,True,False,False,6.599999999999935,0.0,5.0,0.0,1.5999999999999348,0,1.0,0,1,1,0.14141458336598997,Abl_I_NoStoppingCert
Full_B7,50192,0.518,0.48366185937258,reject,reject,True,False,False,6.600000000000213,0.0,5.0,0.0,1.6000000000002124,0,1.0,0,1,1,0.14195983474407792,Full_B7
Abl_A_NoBiasModel,50192,0.518,0.4801186516147675,reject,reject,True,False,False,6.600000000000213,0.0,5.0,0.0,1.6000000000002124,0,1.0,0,1,1,0.14148396461629864,Abl_A_NoBiasModel
Abl_B_NoOptionValue,50192,0.518,0.5003811864747632,reject,reject,True,False,False,6.600000000000213,0.0,5.0,0.0,1.6000000000002124,0,1.0,0,1,1,0.14397388012336187,Abl_B_NoOptionValue
Abl_C_NoStateChange,50192,0.518,0.48255420984838715,reject,reject,True,False,False,13.200000000000147,0.0,10.0,0.0,3.200000000000147,0,2.0,0,2,2,0.14130428999534664,Abl_C_NoStateChange
Abl_E_NoContagion,50192,0.518,0.4835890913251296,reject,reject,True,False,False,6.600000000000213,0.0,5.0,0.0,1.6000000000002124,0,1.0,0,1,1,0.1419502367658804,Abl_E_NoContagion
Abl_F_NoDispositionLoss,50192,0.524,0.5041251552491701,reject,reject,True,False,False,56.44302708965915,0.0,35.0,0.0,21.443027089659147,0,6.0,1,2,3,0.13249846788356953,Abl_F_NoDispositionLoss
Abl_G_NoRecedingHorizon,50192,0.518,0.4799697128309453,reject,reject,True,False,False,6.600000000000213,0.0,5.0,0.0,1.6000000000002124,0,1.0,0,1,1,0.14146357875753723,Abl_G_NoRecedingHorizon
Abl_H_NoAccessConstraints,50192,0.518,0.5217691937264161,reject,reject,True,False,False,33.00000000000009,0.0,25.0,0.0,8.00000000000009,0,5.0,0,5,5,0.08185894488908528,Abl_H_NoAccessConstraints
Abl_I_NoStoppingCert,50192,0.518,0.4827246249126077,reject,reject,True,False,False,6.600000000000213,0.0,5.0,0.0,1.6000000000002124,0,1.0,0,1,1,0.14183565468217615,Abl_I_NoStoppingCert
Full_B7,50193,0.518,0.5038635344558884,reject,reject,True,False,False,6.599999999999935,0.0,5.0,0.0,1.5999999999999348,0,1.0,0,1,1,0.1443462630369852,Full_B7
Abl_A_NoBiasModel,50193,0.518,0.4796126752096187,reject,reject,True,False,False,6.599999999999935,0.0,5.0,0.0,1.5999999999999348,0,1.0,0,1,1,0.14141458336598997,Abl_A_NoBiasModel
Abl_B_NoOptionValue,50193,0.518,0.486907639916155,reject,reject,True,False,False,6.599999999999935,0.0,5.0,0.0,1.5999999999999348,0,1.0,0,1,1,0.14238052498842174,Abl_B_NoOptionValue
Abl_C_NoStateChange,50193,0.518,0.4768663646128307,reject,reject,True,False,False,13.200000000000147,0.0,10.0,0.0,3.200000000000147,0,2.0,0,2,2,0.1408023127869857,Abl_C_NoStateChange
Abl_E_NoContagion,50193,0.518,0.4918472410379854,reject,reject,True,False,False,6.599999999999935,0.0,5.0,0.0,1.5999999999999348,0,1.0,0,1,1,0.14299309737941973,Abl_E_NoContagion
Abl_F_NoDispositionLoss,50193,0.518,0.4768156685036883,reject,reject,True,False,False,47.743333333333496,0.0,35.0,0.0,12.743333333333496,0,6.0,1,2,3,0.13143782351895114,Abl_F_NoDispositionLoss
Abl_G_NoRecedingHorizon,50193,0.518,0.4855907334811058,reject,reject,True,False,False,6.599999999999935,0.0,5.0,0.0,1.5999999999999348,0,1.0,0,1,1,0.14221158608792467,Abl_G_NoRecedingHorizon
Abl_H_NoAccessConstraints,50193,0.518,0.49057673575119853,reject,reject,True,False,False,32.99999999999995,0.0,25.0,0.0,7.999999999999952,0,5.0,0,5,5,0.08039991386464851,Abl_H_NoAccessConstraints
Abl_I_NoStoppingCert,50193,0.518,0.49072132440690347,reject,reject,True,False,False,6.599999999999935,0.0,5.0,0.0,1.5999999999999348,0,1.0,0,1,1,0.14285638847809096,Abl_I_NoStoppingCert
Full_B7,50194,0.518,0.479754867493799,reject,reject,True,False,False,6.599999999999935,0.0,5.0,0.0,1.5999999999999348,0,1.0,0,1,1,0.14143411741019235,Full_B7
Abl_A_NoBiasModel,50194,0.518,0.4796126752096187,reject,reject,True,False,False,6.599999999999935,0.0,5.0,0.0,1.5999999999999348,0,1.0,0,1,1,0.14141458336598997,Abl_A_NoBiasModel
Abl_B_NoOptionValue,50194,0.518,0.48278428835535614,reject,reject,True,False,False,6.599999999999935,0.0,5.0,0.0,1.5999999999999348,0,1.0,0,1,1,0.14184359611272063,Abl_B_NoOptionValue
Abl_C_NoStateChange,50194,0.518,0.4768663646128307,reject,reject,True,False,False,13.19999999999987,0.0,10.0,0.0,3.1999999999998696,0,2.0,0,2,2,0.1408023127869857,Abl_C_NoStateChange
Abl_E_NoContagion,50194,0.518,0.4861693067231586,reject,reject,True,False,False,6.599999999999935,0.0,5.0,0.0,1.5999999999999348,0,1.0,0,1,1,0.14228610132562788,Abl_E_NoContagion
Abl_F_NoDispositionLoss,50194,0.518,0.47673538581972946,reject,reject,True,False,False,47.74333333333322,0.0,35.0,0.0,12.743333333333219,0,6.0,1,2,3,0.13143382907843357,Abl_F_NoDispositionLoss
Abl_G_NoRecedingHorizon,50194,0.518,0.4796126752096187,reject,reject,True,False,False,6.599999999999935,0.0,5.0,0.0,1.5999999999999348,0,1.0,0,1,1,0.14141458336598997,Abl_G_NoRecedingHorizon
Abl_H_NoAccessConstraints,50194,0.518,0.5231598711687035,reject,reject,True,False,False,32.99999999999995,0.0,25.0,0.0,7.999999999999952,0,5.0,0,5,5,0.08771350930460238,Abl_H_NoAccessConstraints
Abl_I_NoStoppingCert,50194,0.518,0.48063008981556693,reject,reject,True,False,False,6.599999999999935,0.0,5.0,0.0,1.5999999999999348,0,1.0,0,1,1,0.14155373154850712,Abl_I_NoStoppingCert
Full_B7,50195,0.518,0.484535521355059,reject,reject,True,False,False,6.599999999999935,0.0,5.0,0.0,1.5999999999999348,0,1.0,0,1,1,0.14207449819806375,Full_B7
Abl_A_NoBiasModel,50195,0.518,0.49391969305884487,reject,reject,True,False,False,6.599999999999935,0.0,5.0,0.0,1.5999999999999348,0,1.0,0,1,1,0.14324025577416657,Abl_A_NoBiasModel
Abl_B_NoOptionValue,50195,0.518,0.48047857895204116,reject,reject,True,False,False,6.599999999999935,0.0,5.0,0.0,1.5999999999999348,0,1.0,0,1,1,0.14153310150184414,Abl_B_NoOptionValue
Abl_C_NoStateChange,50195,0.518,0.47856546761375035,reject,reject,True,False,False,13.200000000000008,0.0,10.0,0.0,3.200000000000008,0,2.0,0,2,2,0.14095520604512735,Abl_C_NoStateChange
Abl_E_NoContagion,50195,0.518,0.4796126752096187,reject,reject,True,False,False,6.599999999999935,0.0,5.0,0.0,1.5999999999999348,0,1.0,0,1,1,0.14141458336598997,Abl_E_NoContagion
Abl_F_NoDispositionLoss,50195,0.52,0.4938803313059242,reject,reject,True,False,False,50.38775195450606,0.0,35.0,0.0,15.387751954506061,0,6.0,1,2,3,0.1321698901695286,Abl_F_NoDispositionLoss
Abl_G_NoRecedingHorizon,50195,0.518,0.4796126752096187,reject,reject,True,False,False,6.599999999999935,0.0,5.0,0.0,1.5999999999999348,0,1.0,0,1,1,0.14141458336598997,Abl_G_NoRecedingHorizon
Abl_H_NoAccessConstraints,50195,0.518,0.5425379164424642,reject,reject,True,False,False,32.99999999999995,0.0,25.0,0.0,7.999999999999951,0,5.0,0,5,5,0.08260344744191175,Abl_H_NoAccessConstraints
Abl_I_NoStoppingCert,50195,0.522,0.4796126752096187,reject,reject,True,False,False,12.623796592991644,0.0,5.0,0.0,7.623796592991644,0,1.0,0,1,1,0.14141458336598997,Abl_I_NoStoppingCert
Full_B7,50196,0.518,0.4796126752096187,reject,reject,True,False,False,6.599999999999935,0.0,5.0,0.0,1.5999999999999348,0,1.0,0,1,1,0.14141458336598997,Full_B7
Abl_A_NoBiasModel,50196,0.518,0.4796126752096187,reject,reject,True,False,False,6.599999999999935,0.0,5.0,0.0,1.5999999999999348,0,1.0,0,1,1,0.14141458336598997,Abl_A_NoBiasModel
Abl_B_NoOptionValue,50196,0.518,0.5116185551554402,reject,reject,True,False,False,6.599999999999935,0.0,5.0,0.0,1.5999999999999348,0,1.0,0,1,1,0.14511842200446015,Abl_B_NoOptionValue
Abl_C_NoStateChange,50196,0.518,0.4910234109852249,reject,reject,True,False,False,13.19999999999987,0.0,10.0,0.0,3.1999999999998696,0,2.0,0,2,2,0.14200011446615152,Abl_C_NoStateChange
Abl_E_NoContagion,50196,0.522,0.5019640609726925,reject,reject,True,False,False,12.471745879116254,0.0,5.0,0.0,7.471745879116254,0,1.0,0,1,1,0.14414512831581,Abl_E_NoContagion
Abl_F_NoDispositionLoss,50196,0.52,0.4771145426499771,reject,reject,True,False,False,50.693237017637,0.0,35.0,0.0,15.693237017637001,0,6.0,1,2,3,0.13145264833457282,Abl_F_NoDispositionLoss
Abl_G_NoRecedingHorizon,50196,0.518,0.4890198263872182,reject,reject,True,False,False,6.599999999999935,0.0,5.0,0.0,1.5999999999999348,0,1.0,0,1,1,0.14264652815403053,Abl_G_NoRecedingHorizon
Abl_H_NoAccessConstraints,50196,0.518,0.49168760845798454,reject,reject,True,False,False,39.59999999999989,0.0,30.0,0.0,9.599999999999886,0,6.0,0,6,6,0.07795830073304011,Abl_H_NoAccessConstraints
Abl_I_NoStoppingCert,50196,0.518,0.4904133862184626,reject,reject,True,False,False,6.599999999999935,0.0,5.0,0.0,1.5999999999999348,0,1.0,0,1,1,0.14281869935768193,Abl_I_NoStoppingCert
Full_B7,50197,0.518,0.4796126752096187,reject,reject,True,False,False,6.600000000000073,0.0,5.0,0.0,1.6000000000000736,0,1.0,0,1,1,0.14141458336598997,Full_B7
Abl_A_NoBiasModel,50197,0.518,0.4856924424410374,reject,reject,True,False,False,6.600000000000073,0.0,5.0,0.0,1.6000000000000736,0,1.0,0,1,1,0.14222471864560496,Abl_A_NoBiasModel
Abl_B_NoOptionValue,50197,0.518,0.4796126752096187,reject,reject,True,False,False,6.600000000000073,0.0,5.0,0.0,1.6000000000000736,0,1.0,0,1,1,0.14141458336598997,Abl_B_NoOptionValue
Abl_C_NoStateChange,50197,0.518,0.4813088529534729,reject,reject,True,False,False,13.200000000000147,0.0,10.0,0.0,3.200000000000147,0,2.0,0,2,2,0.1411967776889892,Abl_C_NoStateChange
Abl_E_NoContagion,50197,0.518,0.4870022976095713,reject,reject,True,False,False,6.600000000000073,0.0,5.0,0.0,1.6000000000000736,0,1.0,0,1,1,0.1423925764905118,Abl_E_NoContagion
Abl_F_NoDispositionLoss,50197,0.518,0.49352385312902614,reject,reject,True,False,False,47.743333333333354,0.0,35.0,0.0,12.743333333333357,0,6.0,1,2,3,0.13215696585662795,Abl_F_NoDispositionLoss
Abl_G_NoRecedingHorizon,50197,0.518,0.4796126752096187,reject,reject,True,False,False,6.600000000000073,0.0,5.0,0.0,1.6000000000000736,0,1.0,0,1,1,0.14141458336598997,Abl_G_NoRecedingHorizon
Abl_H_NoAccessConstraints,50197,0.518,0.5141756634243159,reject,reject,True,False,False,32.99999999999995,0.0,25.0,0.0,7.999999999999952,0,5.0,0,5,5,0.08032774347178191,Abl_H_NoAccessConstraints
Abl_I_NoStoppingCert,50197,0.518,0.4796126752096187,reject,reject,True,False,False,6.600000000000073,0.0,5.0,0.0,1.6000000000000736,0,1.0,0,1,1,0.14141458336598997,Abl_I_NoStoppingCert
Full_B7,50198,0.518,0.49027724975867404,reject,reject,True,False,False,6.600000000000213,0.0,5.0,0.0,1.6000000000002124,0,1.0,0,1,1,0.14280199634031726,Full_B7
Abl_A_NoBiasModel,50198,0.518,0.48766014110559575,reject,reject,True,False,False,6.600000000000213,0.0,5.0,0.0,1.6000000000002124,0,1.0,0,1,1,0.14247599208968711,Abl_A_NoBiasModel
Abl_B_NoOptionValue,50198,0.518,0.4796126752096187,reject,reject,True,False,False,6.600000000000213,0.0,5.0,0.0,1.6000000000002124,0,1.0,0,1,1,0.14141458336598997,Abl_B_NoOptionValue
Abl_C_NoStateChange,50198,0.518,0.5031438218322508,reject,reject,True,False,False,13.200000000000008,0.0,10.0,0.0,3.200000000000008,0,2.0,0,2,2,0.142890076427642,Abl_C_NoStateChange
Abl_E_NoContagion,50198,0.518,0.4796126752096187,reject,reject,True,False,False,6.600000000000213,0.0,5.0,0.0,1.6000000000002124,0,1.0,0,1,1,0.14141458336598997,Abl_E_NoContagion
Abl_F_NoDispositionLoss,50198,0.518,0.4753113406624031,reject,reject,True,False,False,47.743333333333496,0.0,35.0,0.0,12.743333333333496,0,6.0,1,2,3,0.1313621139630036,Abl_F_NoDispositionLoss
Abl_G_NoRecedingHorizon,50198,0.518,0.489279924455641,reject,reject,True,False,False,6.600000000000213,0.0,5.0,0.0,1.6000000000002124,0,1.0,0,1,1,0.14267886322173967,Abl_G_NoRecedingHorizon
Abl_H_NoAccessConstraints,50198,0.518,0.5122453157239519,reject,reject,True,False,False,33.00000000000009,0.0,25.0,0.0,8.00000000000009,0,5.0,0,5,5,0.08206537625766329,Abl_H_NoAccessConstraints
Abl_I_NoStoppingCert,50198,0.518,0.4796126752096187,reject,reject,True,False,False,6.600000000000213,0.0,5.0,0.0,1.6000000000002124,0,1.0,0,1,1,0.14141458336598997,Abl_I_NoStoppingCert
Full_B7,50199,0.518,0.48758253909533966,reject,reject,True,False,False,6.599999999999935,0.0,5.0,0.0,1.5999999999999348,0,1.0,0,1,1,0.14246618283434997,Full_B7
Abl_A_NoBiasModel,50199,0.518,0.4834684270881723,reject,reject,True,False,False,6.599999999999935,0.0,5.0,0.0,1.5999999999999348,0,1.0,0,1,1,0.14193430522912973,Abl_A_NoBiasModel
Abl_B_NoOptionValue,50199,0.518,0.48591644308070264,reject,reject,True,False,False,6.599999999999935,0.0,5.0,0.0,1.5999999999999348,0,1.0,0,1,1,0.14225359124427173,Abl_B_NoOptionValue
Abl_C_NoStateChange,50199,0.518,0.5021400118036119,reject,reject,True,False,False,6.599999999999935,0.0,5.0,0.0,1.5999999999999348,0,1.0,0,1,1,0.1441639595906117,Abl_C_NoStateChange
Abl_E_NoContagion,50199,0.518,0.484887198165589,reject,reject,True,False,False,6.599999999999935,0.0,5.0,0.0,1.5999999999999348,0,1.0,0,1,1,0.14212035665386216,Abl_E_NoContagion
Abl_F_NoDispositionLoss,50199,0.518,0.47176374919101083,reject,reject,True,False,False,47.74333333333321,0.0,35.0,0.0,12.743333333333215,0,6.0,1,2,3,0.13117634431300895,Abl_F_NoDispositionLoss
Abl_G_NoRecedingHorizon,50199,0.518,0.4796126752096187,reject,reject,True,False,False,6.599999999999935,0.0,5.0,0.0,1.5999999999999348,0,1.0,0,1,1,0.14141458336598997,Abl_G_NoRecedingHorizon
Abl_H_NoAccessConstraints,50199,0.518,0.4979983808648127,reject,reject,True,False,False,32.99999999999995,0.0,25.0,0.0,7.999999999999951,0,5.0,0,5,5,0.0851455653822544,Abl_H_NoAccessConstraints
Abl_I_NoStoppingCert,50199,0.518,0.4796126752096187,reject,reject,True,False,False,6.599999999999935,0.0,5.0,0.0,1.5999999999999348,0,1.0,0,1,1,0.14141458336598997,Abl_I_NoStoppingCert
Full_B7,50200,0.518,0.5008199366136266,reject,reject,True,False,False,6.599999999999935,0.0,5.0,0.0,1.5999999999999348,0,1.0,0,1,1,0.14402167973613167,Full_B7
Abl_A_NoBiasModel,50200,0.518,0.4924753532939633,reject,reject,True,False,False,6.599999999999935,0.0,5.0,0.0,1.5999999999999348,0,1.0,0,1,1,0.14306861747665875,Abl_A_NoBiasModel
Abl_B_NoOptionValue,50200,0.518,0.4906303687183128,reject,reject,True,False,False,6.599999999999935,0.0,5.0,0.0,1.5999999999999348,0,1.0,0,1,1,0.1428452696334506,Abl_B_NoOptionValue
Abl_C_NoStateChange,50200,0.518,0.48494157540335425,reject,reject,True,False,False,13.19999999999987,0.0,10.0,0.0,3.1999999999998696,0,2.0,0,2,2,0.1415066553483007,Abl_C_NoStateChange
Abl_E_NoContagion,50200,0.518,0.49350539886439815,reject,reject,True,False,False,6.599999999999935,0.0,5.0,0.0,1.5999999999999348,0,1.0,0,1,1,0.1431913106032254,Abl_E_NoContagion
Abl_F_NoDispositionLoss,50200,0.52,0.49700707382670306,reject,reject,True,False,False,50.81717998811669,0.0,35.0,0.0,15.817179988116688,0,6.0,1,2,3,0.13227894683317132,Abl_F_NoDispositionLoss
Abl_G_NoRecedingHorizon,50200,0.518,0.4796126752096187,reject,reject,True,False,False,6.599999999999935,0.0,5.0,0.0,1.5999999999999348,0,1.0,0,1,1,0.14141458336598997,Abl_G_NoRecedingHorizon
Abl_H_NoAccessConstraints,50200,0.524,0.5108849748174447,reject,reject,True,False,False,42.84625449534505,0.0,25.0,0.0,17.84625449534505,0,5.0,0,5,5,0.08482881974680546,Abl_H_NoAccessConstraints
Abl_I_NoStoppingCert,50200,0.518,0.4796126752096187,reject,reject,True,False,False,6.599999999999935,0.0,5.0,0.0,1.5999999999999348,0,1.0,0,1,1,0.14141458336598997,Abl_I_NoStoppingCert
Full_B7,50201,0.518,0.49083883232974584,reject,reject,True,False,False,6.599999999999935,0.0,5.0,0.0,1.5999999999999348,0,1.0,0,1,1,0.14287073657825236,Full_B7
Abl_A_NoBiasModel,50201,0.518,0.4796126752096187,reject,reject,True,False,False,6.599999999999935,0.0,5.0,0.0,1.5999999999999348,0,1.0,0,1,1,0.14141458336598997,Abl_A_NoBiasModel
Abl_B_NoOptionValue,50201,0.518,0.4861151644047671,reject,reject,True,False,False,6.599999999999935,0.0,5.0,0.0,1.5999999999999348,0,1.0,0,1,1,0.14227914776251968,Abl_B_NoOptionValue
Abl_C_NoStateChange,50201,0.518,0.4811762955189344,reject,reject,True,False,False,13.19999999999987,0.0,10.0,0.0,3.1999999999998696,0,2.0,0,2,2,0.1411852550492641,Abl_C_NoStateChange
Abl_E_NoContagion,50201,0.518,0.4813718333712306,reject,reject,True,False,False,6.599999999999935,0.0,5.0,0.0,1.5999999999999348,0,1.0,0,1,1,0.14165426735245287,Abl_E_NoContagion
Abl_F_NoDispositionLoss,50201,0.524,0.4864109972149645,reject,reject,True,False,False,57.36801457033505,0.0,35.0,0.0,22.36801457033505,0,6.0,1,2,3,0.13187802197490187,Abl_F_NoDispositionLoss
Abl_G_NoRecedingHorizon,50201,0.518,0.4853073503290646,reject,reject,True,False,False,6.599999999999935,0.0,5.0,0.0,1.5999999999999348,0,1.0,0,1,1,0.14217492090968817,Abl_G_NoRecedingHorizon
Abl_H_NoAccessConstraints,50201,0.518,0.49673899692555423,reject,reject,True,False,False,32.99999999999995,0.0,25.0,0.0,7.999999999999951,0,5.0,0,5,5,0.08871993753019056,Abl_H_NoAccessConstraints
Abl_I_NoStoppingCert,50201,0.518,0.4796126752096187,reject,reject,True,False,False,6.599999999999935,0.0,5.0,0.0,1.5999999999999348,0,1.0,0,1,1,0.14141458336598997,Abl_I_NoStoppingCert
Full_B7,50202,0.518,0.4796126752096187,reject,reject,True,False,False,6.599999999999935,0.0,5.0,0.0,1.5999999999999348,0,1.0,0,1,1,0.14141458336598997,Full_B7
Abl_A_NoBiasModel,50202,0.518,0.48696342823062055,reject,reject,True,False,False,6.599999999999935,0.0,5.0,0.0,1.5999999999999348,0,1.0,0,1,1,0.14238762925592519,Abl_A_NoBiasModel
Abl_B_NoOptionValue,50202,0.518,0.4976193582539625,reject,reject,True,False,False,6.599999999999935,0.0,5.0,0.0,1.5999999999999348,0,1.0,0,1,1,0.14366712616013844,Abl_B_NoOptionValue
Abl_C_NoStateChange,50202,0.518,0.4839120614083637,reject,reject,True,False,False,13.200000000000008,0.0,10.0,0.0,3.200000000000008,0,2.0,0,2,2,0.1414199898999555,Abl_C_NoStateChange
Abl_E_NoContagion,50202,0.518,0.4796126752096187,reject,reject,True,False,False,6.599999999999935,0.0,5.0,0.0,1.5999999999999348,0,1.0,0,1,1,0.14141458336598997,Abl_E_NoContagion
Abl_F_NoDispositionLoss,50202,0.518,0.5014493031241141,reject,reject,True,False,False,47.743333333333354,0.0,35.0,0.0,12.743333333333357,0,6.0,1,2,3,0.132420622308642,Abl_F_NoDispositionLoss
Abl_G_NoRecedingHorizon,50202,0.518,0.48339541979153655,reject,reject,True,False,False,6.599999999999935,0.0,5.0,0.0,1.5999999999999348,0,1.0,0,1,1,0.14192465615517824,Abl_G_NoRecedingHorizon
Abl_H_NoAccessConstraints,50202,0.52,0.47431296584980975,reject,reject,True,False,False,362.41693065207266,0.0,180.0,100.0,82.41693065207264,5,28.0,6,2,9,0.12127273160992699,Abl_H_NoAccessConstraints
Abl_I_NoStoppingCert,50202,0.518,0.49849576303976767,reject,reject,True,False,False,6.599999999999935,0.0,5.0,0.0,1.5999999999999348,0,1.0,0,1,1,0.143765566362269,Abl_I_NoStoppingCert
Full_B7,50203,0.524,0.4796126752096187,reject,reject,True,False,False,14.964727477939222,0.0,5.0,0.0,9.964727477939222,0,1.0,0,1,1,0.14141458336598997,Full_B7
Abl_A_NoBiasModel,50203,0.518,0.4796126752096187,reject,reject,True,False,False,6.600000000000073,0.0,5.0,0.0,1.6000000000000736,0,1.0,0,1,1,0.14141458336598997,Abl_A_NoBiasModel
Abl_B_NoOptionValue,50203,0.518,0.48956915552480407,reject,reject,True,False,False,6.600000000000073,0.0,5.0,0.0,1.6000000000000736,0,1.0,0,1,1,0.14271471191541446,Abl_B_NoOptionValue
Abl_C_NoStateChange,50203,0.518,0.4826779958020726,reject,reject,True,False,False,13.200000000000008,0.0,10.0,0.0,3.200000000000008,0,2.0,0,2,2,0.14131490336941582,Abl_C_NoStateChange
Abl_E_NoContagion,50203,0.518,0.4796126752096187,reject,reject,True,False,False,6.600000000000073,0.0,5.0,0.0,1.6000000000000736,0,1.0,0,1,1,0.14141458336598997,Abl_E_NoContagion
Abl_F_NoDispositionLoss,50203,0.518,0.496482702665078,reject,reject,True,False,False,47.743333333333354,0.0,35.0,0.0,12.743333333333357,0,6.0,1,2,3,0.13226119644462467,Abl_F_NoDispositionLoss
Abl_G_NoRecedingHorizon,50203,0.518,0.4796126752096187,reject,reject,True,False,False,6.600000000000073,0.0,5.0,0.0,1.6000000000000736,0,1.0,0,1,1,0.14141458336598997,Abl_G_NoRecedingHorizon
Abl_H_NoAccessConstraints,50203,0.518,0.5138343233934368,reject,reject,True,False,False,32.99999999999995,0.0,25.0,0.0,7.999999999999951,0,5.0,0,5,5,0.08046201622796137,Abl_H_NoAccessConstraints
Abl_I_NoStoppingCert,50203,0.518,0.4895087441169431,reject,reject,True,False,False,6.600000000000073,0.0,5.0,0.0,1.6000000000000736,0,1.0,0,1,1,0.14270723363975246,Abl_I_NoStoppingCert
Full_B7,50204,0.518,0.4796126752096187,reject,reject,True,False,False,6.599999999999935,0.0,5.0,0.0,1.5999999999999348,0,1.0,0,1,1,0.14141458336598997,Full_B7
Abl_A_NoBiasModel,50204,0.518,0.4796126752096187,reject,reject,True,False,False,6.599999999999935,0.0,5.0,0.0,1.5999999999999348,0,1.0,0,1,1,0.14141458336598997,Abl_A_NoBiasModel
Abl_B_NoOptionValue,50204,0.518,0.4796126752096187,reject,reject,True,False,False,6.599999999999935,0.0,5.0,0.0,1.5999999999999348,0,1.0,0,1,1,0.14141458336598997,Abl_B_NoOptionValue
Abl_C_NoStateChange,50204,0.518,0.48110603604636115,reject,reject,True,False,False,13.19999999999987,0.0,10.0,0.0,3.1999999999998696,0,2.0,0,2,2,0.14117914153974273,Abl_C_NoStateChange
Abl_E_NoContagion,50204,0.518,0.4796126752096187,reject,reject,True,False,False,6.599999999999935,0.0,5.0,0.0,1.5999999999999348,0,1.0,0,1,1,0.14141458336598997,Abl_E_NoContagion
Abl_F_NoDispositionLoss,50204,0.518,0.47760836590310607,reject,reject,True,False,False,47.743333333333354,0.0,35.0,0.0,12.743333333333357,0,6.0,1,2,3,0.13147698566732846,Abl_F_NoDispositionLoss
Abl_G_NoRecedingHorizon,50204,0.518,0.4796126752096187,reject,reject,True,False,False,6.599999999999935,0.0,5.0,0.0,1.5999999999999348,0,1.0,0,1,1,0.14141458336598997,Abl_G_NoRecedingHorizon
Abl_H_NoAccessConstraints,50204,0.518,0.5045180452686043,reject,reject,True,False,False,32.99999999999995,0.0,25.0,0.0,7.999999999999952,0,5.0,0,5,5,0.08354147385432505,Abl_H_NoAccessConstraints
Abl_I_NoStoppingCert,50204,0.518,0.48583799400202465,reject,reject,True,False,False,6.599999999999935,0.0,5.0,0.0,1.5999999999999348,0,1.0,0,1,1,0.14224348738239898,Abl_I_NoStoppingCert
Full_B7,50205,0.518,0.4796126752096187,reject,reject,True,False,False,6.599999999999935,0.0,5.0,0.0,1.5999999999999348,0,1.0,0,1,1,0.14141458336598997,Full_B7
Abl_A_NoBiasModel,50205,0.518,0.4870855248812072,reject,reject,True,False,False,6.599999999999935,0.0,5.0,0.0,1.5999999999999348,0,1.0,0,1,1,0.1424031625703796,Abl_A_NoBiasModel
Abl_B_NoOptionValue,50205,0.518,0.4796126752096187,reject,reject,True,False,False,6.599999999999935,0.0,5.0,0.0,1.5999999999999348,0,1.0,0,1,1,0.14141458336598997,Abl_B_NoOptionValue
Abl_C_NoStateChange,50205,0.518,0.48258800180141004,reject,reject,True,False,False,13.19999999999987,0.0,10.0,0.0,3.1999999999998696,0,2.0,0,2,2,0.14130718861943814,Abl_C_NoStateChange
Abl_E_NoContagion,50205,0.518,0.4796126752096187,reject,reject,True,False,False,6.599999999999935,0.0,5.0,0.0,1.5999999999999348,0,1.0,0,1,1,0.14141458336598997,Abl_E_NoContagion
Abl_F_NoDispositionLoss,50205,0.518,0.4644563108197234,reject,reject,True,False,False,47.743333333333354,0.0,35.0,0.0,12.743333333333357,0,6.0,1,2,3,0.1307615417793613,Abl_F_NoDispositionLoss
Abl_G_NoRecedingHorizon,50205,0.518,0.4796126752096187,reject,reject,True,False,False,6.599999999999935,0.0,5.0,0.0,1.5999999999999348,0,1.0,0,1,1,0.14141458336598997,Abl_G_NoRecedingHorizon
Abl_H_NoAccessConstraints,50205,0.518,0.46769539098185187,reject,reject,True,False,False,46.19999999999996,0.0,35.0,0.0,11.19999999999996,0,7.0,0,7,7,0.07458615989517302,Abl_H_NoAccessConstraints
Abl_I_NoStoppingCert,50205,0.518,0.48996783601139304,reject,reject,True,False,False,6.599999999999935,0.0,5.0,0.0,1.5999999999999348,0,1.0,0,1,1,0.14276393976349258,Abl_I_NoStoppingCert
Full_B7,50206,0.518,0.4796126752096187,reject,reject,True,False,False,6.600000000000073,0.0,5.0,0.0,1.6000000000000736,0,1.0,0,1,1,0.14141458336598997,Full_B7
Abl_A_NoBiasModel,50206,0.518,0.4803550855619898,reject,reject,True,False,False,6.600000000000073,0.0,5.0,0.0,1.6000000000000736,0,1.0,0,1,1,0.1415162626914389,Abl_A_NoBiasModel
Abl_B_NoOptionValue,50206,0.518,0.4796126752096187,reject,reject,True,False,False,6.600000000000073,0.0,5.0,0.0,1.6000000000000736,0,1.0,0,1,1,0.14141458336598997,Abl_B_NoOptionValue
Abl_C_NoStateChange,50206,0.518,0.48463877570772074,reject,reject,True,False,False,13.200000000000147,0.0,10.0,0.0,3.200000000000147,0,2.0,0,2,2,0.14148125994271485,Abl_C_NoStateChange
Abl_E_NoContagion,50206,0.518,0.4796126752096187,reject,reject,True,False,False,6.600000000000073,0.0,5.0,0.0,1.6000000000000736,0,1.0,0,1,1,0.14141458336598997,Abl_E_NoContagion
Abl_F_NoDispositionLoss,50206,0.518,0.4758676644486169,reject,reject,True,False,False,47.743333333333354,0.0,35.0,0.0,12.743333333333357,0,6.0,1,2,3,0.1313903248635025,Abl_F_NoDispositionLoss
Abl_G_NoRecedingHorizon,50206,0.518,0.4796126752096187,reject,reject,True,False,False,6.600000000000073,0.0,5.0,0.0,1.6000000000000736,0,1.0,0,1,1,0.14141458336598997,Abl_G_NoRecedingHorizon
Abl_H_NoAccessConstraints,50206,0.518,0.4755566865716886,reject,reject,True,False,False,46.19999999999996,0.0,35.0,0.0,11.19999999999996,0,7.0,0,7,7,0.08169104010975198,Abl_H_NoAccessConstraints
Abl_I_NoStoppingCert,50206,0.518,0.4796126752096187,reject,reject,True,False,False,6.600000000000073,0.0,5.0,0.0,1.6000000000000736,0,1.0,0,1,1,0.14141458336598997,Abl_I_NoStoppingCert
Full_B7,50207,0.518,0.48397931952802586,reject,reject,True,False,False,6.599999999999935,0.0,5.0,0.0,1.5999999999999348,0,1.0,0,1,1,0.1420016215858734,Full_B7
Abl_A_NoBiasModel,50207,0.518,0.48148242749252634,reject,reject,True,False,False,6.599999999999935,0.0,5.0,0.0,1.5999999999999348,0,1.0,0,1,1,0.14166919165288758,Abl_A_NoBiasModel
Abl_B_NoOptionValue,50207,0.518,0.4796126752096187,reject,reject,True,False,False,6.599999999999935,0.0,5.0,0.0,1.5999999999999348,0,1.0,0,1,1,0.14141458336598997,Abl_B_NoOptionValue
Abl_C_NoStateChange,50207,0.518,0.4768663646128307,reject,reject,True,False,False,13.19999999999987,0.0,10.0,0.0,3.1999999999998696,0,2.0,0,2,2,0.1408023127869857,Abl_C_NoStateChange
Abl_E_NoContagion,50207,0.518,0.4814690791293887,reject,reject,True,False,False,6.599999999999935,0.0,5.0,0.0,1.5999999999999348,0,1.0,0,1,1,0.14166739123945182,Abl_E_NoContagion
Abl_F_NoDispositionLoss,50207,0.518,0.4958618885618632,reject,reject,True,False,False,47.743333333333496,0.0,35.0,0.0,12.743333333333496,0,6.0,1,2,3,0.13223990072298822,Abl_F_NoDispositionLoss
Abl_G_NoRecedingHorizon,50207,0.518,0.488861818036827,reject,reject,True,False,False,6.599999999999935,0.0,5.0,0.0,1.5999999999999348,0,1.0,0,1,1,0.14262683975486082,Abl_G_NoRecedingHorizon
Abl_H_NoAccessConstraints,50207,0.518,0.5007845455827165,reject,reject,True,False,False,33.00000000000009,0.0,25.0,0.0,8.00000000000009,0,5.0,0,5,5,0.08278794180132289,Abl_H_NoAccessConstraints
Abl_I_NoStoppingCert,50207,0.518,0.4796126752096187,reject,reject,True,False,False,6.599999999999935,0.0,5.0,0.0,1.5999999999999348,0,1.0,0,1,1,0.14141458336598997,Abl_I_NoStoppingCert
Full_B7,50208,0.518,0.4796126752096187,reject,reject,True,False,False,6.600000000000073,0.0,5.0,0.0,1.6000000000000736,0,1.0,0,1,1,0.14141458336598997,Full_B7
Abl_A_NoBiasModel,50208,0.518,0.4796126752096187,reject,reject,True,False,False,6.600000000000073,0.0,5.0,0.0,1.6000000000000736,0,1.0,0,1,1,0.14141458336598997,Abl_A_NoBiasModel
Abl_B_NoOptionValue,50208,0.518,0.4844009645474319,reject,reject,True,False,False,6.600000000000073,0.0,5.0,0.0,1.6000000000000736,0,1.0,0,1,1,0.14205690696828668,Abl_B_NoOptionValue
Abl_C_NoStateChange,50208,0.518,0.4768663646128307,reject,reject,True,False,False,13.200000000000287,0.0,10.0,0.0,3.200000000000286,0,2.0,0,2,2,0.1408023127869857,Abl_C_NoStateChange
Abl_E_NoContagion,50208,0.518,0.4796126752096187,reject,reject,True,False,False,6.600000000000073,0.0,5.0,0.0,1.6000000000000736,0,1.0,0,1,1,0.14141458336598997,Abl_E_NoContagion
Abl_F_NoDispositionLoss,50208,0.518,0.4836631763871055,reject,reject,True,False,False,47.743333333333496,0.0,35.0,0.0,12.743333333333496,0,6.0,1,2,3,0.13175948571055338,Abl_F_NoDispositionLoss
Abl_G_NoRecedingHorizon,50208,0.518,0.4796126752096187,reject,reject,True,False,False,6.600000000000073,0.0,5.0,0.0,1.6000000000000736,0,1.0,0,1,1,0.14141458336598997,Abl_G_NoRecedingHorizon
Abl_H_NoAccessConstraints,50208,0.518,0.48486932621050166,reject,reject,True,False,False,39.600000000000165,0.0,30.0,0.0,9.600000000000165,0,6.0,0,6,6,0.07874449467314003,Abl_H_NoAccessConstraints
Abl_I_NoStoppingCert,50208,0.518,0.4966057287787902,reject,reject,True,False,False,6.600000000000073,0.0,5.0,0.0,1.6000000000000736,0,1.0,0,1,1,0.143551994966927,Abl_I_NoStoppingCert
Full_B7,50209,0.518,0.5100935207413014,reject,reject,True,False,False,6.600000000000073,0.0,5.0,0.0,1.6000000000000736,0,1.0,0,1,1,0.14497276114894236,Full_B7
Abl_A_NoBiasModel,50209,0.518,0.4796126752096187,reject,reject,True,False,False,6.600000000000073,0.0,5.0,0.0,1.6000000000000736,0,1.0,0,1,1,0.14141458336598997,Abl_A_NoBiasModel
Abl_B_NoOptionValue,50209,0.518,0.479790231060287,reject,reject,True,False,False,6.600000000000073,0.0,5.0,0.0,1.6000000000000736,0,1.0,0,1,1,0.14143897118587917,Abl_B_NoOptionValue
Abl_C_NoStateChange,50209,0.518,0.4803635742191446,reject,reject,True,False,False,13.200000000000008,0.0,10.0,0.0,3.200000000000008,0,2.0,0,2,2,0.14111427647740682,Abl_C_NoStateChange
Abl_E_NoContagion,50209,0.518,0.4796126752096187,reject,reject,True,False,False,6.600000000000073,0.0,5.0,0.0,1.6000000000000736,0,1.0,0,1,1,0.14141458336598997,Abl_E_NoContagion
Abl_F_NoDispositionLoss,50209,0.518,0.4829859230440826,reject,reject,True,False,False,47.743333333333496,0.0,35.0,0.0,12.743333333333496,0,6.0,1,2,3,0.13172934459570226,Abl_F_NoDispositionLoss
Abl_G_NoRecedingHorizon,50209,0.518,0.48125471318069735,reject,reject,True,False,False,6.600000000000073,0.0,5.0,0.0,1.6000000000000736,0,1.0,0,1,1,0.14163844382945706,Abl_G_NoRecedingHorizon
Abl_H_NoAccessConstraints,50209,0.518,0.5212070789884671,reject,reject,True,False,False,33.000000000000085,0.0,25.0,0.0,8.000000000000089,0,5.0,0,5,5,0.08484873329229227,Abl_H_NoAccessConstraints
Abl_I_NoStoppingCert,50209,0.518,0.48774654116305216,reject,reject,True,False,False,6.600000000000073,0.0,5.0,0.0,1.6000000000000736,0,1.0,0,1,1,0.14248690377228113,Abl_I_NoStoppingCert
Full_B7,50210,0.518,0.48838603831115546,reject,reject,True,False,False,6.600000000000213,0.0,5.0,0.0,1.6000000000002124,0,1.0,0,1,1,0.14256735036967325,Full_B7
Abl_A_NoBiasModel,50210,0.518,0.4796126752096187,reject,reject,True,False,False,6.600000000000213,0.0,5.0,0.0,1.6000000000002124,0,1.0,0,1,1,0.14141458336598997,Abl_A_NoBiasModel
Abl_B_NoOptionValue,50210,0.518,0.4808871783318279,reject,reject,True,False,False,6.600000000000213,0.0,5.0,0.0,1.6000000000002124,0,1.0,0,1,1,0.1415886640580843,Abl_B_NoOptionValue
Abl_C_NoStateChange,50210,0.518,0.4830767129274389,reject,reject,True,False,False,13.200000000000147,0.0,10.0,0.0,3.200000000000147,0,2.0,0,2,2,0.14134899946861193,Abl_C_NoStateChange
Abl_E_NoContagion,50210,0.518,0.4796126752096187,reject,reject,True,False,False,6.600000000000213,0.0,5.0,0.0,1.6000000000002124,0,1.0,0,1,1,0.14141458336598997,Abl_E_NoContagion
Abl_F_NoDispositionLoss,50210,0.518,0.49448729104022504,reject,reject,True,False,False,47.743333333333496,0.0,35.0,0.0,12.743333333333496,0,6.0,1,2,3,0.13219166452274897,Abl_F_NoDispositionLoss
Abl_G_NoRecedingHorizon,50210,0.518,0.4796126752096187,reject,reject,True,False,False,6.600000000000213,0.0,5.0,0.0,1.6000000000002124,0,1.0,0,1,1,0.14141458336598997,Abl_G_NoRecedingHorizon
Abl_H_NoAccessConstraints,50210,0.518,0.5391297629591416,reject,reject,True,False,False,33.00000000000009,0.0,25.0,0.0,8.00000000000009,0,5.0,0,5,5,0.08410132724995271,Abl_H_NoAccessConstraints
Abl_I_NoStoppingCert,50210,0.518,0.48368361567840745,reject,reject,True,False,False,6.600000000000213,0.0,5.0,0.0,1.6000000000002124,0,1.0,0,1,1,0.1419627029414169,Abl_I_NoStoppingCert
Full_B7,50211,0.518,0.487823612363397,reject,reject,True,False,False,6.600000000000213,0.0,5.0,0.0,1.6000000000002124,0,1.0,0,1,1,0.14249662867868898,Full_B7
Abl_A_NoBiasModel,50211,0.518,0.48968660837238076,reject,reject,True,False,False,6.600000000000213,0.0,5.0,0.0,1.6000000000002124,0,1.0,0,1,1,0.14272923709200594,Abl_A_NoBiasModel
Abl_B_NoOptionValue,50211,0.518,0.4813560893301676,reject,reject,True,False,False,6.600000000000213,0.0,5.0,0.0,1.6000000000002124,0,1.0,0,1,1,0.14165214136419813,Abl_B_NoOptionValue
Abl_C_NoStateChange,50211,0.518,0.48396695089509245,reject,reject,True,False,False,13.200000000000147,0.0,10.0,0.0,3.200000000000147,0,2.0,0,2,2,0.1414246335449026,Abl_C_NoStateChange
Abl_E_NoContagion,50211,0.518,0.48005151244592065,reject,reject,True,False,False,6.600000000000213,0.0,5.0,0.0,1.6000000000002124,0,1.0,0,1,1,0.14147477883926066,Abl_E_NoContagion
Abl_F_NoDispositionLoss,50211,0.518,0.4893794946135143,reject,reject,True,False,False,47.743333333333354,0.0,35.0,0.0,12.743333333333357,0,6.0,1,2,3,0.13199932102188983,Abl_F_NoDispositionLoss
Abl_G_NoRecedingHorizon,50211,0.518,0.4796126752096187,reject,reject,True,False,False,6.600000000000213,0.0,5.0,0.0,1.6000000000002124,0,1.0,0,1,1,0.14141458336598997,Abl_G_NoRecedingHorizon
Abl_H_NoAccessConstraints,50211,0.518,0.48317343135520324,reject,reject,True,False,False,46.19999999999996,0.0,35.0,0.0,11.19999999999996,0,7.0,0,7,7,0.07979712658237585,Abl_H_NoAccessConstraints
Abl_I_NoStoppingCert,50211,0.518,0.49682166245053094,reject,reject,True,False,False,6.600000000000213,0.0,5.0,0.0,1.6000000000002124,0,1.0,0,1,1,0.1435766364010529,Abl_I_NoStoppingCert
Full_B7,50212,0.518,0.4796126752096187,reject,reject,True,False,False,6.599999999999935,0.0,5.0,0.0,1.5999999999999348,0,1.0,0,1,1,0.14141458336598997,Full_B7
Abl_A_NoBiasModel,50212,0.518,0.48196213427061513,reject,reject,True,False,False,6.599999999999935,0.0,5.0,0.0,1.5999999999999348,0,1.0,0,1,1,0.1417337296080947,Abl_A_NoBiasModel
Abl_B_NoOptionValue,50212,0.518,0.4796126752096187,reject,reject,True,False,False,6.599999999999935,0.0,5.0,0.0,1.5999999999999348,0,1.0,0,1,1,0.14141458336598997,Abl_B_NoOptionValue
Abl_C_NoStateChange,50212,0.518,0.4768663646128307,reject,reject,True,False,False,13.200000000000147,0.0,10.0,0.0,3.200000000000147,0,2.0,0,2,2,0.1408023127869857,Abl_C_NoStateChange
Abl_E_NoContagion,50212,0.518,0.48770574496918584,reject,reject,True,False,False,6.599999999999935,0.0,5.0,0.0,1.5999999999999348,0,1.0,0,1,1,0.14248175278911773,Abl_E_NoContagion
Abl_F_NoDispositionLoss,50212,0.52,0.47622450357347174,reject,reject,True,False,False,50.52468735990436,0.0,35.0,0.0,15.524687359904366,0,6.0,1,2,3,0.13140828877806132,Abl_F_NoDispositionLoss
Abl_G_NoRecedingHorizon,50212,0.518,0.48909770113175544,reject,reject,True,False,False,6.599999999999935,0.0,5.0,0.0,1.5999999999999348,0,1.0,0,1,1,0.14265621910878062,Abl_G_NoRecedingHorizon
Abl_H_NoAccessConstraints,50212,0.52,0.5190222249075165,reject,reject,True,False,False,35.94777364890984,0.0,25.0,0.0,10.947773648909838,0,5.0,0,5,5,0.08411835461720471,Abl_H_NoAccessConstraints
Abl_I_NoStoppingCert,50212,0.518,0.4796126752096187,reject,reject,True,False,False,6.599999999999935,0.0,5.0,0.0,1.5999999999999348,0,1.0,0,1,1,0.14141458336598997,Abl_I_NoStoppingCert
Full_B7,50213,0.518,0.4796126752096187,reject,reject,True,False,False,6.599999999999935,0.0,5.0,0.0,1.5999999999999348,0,1.0,0,1,1,0.14141458336598997,Full_B7
Abl_A_NoBiasModel,50213,0.518,0.48524987428606314,reject,reject,True,False,False,6.599999999999935,0.0,5.0,0.0,1.5999999999999348,0,1.0,0,1,1,0.14216747096731547,Abl_A_NoBiasModel
Abl_B_NoOptionValue,50213,0.518,0.4796126752096187,reject,reject,True,False,False,6.599999999999935,0.0,5.0,0.0,1.5999999999999348,0,1.0,0,1,1,0.14141458336598997,Abl_B_NoOptionValue
Abl_C_NoStateChange,50213,0.518,0.47753952524248505,reject,reject,True,False,False,13.19999999999987,0.0,10.0,0.0,3.1999999999998696,0,2.0,0,2,2,0.1408631874801712,Abl_C_NoStateChange
Abl_E_NoContagion,50213,0.518,0.4796126752096187,reject,reject,True,False,False,6.599999999999935,0.0,5.0,0.0,1.5999999999999348,0,1.0,0,1,1,0.14141458336598997,Abl_E_NoContagion
Abl_F_NoDispositionLoss,50213,0.518,0.47381264151993596,reject,reject,True,False,False,47.743333333333496,0.0,35.0,0.0,12.743333333333496,0,6.0,1,2,3,0.1312848742785313,Abl_F_NoDispositionLoss
Abl_G_NoRecedingHorizon,50213,0.518,0.4796126752096187,reject,reject,True,False,False,6.599999999999935,0.0,5.0,0.0,1.5999999999999348,0,1.0,0,1,1,0.14141458336598997,Abl_G_NoRecedingHorizon
Abl_H_NoAccessConstraints,50213,0.52,0.42565505703800505,reject,reject,True,False,False,361.83309385413617,0.0,180.0,100.0,81.83309385413618,5,28.0,6,2,9,0.11888796891206953,Abl_H_NoAccessConstraints
Abl_I_NoStoppingCert,50213,0.518,0.4844749679039929,reject,reject,True,False,False,6.599999999999935,0.0,5.0,0.0,1.5999999999999348,0,1.0,0,1,1,0.1420665848572196,Abl_I_NoStoppingCert
Full_B7,50214,0.518,0.4838141287160787,reject,reject,True,False,False,6.599999999999935,0.0,5.0,0.0,1.5999999999999348,0,1.0,0,1,1,0.1419798951238995,Full_B7
Abl_A_NoBiasModel,50214,0.518,0.4796126752096187,reject,reject,True,False,False,6.599999999999935,0.0,5.0,0.0,1.5999999999999348,0,1.0,0,1,1,0.14141458336598997,Abl_A_NoBiasModel
Abl_B_NoOptionValue,50214,0.518,0.4796126752096187,reject,reject,True,False,False,6.599999999999935,0.0,5.0,0.0,1.5999999999999348,0,1.0,0,1,1,0.14141458336598997,Abl_B_NoOptionValue
Abl_C_NoStateChange,50214,0.518,0.48000829655082944,reject,reject,True,False,False,13.200000000000008,0.0,10.0,0.0,3.200000000000008,0,2.0,0,2,2,0.14108306888689184,Abl_C_NoStateChange
Abl_E_NoContagion,50214,0.518,0.50278427100993,reject,reject,True,False,False,6.599999999999935,0.0,5.0,0.0,1.5999999999999348,0,1.0,0,1,1,0.1442325633454087,Abl_E_NoContagion
Abl_F_NoDispositionLoss,50214,0.518,0.47820180206055,reject,reject,True,False,False,47.74333333333322,0.0,35.0,0.0,12.743333333333219,0,6.0,1,2,3,0.13150597298872702,Abl_F_NoDispositionLoss
Abl_G_NoRecedingHorizon,50214,0.518,0.4796126752096187,reject,reject,True,False,False,6.599999999999935,0.0,5.0,0.0,1.5999999999999348,0,1.0,0,1,1,0.14141458336598997,Abl_G_NoRecedingHorizon
Abl_H_NoAccessConstraints,50214,0.518,0.513085692662487,reject,reject,True,False,False,33.00000000000009,0.0,25.0,0.0,8.00000000000009,0,5.0,0,5,5,0.08405054087055,Abl_H_NoAccessConstraints
Abl_I_NoStoppingCert,50214,0.518,0.48231083110184414,reject,reject,True,False,False,6.599999999999935,0.0,5.0,0.0,1.5999999999999348,0,1.0,0,1,1,0.14178044135585605,Abl_I_NoStoppingCert
Full_B7,50215,0.518,0.4832239153029139,reject,reject,True,False,False,6.599999999999935,0.0,5.0,0.0,1.5999999999999348,0,1.0,0,1,1,0.14190196010656467,Full_B7
Abl_A_NoBiasModel,50215,0.518,0.48227356447874853,reject,reject,True,False,False,6.599999999999935,0.0,5.0,0.0,1.5999999999999348,0,1.0,0,1,1,0.14177545713929607,Abl_A_NoBiasModel
Abl_B_NoOptionValue,50215,0.518,0.4875147312567024,reject,reject,True,False,False,6.599999999999935,0.0,5.0,0.0,1.5999999999999348,0,1.0,0,1,1,0.1424576048659883,Abl_B_NoOptionValue
Abl_C_NoStateChange,50215,0.518,0.4778497702480122,reject,reject,True,False,False,13.200000000000147,0.0,10.0,0.0,3.200000000000147,0,2.0,0,2,2,0.14089111046328112,Abl_C_NoStateChange
Abl_E_NoContagion,50215,0.518,0.4847237734688495,reject,reject,True,False,False,6.599999999999935,0.0,5.0,0.0,1.5999999999999348,0,1.0,0,1,1,0.14209906736679037,Abl_E_NoContagion
Abl_F_NoDispositionLoss,50215,0.518,0.5101941976202199,reject,reject,True,False,False,47.743333333333354,0.0,35.0,0.0,12.743333333333357,0,6.0,1,2,3,0.1326542029783003,Abl_F_NoDispositionLoss
Abl_G_NoRecedingHorizon,50215,0.518,0.4952786227965456,reject,reject,True,False,False,6.599999999999935,0.0,5.0,0.0,1.5999999999999348,0,1.0,0,1,1,0.14339918136380364,Abl_G_NoRecedingHorizon
Abl_H_NoAccessConstraints,50215,0.518,0.4692753627620673,reject,reject,True,False,False,46.19999999999996,0.0,35.0,0.0,11.19999999999996,0,7.0,0,7,7,0.07609734550116454,Abl_H_NoAccessConstraints
Abl_I_NoStoppingCert,50215,0.518,0.4796126752096187,reject,reject,True,False,False,6.599999999999935,0.0,5.0,0.0,1.5999999999999348,0,1.0,0,1,1,0.14141458336598997,Abl_I_NoStoppingCert
Full_B7,50216,0.518,0.49095468702045447,reject,reject,True,False,False,6.599999999999935,0.0,5.0,0.0,1.5999999999999348,0,1.0,0,1,1,0.14288486448331986,Full_B7
Abl_A_NoBiasModel,50216,0.518,0.48309662098692413,reject,reject,True,False,False,6.599999999999935,0.0,5.0,0.0,1.5999999999999348,0,1.0,0,1,1,0.14188508829367655,Abl_A_NoBiasModel
Abl_B_NoOptionValue,50216,0.518,0.4796126752096187,reject,reject,True,False,False,6.599999999999935,0.0,5.0,0.0,1.5999999999999348,0,1.0,0,1,1,0.14141458336598997,Abl_B_NoOptionValue
Abl_C_NoStateChange,50216,0.518,0.4768663646128307,reject,reject,True,False,False,13.19999999999987,0.0,10.0,0.0,3.1999999999998696,0,2.0,0,2,2,0.1408023127869857,Abl_C_NoStateChange
Abl_E_NoContagion,50216,0.518,0.4796126752096187,reject,reject,True,False,False,6.599999999999935,0.0,5.0,0.0,1.5999999999999348,0,1.0,0,1,1,0.14141458336598997,Abl_E_NoContagion
Abl_F_NoDispositionLoss,50216,0.518,0.48963912726103753,reject,reject,True,False,False,47.743333333333084,0.0,35.0,0.0,12.74333333333308,0,6.0,1,2,3,0.13200959704914633,Abl_F_NoDispositionLoss
Abl_G_NoRecedingHorizon,50216,0.518,0.4945272049585146,reject,reject,True,False,False,6.599999999999935,0.0,5.0,0.0,1.5999999999999348,0,1.0,0,1,1,0.14331161034770853,Abl_G_NoRecedingHorizon
Abl_H_NoAccessConstraints,50216,0.518,0.5217309090736801,reject,reject,True,False,False,33.00000000000009,0.0,25.0,0.0,8.00000000000009,0,5.0,0,5,5,0.08668509158853646,Abl_H_NoAccessConstraints
Abl_I_NoStoppingCert,50216,0.518,0.4796126752096187,reject,reject,True,False,False,6.599999999999935,0.0,5.0,0.0,1.5999999999999348,0,1.0,0,1,1,0.14141458336598997,Abl_I_NoStoppingCert
Full_B7,50217,0.518,0.4796126752096187,reject,reject,True,False,False,6.599999999999935,0.0,5.0,0.0,1.5999999999999348,0,1.0,0,1,1,0.14141458336598997,Full_B7
Abl_A_NoBiasModel,50217,0.518,0.4840147352773812,reject,reject,True,False,False,6.599999999999935,0.0,5.0,0.0,1.5999999999999348,0,1.0,0,1,1,0.1420062746802668,Abl_A_NoBiasModel
Abl_B_NoOptionValue,50217,0.518,0.4796126752096187,reject,reject,True,False,False,6.599999999999935,0.0,5.0,0.0,1.5999999999999348,0,1.0,0,1,1,0.14141458336598997,Abl_B_NoOptionValue
Abl_C_NoStateChange,50217,0.518,0.4768954506792233,reject,reject,True,False,False,13.200000000000008,0.0,10.0,0.0,3.200000000000008,0,2.0,0,2,2,0.1408049512346697,Abl_C_NoStateChange
Abl_E_NoContagion,50217,0.518,0.4860569393379679,reject,reject,True,False,False,6.599999999999935,0.0,5.0,0.0,1.5999999999999348,0,1.0,0,1,1,0.14227166535577496,Abl_E_NoContagion
Abl_F_NoDispositionLoss,50217,0.518,0.4891495217255176,reject,reject,True,False,False,47.743333333333496,0.0,35.0,0.0,12.743333333333496,0,6.0,1,2,3,0.13199017418810824,Abl_F_NoDispositionLoss
Abl_G_NoRecedingHorizon,50217,0.518,0.4796126752096187,reject,reject,True,False,False,6.599999999999935,0.0,5.0,0.0,1.5999999999999348,0,1.0,0,1,1,0.14141458336598997,Abl_G_NoRecedingHorizon
Abl_H_NoAccessConstraints,50217,0.518,0.5023542631539907,reject,reject,True,False,False,32.99999999999995,0.0,25.0,0.0,7.999999999999951,0,5.0,0,5,5,0.08175374861477377,Abl_H_NoAccessConstraints
Abl_I_NoStoppingCert,50217,0.518,0.48903341768135106,reject,reject,True,False,False,6.599999999999935,0.0,5.0,0.0,1.5999999999999348,0,1.0,0,1,1,0.14264822008843736,Abl_I_NoStoppingCert
Full_B7,50218,0.518,0.4796126752096187,reject,reject,True,False,False,6.600000000000073,0.0,5.0,0.0,1.6000000000000736,0,1.0,0,1,1,0.14141458336598997,Full_B7
Abl_A_NoBiasModel,50218,0.518,0.4846958601328897,reject,reject,True,False,False,6.600000000000073,0.0,5.0,0.0,1.6000000000000736,0,1.0,0,1,1,0.14209542742486236,Abl_A_NoBiasModel
Abl_B_NoOptionValue,50218,0.518,0.4796126752096187,reject,reject,True,False,False,6.600000000000073,0.0,5.0,0.0,1.6000000000000736,0,1.0,0,1,1,0.14141458336598997,Abl_B_NoOptionValue
Abl_C_NoStateChange,50218,0.518,0.48990270593711643,reject,reject,True,False,False,13.200000000000287,0.0,10.0,0.0,3.200000000000286,0,2.0,0,2,2,0.14191155636990346,Abl_C_NoStateChange
Abl_E_NoContagion,50218,0.518,0.4830397866916177,reject,reject,True,False,False,6.600000000000073,0.0,5.0,0.0,1.6000000000000736,0,1.0,0,1,1,0.14187754813267572,Abl_E_NoContagion
Abl_F_NoDispositionLoss,50218,0.518,0.4942422610848702,reject,reject,True,False,False,47.743333333333496,0.0,35.0,0.0,12.743333333333496,0,6.0,1,2,3,0.1321829092774182,Abl_F_NoDispositionLoss
Abl_G_NoRecedingHorizon,50218,0.518,0.4796126752096187,reject,reject,True,False,False,6.600000000000073,0.0,5.0,0.0,1.6000000000000736,0,1.0,0,1,1,0.14141458336598997,Abl_G_NoRecedingHorizon
Abl_H_NoAccessConstraints,50218,0.518,0.5235035600389586,reject,reject,True,False,False,33.00000000000009,0.0,25.0,0.0,8.00000000000009,0,5.0,0,5,5,0.08347733271001632,Abl_H_NoAccessConstraints
Abl_I_NoStoppingCert,50218,0.518,0.4898659659564303,reject,reject,True,False,False,6.600000000000073,0.0,5.0,0.0,1.6000000000000736,0,1.0,0,1,1,0.14275138171490123,Abl_I_NoStoppingCert
Full_B7,50219,0.518,0.4796126752096187,reject,reject,True,False,False,6.600000000000073,0.0,5.0,0.0,1.6000000000000736,0,1.0,0,1,1,0.14141458336598997,Full_B7
Abl_A_NoBiasModel,50219,0.518,0.4796126752096187,reject,reject,True,False,False,6.600000000000073,0.0,5.0,0.0,1.6000000000000736,0,1.0,0,1,1,0.14141458336598997,Abl_A_NoBiasModel
Abl_B_NoOptionValue,50219,0.518,0.48678024953896626,reject,reject,True,False,False,6.600000000000073,0.0,5.0,0.0,1.6000000000000736,0,1.0,0,1,1,0.1423642866928271,Abl_B_NoOptionValue
Abl_C_NoStateChange,50219,0.518,0.48198127320395284,reject,reject,True,False,False,13.200000000000008,0.0,10.0,0.0,3.200000000000008,0,2.0,0,2,2,0.14125499438697137,Abl_C_NoStateChange
Abl_E_NoContagion,50219,0.518,0.4796126752096187,reject,reject,True,False,False,6.600000000000073,0.0,5.0,0.0,1.6000000000000736,0,1.0,0,1,1,0.14141458336598997,Abl_E_NoContagion
Abl_F_NoDispositionLoss,50219,0.518,0.47484588843815756,reject,reject,True,False,False,47.74333333333322,0.0,35.0,0.0,12.743333333333219,0,6.0,1,2,3,0.13133831949557598,Abl_F_NoDispositionLoss
Abl_G_NoRecedingHorizon,50219,0.518,0.4796126752096187,reject,reject,True,False,False,6.600000000000073,0.0,5.0,0.0,1.6000000000000736,0,1.0,0,1,1,0.14141458336598997,Abl_G_NoRecedingHorizon
Abl_H_NoAccessConstraints,50219,0.518,0.5052610651549968,reject,reject,True,False,False,33.00000000000009,0.0,25.0,0.0,8.00000000000009,0,5.0,0,5,5,0.0828900637708936,Abl_H_NoAccessConstraints
Abl_I_NoStoppingCert,50219,0.518,0.4796126752096187,reject,reject,True,False,False,6.600000000000073,0.0,5.0,0.0,1.6000000000000736,0,1.0,0,1,1,0.14141458336598997,Abl_I_NoStoppingCert
Full_B7,50220,0.518,0.48053454552197505,reject,reject,True,False,False,6.599999999999935,0.0,5.0,0.0,1.5999999999999348,0,1.0,0,1,1,0.14154072575936305,Full_B7
Abl_A_NoBiasModel,50220,0.518,0.4894577906836342,reject,reject,True,False,False,6.599999999999935,0.0,5.0,0.0,1.5999999999999348,0,1.0,0,1,1,0.14270092229817335,Abl_A_NoBiasModel
Abl_B_NoOptionValue,50220,0.518,0.4796126752096187,reject,reject,True,False,False,6.599999999999935,0.0,5.0,0.0,1.5999999999999348,0,1.0,0,1,1,0.14141458336598997,Abl_B_NoOptionValue
Abl_C_NoStateChange,50220,0.518,0.48611208497490965,reject,reject,True,False,False,13.200000000000008,0.0,10.0,0.0,3.200000000000008,0,2.0,0,2,2,0.14160408435631527,Abl_C_NoStateChange
Abl_E_NoContagion,50220,0.518,0.4796126752096187,reject,reject,True,False,False,6.599999999999935,0.0,5.0,0.0,1.5999999999999348,0,1.0,0,1,1,0.14141458336598997,Abl_E_NoContagion
Abl_F_NoDispositionLoss,50220,0.518,0.49502272094687044,reject,reject,True,False,False,47.743333333333354,0.0,35.0,0.0,12.743333333333357,0,6.0,1,2,3,0.13221063093259885,Abl_F_NoDispositionLoss
Abl_G_NoRecedingHorizon,50220,0.518,0.49631947025957945,reject,reject,True,False,False,6.599999999999935,0.0,5.0,0.0,1.5999999999999348,0,1.0,0,1,1,0.14351923227075108,Abl_G_NoRecedingHorizon
Abl_H_NoAccessConstraints,50220,0.52,0.5209461099959605,reject,reject,True,False,False,35.49109038698995,0.0,25.0,0.0,10.49109038698995,0,5.0,0,5,5,0.08133159989754574,Abl_H_NoAccessConstraints
Abl_I_NoStoppingCert,50220,0.518,0.4825596394663097,reject,reject,True,False,False,6.599999999999935,0.0,5.0,0.0,1.5999999999999348,0,1.0,0,1,1,0.1418136688081351,Abl_I_NoStoppingCert
Full_B7,50221,0.518,0.4796126752096187,reject,reject,True,False,False,6.599999999999935,0.0,5.0,0.0,1.5999999999999348,0,1.0,0,1,1,0.14141458336598997,Full_B7
Abl_A_NoBiasModel,50221,0.518,0.4811489675472179,reject,reject,True,False,False,6.599999999999935,0.0,5.0,0.0,1.5999999999999348,0,1.0,0,1,1,0.1416241406673836,Abl_A_NoBiasModel
Abl_B_NoOptionValue,50221,0.518,0.4854269706365524,reject,reject,True,False,False,6.599999999999935,0.0,5.0,0.0,1.5999999999999348,0,1.0,0,1,1,0.1421904113073103,Abl_B_NoOptionValue
Abl_C_NoStateChange,50221,0.518,0.4789614366713796,reject,reject,True,False,False,13.200000000000008,0.0,10.0,0.0,3.200000000000008,0,2.0,0,2,2,0.14099047651129218,Abl_C_NoStateChange
Abl_E_NoContagion,50221,0.518,0.48154724456694276,reject,reject,True,False,False,6.599999999999935,0.0,5.0,0.0,1.5999999999999348,0,1.0,0,1,1,0.1416779305900133,Abl_E_NoContagion
Abl_F_NoDispositionLoss,50221,0.518,0.4824309912110145,reject,reject,True,False,False,47.74333333333322,0.0,35.0,0.0,12.743333333333219,0,6.0,1,2,3,0.1317043741907104,Abl_F_NoDispositionLoss
Abl_G_NoRecedingHorizon,50221,0.518,0.4796126752096187,reject,reject,True,False,False,6.599999999999935,0.0,5.0,0.0,1.5999999999999348,0,1.0,0,1,1,0.14141458336598997,Abl_G_NoRecedingHorizon
Abl_H_NoAccessConstraints,50221,0.518,0.5303630104935575,reject,reject,True,False,False,32.999999999999815,0.0,25.0,0.0,7.999999999999813,0,5.0,0,5,5,0.0839559996319191,Abl_H_NoAccessConstraints
Abl_I_NoStoppingCert,50221,0.518,0.48233352377913513,reject,reject,True,False,False,6.599999999999935,0.0,5.0,0.0,1.5999999999999348,0,1.0,0,1,1,0.1417834754391948,Abl_I_NoStoppingCert
Full_B7,50222,0.518,0.48158285940421147,reject,reject,True,False,False,6.599999999999935,0.0,5.0,0.0,1.5999999999999348,0,1.0,0,1,1,0.1416827298598591,Full_B7
Abl_A_NoBiasModel,50222,0.518,0.4796126752096187,reject,reject,True,False,False,6.599999999999935,0.0,5.0,0.0,1.5999999999999348,0,1.0,0,1,1,0.14141458336598997,Abl_A_NoBiasModel
Abl_B_NoOptionValue,50222,0.518,0.4835064197371488,reject,reject,True,False,False,6.599999999999935,0.0,5.0,0.0,1.5999999999999348,0,1.0,0,1,1,0.1419393236449587,Abl_B_NoOptionValue
Abl_C_NoStateChange,50222,0.518,0.49312806686817545,reject,reject,True,False,False,13.200000000000008,0.0,10.0,0.0,3.200000000000008,0,2.0,0,2,2,0.14216354155269686,Abl_C_NoStateChange
Abl_E_NoContagion,50222,0.518,0.4796126752096187,reject,reject,True,False,False,6.599999999999935,0.0,5.0,0.0,1.5999999999999348,0,1.0,0,1,1,0.14141458336598997,Abl_E_NoContagion
Abl_F_NoDispositionLoss,50222,0.52,0.4920496769739279,reject,reject,True,False,False,51.52260312631812,0.0,35.0,0.0,16.52260312631812,0,6.0,1,2,3,0.13210245058823214,Abl_F_NoDispositionLoss
Abl_G_NoRecedingHorizon,50222,0.518,0.4878712660273304,reject,reject,True,False,False,6.599999999999935,0.0,5.0,0.0,1.5999999999999348,0,1.0,0,1,1,0.1425026375949727,Abl_G_NoRecedingHorizon
Abl_H_NoAccessConstraints,50222,0.518,0.5198926966614767,reject,reject,True,False,False,32.99999999999995,0.0,25.0,0.0,7.999999999999951,0,5.0,0,5,5,0.08431589050331727,Abl_H_NoAccessConstraints
Abl_I_NoStoppingCert,50222,0.518,0.4818845271842814,reject,reject,True,False,False,6.599999999999935,0.0,5.0,0.0,1.5999999999999348,0,1.0,0,1,1,0.14172331032274804,Abl_I_NoStoppingCert
Full_B7,50223,0.518,0.48918177167507865,reject,reject,True,False,False,6.599999999999935,0.0,5.0,0.0,1.5999999999999348,0,1.0,0,1,1,0.1426666718140885,Full_B7
Abl_A_NoBiasModel,50223,0.518,0.4796126752096187,reject,reject,True,False,False,6.599999999999935,0.0,5.0,0.0,1.5999999999999348,0,1.0,0,1,1,0.14141458336598997,Abl_A_NoBiasModel
Abl_B_NoOptionValue,50223,0.518,0.4796126752096187,reject,reject,True,False,False,6.599999999999935,0.0,5.0,0.0,1.5999999999999348,0,1.0,0,1,1,0.14141458336598997,Abl_B_NoOptionValue
Abl_C_NoStateChange,50223,0.518,0.478905190010082,reject,reject,True,False,False,13.200000000000287,0.0,10.0,0.0,3.200000000000286,0,2.0,0,2,2,0.14098547470493794,Abl_C_NoStateChange
Abl_E_NoContagion,50223,0.518,0.4796126752096187,reject,reject,True,False,False,6.599999999999935,0.0,5.0,0.0,1.5999999999999348,0,1.0,0,1,1,0.14141458336598997,Abl_E_NoContagion
Abl_F_NoDispositionLoss,50223,0.518,0.4903549543758223,reject,reject,True,False,False,47.743333333333496,0.0,35.0,0.0,12.743333333333496,0,6.0,1,2,3,0.13203765165659795,Abl_F_NoDispositionLoss
Abl_G_NoRecedingHorizon,50223,0.52,0.4796126752096187,reject,reject,True,False,False,10.433408232564108,0.0,5.0,0.0,5.4334082325641075,0,1.0,0,1,1,0.14141458336598997,Abl_G_NoRecedingHorizon
Abl_H_NoAccessConstraints,50223,0.518,0.5284421089764464,reject,reject,True,False,False,33.00000000000009,0.0,25.0,0.0,8.00000000000009,0,5.0,0,5,5,0.08343009082846073,Abl_H_NoAccessConstraints
Abl_I_NoStoppingCert,50223,0.518,0.48712754157585597,reject,reject,True,False,False,6.599999999999935,0.0,5.0,0.0,1.5999999999999348,0,1.0,0,1,1,0.14240850327415422,Abl_I_NoStoppingCert
Full_B7,50224,0.518,0.4796126752096187,reject,reject,True,False,False,6.599999999999935,0.0,5.0,0.0,1.5999999999999348,0,1.0,0,1,1,0.14141458336598997,Full_B7
Abl_A_NoBiasModel,50224,0.518,0.48209536685412296,reject,reject,True,False,False,6.599999999999935,0.0,5.0,0.0,1.5999999999999348,0,1.0,0,1,1,0.1417515974931733,Abl_A_NoBiasModel
Abl_B_NoOptionValue,50224,0.518,0.48122256898354154,reject,reject,True,False,False,6.599999999999935,0.0,5.0,0.0,1.5999999999999348,0,1.0,0,1,1,0.14163409764947152,Abl_B_NoOptionValue
Abl_C_NoStateChange,50224,0.518,0.487202955487201,reject,reject,True,False,False,13.19999999999987,0.0,10.0,0.0,3.1999999999998696,0,2.0,0,2,2,0.14169382744869166,Abl_C_NoStateChange
Abl_E_NoContagion,50224,0.518,0.4796126752096187,reject,reject,True,False,False,6.599999999999935,0.0,5.0,0.0,1.5999999999999348,0,1.0,0,1,1,0.14141458336598997,Abl_E_NoContagion
Abl_F_NoDispositionLoss,50224,0.518,0.4978827227374385,reject,reject,True,False,False,47.743333333333354,0.0,35.0,0.0,12.743333333333357,0,6.0,1,2,3,0.13230810454771055,Abl_F_NoDispositionLoss
Abl_G_NoRecedingHorizon,50224,0.518,0.4890319170799529,reject,reject,True,False,False,6.599999999999935,0.0,5.0,0.0,1.5999999999999348,0,1.0,0,1,1,0.1426480332959847,Abl_G_NoRecedingHorizon
Abl_H_NoAccessConstraints,50224,0.518,0.48438469545167157,reject,reject,True,False,False,46.19999999999996,0.0,35.0,0.0,11.199999999999962,0,7.0,0,7,7,0.0741036498761957,Abl_H_NoAccessConstraints
Abl_I_NoStoppingCert,50224,0.518,0.4796126752096187,reject,reject,True,False,False,6.599999999999935,0.0,5.0,0.0,1.5999999999999348,0,1.0,0,1,1,0.14141458336598997,Abl_I_NoStoppingCert
Full_B7,50225,0.518,0.4906579163145631,reject,reject,True,False,False,6.599999999999935,0.0,5.0,0.0,1.5999999999999348,0,1.0,0,1,1,0.1428486383639775,Full_B7
Abl_A_NoBiasModel,50225,0.518,0.49248310887834795,reject,reject,True,False,False,6.599999999999935,0.0,5.0,0.0,1.5999999999999348,0,1.0,0,1,1,0.1430695466258802,Abl_A_NoBiasModel
Abl_B_NoOptionValue,50225,0.518,0.4796126752096187,reject,reject,True,False,False,6.599999999999935,0.0,5.0,0.0,1.5999999999999348,0,1.0,0,1,1,0.14141458336598997,Abl_B_NoOptionValue
Abl_C_NoStateChange,50225,0.518,0.481091187968124,reject,reject,True,False,False,13.19999999999987,0.0,10.0,0.0,3.1999999999998696,0,2.0,0,2,2,0.1411778490129115,Abl_C_NoStateChange
Abl_E_NoContagion,50225,0.518,0.4796126752096187,reject,reject,True,False,False,6.599999999999935,0.0,5.0,0.0,1.5999999999999348,0,1.0,0,1,1,0.14141458336598997,Abl_E_NoContagion
Abl_F_NoDispositionLoss,50225,0.518,0.4967501888684742,reject,reject,True,False,False,47.743333333333496,0.0,35.0,0.0,12.743333333333496,0,6.0,1,2,3,0.1322702781890468,Abl_F_NoDispositionLoss
Abl_G_NoRecedingHorizon,50225,0.518,0.4796126752096187,reject,reject,True,False,False,6.599999999999935,0.0,5.0,0.0,1.5999999999999348,0,1.0,0,1,1,0.14141458336598997,Abl_G_NoRecedingHorizon
Abl_H_NoAccessConstraints,50225,0.518,0.5061100144211703,reject,reject,True,False,False,33.000000000000085,0.0,25.0,0.0,8.000000000000089,0,5.0,0,5,5,0.0846626407518929,Abl_H_NoAccessConstraints
Abl_I_NoStoppingCert,50225,0.518,0.4798608903521268,reject,reject,True,False,False,6.599999999999935,0.0,5.0,0.0,1.5999999999999348,0,1.0,0,1,1,0.1414486641910765,Abl_I_NoStoppingCert
Full_B7,50226,0.518,0.4796126752096187,reject,reject,True,False,False,6.599999999999935,0.0,5.0,0.0,1.5999999999999348,0,1.0,0,1,1,0.14141458336598997,Full_B7
Abl_A_NoBiasModel,50226,0.518,0.4963077224962925,reject,reject,True,False,False,6.599999999999935,0.0,5.0,0.0,1.5999999999999348,0,1.0,0,1,1,0.14351788538146104,Abl_A_NoBiasModel
Abl_B_NoOptionValue,50226,0.518,0.48523529056130377,reject,reject,True,False,False,6.599999999999935,0.0,5.0,0.0,1.5999999999999348,0,1.0,0,1,1,0.14216557992778536,Abl_B_NoOptionValue
Abl_C_NoStateChange,50226,0.518,0.48952018629100225,reject,reject,True,False,False,13.19999999999987,0.0,10.0,0.0,3.1999999999998696,0,2.0,0,2,2,0.1418810849928516,Abl_C_NoStateChange
Abl_E_NoContagion,50226,0.518,0.4888842465443517,reject,reject,True,False,False,6.599999999999935,0.0,5.0,0.0,1.5999999999999348,0,1.0,0,1,1,0.14262963649811788,Abl_E_NoContagion
Abl_F_NoDispositionLoss,50226,0.522,0.48336527311733624,reject,reject,True,False,False,53.452631535063325,0.0,35.0,0.0,18.452631535063325,0,6.0,1,2,3,0.13174627268359645,Abl_F_NoDispositionLoss
Abl_G_NoRecedingHorizon,50226,0.518,0.4894867602854102,reject,reject,True,False,False,6.599999999999935,0.0,5.0,0.0,1.5999999999999348,0,1.0,0,1,1,0.1427045110481008,Abl_G_NoRecedingHorizon
Abl_H_NoAccessConstraints,50226,0.518,0.5303670177248946,reject,reject,True,False,False,32.99999999999995,0.0,25.0,0.0,7.999999999999951,0,5.0,0,5,5,0.0809227985988819,Abl_H_NoAccessConstraints
Abl_I_NoStoppingCert,50226,0.518,0.4796126752096187,reject,reject,True,False,False,6.599999999999935,0.0,5.0,0.0,1.5999999999999348,0,1.0,0,1,1,0.14141458336598997,Abl_I_NoStoppingCert
Full_B7,50227,0.518,0.4796126752096187,reject,reject,True,False,False,6.599999999999935,0.0,5.0,0.0,1.5999999999999348,0,1.0,0,1,1,0.14141458336598997,Full_B7
Abl_A_NoBiasModel,50227,0.518,0.48415627942468786,reject,reject,True,False,False,6.599999999999935,0.0,5.0,0.0,1.5999999999999348,0,1.0,0,1,1,0.1420248541505459,Abl_A_NoBiasModel
Abl_B_NoOptionValue,50227,0.518,0.4796126752096187,reject,reject,True,False,False,6.599999999999935,0.0,5.0,0.0,1.5999999999999348,0,1.0,0,1,1,0.14141458336598997,Abl_B_NoOptionValue
Abl_C_NoStateChange,50227,0.518,0.4807334682048183,reject,reject,True,False,False,13.19999999999987,0.0,10.0,0.0,3.1999999999998696,0,2.0,0,2,2,0.14114665183244243,Abl_C_NoStateChange
Abl_E_NoContagion,50227,0.518,0.4796126752096187,reject,reject,True,False,False,6.599999999999935,0.0,5.0,0.0,1.5999999999999348,0,1.0,0,1,1,0.14141458336598997,Abl_E_NoContagion
Abl_F_NoDispositionLoss,50227,0.518,0.494304721501996,reject,reject,True,False,False,47.743333333333496,0.0,35.0,0.0,12.743333333333496,0,6.0,1,2,3,0.13218514558020883,Abl_F_NoDispositionLoss
Abl_G_NoRecedingHorizon,50227,0.518,0.4804952820884689,reject,reject,True,False,False,6.599999999999935,0.0,5.0,0.0,1.5999999999999348,0,1.0,0,1,1,0.1415353774070652,Abl_G_NoRecedingHorizon
Abl_H_NoAccessConstraints,50227,0.518,0.5263150293274335,reject,reject,True,False,False,32.99999999999995,0.0,25.0,0.0,7.999999999999951,0,5.0,0,5,5,0.07959297570701687,Abl_H_NoAccessConstraints
Abl_I_NoStoppingCert,50227,0.518,0.4796126752096187,reject,reject,True,False,False,6.599999999999935,0.0,5.0,0.0,1.5999999999999348,0,1.0,0,1,1,0.14141458336598997,Abl_I_NoStoppingCert
Full_B7,50228,0.518,0.4810956526922535,reject,reject,True,False,False,6.599999999999935,0.0,5.0,0.0,1.5999999999999348,0,1.0,0,1,1,0.14161692339387041,Full_B7
Abl_A_NoBiasModel,50228,0.518,0.4796126752096187,reject,reject,True,False,False,6.599999999999935,0.0,5.0,0.0,1.5999999999999348,0,1.0,0,1,1,0.14141458336598997,Abl_A_NoBiasModel
Abl_B_NoOptionValue,50228,0.522,0.48848651606836846,reject,reject,True,False,False,12.870226834110898,0.0,5.0,0.0,7.870226834110899,0,1.0,0,1,1,0.1425799393794035,Abl_B_NoOptionValue
Abl_C_NoStateChange,50228,0.518,0.4852606616859725,reject,reject,True,False,False,13.19999999999987,0.0,10.0,0.0,3.1999999999998696,0,2.0,0,2,2,0.14153333148853084,Abl_C_NoStateChange
Abl_E_NoContagion,50228,0.518,0.4796126752096187,reject,reject,True,False,False,6.599999999999935,0.0,5.0,0.0,1.5999999999999348,0,1.0,0,1,1,0.14141458336598997,Abl_E_NoContagion
Abl_F_NoDispositionLoss,50228,0.518,0.4828063028742717,reject,reject,True,False,False,47.743333333333354,0.0,35.0,0.0,12.743333333333357,0,6.0,1,2,3,0.13172128912511077,Abl_F_NoDispositionLoss
Abl_G_NoRecedingHorizon,50228,0.518,0.4796126752096187,reject,reject,True,False,False,6.599999999999935,0.0,5.0,0.0,1.5999999999999348,0,1.0,0,1,1,0.14141458336598997,Abl_G_NoRecedingHorizon
Abl_H_NoAccessConstraints,50228,0.518,0.5051239740263163,reject,reject,True,False,False,32.99999999999995,0.0,25.0,0.0,7.999999999999951,0,5.0,0,5,5,0.0881750608592012,Abl_H_NoAccessConstraints
Abl_I_NoStoppingCert,50228,0.518,0.4796126752096187,reject,reject,True,False,False,6.599999999999935,0.0,5.0,0.0,1.5999999999999348,0,1.0,0,1,1,0.14141458336598997,Abl_I_NoStoppingCert
Full_B7,50229,0.518,0.4796126752096187,reject,reject,True,False,False,6.600000000000073,0.0,5.0,0.0,1.6000000000000736,0,1.0,0,1,1,0.14141458336598997,Full_B7
Abl_A_NoBiasModel,50229,0.518,0.4812821301343657,reject,reject,True,False,False,6.600000000000073,0.0,5.0,0.0,1.6000000000000736,0,1.0,0,1,1,0.14164214970798922,Abl_A_NoBiasModel
Abl_B_NoOptionValue,50229,0.518,0.49681487265750174,reject,reject,True,False,False,6.600000000000073,0.0,5.0,0.0,1.6000000000000736,0,1.0,0,1,1,0.1435758625274924,Abl_B_NoOptionValue
Abl_C_NoStateChange,50229,0.518,0.4808357989364918,reject,reject,True,False,False,13.200000000000008,0.0,10.0,0.0,3.200000000000008,0,2.0,0,2,2,0.14115558752524854,Abl_C_NoStateChange
Abl_E_NoContagion,50229,0.518,0.48556318407851506,reject,reject,True,False,False,6.600000000000073,0.0,5.0,0.0,1.6000000000000736,0,1.0,0,1,1,0.14220802648917152,Abl_E_NoContagion
Abl_F_NoDispositionLoss,50229,0.518,0.4865419372693571,reject,reject,True,False,False,47.74333333333322,0.0,35.0,0.0,12.743333333333219,0,6.0,1,2,3,0.13188352027256975,Abl_F_NoDispositionLoss
Abl_G_NoRecedingHorizon,50229,0.518,0.4868801595922001,reject,reject,True,False,False,6.600000000000073,0.0,5.0,0.0,1.6000000000000736,0,1.0,0,1,1,0.1423770239861285,Abl_G_NoRecedingHorizon
Abl_H_NoAccessConstraints,50229,0.518,0.5369223740324147,reject,reject,True,False,False,32.99999999999995,0.0,25.0,0.0,7.999999999999951,0,5.0,0,5,5,0.08632692898014802,Abl_H_NoAccessConstraints
Abl_I_NoStoppingCert,50229,0.518,0.4796126752096187,reject,reject,True,False,False,6.600000000000073,0.0,5.0,0.0,1.6000000000000736,0,1.0,0,1,1,0.14141458336598997,Abl_I_NoStoppingCert
Full_B7,50230,0.518,0.483699603322808,reject,reject,True,False,False,6.599999999999935,0.0,5.0,0.0,1.5999999999999348,0,1.0,0,1,1,0.14196481022224924,Full_B7
Abl_A_NoBiasModel,50230,0.518,0.48238823084373816,reject,reject,True,False,False,6.599999999999935,0.0,5.0,0.0,1.5999999999999348,0,1.0,0,1,1,0.14179078701098397,Abl_A_NoBiasModel
Abl_B_NoOptionValue,50230,0.518,0.4796126752096187,reject,reject,True,False,False,6.599999999999935,0.0,5.0,0.0,1.5999999999999348,0,1.0,0,1,1,0.14141458336598997,Abl_B_NoOptionValue
Abl_C_NoStateChange,50230,0.518,0.49217878480309885,reject,reject,True,False,False,13.200000000000008,0.0,10.0,0.0,3.200000000000008,0,2.0,0,2,2,0.14209029473625723,Abl_C_NoStateChange
Abl_E_NoContagion,50230,0.518,0.4906370312354552,reject,reject,True,False,False,6.599999999999935,0.0,5.0,0.0,1.5999999999999348,0,1.0,0,1,1,0.14284608447133396,Abl_E_NoContagion
Abl_F_NoDispositionLoss,50230,0.518,0.5026461909862661,reject,reject,True,False,False,47.74333333333322,0.0,35.0,0.0,12.743333333333219,0,6.0,1,2,3,0.13245613769541434,Abl_F_NoDispositionLoss
Abl_G_NoRecedingHorizon,50230,0.518,0.48696051682022273,reject,reject,True,False,False,6.599999999999935,0.0,5.0,0.0,1.5999999999999348,0,1.0,0,1,1,0.14238725861279128,Abl_G_NoRecedingHorizon
Abl_H_NoAccessConstraints,50230,0.518,0.4994565356033192,reject,reject,True,False,False,32.999999999999815,0.0,25.0,0.0,7.999999999999813,0,5.0,0,5,5,0.07886235020924515,Abl_H_NoAccessConstraints
Abl_I_NoStoppingCert,50230,0.518,0.4796126752096187,reject,reject,True,False,False,6.599999999999935,0.0,5.0,0.0,1.5999999999999348,0,1.0,0,1,1,0.14141458336598997,Abl_I_NoStoppingCert
Full_B7,50231,0.518,0.4796126752096187,reject,reject,True,False,False,6.599999999999935,0.0,5.0,0.0,1.5999999999999348,0,1.0,0,1,1,0.14141458336598997,Full_B7
Abl_A_NoBiasModel,50231,0.518,0.4815724246683497,reject,reject,True,False,False,6.599999999999935,0.0,5.0,0.0,1.5999999999999348,0,1.0,0,1,1,0.14168132391190527,Abl_A_NoBiasModel
Abl_B_NoOptionValue,50231,0.518,0.4796126752096187,reject,reject,True,False,False,6.599999999999935,0.0,5.0,0.0,1.5999999999999348,0,1.0,0,1,1,0.14141458336598997,Abl_B_NoOptionValue
Abl_C_NoStateChange,50231,0.518,0.4820466831923372,reject,reject,True,False,False,13.200000000000008,0.0,10.0,0.0,3.200000000000008,0,2.0,0,2,2,0.1412606366026797,Abl_C_NoStateChange
Abl_E_NoContagion,50231,0.524,0.4985507616807152,reject,reject,True,False,False,16.44157153654041,0.0,5.0,0.0,11.441571536540406,0,1.0,0,1,1,0.14377170985364118,Abl_E_NoContagion
Abl_F_NoDispositionLoss,50231,0.518,0.4998553854945074,reject,reject,True,False,False,47.743333333333354,0.0,35.0,0.0,12.743333333333357,0,6.0,1,2,3,0.13237157596310706,Abl_F_NoDispositionLoss
Abl_G_NoRecedingHorizon,50231,0.518,0.4796126752096187,reject,reject,True,False,False,6.599999999999935,0.0,5.0,0.0,1.5999999999999348,0,1.0,0,1,1,0.14141458336598997,Abl_G_NoRecedingHorizon
Abl_H_NoAccessConstraints,50231,0.518,0.5285780420034962,reject,reject,True,False,False,33.000000000000085,0.0,25.0,0.0,8.000000000000089,0,5.0,0,5,5,0.08309492668920561,Abl_H_NoAccessConstraints
Abl_I_NoStoppingCert,50231,0.518,0.4796126752096187,reject,reject,True,False,False,6.599999999999935,0.0,5.0,0.0,1.5999999999999348,0,1.0,0,1,1,0.14141458336598997,Abl_I_NoStoppingCert
Full_B7,50232,0.518,0.4878547926961675,reject,reject,True,False,False,6.599999999999935,0.0,5.0,0.0,1.5999999999999348,0,1.0,0,1,1,0.14250056073173,Full_B7
Abl_A_NoBiasModel,50232,0.518,0.4796126752096187,reject,reject,True,False,False,6.599999999999935,0.0,5.0,0.0,1.5999999999999348,0,1.0,0,1,1,0.14141458336598997,Abl_A_NoBiasModel
Abl_B_NoOptionValue,50232,0.518,0.4796126752096187,reject,reject,True,False,False,6.599999999999935,0.0,5.0,0.0,1.5999999999999348,0,1.0,0,1,1,0.14141458336598997,Abl_B_NoOptionValue
Abl_C_NoStateChange,50232,0.518,0.4768663646128307,reject,reject,True,False,False,13.200000000000008,0.0,10.0,0.0,3.200000000000008,0,2.0,0,2,2,0.1408023127869857,Abl_C_NoStateChange
Abl_E_NoContagion,50232,0.518,0.4796126752096187,reject,reject,True,False,False,6.599999999999935,0.0,5.0,0.0,1.5999999999999348,0,1.0,0,1,1,0.14141458336598997,Abl_E_NoContagion
Abl_F_NoDispositionLoss,50232,0.518,0.4843706596115516,reject,reject,True,False,False,47.74333333333322,0.0,35.0,0.0,12.743333333333219,0,6.0,1,2,3,0.1317905810345142,Abl_F_NoDispositionLoss
Abl_G_NoRecedingHorizon,50232,0.518,0.4829290742284191,reject,reject,True,False,False,6.599999999999935,0.0,5.0,0.0,1.5999999999999348,0,1.0,0,1,1,0.14186284715490002,Abl_G_NoRecedingHorizon
Abl_H_NoAccessConstraints,50232,0.518,0.5055919748796108,reject,reject,True,False,False,32.99999999999995,0.0,25.0,0.0,7.999999999999951,0,5.0,0,5,5,0.08119543186124685,Abl_H_NoAccessConstraints
Abl_I_NoStoppingCert,50232,0.518,0.48797859271491273,reject,reject,True,False,False,6.599999999999935,0.0,5.0,0.0,1.5999999999999348,0,1.0,0,1,1,0.1425161596513897,Abl_I_NoStoppingCert
Full_B7,50233,0.518,0.4845706940024085,reject,reject,True,False,False,6.599999999999935,0.0,5.0,0.0,1.5999999999999348,0,1.0,0,1,1,0.14207909236362565,Full_B7
Abl_A_NoBiasModel,50233,0.518,0.49953939828068056,reject,reject,True,False,False,6.599999999999935,0.0,5.0,0.0,1.5999999999999348,0,1.0,0,1,1,0.14388145717437048,Abl_A_NoBiasModel
Abl_B_NoOptionValue,50233,0.518,0.4805585974685334,reject,reject,True,False,False,6.599999999999935,0.0,5.0,0.0,1.5999999999999348,0,1.0,0,1,1,0.14154400098467168,Abl_B_NoOptionValue
Abl_C_NoStateChange,50233,0.518,0.4785131167221107,reject,reject,True,False,False,13.19999999999987,0.0,10.0,0.0,3.1999999999998696,0,2.0,0,2,2,0.14095053275899594,Abl_C_NoStateChange
Abl_E_NoContagion,50233,0.518,0.4796126752096187,reject,reject,True,False,False,6.599999999999935,0.0,5.0,0.0,1.5999999999999348,0,1.0,0,1,1,0.14141458336598997,Abl_E_NoContagion
Abl_F_NoDispositionLoss,50233,0.518,0.500708532615689,reject,reject,True,False,False,47.743333333333354,0.0,35.0,0.0,12.743333333333357,0,6.0,1,2,3,0.132398076820264,Abl_F_NoDispositionLoss
Abl_G_NoRecedingHorizon,50233,0.518,0.4796126752096187,reject,reject,True,False,False,6.599999999999935,0.0,5.0,0.0,1.5999999999999348,0,1.0,0,1,1,0.14141458336598997,Abl_G_NoRecedingHorizon
Abl_H_NoAccessConstraints,50233,0.518,0.5008878761834923,reject,reject,True,False,False,32.999999999999815,0.0,25.0,0.0,7.999999999999813,0,5.0,0,5,5,0.08611631382217792,Abl_H_NoAccessConstraints
Abl_I_NoStoppingCert,50233,0.518,0.4901746693503199,reject,reject,True,False,False,6.599999999999935,0.0,5.0,0.0,1.5999999999999348,0,1.0,0,1,1,0.1427893937964317,Abl_I_NoStoppingCert
Full_B7,50234,0.518,0.500490147915479,reject,reject,True,False,False,6.599999999999935,0.0,5.0,0.0,1.5999999999999348,0,1.0,0,1,1,0.14398577471946428,Full_B7
Abl_A_NoBiasModel,50234,0.518,0.4796126752096187,reject,reject,True,False,False,6.599999999999935,0.0,5.0,0.0,1.5999999999999348,0,1.0,0,1,1,0.14141458336598997,Abl_A_NoBiasModel
Abl_B_NoOptionValue,50234,0.518,0.4796126752096187,reject,reject,True,False,False,6.599999999999935,0.0,5.0,0.0,1.5999999999999348,0,1.0,0,1,1,0.14141458336598997,Abl_B_NoOptionValue
Abl_C_NoStateChange,50234,0.518,0.48261041356798345,reject,reject,True,False,False,13.200000000000147,0.0,10.0,0.0,3.200000000000147,0,2.0,0,2,2,0.14130911052472156,Abl_C_NoStateChange
Abl_E_NoContagion,50234,0.518,0.4796126752096187,reject,reject,True,False,False,6.599999999999935,0.0,5.0,0.0,1.5999999999999348,0,1.0,0,1,1,0.14141458336598997,Abl_E_NoContagion
Abl_F_NoDispositionLoss,50234,0.52,0.47281428525316505,reject,reject,True,False,False,50.71870875818185,0.0,35.0,0.0,15.718708758181851,0,6.0,1,2,3,0.13123241513193187,Abl_F_NoDispositionLoss
Abl_G_NoRecedingHorizon,50234,0.518,0.48598239190180337,reject,reject,True,False,False,6.599999999999935,0.0,5.0,0.0,1.5999999999999348,0,1.0,0,1,1,0.14226207859262419,Abl_G_NoRecedingHorizon
Abl_H_NoAccessConstraints,50234,0.524,0.5107861260362698,reject,reject,True,False,False,42.61039315561236,0.0,25.0,0.0,17.610393155612357,0,5.0,0,5,5,0.08421442504396638,Abl_H_NoAccessConstraints
Abl_I_NoStoppingCert,50234,0.518,0.4884260128951078,reject,reject,True,False,False,6.599999999999935,0.0,5.0,0.0,1.5999999999999348,0,1.0,0,1,1,0.1425723604956297,Abl_I_NoStoppingCert
Full_B7,50235,0.518,0.48066824986778584,reject,reject,True,False,False,6.600000000000073,0.0,5.0,0.0,1.6000000000000736,0,1.0,0,1,1,0.14155892245776677,Full_B7
Abl_A_NoBiasModel,50235,0.518,0.4796126752096187,reject,reject,True,False,False,6.600000000000073,0.0,5.0,0.0,1.6000000000000736,0,1.0,0,1,1,0.14141458336598997,Abl_A_NoBiasModel
Abl_B_NoOptionValue,50235,0.518,0.4796126752096187,reject,reject,True,False,False,6.600000000000073,0.0,5.0,0.0,1.6000000000000736,0,1.0,0,1,1,0.14141458336598997,Abl_B_NoOptionValue
Abl_C_NoStateChange,50235,0.518,0.4851050793996003,reject,reject,True,False,False,13.200000000000008,0.0,10.0,0.0,3.200000000000008,0,2.0,0,2,2,0.14152033547154758,Abl_C_NoStateChange
Abl_E_NoContagion,50235,0.518,0.4839950343920513,reject,reject,True,False,False,6.600000000000073,0.0,5.0,0.0,1.6000000000000736,0,1.0,0,1,1,0.14200368649535017,Abl_E_NoContagion
Abl_F_NoDispositionLoss,50235,0.518,0.4848298777044867,reject,reject,True,False,False,47.74333333333322,0.0,35.0,0.0,12.743333333333219,0,6.0,1,2,3,0.13181055080906076,Abl_F_NoDispositionLoss
Abl_G_NoRecedingHorizon,50235,0.518,0.49748404582028594,reject,reject,True,False,False,6.600000000000073,0.0,5.0,0.0,1.6000000000000736,0,1.0,0,1,1,0.14365183626802533,Abl_G_NoRecedingHorizon
Abl_H_NoAccessConstraints,50235,0.518,0.5349265832701952,reject,reject,True,False,False,32.99999999999995,0.0,25.0,0.0,7.999999999999951,0,5.0,0,5,5,0.08403711371157678,Abl_H_NoAccessConstraints
Abl_I_NoStoppingCert,50235,0.518,0.4817042676792746,reject,reject,True,False,False,6.600000000000073,0.0,5.0,0.0,1.6000000000000736,0,1.0,0,1,1,0.1416990769544524,Abl_I_NoStoppingCert
Full_B7,50236,0.518,0.48259163076971373,reject,reject,True,False,False,6.599999999999935,0.0,5.0,0.0,1.5999999999999348,0,1.0,0,1,1,0.14181793490147018,Full_B7
Abl_A_NoBiasModel,50236,0.518,0.48510247166267045,reject,reject,True,False,False,6.599999999999935,0.0,5.0,0.0,1.5999999999999348,0,1.0,0,1,1,0.14214834411978575,Abl_A_NoBiasModel
Abl_B_NoOptionValue,50236,0.518,0.4796126752096187,reject,reject,True,False,False,6.599999999999935,0.0,5.0,0.0,1.5999999999999348,0,1.0,0,1,1,0.14141458336598997,Abl_B_NoOptionValue
Abl_C_NoStateChange,50236,0.518,0.4768663646128307,reject,reject,True,False,False,13.19999999999987,0.0,10.0,0.0,3.1999999999998696,0,2.0,0,2,2,0.1408023127869857,Abl_C_NoStateChange
Abl_E_NoContagion,50236,0.518,0.4796126752096187,reject,reject,True,False,False,6.599999999999935,0.0,5.0,0.0,1.5999999999999348,0,1.0,0,1,1,0.14141458336598997,Abl_E_NoContagion
Abl_F_NoDispositionLoss,50236,0.518,0.4883950643987546,reject,reject,True,False,False,47.743333333333496,0.0,35.0,0.0,12.743333333333496,0,6.0,1,2,3,0.13195987170627177,Abl_F_NoDispositionLoss
Abl_G_NoRecedingHorizon,50236,0.518,0.4796126752096187,reject,reject,True,False,False,6.599999999999935,0.0,5.0,0.0,1.5999999999999348,0,1.0,0,1,1,0.14141458336598997,Abl_G_NoRecedingHorizon
Abl_H_NoAccessConstraints,50236,0.518,0.5501536116126928,reject,reject,True,False,False,32.99999999999995,0.0,25.0,0.0,7.999999999999952,0,5.0,0,5,5,0.08375544875019966,Abl_H_NoAccessConstraints
Abl_I_NoStoppingCert,50236,0.518,0.4802958411534295,reject,reject,True,False,False,6.599999999999935,0.0,5.0,0.0,1.5999999999999348,0,1.0,0,1,1,0.14150817693057602,Abl_I_NoStoppingCert
Full_B7,50237,0.518,0.49041189033451643,reject,reject,True,False,False,6.600000000000073,0.0,5.0,0.0,1.6000000000000736,0,1.0,0,1,1,0.14281851595961517,Full_B7
Abl_A_NoBiasModel,50237,0.518,0.48535874229031695,reject,reject,True,False,False,6.600000000000073,0.0,5.0,0.0,1.6000000000000736,0,1.0,0,1,1,0.14218157839495613,Abl_A_NoBiasModel
Abl_B_NoOptionValue,50237,0.518,0.4796126752096187,reject,reject,True,False,False,6.600000000000073,0.0,5.0,0.0,1.6000000000000736,0,1.0,0,1,1,0.14141458336598997,Abl_B_NoOptionValue
Abl_C_NoStateChange,50237,0.518,0.48025869364723883,reject,reject,True,False,False,13.200000000000008,0.0,10.0,0.0,3.200000000000008,0,2.0,0,2,2,0.1411050751413054,Abl_C_NoStateChange
Abl_E_NoContagion,50237,0.518,0.4796126752096187,reject,reject,True,False,False,6.600000000000073,0.0,5.0,0.0,1.6000000000000736,0,1.0,0,1,1,0.14141458336598997,Abl_E_NoContagion
Abl_F_NoDispositionLoss,50237,0.518,0.498949532712321,reject,reject,True,False,False,47.743333333333354,0.0,35.0,0.0,12.743333333333357,0,6.0,1,2,3,0.13234281049118618,Abl_F_NoDispositionLoss
Abl_G_NoRecedingHorizon,50237,0.518,0.49053745481337374,reject,reject,True,False,False,6.600000000000073,0.0,5.0,0.0,1.6000000000000736,0,1.0,0,1,1,0.1428338998184773,Abl_G_NoRecedingHorizon
Abl_H_NoAccessConstraints,50237,0.518,0.5205075815392455,reject,reject,True,False,False,33.00000000000009,0.0,25.0,0.0,8.00000000000009,0,5.0,0,5,5,0.08166019378851601,Abl_H_NoAccessConstraints
Abl_I_NoStoppingCert,50237,0.518,0.4796126752096187,reject,reject,True,False,False,6.600000000000073,0.0,5.0,0.0,1.6000000000000736,0,1.0,0,1,1,0.14141458336598997,Abl_I_NoStoppingCert
Full_B7,50238,0.518,0.4796126752096187,reject,reject,True,False,False,6.599999999999935,0.0,5.0,0.0,1.5999999999999348,0,1.0,0,1,1,0.14141458336598997,Full_B7
Abl_A_NoBiasModel,50238,0.518,0.4796126752096187,reject,reject,True,False,False,6.599999999999935,0.0,5.0,0.0,1.5999999999999348,0,1.0,0,1,1,0.14141458336598997,Abl_A_NoBiasModel
Abl_B_NoOptionValue,50238,0.518,0.4796126752096187,reject,reject,True,False,False,6.599999999999935,0.0,5.0,0.0,1.5999999999999348,0,1.0,0,1,1,0.14141458336598997,Abl_B_NoOptionValue
Abl_C_NoStateChange,50238,0.522,0.48939406838442057,reject,reject,True,False,False,19.656717524251235,0.0,10.0,0.0,9.656717524251235,0,2.0,0,2,2,0.14187101116451928,Abl_C_NoStateChange
Abl_E_NoContagion,50238,0.518,0.4796126752096187,reject,reject,True,False,False,6.599999999999935,0.0,5.0,0.0,1.5999999999999348,0,1.0,0,1,1,0.14141458336598997,Abl_E_NoContagion
Abl_F_NoDispositionLoss,50238,0.522,0.5080632744365972,reject,reject,True,False,False,53.97155299559389,0.0,35.0,0.0,18.97155299559389,0,6.0,1,2,3,0.13260281067830978,Abl_F_NoDispositionLoss
Abl_G_NoRecedingHorizon,50238,0.518,0.4796126752096187,reject,reject,True,False,False,6.599999999999935,0.0,5.0,0.0,1.5999999999999348,0,1.0,0,1,1,0.14141458336598997,Abl_G_NoRecedingHorizon
Abl_H_NoAccessConstraints,50238,0.518,0.5306317923075589,reject,reject,True,False,False,32.99999999999995,0.0,25.0,0.0,7.999999999999952,0,5.0,0,5,5,0.08525966473497323,Abl_H_NoAccessConstraints
Abl_I_NoStoppingCert,50238,0.518,0.4831908320404955,reject,reject,True,False,False,6.599999999999935,0.0,5.0,0.0,1.5999999999999348,0,1.0,0,1,1,0.14189757734972375,Abl_I_NoStoppingCert
Full_B7,50239,0.518,0.4829455980024793,reject,reject,True,False,False,6.599999999999935,0.0,5.0,0.0,1.5999999999999348,0,1.0,0,1,1,0.14186504234542527,Full_B7
Abl_A_NoBiasModel,50239,0.518,0.4796126752096187,reject,reject,True,False,False,6.599999999999935,0.0,5.0,0.0,1.5999999999999348,0,1.0,0,1,1,0.14141458336598997,Abl_A_NoBiasModel
Abl_B_NoOptionValue,50239,0.518,0.48345221950384076,reject,reject,True,False,False,6.599999999999935,0.0,5.0,0.0,1.5999999999999348,0,1.0,0,1,1,0.14193216377603662,Abl_B_NoOptionValue
Abl_C_NoStateChange,50239,0.518,0.4799729558613158,reject,reject,True,False,False,13.19999999999987,0.0,10.0,0.0,3.1999999999998696,0,2.0,0,2,2,0.14107995858114267,Abl_C_NoStateChange
Abl_E_NoContagion,50239,0.518,0.4796126752096187,reject,reject,True,False,False,6.599999999999935,0.0,5.0,0.0,1.5999999999999348,0,1.0,0,1,1,0.14141458336598997,Abl_E_NoContagion
Abl_F_NoDispositionLoss,50239,0.518,0.4872558760085902,reject,reject,True,False,False,47.74333333333322,0.0,35.0,0.0,12.743333333333219,0,6.0,1,2,3,0.1319132591167868,Abl_F_NoDispositionLoss
Abl_G_NoRecedingHorizon,50239,0.518,0.4796126752096187,reject,reject,True,False,False,6.599999999999935,0.0,5.0,0.0,1.5999999999999348,0,1.0,0,1,1,0.14141458336598997,Abl_G_NoRecedingHorizon
Abl_H_NoAccessConstraints,50239,0.518,0.5310785808504206,reject,reject,True,False,False,32.999999999999815,0.0,25.0,0.0,7.999999999999813,0,5.0,0,5,5,0.08392698723452664,Abl_H_NoAccessConstraints
Abl_I_NoStoppingCert,50239,0.518,0.4897576993379193,reject,reject,True,False,False,6.599999999999935,0.0,5.0,0.0,1.5999999999999348,0,1.0,0,1,1,0.1427380196653924,Abl_I_NoStoppingCert
Full_B7,50240,0.518,0.4796126752096187,reject,reject,True,False,False,6.599999999999935,0.0,5.0,0.0,1.5999999999999348,0,1.0,0,1,1,0.14141458336598997,Full_B7
Abl_A_NoBiasModel,50240,0.518,0.5111855347488904,reject,reject,True,False,False,6.599999999999935,0.0,5.0,0.0,1.5999999999999348,0,1.0,0,1,1,0.14507736917659908,Abl_A_NoBiasModel
Abl_B_NoOptionValue,50240,0.518,0.49758214930941647,reject,reject,True,False,False,6.599999999999935,0.0,5.0,0.0,1.5999999999999348,0,1.0,0,1,1,0.14366292409720333,Abl_B_NoOptionValue
Abl_C_NoStateChange,50240,0.518,0.4809782840490418,reject,reject,True,False,False,13.19999999999987,0.0,10.0,0.0,3.1999999999998696,0,2.0,0,2,2,0.14116801447770366,Abl_C_NoStateChange
Abl_E_NoContagion,50240,0.518,0.4882604846835196,reject,reject,True,False,False,6.599999999999935,0.0,5.0,0.0,1.5999999999999348,0,1.0,0,1,1,0.14255160020229357,Abl_E_NoContagion
Abl_F_NoDispositionLoss,50240,0.518,0.49120465086901455,reject,reject,True,False,False,47.74333333333322,0.0,35.0,0.0,12.743333333333219,0,6.0,1,2,3,0.13207042508567282,Abl_F_NoDispositionLoss
Abl_G_NoRecedingHorizon,50240,0.518,0.4838290509210685,reject,reject,True,False,False,6.599999999999935,0.0,5.0,0.0,1.5999999999999348,0,1.0,0,1,1,0.14198185929226753,Abl_G_NoRecedingHorizon
Abl_H_NoAccessConstraints,50240,0.518,0.5018933996698383,reject,reject,True,False,False,32.99999999999995,0.0,25.0,0.0,7.999999999999952,0,5.0,0,5,5,0.08270234863389898,Abl_H_NoAccessConstraints
Abl_I_NoStoppingCert,50240,0.518,0.48039947322597565,reject,reject,True,False,False,6.599999999999935,0.0,5.0,0.0,1.5999999999999348,0,1.0,0,1,1,0.1415223175735775,Abl_I_NoStoppingCert
Full_B7,50241,0.518,0.4796126752096187,reject,reject,True,False,False,6.600000000000073,0.0,5.0,0.0,1.6000000000000736,0,1.0,0,1,1,0.14141458336598997,Full_B7
Abl_A_NoBiasModel,50241,0.518,0.4796126752096187,reject,reject,True,False,False,6.600000000000073,0.0,5.0,0.0,1.6000000000000736,0,1.0,0,1,1,0.14141458336598997,Abl_A_NoBiasModel
Abl_B_NoOptionValue,50241,0.518,0.4878169235065343,reject,reject,True,False,False,6.600000000000073,0.0,5.0,0.0,1.6000000000000736,0,1.0,0,1,1,0.14249578499504217,Abl_B_NoOptionValue
Abl_C_NoStateChange,50241,0.518,0.4768663646128307,reject,reject,True,False,False,13.200000000000008,0.0,10.0,0.0,3.200000000000008,0,2.0,0,2,2,0.1408023127869857,Abl_C_NoStateChange
Abl_E_NoContagion,50241,0.518,0.4796126752096187,reject,reject,True,False,False,6.600000000000073,0.0,5.0,0.0,1.6000000000000736,0,1.0,0,1,1,0.14141458336598997,Abl_E_NoContagion
Abl_F_NoDispositionLoss,50241,0.518,0.48555473262135995,reject,reject,True,False,False,47.743333333333496,0.0,35.0,0.0,12.743333333333496,0,6.0,1,2,3,0.1318417299184241,Abl_F_NoDispositionLoss
Abl_G_NoRecedingHorizon,50241,0.518,0.4796126752096187,reject,reject,True,False,False,6.600000000000073,0.0,5.0,0.0,1.6000000000000736,0,1.0,0,1,1,0.14141458336598997,Abl_G_NoRecedingHorizon
Abl_H_NoAccessConstraints,50241,0.518,0.5176651199624052,reject,reject,True,False,False,32.99999999999995,0.0,25.0,0.0,7.999999999999951,0,5.0,0,5,5,0.08592744936836644,Abl_H_NoAccessConstraints
Abl_I_NoStoppingCert,50241,0.518,0.48091724258813057,reject,reject,True,False,False,6.600000000000073,0.0,5.0,0.0,1.6000000000000736,0,1.0,0,1,1,0.14159274309514683,Abl_I_NoStoppingCert
Full_B7,50242,0.518,0.4796126752096187,reject,reject,True,False,False,6.599999999999935,0.0,5.0,0.0,1.5999999999999348,0,1.0,0,1,1,0.14141458336598997,Full_B7
Abl_A_NoBiasModel,50242,0.518,0.4806288480086067,reject,reject,True,False,False,6.599999999999935,0.0,5.0,0.0,1.5999999999999348,0,1.0,0,1,1,0.14155356259148563,Abl_A_NoBiasModel
Abl_B_NoOptionValue,50242,0.518,0.4913841982791756,reject,reject,True,False,False,6.599999999999935,0.0,5.0,0.0,1.5999999999999348,0,1.0,0,1,1,0.14293708252992735,Abl_B_NoOptionValue
Abl_C_NoStateChange,50242,0.518,0.48121719535297414,reject,reject,True,False,False,13.19999999999987,0.0,10.0,0.0,3.1999999999998696,0,2.0,0,2,2,0.14118881191390595,Abl_C_NoStateChange
Abl_E_NoContagion,50242,0.518,0.49255707031392487,reject,reject,True,False,False,6.599999999999935,0.0,5.0,0.0,1.5999999999999348,0,1.0,0,1,1,0.14307840341360303,Abl_E_NoContagion
Abl_F_NoDispositionLoss,50242,0.518,0.499361093836933,reject,reject,True,False,False,47.74333333333322,0.0,35.0,0.0,12.743333333333219,0,6.0,1,2,3,0.13235595980057613,Abl_F_NoDispositionLoss
Abl_G_NoRecedingHorizon,50242,0.518,0.49927355296179227,reject,reject,True,False,False,6.599999999999935,0.0,5.0,0.0,1.5999999999999348,0,1.0,0,1,1,0.14385207368761802,Abl_G_NoRecedingHorizon
Abl_H_NoAccessConstraints,50242,0.518,0.5101937900494963,reject,reject,True,False,False,32.999999999999815,0.0,25.0,0.0,7.999999999999813,0,5.0,0,5,5,0.08778970264960209,Abl_H_NoAccessConstraints
Abl_I_NoStoppingCert,50242,0.518,0.4796126752096187,reject,reject,True,False,False,6.599999999999935,0.0,5.0,0.0,1.5999999999999348,0,1.0,0,1,1,0.14141458336598997,Abl_I_NoStoppingCert
Full_B7,50243,0.518,0.4796126752096187,reject,reject,True,False,False,6.599999999999935,0.0,5.0,0.0,1.5999999999999348,0,1.0,0,1,1,0.14141458336598997,Full_B7
Abl_A_NoBiasModel,50243,0.518,0.4796126752096187,reject,reject,True,False,False,6.599999999999935,0.0,5.0,0.0,1.5999999999999348,0,1.0,0,1,1,0.14141458336598997,Abl_A_NoBiasModel
Abl_B_NoOptionValue,50243,0.518,0.4796126752096187,reject,reject,True,False,False,6.599999999999935,0.0,5.0,0.0,1.5999999999999348,0,1.0,0,1,1,0.14141458336598997,Abl_B_NoOptionValue
Abl_C_NoStateChange,50243,0.518,0.47808920386579823,reject,reject,True,False,False,13.19999999999987,0.0,10.0,0.0,3.1999999999998696,0,2.0,0,2,2,0.1409126029532401,Abl_C_NoStateChange
Abl_E_NoContagion,50243,0.518,0.4817173363765691,reject,reject,True,False,False,6.599999999999935,0.0,5.0,0.0,1.5999999999999348,0,1.0,0,1,1,0.14170083537609077,Abl_E_NoContagion
Abl_F_NoDispositionLoss,50243,0.52,0.501891882377143,reject,reject,True,False,False,51.27864772439521,0.0,35.0,0.0,16.278647724395217,0,6.0,1,2,3,0.1324338862756714,Abl_F_NoDispositionLoss
Abl_G_NoRecedingHorizon,50243,0.518,0.4796126752096187,reject,reject,True,False,False,6.599999999999935,0.0,5.0,0.0,1.5999999999999348,0,1.0,0,1,1,0.14141458336598997,Abl_G_NoRecedingHorizon
Abl_H_NoAccessConstraints,50243,0.518,0.5094075792984128,reject,reject,True,False,False,32.99999999999995,0.0,25.0,0.0,7.999999999999951,0,5.0,0,5,5,0.08371960507497063,Abl_H_NoAccessConstraints
Abl_I_NoStoppingCert,50243,0.518,0.4796126752096187,reject,reject,True,False,False,6.599999999999935,0.0,5.0,0.0,1.5999999999999348,0,1.0,0,1,1,0.14141458336598997,Abl_I_NoStoppingCert
Full_B7,50244,0.518,0.4841289413294644,reject,reject,True,False,False,6.599999999999935,0.0,5.0,0.0,1.5999999999999348,0,1.0,0,1,1,0.14202126783287436,Full_B7
Abl_A_NoBiasModel,50244,0.518,0.48924441774127425,reject,reject,True,False,False,6.599999999999935,0.0,5.0,0.0,1.5999999999999348,0,1.0,0,1,1,0.1426744545010722,Abl_A_NoBiasModel
Abl_B_NoOptionValue,50244,0.518,0.4796126752096187,reject,reject,True,False,False,6.599999999999935,0.0,5.0,0.0,1.5999999999999348,0,1.0,0,1,1,0.14141458336598997,Abl_B_NoOptionValue
Abl_C_NoStateChange,50244,0.518,0.49424222125058676,reject,reject,True,False,False,13.19999999999987,0.0,10.0,0.0,3.1999999999998696,0,2.0,0,2,2,0.1422485365627317,Abl_C_NoStateChange
Abl_E_NoContagion,50244,0.518,0.4796126752096187,reject,reject,True,False,False,6.599999999999935,0.0,5.0,0.0,1.5999999999999348,0,1.0,0,1,1,0.14141458336598997,Abl_E_NoContagion
Abl_F_NoDispositionLoss,50244,0.518,0.5066238158195273,reject,reject,True,False,False,47.743333333333354,0.0,35.0,0.0,12.743333333333357,0,6.0,1,2,3,0.13256608174634182,Abl_F_NoDispositionLoss
Abl_G_NoRecedingHorizon,50244,0.518,0.4796126752096187,reject,reject,True,False,False,6.599999999999935,0.0,5.0,0.0,1.5999999999999348,0,1.0,0,1,1,0.14141458336598997,Abl_G_NoRecedingHorizon
Abl_H_NoAccessConstraints,50244,0.518,0.5235357867045158,reject,reject,True,False,False,32.99999999999995,0.0,25.0,0.0,7.999999999999951,0,5.0,0,5,5,0.08803642311870902,Abl_H_NoAccessConstraints
Abl_I_NoStoppingCert,50244,0.522,0.4967257603275729,reject,reject,True,False,False,13.157237161656312,0.0,5.0,0.0,8.157237161656312,0,1.0,0,1,1,0.14356570014962505,Abl_I_NoStoppingCert
Full_B7,50245,0.518,0.4796126752096187,reject,reject,True,False,False,6.600000000000073,0.0,5.0,0.0,1.6000000000000736,0,1.0,0,1,1,0.14141458336598997,Full_B7
Abl_A_NoBiasModel,50245,0.518,0.48449447141577373,reject,reject,True,False,False,6.600000000000073,0.0,5.0,0.0,1.6000000000000736,0,1.0,0,1,1,0.1420691341976986,Abl_A_NoBiasModel
Abl_B_NoOptionValue,50245,0.518,0.48951728373365083,reject,reject,True,False,False,6.600000000000073,0.0,5.0,0.0,1.6000000000000736,0,1.0,0,1,1,0.14270829105281904,Abl_B_NoOptionValue
Abl_C_NoStateChange,50245,0.518,0.48080841724601325,reject,reject,True,False,False,13.200000000000008,0.0,10.0,0.0,3.200000000000008,0,2.0,0,2,2,0.1411531973974708,Abl_C_NoStateChange
Abl_E_NoContagion,50245,0.518,0.4796126752096187,reject,reject,True,False,False,6.600000000000073,0.0,5.0,0.0,1.6000000000000736,0,1.0,0,1,1,0.14141458336598997,Abl_E_NoContagion
Abl_F_NoDispositionLoss,50245,0.518,0.4963928092000395,reject,reject,True,False,False,47.743333333333354,0.0,35.0,0.0,12.743333333333357,0,6.0,1,2,3,0.13225813168238598,Abl_F_NoDispositionLoss
Abl_G_NoRecedingHorizon,50245,0.518,0.4796126752096187,reject,reject,True,False,False,6.600000000000073,0.0,5.0,0.0,1.6000000000000736,0,1.0,0,1,1,0.14141458336598997,Abl_G_NoRecedingHorizon
Abl_H_NoAccessConstraints,50245,0.518,0.5165814170406247,reject,reject,True,False,False,32.99999999999995,0.0,25.0,0.0,7.999999999999951,0,5.0,0,5,5,0.08582780150446373,Abl_H_NoAccessConstraints
Abl_I_NoStoppingCert,50245,0.518,0.48968997423795,reject,reject,True,False,False,6.600000000000073,0.0,5.0,0.0,1.6000000000000736,0,1.0,0,1,1,0.14272965306582416,Abl_I_NoStoppingCert
Full_B7,50246,0.518,0.4796126752096187,reject,reject,True,False,False,6.600000000000073,0.0,5.0,0.0,1.6000000000000736,0,1.0,0,1,1,0.14141458336598997,Full_B7
Abl_A_NoBiasModel,50246,0.518,0.48543376423681783,reject,reject,True,False,False,6.600000000000073,0.0,5.0,0.0,1.6000000000000736,0,1.0,0,1,1,0.1421912904632854,Abl_A_NoBiasModel
Abl_B_NoOptionValue,50246,0.518,0.4919802262225973,reject,reject,True,False,False,6.600000000000073,0.0,5.0,0.0,1.6000000000000736,0,1.0,0,1,1,0.14300913114406463,Abl_B_NoOptionValue
Abl_C_NoStateChange,50246,0.518,0.47725543056568254,reject,reject,True,False,False,13.200000000000287,0.0,10.0,0.0,3.200000000000286,0,2.0,0,2,2,0.14083754461130302,Abl_C_NoStateChange
Abl_E_NoContagion,50246,0.518,0.4796126752096187,reject,reject,True,False,False,6.600000000000073,0.0,5.0,0.0,1.6000000000000736,0,1.0,0,1,1,0.14141458336598997,Abl_E_NoContagion
Abl_F_NoDispositionLoss,50246,0.518,0.4968520151974743,reject,reject,True,False,False,47.743333333333496,0.0,35.0,0.0,12.743333333333496,0,6.0,1,2,3,0.13227372057382986,Abl_F_NoDispositionLoss
Abl_G_NoRecedingHorizon,50246,0.518,0.4796126752096187,reject,reject,True,False,False,6.600000000000073,0.0,5.0,0.0,1.6000000000000736,0,1.0,0,1,1,0.14141458336598997,Abl_G_NoRecedingHorizon
Abl_H_NoAccessConstraints,50246,0.518,0.5248003434171963,reject,reject,True,False,False,33.00000000000009,0.0,25.0,0.0,8.00000000000009,0,5.0,0,5,5,0.0813065545925846,Abl_H_NoAccessConstraints
Abl_I_NoStoppingCert,50246,0.518,0.48648891965115715,reject,reject,True,False,False,6.600000000000073,0.0,5.0,0.0,1.6000000000000736,0,1.0,0,1,1,0.14232706762602887,Abl_I_NoStoppingCert
Full_B7,50247,0.518,0.48271534382256975,reject,reject,True,False,False,6.599999999999935,0.0,5.0,0.0,1.5999999999999348,0,1.0,0,1,1,0.14183441889051304,Full_B7
Abl_A_NoBiasModel,50247,0.518,0.4796126752096187,reject,reject,True,False,False,6.599999999999935,0.0,5.0,0.0,1.5999999999999348,0,1.0,0,1,1,0.14141458336598997,Abl_A_NoBiasModel
Abl_B_NoOptionValue,50247,0.518,0.4796126752096187,reject,reject,True,False,False,6.599999999999935,0.0,5.0,0.0,1.5999999999999348,0,1.0,0,1,1,0.14141458336598997,Abl_B_NoOptionValue
Abl_C_NoStateChange,50247,0.518,0.48660982345681403,reject,reject,True,False,False,13.200000000000008,0.0,10.0,0.0,3.200000000000008,0,2.0,0,2,2,0.14164515839201877,Abl_C_NoStateChange
Abl_E_NoContagion,50247,0.518,0.4827980055585064,reject,reject,True,False,False,6.599999999999935,0.0,5.0,0.0,1.5999999999999348,0,1.0,0,1,1,0.14184542122708704,Abl_E_NoContagion
Abl_F_NoDispositionLoss,50247,0.518,0.48391740979700976,reject,reject,True,False,False,47.743333333333496,0.0,35.0,0.0,12.743333333333496,0,6.0,1,2,3,0.13177070578066125,Abl_F_NoDispositionLoss
Abl_G_NoRecedingHorizon,50247,0.518,0.49096618923999114,reject,reject,True,False,False,6.599999999999935,0.0,5.0,0.0,1.5999999999999348,0,1.0,0,1,1,0.14288626612899705,Abl_G_NoRecedingHorizon
Abl_H_NoAccessConstraints,50247,0.522,0.4242837513926879,reject,reject,True,False,False,365.0275418682668,0.0,180.0,100.0,85.02754186826681,5,28.0,6,2,9,0.11925751521277138,Abl_H_NoAccessConstraints
Abl_I_NoStoppingCert,50247,0.518,0.4900570407006496,reject,reject,True,False,False,6.599999999999935,0.0,5.0,0.0,1.5999999999999348,0,1.0,0,1,1,0.1427749249048114,Abl_I_NoStoppingCert
Full_B7,50248,0.518,0.4796126752096187,reject,reject,True,False,False,6.599999999999935,0.0,5.0,0.0,1.5999999999999348,0,1.0,0,1,1,0.14141458336598997,Full_B7
Abl_A_NoBiasModel,50248,0.518,0.4796126752096187,reject,reject,True,False,False,6.599999999999935,0.0,5.0,0.0,1.5999999999999348,0,1.0,0,1,1,0.14141458336598997,Abl_A_NoBiasModel
Abl_B_NoOptionValue,50248,0.518,0.4796126752096187,reject,reject,True,False,False,6.599999999999935,0.0,5.0,0.0,1.5999999999999348,0,1.0,0,1,1,0.14141458336598997,Abl_B_NoOptionValue
Abl_C_NoStateChange,50248,0.518,0.47701707665397564,reject,reject,True,False,False,13.19999999999987,0.0,10.0,0.0,3.1999999999998696,0,2.0,0,2,2,0.14081597615024882,Abl_C_NoStateChange
Abl_E_NoContagion,50248,0.518,0.500516020350336,reject,reject,True,False,False,6.599999999999935,0.0,5.0,0.0,1.5999999999999348,0,1.0,0,1,1,0.14398859673042508,Abl_E_NoContagion
Abl_F_NoDispositionLoss,50248,0.518,0.4968008518414684,reject,reject,True,False,False,47.743333333333496,0.0,35.0,0.0,12.743333333333496,0,6.0,1,2,3,0.13227199194636116,Abl_F_NoDispositionLoss
Abl_G_NoRecedingHorizon,50248,0.518,0.4796126752096187,reject,reject,True,False,False,6.599999999999935,0.0,5.0,0.0,1.5999999999999348,0,1.0,0,1,1,0.14141458336598997,Abl_G_NoRecedingHorizon
Abl_H_NoAccessConstraints,50248,0.518,0.5170085376958149,reject,reject,True,False,False,32.99999999999995,0.0,25.0,0.0,7.999999999999951,0,5.0,0,5,5,0.08165590750521275,Abl_H_NoAccessConstraints
Abl_I_NoStoppingCert,50248,0.518,0.4796126752096187,reject,reject,True,False,False,6.599999999999935,0.0,5.0,0.0,1.5999999999999348,0,1.0,0,1,1,0.14141458336598997,Abl_I_NoStoppingCert
Full_B7,50249,0.518,0.4796126752096187,reject,reject,True,False,False,6.599999999999935,0.0,5.0,0.0,1.5999999999999348,0,1.0,0,1,1,0.14141458336598997,Full_B7
Abl_A_NoBiasModel,50249,0.518,0.4796126752096187,reject,reject,True,False,False,6.599999999999935,0.0,5.0,0.0,1.5999999999999348,0,1.0,0,1,1,0.14141458336598997,Abl_A_NoBiasModel
Abl_B_NoOptionValue,50249,0.518,0.4796126752096187,reject,reject,True,False,False,6.599999999999935,0.0,5.0,0.0,1.5999999999999348,0,1.0,0,1,1,0.14141458336598997,Abl_B_NoOptionValue
Abl_C_NoStateChange,50249,0.518,0.48762408383081723,reject,reject,True,False,False,13.200000000000008,0.0,10.0,0.0,3.200000000000008,0,2.0,0,2,2,0.14172820016940146,Abl_C_NoStateChange
Abl_E_NoContagion,50249,0.518,0.4796126752096187,reject,reject,True,False,False,6.599999999999935,0.0,5.0,0.0,1.5999999999999348,0,1.0,0,1,1,0.14141458336598997,Abl_E_NoContagion
Abl_F_NoDispositionLoss,50249,0.518,0.4842979514043071,reject,reject,True,False,False,47.743333333333354,0.0,35.0,0.0,12.743333333333357,0,6.0,1,2,3,0.1317874037814087,Abl_F_NoDispositionLoss
Abl_G_NoRecedingHorizon,50249,0.518,0.4819771144611734,reject,reject,True,False,False,6.599999999999935,0.0,5.0,0.0,1.5999999999999348,0,1.0,0,1,1,0.14173573983853963,Abl_G_NoRecedingHorizon
Abl_H_NoAccessConstraints,50249,0.518,0.4876029625431464,reject,reject,True,False,False,39.59999999999989,0.0,30.0,0.0,9.599999999999886,0,6.0,0,6,6,0.07808152168269045,Abl_H_NoAccessConstraints
Abl_I_NoStoppingCert,50249,0.518,0.4986845747156809,reject,reject,True,False,False,6.599999999999935,0.0,5.0,0.0,1.5999999999999348,0,1.0,0,1,1,0.14378664030951294,Abl_I_NoStoppingCert
Full_B7,50250,0.518,0.4810399323002638,reject,reject,True,False,False,6.599999999999935,0.0,5.0,0.0,1.5999999999999348,0,1.0,0,1,1,0.14160937625147324,Full_B7
Abl_A_NoBiasModel,50250,0.518,0.4799811131514435,reject,reject,True,False,False,6.599999999999935,0.0,5.0,0.0,1.5999999999999348,0,1.0,0,1,1,0.14146514026083268,Abl_A_NoBiasModel
Abl_B_NoOptionValue,50250,0.518,0.48487064062442436,reject,reject,True,False,False,6.599999999999935,0.0,5.0,0.0,1.5999999999999348,0,1.0,0,1,1,0.14211820138307435,Abl_B_NoOptionValue
Abl_C_NoStateChange,50250,0.518,0.48725603402851075,reject,reject,True,False,False,13.19999999999987,0.0,10.0,0.0,3.1999999999998696,0,2.0,0,2,2,0.14169816809995825,Abl_C_NoStateChange
Abl_E_NoContagion,50250,0.518,0.48537655902371685,reject,reject,True,False,False,6.599999999999935,0.0,5.0,0.0,1.5999999999999348,0,1.0,0,1,1,0.1421838855855043,Abl_E_NoContagion
Abl_F_NoDispositionLoss,50250,0.518,0.48831069409952166,reject,reject,True,False,False,47.743333333333084,0.0,35.0,0.0,12.74333333333308,0,6.0,1,2,3,0.13195645488222832,Abl_F_NoDispositionLoss
Abl_G_NoRecedingHorizon,50250,0.518,0.4805811235097809,reject,reject,True,False,False,6.599999999999935,0.0,5.0,0.0,1.5999999999999348,0,1.0,0,1,1,0.1415470676913589,Abl_G_NoRecedingHorizon
Abl_H_NoAccessConstraints,50250,0.518,0.520221043139984,reject,reject,True,False,False,32.999999999999815,0.0,25.0,0.0,7.999999999999813,0,5.0,0,5,5,0.0814330628374007,Abl_H_NoAccessConstraints
Abl_I_NoStoppingCert,50250,0.518,0.4796126752096187,reject,reject,True,False,False,6.599999999999935,0.0,5.0,0.0,1.5999999999999348,0,1.0,0,1,1,0.14141458336598997,Abl_I_NoStoppingCert
Full_B7,50251,0.518,0.4796126752096187,reject,reject,True,False,False,6.600000000000073,0.0,5.0,0.0,1.6000000000000736,0,1.0,0,1,1,0.14141458336598997,Full_B7
Abl_A_NoBiasModel,50251,0.518,0.4796126752096187,reject,reject,True,False,False,6.600000000000073,0.0,5.0,0.0,1.6000000000000736,0,1.0,0,1,1,0.14141458336598997,Abl_A_NoBiasModel
Abl_B_NoOptionValue,50251,0.518,0.49627849005067637,reject,reject,True,False,False,6.600000000000073,0.0,5.0,0.0,1.6000000000000736,0,1.0,0,1,1,0.1435145330598302,Abl_B_NoOptionValue
Abl_C_NoStateChange,50251,0.518,0.47892249328698205,reject,reject,True,False,False,13.200000000000008,0.0,10.0,0.0,3.200000000000008,0,2.0,0,2,2,0.14098701371351655,Abl_C_NoStateChange
Abl_E_NoContagion,50251,0.518,0.49677256563562666,reject,reject,True,False,False,6.600000000000073,0.0,5.0,0.0,1.6000000000000736,0,1.0,0,1,1,0.1435710391540236,Abl_E_NoContagion
Abl_F_NoDispositionLoss,50251,0.518,0.4829074829458254,reject,reject,True,False,False,47.74333333333322,0.0,35.0,0.0,12.743333333333219,0,6.0,1,2,3,0.13172582994446738,Abl_F_NoDispositionLoss
Abl_G_NoRecedingHorizon,50251,0.518,0.4796126752096187,reject,reject,True,False,False,6.600000000000073,0.0,5.0,0.0,1.6000000000000736,0,1.0,0,1,1,0.14141458336598997,Abl_G_NoRecedingHorizon
Abl_H_NoAccessConstraints,50251,0.518,0.5170991795108926,reject,reject,True,False,False,32.99999999999995,0.0,25.0,0.0,7.999999999999951,0,5.0,0,5,5,0.08288395384136053,Abl_H_NoAccessConstraints
Abl_I_NoStoppingCert,50251,0.518,0.4796126752096187,reject,reject,True,False,False,6.600000000000073,0.0,5.0,0.0,1.6000000000000736,0,1.0,0,1,1,0.14141458336598997,Abl_I_NoStoppingCert
Full_B7,50252,0.518,0.4796126752096187,reject,reject,True,False,False,6.600000000000073,0.0,5.0,0.0,1.6000000000000736,0,1.0,0,1,1,0.14141458336598997,Full_B7
Abl_A_NoBiasModel,50252,0.518,0.49784057942634413,reject,reject,True,False,False,6.600000000000073,0.0,5.0,0.0,1.6000000000000736,0,1.0,0,1,1,0.14369207089111619,Abl_A_NoBiasModel
Abl_B_NoOptionValue,50252,0.518,0.4796126752096187,reject,reject,True,False,False,6.600000000000073,0.0,5.0,0.0,1.6000000000000736,0,1.0,0,1,1,0.14141458336598997,Abl_B_NoOptionValue
Abl_C_NoStateChange,50252,0.518,0.49678714914026034,reject,reject,True,False,False,13.200000000000008,0.0,10.0,0.0,3.200000000000008,0,2.0,0,2,2,0.14243874731161468,Abl_C_NoStateChange
Abl_E_NoContagion,50252,0.518,0.48120588858405833,reject,reject,True,False,False,6.600000000000073,0.0,5.0,0.0,1.6000000000000736,0,1.0,0,1,1,0.14163184174507226,Abl_E_NoContagion
Abl_F_NoDispositionLoss,50252,0.518,0.48209506199629804,reject,reject,True,False,False,47.743333333333354,0.0,35.0,0.0,12.743333333333357,0,6.0,1,2,3,0.13168913866624596,Abl_F_NoDispositionLoss
Abl_G_NoRecedingHorizon,50252,0.518,0.4796126752096187,reject,reject,True,False,False,6.600000000000073,0.0,5.0,0.0,1.6000000000000736,0,1.0,0,1,1,0.14141458336598997,Abl_G_NoRecedingHorizon
Abl_H_NoAccessConstraints,50252,0.518,0.5211208245058387,reject,reject,True,False,False,32.99999999999995,0.0,25.0,0.0,7.999999999999951,0,5.0,0,5,5,0.08275216807979548,Abl_H_NoAccessConstraints
Abl_I_NoStoppingCert,50252,0.518,0.4796126752096187,reject,reject,True,False,False,6.600000000000073,0.0,5.0,0.0,1.6000000000000736,0,1.0,0,1,1,0.14141458336598997,Abl_I_NoStoppingCert
Full_B7,50253,0.518,0.4896314487441137,reject,reject,True,False,False,6.599999999999935,0.0,5.0,0.0,1.5999999999999348,0,1.0,0,1,1,0.14272241793960105,Full_B7
Abl_A_NoBiasModel,50253,0.522,0.4840104033505332,reject,reject,True,False,False,12.784470347799028,0.0,5.0,0.0,7.784470347799028,0,1.0,0,1,1,0.14200570562350015,Abl_A_NoBiasModel
Abl_B_NoOptionValue,50253,0.518,0.4855140620351245,reject,reject,True,False,False,6.599999999999935,0.0,5.0,0.0,1.5999999999999348,0,1.0,0,1,1,0.142201676946763,Abl_B_NoOptionValue
Abl_C_NoStateChange,50253,0.518,0.4834839384494357,reject,reject,True,False,False,13.19999999999987,0.0,10.0,0.0,3.1999999999998696,0,2.0,0,2,2,0.1413836817712433,Abl_C_NoStateChange
Abl_E_NoContagion,50253,0.518,0.4796126752096187,reject,reject,True,False,False,6.599999999999935,0.0,5.0,0.0,1.5999999999999348,0,1.0,0,1,1,0.14141458336598997,Abl_E_NoContagion
Abl_F_NoDispositionLoss,50253,0.518,0.47870354043730634,reject,reject,True,False,False,47.743333333333084,0.0,35.0,0.0,12.74333333333308,0,6.0,1,2,3,0.13153026050396735,Abl_F_NoDispositionLoss
Abl_G_NoRecedingHorizon,50253,0.518,0.4796126752096187,reject,reject,True,False,False,6.599999999999935,0.0,5.0,0.0,1.5999999999999348,0,1.0,0,1,1,0.14141458336598997,Abl_G_NoRecedingHorizon
Abl_H_NoAccessConstraints,50253,0.518,0.5134625740325304,reject,reject,True,False,False,32.999999999999815,0.0,25.0,0.0,7.999999999999813,0,5.0,0,5,5,0.08373182483784314,Abl_H_NoAccessConstraints
Abl_I_NoStoppingCert,50253,0.518,0.48798537686110127,reject,reject,True,False,False,6.599999999999935,0.0,5.0,0.0,1.5999999999999348,0,1.0,0,1,1,0.14251701385505441,Abl_I_NoStoppingCert
Full_B7,50254,0.518,0.4978761210881829,reject,reject,True,False,False,6.599999999999935,0.0,5.0,0.0,1.5999999999999348,0,1.0,0,1,1,0.14369607245933352,Full_B7
Abl_A_NoBiasModel,50254,0.518,0.4833961411825828,reject,reject,True,False,False,6.599999999999935,0.0,5.0,0.0,1.5999999999999348,0,1.0,0,1,1,0.14192475153452774,Abl_A_NoBiasModel
Abl_B_NoOptionValue,50254,0.518,0.4798198950297946,reject,reject,True,False,False,6.599999999999935,0.0,5.0,0.0,1.5999999999999348,0,1.0,0,1,1,0.14144304132360447,Abl_B_NoOptionValue
Abl_C_NoStateChange,50254,0.518,0.4841464750135853,reject,reject,True,False,False,13.200000000000008,0.0,10.0,0.0,3.200000000000008,0,2.0,0,2,2,0.14143980316803753,Abl_C_NoStateChange
Abl_E_NoContagion,50254,0.518,0.4796126752096187,reject,reject,True,False,False,6.599999999999935,0.0,5.0,0.0,1.5999999999999348,0,1.0,0,1,1,0.14141458336598997,Abl_E_NoContagion
Abl_F_NoDispositionLoss,50254,0.518,0.4982801006764756,reject,reject,True,False,False,47.743333333333354,0.0,35.0,0.0,12.743333333333357,0,6.0,1,2,3,0.13232113708987184,Abl_F_NoDispositionLoss
Abl_G_NoRecedingHorizon,50254,0.518,0.4796126752096187,reject,reject,True,False,False,6.599999999999935,0.0,5.0,0.0,1.5999999999999348,0,1.0,0,1,1,0.14141458336598997,Abl_G_NoRecedingHorizon
Abl_H_NoAccessConstraints,50254,0.518,0.5516267122389574,reject,reject,True,False,False,32.99999999999995,0.0,25.0,0.0,7.999999999999951,0,5.0,0,5,5,0.08335336567362193,Abl_H_NoAccessConstraints
Abl_I_NoStoppingCert,50254,0.518,0.4938528108843546,reject,reject,True,False,False,6.599999999999935,0.0,5.0,0.0,1.5999999999999348,0,1.0,0,1,1,0.14323236987862276,Abl_I_NoStoppingCert
Full_B7,50255,0.518,0.4796126752096187,reject,reject,True,False,False,6.599999999999935,0.0,5.0,0.0,1.5999999999999348,0,1.0,0,1,1,0.14141458336598997,Full_B7
Abl_A_NoBiasModel,50255,0.518,0.4888200084778867,reject,reject,True,False,False,6.599999999999935,0.0,5.0,0.0,1.5999999999999348,0,1.0,0,1,1,0.14262162444338297,Abl_A_NoBiasModel
Abl_B_NoOptionValue,50255,0.518,0.4833884869333088,reject,reject,True,False,False,6.599999999999935,0.0,5.0,0.0,1.5999999999999348,0,1.0,0,1,1,0.14192373948454878,Abl_B_NoOptionValue
Abl_C_NoStateChange,50255,0.518,0.4808550600701217,reject,reject,True,False,False,13.200000000000008,0.0,10.0,0.0,3.200000000000008,0,2.0,0,2,2,0.14115726842692297,Abl_C_NoStateChange
Abl_E_NoContagion,50255,0.518,0.482791061146654,reject,reject,True,False,False,6.599999999999935,0.0,5.0,0.0,1.5999999999999348,0,1.0,0,1,1,0.1418444972851779,Abl_E_NoContagion
Abl_F_NoDispositionLoss,50255,0.518,0.4907330491801103,reject,reject,True,False,False,47.743333333333496,0.0,35.0,0.0,12.743333333333496,0,6.0,1,2,3,0.1320523057784786,Abl_F_NoDispositionLoss
Abl_G_NoRecedingHorizon,50255,0.524,0.48623232951301415,reject,reject,True,False,False,16.70746160462727,0.0,5.0,0.0,11.707461604627268,0,1.0,0,1,1,0.1422941903501782,Abl_G_NoRecedingHorizon
Abl_H_NoAccessConstraints,50255,0.518,0.49752624759964015,reject,reject,True,False,False,32.999999999999815,0.0,25.0,0.0,7.999999999999813,0,5.0,0,5,5,0.08464596859719536,Abl_H_NoAccessConstraints
Abl_I_NoStoppingCert,50255,0.518,0.4796126752096187,reject,reject,True,False,False,6.599999999999935,0.0,5.0,0.0,1.5999999999999348,0,1.0,0,1,1,0.14141458336598997,Abl_I_NoStoppingCert
Full_B7,50256,0.518,0.4867097407926978,reject,reject,True,False,False,6.599999999999935,0.0,5.0,0.0,1.5999999999999348,0,1.0,0,1,1,0.14235528946802053,Full_B7
Abl_A_NoBiasModel,50256,0.518,0.4862760807863974,reject,reject,True,False,False,6.599999999999935,0.0,5.0,0.0,1.5999999999999348,0,1.0,0,1,1,0.14229980265455497,Abl_A_NoBiasModel
Abl_B_NoOptionValue,50256,0.518,0.4824519255237587,reject,reject,True,False,False,6.599999999999935,0.0,5.0,0.0,1.5999999999999348,0,1.0,0,1,1,0.14179929454234824,Abl_B_NoOptionValue
Abl_C_NoStateChange,50256,0.518,0.47868061683386154,reject,reject,True,False,False,13.19999999999987,0.0,10.0,0.0,3.1999999999998696,0,2.0,0,2,2,0.14096547686596464,Abl_C_NoStateChange
Abl_E_NoContagion,50256,0.518,0.4796126752096187,reject,reject,True,False,False,6.599999999999935,0.0,5.0,0.0,1.5999999999999348,0,1.0,0,1,1,0.14141458336598997,Abl_E_NoContagion
Abl_F_NoDispositionLoss,50256,0.518,0.49445272875873886,reject,reject,True,False,False,47.743333333333354,0.0,35.0,0.0,12.743333333333357,0,6.0,1,2,3,0.13219043244292444,Abl_F_NoDispositionLoss
Abl_G_NoRecedingHorizon,50256,0.518,0.4796126752096187,reject,reject,True,False,False,6.599999999999935,0.0,5.0,0.0,1.5999999999999348,0,1.0,0,1,1,0.14141458336598997,Abl_G_NoRecedingHorizon
Abl_H_NoAccessConstraints,50256,0.518,0.5423777400187706,reject,reject,True,False,False,32.99999999999995,0.0,25.0,0.0,7.999999999999951,0,5.0,0,5,5,0.08295771808855017,Abl_H_NoAccessConstraints
Abl_I_NoStoppingCert,50256,0.518,0.4796126752096187,reject,reject,True,False,False,6.599999999999935,0.0,5.0,0.0,1.5999999999999348,0,1.0,0,1,1,0.14141458336598997,Abl_I_NoStoppingCert
Full_B7,50257,0.524,0.4889901996656736,reject,reject,True,False,False,13.621622345893615,0.0,5.0,0.0,8.621622345893615,0,1.0,0,1,1,0.14264283915109494,Full_B7
Abl_A_NoBiasModel,50257,0.518,0.48656255956983074,reject,reject,True,False,False,6.600000000000073,0.0,5.0,0.0,1.6000000000000736,0,1.0,0,1,1,0.1423364865386218,Abl_A_NoBiasModel
Abl_B_NoOptionValue,50257,0.518,0.4796126752096187,reject,reject,True,False,False,6.600000000000073,0.0,5.0,0.0,1.6000000000000736,0,1.0,0,1,1,0.14141458336598997,Abl_B_NoOptionValue
Abl_C_NoStateChange,50257,0.518,0.4768663646128307,reject,reject,True,False,False,13.200000000000008,0.0,10.0,0.0,3.200000000000008,0,2.0,0,2,2,0.1408023127869857,Abl_C_NoStateChange
Abl_E_NoContagion,50257,0.518,0.4796126752096187,reject,reject,True,False,False,6.600000000000073,0.0,5.0,0.0,1.6000000000000736,0,1.0,0,1,1,0.14141458336598997,Abl_E_NoContagion
Abl_F_NoDispositionLoss,50257,0.518,0.49327485626873707,reject,reject,True,False,False,47.743333333333354,0.0,35.0,0.0,12.743333333333357,0,6.0,1,2,3,0.13214787868423694,Abl_F_NoDispositionLoss
Abl_G_NoRecedingHorizon,50257,0.518,0.4796126752096187,reject,reject,True,False,False,6.600000000000073,0.0,5.0,0.0,1.6000000000000736,0,1.0,0,1,1,0.14141458336598997,Abl_G_NoRecedingHorizon
Abl_H_NoAccessConstraints,50257,0.518,0.5229950803923206,reject,reject,True,False,False,33.000000000000085,0.0,25.0,0.0,8.000000000000089,0,5.0,0,5,5,0.08159279693440642,Abl_H_NoAccessConstraints
Abl_I_NoStoppingCert,50257,0.518,0.4796126752096187,reject,reject,True,False,False,6.600000000000073,0.0,5.0,0.0,1.6000000000000736,0,1.0,0,1,1,0.14141458336598997,Abl_I_NoStoppingCert
Full_B7,50258,0.518,0.4796126752096187,reject,reject,True,False,False,6.599999999999935,0.0,5.0,0.0,1.5999999999999348,0,1.0,0,1,1,0.14141458336598997,Full_B7
Abl_A_NoBiasModel,50258,0.518,0.483293197485097,reject,reject,True,False,False,6.599999999999935,0.0,5.0,0.0,1.5999999999999348,0,1.0,0,1,1,0.14191113346450884,Abl_A_NoBiasModel
Abl_B_NoOptionValue,50258,0.518,0.4796126752096187,reject,reject,True,False,False,6.599999999999935,0.0,5.0,0.0,1.5999999999999348,0,1.0,0,1,1,0.14141458336598997,Abl_B_NoOptionValue
Abl_C_NoStateChange,50258,0.518,0.48470382176173876,reject,reject,True,False,False,13.19999999999987,0.0,10.0,0.0,3.1999999999998696,0,2.0,0,2,2,0.1414867219104614,Abl_C_NoStateChange
Abl_E_NoContagion,50258,0.518,0.4796126752096187,reject,reject,True,False,False,6.599999999999935,0.0,5.0,0.0,1.5999999999999348,0,1.0,0,1,1,0.14141458336598997,Abl_E_NoContagion
Abl_F_NoDispositionLoss,50258,0.518,0.4634470233528141,reject,reject,True,False,False,47.74333333333322,0.0,35.0,0.0,12.743333333333219,0,6.0,1,2,3,0.1307008308085364,Abl_F_NoDispositionLoss
Abl_G_NoRecedingHorizon,50258,0.518,0.4848490385641169,reject,reject,True,False,False,6.599999999999935,0.0,5.0,0.0,1.5999999999999348,0,1.0,0,1,1,0.14211538890684067,Abl_G_NoRecedingHorizon
Abl_H_NoAccessConstraints,50258,0.518,0.5073562661528327,reject,reject,True,False,False,32.999999999999815,0.0,25.0,0.0,7.999999999999813,0,5.0,0,5,5,0.08352578232108837,Abl_H_NoAccessConstraints
Abl_I_NoStoppingCert,50258,0.518,0.4796126752096187,reject,reject,True,False,False,6.599999999999935,0.0,5.0,0.0,1.5999999999999348,0,1.0,0,1,1,0.14141458336598997,Abl_I_NoStoppingCert
Full_B7,50259,0.518,0.4796126752096187,reject,reject,True,False,False,6.599999999999935,0.0,5.0,0.0,1.5999999999999348,0,1.0,0,1,1,0.14141458336598997,Full_B7
Abl_A_NoBiasModel,50259,0.518,0.4796126752096187,reject,reject,True,False,False,6.599999999999935,0.0,5.0,0.0,1.5999999999999348,0,1.0,0,1,1,0.14141458336598997,Abl_A_NoBiasModel
Abl_B_NoOptionValue,50259,0.518,0.49046599552899456,reject,reject,True,False,False,6.599999999999935,0.0,5.0,0.0,1.5999999999999348,0,1.0,0,1,1,0.14282514742207342,Abl_B_NoOptionValue
Abl_C_NoStateChange,50259,0.518,0.4858590901711491,reject,reject,True,False,False,13.19999999999987,0.0,10.0,0.0,3.1999999999998696,0,2.0,0,2,2,0.14158312552211244,Abl_C_NoStateChange
Abl_E_NoContagion,50259,0.518,0.4796126752096187,reject,reject,True,False,False,6.599999999999935,0.0,5.0,0.0,1.5999999999999348,0,1.0,0,1,1,0.14141458336598997,Abl_E_NoContagion
Abl_F_NoDispositionLoss,50259,0.518,0.4737864514377681,reject,reject,True,False,False,47.743333333333496,0.0,35.0,0.0,12.743333333333496,0,6.0,1,2,3,0.13128350838828,Abl_F_NoDispositionLoss
Abl_G_NoRecedingHorizon,50259,0.518,0.4796126752096187,reject,reject,True,False,False,6.599999999999935,0.0,5.0,0.0,1.5999999999999348,0,1.0,0,1,1,0.14141458336598997,Abl_G_NoRecedingHorizon
Abl_H_NoAccessConstraints,50259,0.518,0.5254329609110016,reject,reject,True,False,False,32.999999999999815,0.0,25.0,0.0,7.999999999999813,0,5.0,0,5,5,0.08505486242121499,Abl_H_NoAccessConstraints
Abl_I_NoStoppingCert,50259,0.518,0.49140290668357756,reject,reject,True,False,False,6.599999999999935,0.0,5.0,0.0,1.5999999999999348,0,1.0,0,1,1,0.14293935133429755,Abl_I_NoStoppingCert
Full_B7,50260,0.518,0.4796126752096187,reject,reject,True,False,False,6.599999999999935,0.0,5.0,0.0,1.5999999999999348,0,1.0,0,1,1,0.14141458336598997,Full_B7
Abl_A_NoBiasModel,50260,0.518,0.49230435963994335,reject,reject,True,False,False,6.599999999999935,0.0,5.0,0.0,1.5999999999999348,0,1.0,0,1,1,0.14304811113131363,Abl_A_NoBiasModel
Abl_B_NoOptionValue,50260,0.518,0.4856020768145039,reject,reject,True,False,False,6.599999999999935,0.0,5.0,0.0,1.5999999999999348,0,1.0,0,1,1,0.14221305143222068,Abl_B_NoOptionValue
Abl_C_NoStateChange,50260,0.518,0.4780496971403907,reject,reject,True,False,False,13.19999999999987,0.0,10.0,0.0,3.1999999999998696,0,2.0,0,2,2,0.14090906011134982,Abl_C_NoStateChange
Abl_E_NoContagion,50260,0.518,0.4796126752096187,reject,reject,True,False,False,6.599999999999935,0.0,5.0,0.0,1.5999999999999348,0,1.0,0,1,1,0.14141458336598997,Abl_E_NoContagion
Abl_F_NoDispositionLoss,50260,0.518,0.4942065171511719,reject,reject,True,False,False,47.743333333333354,0.0,35.0,0.0,12.743333333333357,0,6.0,1,2,3,0.1321816281306272,Abl_F_NoDispositionLoss
Abl_G_NoRecedingHorizon,50260,0.518,0.4796126752096187,reject,reject,True,False,False,6.599999999999935,0.0,5.0,0.0,1.5999999999999348,0,1.0,0,1,1,0.14141458336598997,Abl_G_NoRecedingHorizon
Abl_H_NoAccessConstraints,50260,0.518,0.5147440504893923,reject,reject,True,False,False,33.00000000000009,0.0,25.0,0.0,8.00000000000009,0,5.0,0,5,5,0.08325827782147373,Abl_H_NoAccessConstraints
Abl_I_NoStoppingCert,50260,0.518,0.4796126752096187,reject,reject,True,False,False,6.599999999999935,0.0,5.0,0.0,1.5999999999999348,0,1.0,0,1,1,0.14141458336598997,Abl_I_NoStoppingCert
Full_B7,50261,0.518,0.4962984201525553,reject,reject,True,False,False,6.599999999999935,0.0,5.0,0.0,1.5999999999999348,0,1.0,0,1,1,0.14351681873026412,Full_B7
Abl_A_NoBiasModel,50261,0.518,0.4820622946959624,reject,reject,True,False,False,6.599999999999935,0.0,5.0,0.0,1.5999999999999348,0,1.0,0,1,1,0.1417471644701357,Abl_A_NoBiasModel
Abl_B_NoOptionValue,50261,0.518,0.4796126752096187,reject,reject,True,False,False,6.599999999999935,0.0,5.0,0.0,1.5999999999999348,0,1.0,0,1,1,0.14141458336598997,Abl_B_NoOptionValue
Abl_C_NoStateChange,50261,0.518,0.4855884888055974,reject,reject,True,False,False,13.200000000000008,0.0,10.0,0.0,3.200000000000008,0,2.0,0,2,2,0.14156064737197455,Abl_C_NoStateChange
Abl_E_NoContagion,50261,0.518,0.4883418777043856,reject,reject,True,False,False,6.599999999999935,0.0,5.0,0.0,1.5999999999999348,0,1.0,0,1,1,0.14256181306267418,Abl_E_NoContagion
Abl_F_NoDispositionLoss,50261,0.518,0.4829123498604207,reject,reject,True,False,False,47.74333333333322,0.0,35.0,0.0,12.743333333333219,0,6.0,1,2,3,0.13172604815850594,Abl_F_NoDispositionLoss
Abl_G_NoRecedingHorizon,50261,0.518,0.48286889520000076,reject,reject,True,False,False,6.599999999999935,0.0,5.0,0.0,1.5999999999999348,0,1.0,0,1,1,0.14185484914815868,Abl_G_NoRecedingHorizon
Abl_H_NoAccessConstraints,50261,0.518,0.49493668903482435,reject,reject,True,False,False,32.99999999999995,0.0,25.0,0.0,7.999999999999951,0,5.0,0,5,5,0.07852825771533085,Abl_H_NoAccessConstraints
Abl_I_NoStoppingCert,50261,0.518,0.5082320034539389,reject,reject,True,False,False,6.599999999999935,0.0,5.0,0.0,1.5999999999999348,0,1.0,0,1,1,0.14479086994933027,Abl_I_NoStoppingCert
Full_B7,50262,0.518,0.4796126752096187,reject,reject,True,False,False,6.600000000000073,0.0,5.0,0.0,1.6000000000000736,0,1.0,0,1,1,0.14141458336598997,Full_B7
Abl_A_NoBiasModel,50262,0.518,0.4796126752096187,reject,reject,True,False,False,6.600000000000073,0.0,5.0,0.0,1.6000000000000736,0,1.0,0,1,1,0.14141458336598997,Abl_A_NoBiasModel
Abl_B_NoOptionValue,50262,0.518,0.4796126752096187,reject,reject,True,False,False,6.600000000000073,0.0,5.0,0.0,1.6000000000000736,0,1.0,0,1,1,0.14141458336598997,Abl_B_NoOptionValue
Abl_C_NoStateChange,50262,0.518,0.48537677929369216,reject,reject,True,False,False,13.200000000000008,0.0,10.0,0.0,3.200000000000008,0,2.0,0,2,2,0.1415430174242809,Abl_C_NoStateChange
Abl_E_NoContagion,50262,0.518,0.4924575872625085,reject,reject,True,False,False,6.600000000000073,0.0,5.0,0.0,1.6000000000000736,0,1.0,0,1,1,0.1430664887307441,Abl_E_NoContagion
Abl_F_NoDispositionLoss,50262,0.518,0.47633972258424845,reject,reject,True,False,False,47.743333333333354,0.0,35.0,0.0,12.743333333333357,0,6.0,1,2,3,0.13141406721355284,Abl_F_NoDispositionLoss
Abl_G_NoRecedingHorizon,50262,0.518,0.49198138787591683,reject,reject,True,False,False,6.600000000000073,0.0,5.0,0.0,1.6000000000000736,0,1.0,0,1,1,0.1430092710969857,Abl_G_NoRecedingHorizon
Abl_H_NoAccessConstraints,50262,0.518,0.49024595668248877,reject,reject,True,False,False,39.60000000000002,0.0,30.0,0.0,9.600000000000026,0,6.0,0,6,6,0.08095677101993465,Abl_H_NoAccessConstraints
Abl_I_NoStoppingCert,50262,0.522,0.4895544723767607,reject,reject,True,False,False,12.963655584026647,0.0,5.0,0.0,7.963655584026647,0,1.0,0,1,1,0.142712894758028,Abl_I_NoStoppingCert
Full_B7,50263,0.518,0.49504954187677247,reject,reject,True,False,False,6.599999999999935,0.0,5.0,0.0,1.5999999999999348,0,1.0,0,1,1,0.14337256433114443,Full_B7
Abl_A_NoBiasModel,50263,0.518,0.48688034342060327,reject,reject,True,False,False,6.599999999999935,0.0,5.0,0.0,1.5999999999999348,0,1.0,0,1,1,0.14237704740936488,Abl_A_NoBiasModel
Abl_B_NoOptionValue,50263,0.518,0.48040376718761735,reject,reject,True,False,False,6.599999999999935,0.0,5.0,0.0,1.5999999999999348,0,1.0,0,1,1,0.14152290316328323,Abl_B_NoOptionValue
Abl_C_NoStateChange,50263,0.518,0.48528906378375264,reject,reject,True,False,False,13.19999999999987,0.0,10.0,0.0,3.1999999999998696,0,2.0,0,2,2,0.14153570171494498,Abl_C_NoStateChange
Abl_E_NoContagion,50263,0.518,0.4796126752096187,reject,reject,True,False,False,6.599999999999935,0.0,5.0,0.0,1.5999999999999348,0,1.0,0,1,1,0.14141458336598997,Abl_E_NoContagion
Abl_F_NoDispositionLoss,50263,0.518,0.47494974663632145,reject,reject,True,False,False,47.743333333333084,0.0,35.0,0.0,12.74333333333308,0,6.0,1,2,3,0.13134364398574086,Abl_F_NoDispositionLoss
Abl_G_NoRecedingHorizon,50263,0.518,0.4796126752096187,reject,reject,True,False,False,6.599999999999935,0.0,5.0,0.0,1.5999999999999348,0,1.0,0,1,1,0.14141458336598997,Abl_G_NoRecedingHorizon
Abl_H_NoAccessConstraints,50263,0.518,0.5060375959089536,reject,reject,True,False,False,32.999999999999815,0.0,25.0,0.0,7.999999999999813,0,5.0,0,5,5,0.08136036123727891,Abl_H_NoAccessConstraints
Abl_I_NoStoppingCert,50263,0.518,0.4825982239265594,reject,reject,True,False,False,6.599999999999935,0.0,5.0,0.0,1.5999999999999348,0,1.0,0,1,1,0.14181881393351561,Abl_I_NoStoppingCert
Full_B7,50264,0.518,0.4829200806282235,reject,reject,True,False,False,6.600000000000073,0.0,5.0,0.0,1.6000000000000736,0,1.0,0,1,1,0.14186165219229604,Full_B7
Abl_A_NoBiasModel,50264,0.518,0.4796126752096187,reject,reject,True,False,False,6.600000000000073,0.0,5.0,0.0,1.6000000000000736,0,1.0,0,1,1,0.14141458336598997,Abl_A_NoBiasModel
Abl_B_NoOptionValue,50264,0.518,0.48239407810442686,reject,reject,True,False,False,6.600000000000073,0.0,5.0,0.0,1.6000000000000736,0,1.0,0,1,1,0.14179156824885059,Abl_B_NoOptionValue
Abl_C_NoStateChange,50264,0.518,0.5026231389972449,reject,reject,True,False,False,6.600000000000073,0.0,5.0,0.0,1.6000000000000736,0,1.0,0,1,1,0.1442154565783602,Abl_C_NoStateChange
Abl_E_NoContagion,50264,0.518,0.4796126752096187,reject,reject,True,False,False,6.600000000000073,0.0,5.0,0.0,1.6000000000000736,0,1.0,0,1,1,0.14141458336598997,Abl_E_NoContagion
Abl_F_NoDispositionLoss,50264,0.518,0.49700674385889326,reject,reject,True,False,False,47.74333333333322,0.0,35.0,0.0,12.743333333333219,0,6.0,1,2,3,0.13227893573173613,Abl_F_NoDispositionLoss
Abl_G_NoRecedingHorizon,50264,0.518,0.4796126752096187,reject,reject,True,False,False,6.600000000000073,0.0,5.0,0.0,1.6000000000000736,0,1.0,0,1,1,0.14141458336598997,Abl_G_NoRecedingHorizon
Abl_H_NoAccessConstraints,50264,0.518,0.5371885306744855,reject,reject,True,False,False,33.00000000000009,0.0,25.0,0.0,8.00000000000009,0,5.0,0,5,5,0.08004097467442432,Abl_H_NoAccessConstraints
Abl_I_NoStoppingCert,50264,0.518,0.48787114183442004,reject,reject,True,False,False,6.600000000000073,0.0,5.0,0.0,1.6000000000000736,0,1.0,0,1,1,0.14250262193882918,Abl_I_NoStoppingCert
Full_B7,50265,0.518,0.4796126752096187,reject,reject,True,False,False,6.600000000000073,0.0,5.0,0.0,1.6000000000000736,0,1.0,0,1,1,0.14141458336598997,Full_B7
Abl_A_NoBiasModel,50265,0.518,0.4796126752096187,reject,reject,True,False,False,6.600000000000073,0.0,5.0,0.0,1.6000000000000736,0,1.0,0,1,1,0.14141458336598997,Abl_A_NoBiasModel
Abl_B_NoOptionValue,50265,0.518,0.5026786673674695,reject,reject,True,False,False,6.600000000000073,0.0,5.0,0.0,1.6000000000000736,0,1.0,0,1,1,0.14422135567709352,Abl_B_NoOptionValue
Abl_C_NoStateChange,50265,0.518,0.48886287225131636,reject,reject,True,False,False,13.200000000000008,0.0,10.0,0.0,3.200000000000008,0,2.0,0,2,2,0.1418284323983278,Abl_C_NoStateChange
Abl_E_NoContagion,50265,0.518,0.48986275926376627,reject,reject,True,False,False,6.600000000000073,0.0,5.0,0.0,1.6000000000000736,0,1.0,0,1,1,0.14275098618031076,Abl_E_NoContagion
Abl_F_NoDispositionLoss,50265,0.518,0.4882540040115318,reject,reject,True,False,False,47.743333333333354,0.0,35.0,0.0,12.743333333333357,0,6.0,1,2,3,0.1319541558712668,Abl_F_NoDispositionLoss
Abl_G_NoRecedingHorizon,50265,0.518,0.48400029882143175,reject,reject,True,False,False,6.600000000000073,0.0,5.0,0.0,1.6000000000000736,0,1.0,0,1,1,0.1420043781571862,Abl_G_NoRecedingHorizon
Abl_H_NoAccessConstraints,50265,0.518,0.4975738827421742,reject,reject,True,False,False,33.00000000000009,0.0,25.0,0.0,8.00000000000009,0,5.0,0,5,5,0.07854387827307419,Abl_H_NoAccessConstraints
Abl_I_NoStoppingCert,50265,0.518,0.4796126752096187,reject,reject,True,False,False,6.600000000000073,0.0,5.0,0.0,1.6000000000000736,0,1.0,0,1,1,0.14141458336598997,Abl_I_NoStoppingCert
Full_B7,50266,0.518,0.4796126752096187,reject,reject,True,False,False,6.599999999999935,0.0,5.0,0.0,1.5999999999999348,0,1.0,0,1,1,0.14141458336598997,Full_B7
Abl_A_NoBiasModel,50266,0.518,0.4796126752096187,reject,reject,True,False,False,6.599999999999935,0.0,5.0,0.0,1.5999999999999348,0,1.0,0,1,1,0.14141458336598997,Abl_A_NoBiasModel
Abl_B_NoOptionValue,50266,0.518,0.49549936987995447,reject,reject,True,False,False,6.599999999999935,0.0,5.0,0.0,1.5999999999999348,0,1.0,0,1,1,0.14342476350225328,Abl_B_NoOptionValue
Abl_C_NoStateChange,50266,0.518,0.48567073668821037,reject,reject,True,False,False,13.200000000000147,0.0,10.0,0.0,3.200000000000147,0,2.0,0,2,2,0.14156748613175318,Abl_C_NoStateChange
Abl_E_NoContagion,50266,0.518,0.49832688939676195,reject,reject,True,False,False,6.599999999999935,0.0,5.0,0.0,1.5999999999999348,0,1.0,0,1,1,0.1437466775782382,Abl_E_NoContagion
Abl_F_NoDispositionLoss,50266,0.524,0.49783419774792675,reject,reject,True,False,False,55.554541411434144,0.0,35.0,0.0,20.554541411434148,0,6.0,1,2,3,0.13230650457383955,Abl_F_NoDispositionLoss
Abl_G_NoRecedingHorizon,50266,0.518,0.49466400674907546,reject,reject,True,False,False,6.599999999999935,0.0,5.0,0.0,1.5999999999999348,0,1.0,0,1,1,0.14332760981043158,Abl_G_NoRecedingHorizon
Abl_H_NoAccessConstraints,50266,0.524,0.5232768314633438,reject,reject,True,False,False,41.34858068212688,0.0,25.0,0.0,16.348580682126883,0,5.0,0,5,5,0.08716308394506003,Abl_H_NoAccessConstraints
Abl_I_NoStoppingCert,50266,0.518,0.4836340224391325,reject,reject,True,False,False,6.599999999999935,0.0,5.0,0.0,1.5999999999999348,0,1.0,0,1,1,0.14195616396573124,Abl_I_NoStoppingCert
Full_B7,50267,0.518,0.4853349146737325,reject,reject,True,False,False,6.599999999999935,0.0,5.0,0.0,1.5999999999999348,0,1.0,0,1,1,0.14217849213823394,Full_B7
Abl_A_NoBiasModel,50267,0.518,0.49190121490511884,reject,reject,True,False,False,6.599999999999935,0.0,5.0,0.0,1.5999999999999348,0,1.0,0,1,1,0.14299960778685245,Abl_A_NoBiasModel
Abl_B_NoOptionValue,50267,0.518,0.4796126752096187,reject,reject,True,False,False,6.599999999999935,0.0,5.0,0.0,1.5999999999999348,0,1.0,0,1,1,0.14141458336598997,Abl_B_NoOptionValue
Abl_C_NoStateChange,50267,0.518,0.4904775098494188,reject,reject,True,False,False,13.200000000000008,0.0,10.0,0.0,3.200000000000008,0,2.0,0,2,2,0.14195711081787052,Abl_C_NoStateChange
Abl_E_NoContagion,50267,0.518,0.49038864792168635,reject,reject,True,False,False,6.599999999999935,0.0,5.0,0.0,1.5999999999999348,0,1.0,0,1,1,0.14281566600766915,Abl_E_NoContagion
Abl_F_NoDispositionLoss,50267,0.518,0.4863173819201985,reject,reject,True,False,False,47.743333333333354,0.0,35.0,0.0,12.743333333333357,0,6.0,1,2,3,0.13187408260841954,Abl_F_NoDispositionLoss
Abl_G_NoRecedingHorizon,50267,0.518,0.4796126752096187,reject,reject,True,False,False,6.599999999999935,0.0,5.0,0.0,1.5999999999999348,0,1.0,0,1,1,0.14141458336598997,Abl_G_NoRecedingHorizon
Abl_H_NoAccessConstraints,50267,0.522,0.5191646196141712,reject,reject,True,False,False,39.26264088602913,0.0,25.0,0.0,14.262640886029128,0,5.0,0,5,5,0.08295670374449486,Abl_H_NoAccessConstraints
Abl_I_NoStoppingCert,50267,0.518,0.4934266036826875,reject,reject,True,False,False,6.599999999999935,0.0,5.0,0.0,1.5999999999999348,0,1.0,0,1,1,0.14318197549603098,Abl_I_NoStoppingCert
Full_B7,50268,0.518,0.4968297675164388,reject,reject,True,False,False,6.599999999999935,0.0,5.0,0.0,1.5999999999999348,0,1.0,0,1,1,0.14357756010352918,Full_B7
Abl_A_NoBiasModel,50268,0.518,0.49711068038738365,reject,reject,True,False,False,6.599999999999935,0.0,5.0,0.0,1.5999999999999348,0,1.0,0,1,1,0.14360952041437855,Abl_A_NoBiasModel
Abl_B_NoOptionValue,50268,0.518,0.4796126752096187,reject,reject,True,False,False,6.599999999999935,0.0,5.0,0.0,1.5999999999999348,0,1.0,0,1,1,0.14141458336598997,Abl_B_NoOptionValue
Abl_C_NoStateChange,50268,0.518,0.48320277007091883,reject,reject,True,False,False,13.19999999999987,0.0,10.0,0.0,3.1999999999998696,0,2.0,0,2,2,0.1413597506805821,Abl_C_NoStateChange
Abl_E_NoContagion,50268,0.518,0.4796126752096187,reject,reject,True,False,False,6.599999999999935,0.0,5.0,0.0,1.5999999999999348,0,1.0,0,1,1,0.14141458336598997,Abl_E_NoContagion
Abl_F_NoDispositionLoss,50268,0.518,0.4647573389717521,reject,reject,True,False,False,39.56999999999999,0.0,30.0,0.0,9.569999999999995,0,5.0,1,1,2,0.13336685266500453,Abl_F_NoDispositionLoss
Abl_G_NoRecedingHorizon,50268,0.518,0.4852349292902628,reject,reject,True,False,False,6.599999999999935,0.0,5.0,0.0,1.5999999999999348,0,1.0,0,1,1,0.14216553307884844,Abl_G_NoRecedingHorizon
Abl_H_NoAccessConstraints,50268,0.518,0.5126333184586279,reject,reject,True,False,False,33.00000000000009,0.0,25.0,0.0,8.00000000000009,0,5.0,0,5,5,0.08640476973296429,Abl_H_NoAccessConstraints
Abl_I_NoStoppingCert,50268,0.518,0.48169766184191865,reject,reject,True,False,False,6.599999999999935,0.0,5.0,0.0,1.5999999999999348,0,1.0,0,1,1,0.1416981880343535,Abl_I_NoStoppingCert
Full_B7,50269,0.518,0.48482999733853244,reject,reject,True,False,False,6.600000000000073,0.0,5.0,0.0,1.6000000000000736,0,1.0,0,1,1,0.1421129093049098,Full_B7
Abl_A_NoBiasModel,50269,0.518,0.4796126752096187,reject,reject,True,False,False,6.600000000000073,0.0,5.0,0.0,1.6000000000000736,0,1.0,0,1,1,0.14141458336598997,Abl_A_NoBiasModel
Abl_B_NoOptionValue,50269,0.518,0.4870792946380845,reject,reject,True,False,False,6.600000000000073,0.0,5.0,0.0,1.6000000000000736,0,1.0,0,1,1,0.14240237044405046,Abl_B_NoOptionValue
Abl_C_NoStateChange,50269,0.518,0.4845569924323338,reject,reject,True,False,False,13.200000000000147,0.0,10.0,0.0,3.200000000000147,0,2.0,0,2,2,0.14147438737879464,Abl_C_NoStateChange
Abl_E_NoContagion,50269,0.518,0.4829061866034293,reject,reject,True,False,False,6.600000000000073,0.0,5.0,0.0,1.6000000000000736,0,1.0,0,1,1,0.14185980589933422,Abl_E_NoContagion
Abl_F_NoDispositionLoss,50269,0.518,0.4961319875815108,reject,reject,True,False,False,47.743333333333354,0.0,35.0,0.0,12.743333333333357,0,6.0,1,2,3,0.13224920330582515,Abl_F_NoDispositionLoss
Abl_G_NoRecedingHorizon,50269,0.518,0.4856673688080947,reject,reject,True,False,False,6.600000000000073,0.0,5.0,0.0,1.6000000000000736,0,1.0,0,1,1,0.14222148248431313,Abl_G_NoRecedingHorizon
Abl_H_NoAccessConstraints,50269,0.518,0.5256550152137394,reject,reject,True,False,False,33.00000000000009,0.0,25.0,0.0,8.00000000000009,0,5.0,0,5,5,0.08471525469780784,Abl_H_NoAccessConstraints
Abl_I_NoStoppingCert,50269,0.518,0.4796126752096187,reject,reject,True,False,False,6.600000000000073,0.0,5.0,0.0,1.6000000000000736,0,1.0,0,1,1,0.14141458336598997,Abl_I_NoStoppingCert
Full_B7,50270,0.518,0.4796126752096187,reject,reject,True,False,False,6.600000000000073,0.0,5.0,0.0,1.6000000000000736,0,1.0,0,1,1,0.14141458336598997,Full_B7
Abl_A_NoBiasModel,50270,0.518,0.48436317239220594,reject,reject,True,False,False,6.600000000000073,0.0,5.0,0.0,1.6000000000000736,0,1.0,0,1,1,0.1420519617342421,Abl_A_NoBiasModel
Abl_B_NoOptionValue,50270,0.518,0.4983476161658733,reject,reject,True,False,False,6.600000000000073,0.0,5.0,0.0,1.6000000000000736,0,1.0,0,1,1,0.14374899794383042,Abl_B_NoOptionValue
Abl_C_NoStateChange,50270,0.518,0.4871313223775003,reject,reject,True,False,False,13.200000000000147,0.0,10.0,0.0,3.200000000000147,0,2.0,0,2,2,0.1416879656233656,Abl_C_NoStateChange
Abl_E_NoContagion,50270,0.518,0.4796126752096187,reject,reject,True,False,False,6.600000000000073,0.0,5.0,0.0,1.6000000000000736,0,1.0,0,1,1,0.14141458336598997,Abl_E_NoContagion
Abl_F_NoDispositionLoss,50270,0.518,0.49949834171489904,reject,reject,True,False,False,47.743333333333354,0.0,35.0,0.0,12.743333333333357,0,6.0,1,2,3,0.13236031517474137,Abl_F_NoDispositionLoss
Abl_G_NoRecedingHorizon,50270,0.518,0.48116103600435844,reject,reject,True,False,False,6.600000000000073,0.0,5.0,0.0,1.6000000000000736,0,1.0,0,1,1,0.14162577383458985,Abl_G_NoRecedingHorizon
Abl_H_NoAccessConstraints,50270,0.518,0.5425660992370666,reject,reject,True,False,False,33.00000000000009,0.0,25.0,0.0,8.00000000000009,0,5.0,0,5,5,0.08398377757987643,Abl_H_NoAccessConstraints
Abl_I_NoStoppingCert,50270,0.518,0.4971509360447074,reject,reject,True,False,False,6.600000000000073,0.0,5.0,0.0,1.6000000000000736,0,1.0,0,1,1,0.14361409179023135,Abl_I_NoStoppingCert
Full_B7,50271,0.518,0.4796126752096187,reject,reject,True,False,False,6.599999999999935,0.0,5.0,0.0,1.5999999999999348,0,1.0,0,1,1,0.14141458336598997,Full_B7
Abl_A_NoBiasModel,50271,0.518,0.487178017209854,reject,reject,True,False,False,6.599999999999935,0.0,5.0,0.0,1.5999999999999348,0,1.0,0,1,1,0.14241491598986986,Abl_A_NoBiasModel
Abl_B_NoOptionValue,50271,0.518,0.4894353834696587,reject,reject,True,False,False,6.599999999999935,0.0,5.0,0.0,1.5999999999999348,0,1.0,0,1,1,0.14269814571257702,Abl_B_NoOptionValue
Abl_C_NoStateChange,50271,0.518,0.4916469525589555,reject,reject,True,False,False,13.19999999999987,0.0,10.0,0.0,3.1999999999998696,0,2.0,0,2,2,0.14204892445782474,Abl_C_NoStateChange
Abl_E_NoContagion,50271,0.518,0.49378287712039504,reject,reject,True,False,False,6.599999999999935,0.0,5.0,0.0,1.5999999999999348,0,1.0,0,1,1,0.1432241177404747,Abl_E_NoContagion
Abl_F_NoDispositionLoss,50271,0.518,0.48036450289194993,reject,reject,True,False,False,47.743333333333496,0.0,35.0,0.0,12.743333333333496,0,6.0,1,2,3,0.1316092210565027,Abl_F_NoDispositionLoss
Abl_G_NoRecedingHorizon,50271,0.518,0.4961670190055134,reject,reject,True,False,False,6.599999999999935,0.0,5.0,0.0,1.5999999999999348,0,1.0,0,1,1,0.14350173927903753,Abl_G_NoRecedingHorizon
Abl_H_NoAccessConstraints,50271,0.52,0.5022090644704045,reject,reject,True,False,False,36.790701501944305,0.0,25.0,0.0,11.790701501944305,0,5.0,0,5,5,0.08727113742272105,Abl_H_NoAccessConstraints
Abl_I_NoStoppingCert,50271,0.518,0.4796126752096187,reject,reject,True,False,False,6.599999999999935,0.0,5.0,0.0,1.5999999999999348,0,1.0,0,1,1,0.14141458336598997,Abl_I_NoStoppingCert
Full_B7,50272,0.522,0.48822566503635684,reject,reject,True,False,False,12.256794357391739,0.0,5.0,0.0,7.256794357391739,0,1.0,0,1,1,0.14254722841485593,Full_B7
Abl_A_NoBiasModel,50272,0.518,0.4824718166322789,reject,reject,True,False,False,6.599999999999935,0.0,5.0,0.0,1.5999999999999348,0,1.0,0,1,1,0.1418019501925304,Abl_A_NoBiasModel
Abl_B_NoOptionValue,50272,0.518,0.4796126752096187,reject,reject,True,False,False,6.599999999999935,0.0,5.0,0.0,1.5999999999999348,0,1.0,0,1,1,0.14141458336598997,Abl_B_NoOptionValue
Abl_C_NoStateChange,50272,0.518,0.4855994030668175,reject,reject,True,False,False,13.19999999999987,0.0,10.0,0.0,3.1999999999998696,0,2.0,0,2,2,0.14156155520654995,Abl_C_NoStateChange
Abl_E_NoContagion,50272,0.518,0.5017577646652792,reject,reject,True,False,False,6.599999999999935,0.0,5.0,0.0,1.5999999999999348,0,1.0,0,1,1,0.14412299723396152,Abl_E_NoContagion
Abl_F_NoDispositionLoss,50272,0.518,0.48576023187464806,reject,reject,True,False,False,47.743333333333354,0.0,35.0,0.0,12.743333333333357,0,6.0,1,2,3,0.131850493111227,Abl_F_NoDispositionLoss
Abl_G_NoRecedingHorizon,50272,0.518,0.4796126752096187,reject,reject,True,False,False,6.599999999999935,0.0,5.0,0.0,1.5999999999999348,0,1.0,0,1,1,0.14141458336598997,Abl_G_NoRecedingHorizon
Abl_H_NoAccessConstraints,50272,0.518,0.5082343199696752,reject,reject,True,False,False,32.999999999999815,0.0,25.0,0.0,7.999999999999813,0,5.0,0,5,5,0.08522059024588292,Abl_H_NoAccessConstraints
Abl_I_NoStoppingCert,50272,0.518,0.48335046216955585,reject,reject,True,False,False,6.599999999999935,0.0,5.0,0.0,1.5999999999999348,0,1.0,0,1,1,0.1419187106233758,Abl_I_NoStoppingCert
Full_B7,50273,0.518,0.4796126752096187,reject,reject,True,False,False,6.600000000000073,0.0,5.0,0.0,1.6000000000000736,0,1.0,0,1,1,0.14141458336598997,Full_B7
Abl_A_NoBiasModel,50273,0.518,0.4834757526524611,reject,reject,True,False,False,6.600000000000073,0.0,5.0,0.0,1.6000000000000736,0,1.0,0,1,1,0.14193527301185946,Abl_A_NoBiasModel
Abl_B_NoOptionValue,50273,0.518,0.4796126752096187,reject,reject,True,False,False,6.600000000000073,0.0,5.0,0.0,1.6000000000000736,0,1.0,0,1,1,0.14141458336598997,Abl_B_NoOptionValue
Abl_C_NoStateChange,50273,0.518,0.4830316347861987,reject,reject,True,False,False,13.200000000000008,0.0,10.0,0.0,3.200000000000008,0,2.0,0,2,2,0.14134515150288432,Abl_C_NoStateChange
Abl_E_NoContagion,50273,0.518,0.4796126752096187,reject,reject,True,False,False,6.600000000000073,0.0,5.0,0.0,1.6000000000000736,0,1.0,0,1,1,0.14141458336598997,Abl_E_NoContagion
Abl_F_NoDispositionLoss,50273,0.518,0.49325832586071455,reject,reject,True,False,False,47.743333333333354,0.0,35.0,0.0,12.743333333333357,0,6.0,1,2,3,0.13214727366780915,Abl_F_NoDispositionLoss
Abl_G_NoRecedingHorizon,50273,0.518,0.48776029279913313,reject,reject,True,False,False,6.600000000000073,0.0,5.0,0.0,1.6000000000000736,0,1.0,0,1,1,0.14248863955993396,Abl_G_NoRecedingHorizon
Abl_H_NoAccessConstraints,50273,0.524,0.493838751729853,reject,reject,True,False,False,41.956313866561544,0.0,25.0,0.0,16.956313866561544,0,5.0,0,5,5,0.08244667232390808,Abl_H_NoAccessConstraints
Abl_I_NoStoppingCert,50273,0.518,0.4796126752096187,reject,reject,True,False,False,6.600000000000073,0.0,5.0,0.0,1.6000000000000736,0,1.0,0,1,1,0.14141458336598997,Abl_I_NoStoppingCert
Full_B7,50274,0.518,0.4796126752096187,reject,reject,True,False,False,6.599999999999935,0.0,5.0,0.0,1.5999999999999348,0,1.0,0,1,1,0.14141458336598997,Full_B7
Abl_A_NoBiasModel,50274,0.518,0.5079497484237597,reject,reject,True,False,False,6.599999999999935,0.0,5.0,0.0,1.5999999999999348,0,1.0,0,1,1,0.14476289674161066,Abl_A_NoBiasModel
Abl_B_NoOptionValue,50274,0.518,0.4826925566440295,reject,reject,True,False,False,6.599999999999935,0.0,5.0,0.0,1.5999999999999348,0,1.0,0,1,1,0.14183138423565117,Abl_B_NoOptionValue
Abl_C_NoStateChange,50274,0.518,0.4768663646128307,reject,reject,True,False,False,13.19999999999987,0.0,10.0,0.0,3.1999999999998696,0,2.0,0,2,2,0.1408023127869857,Abl_C_NoStateChange
Abl_E_NoContagion,50274,0.518,0.48036067249323705,reject,reject,True,False,False,6.599999999999935,0.0,5.0,0.0,1.5999999999999348,0,1.0,0,1,1,0.14151702495103255,Abl_E_NoContagion
Abl_F_NoDispositionLoss,50274,0.518,0.48823054173091335,reject,reject,True,False,False,47.74333333333322,0.0,35.0,0.0,12.743333333333219,0,6.0,1,2,3,0.13195320363391208,Abl_F_NoDispositionLoss
Abl_G_NoRecedingHorizon,50274,0.518,0.4796126752096187,reject,reject,True,False,False,6.599999999999935,0.0,5.0,0.0,1.5999999999999348,0,1.0,0,1,1,0.14141458336598997,Abl_G_NoRecedingHorizon
Abl_H_NoAccessConstraints,50274,0.518,0.5214027620993987,reject,reject,True,False,False,32.999999999999815,0.0,25.0,0.0,7.999999999999813,0,5.0,0,5,5,0.0826701184123378,Abl_H_NoAccessConstraints
Abl_I_NoStoppingCert,50274,0.518,0.4796126752096187,reject,reject,True,False,False,6.599999999999935,0.0,5.0,0.0,1.5999999999999348,0,1.0,0,1,1,0.14141458336598997,Abl_I_NoStoppingCert
Full_B7,50275,0.518,0.48029394390195473,reject,reject,True,False,False,6.600000000000073,0.0,5.0,0.0,1.6000000000000736,0,1.0,0,1,1,0.14150791791006928,Full_B7
Abl_A_NoBiasModel,50275,0.518,0.4796126752096187,reject,reject,True,False,False,6.600000000000073,0.0,5.0,0.0,1.6000000000000736,0,1.0,0,1,1,0.14141458336598997,Abl_A_NoBiasModel
Abl_B_NoOptionValue,50275,0.518,0.4796126752096187,reject,reject,True,False,False,6.600000000000073,0.0,5.0,0.0,1.6000000000000736,0,1.0,0,1,1,0.14141458336598997,Abl_B_NoOptionValue
Abl_C_NoStateChange,50275,0.518,0.4806753927548738,reject,reject,True,False,False,13.200000000000008,0.0,10.0,0.0,3.200000000000008,0,2.0,0,2,2,0.1411415765554341,Abl_C_NoStateChange
Abl_E_NoContagion,50275,0.518,0.48274082737255897,reject,reject,True,False,False,6.600000000000073,0.0,5.0,0.0,1.6000000000000736,0,1.0,0,1,1,0.14183781177896682,Abl_E_NoContagion
Abl_F_NoDispositionLoss,50275,0.518,0.47148475856593286,reject,reject,True,False,False,47.743333333333354,0.0,35.0,0.0,12.743333333333357,0,6.0,1,2,3,0.13116130355552794,Abl_F_NoDispositionLoss
Abl_G_NoRecedingHorizon,50275,0.518,0.4796126752096187,reject,reject,True,False,False,6.600000000000073,0.0,5.0,0.0,1.6000000000000736,0,1.0,0,1,1,0.14141458336598997,Abl_G_NoRecedingHorizon
Abl_H_NoAccessConstraints,50275,0.518,0.5468281428315863,reject,reject,True,False,False,33.00000000000009,0.0,25.0,0.0,8.00000000000009,0,5.0,0,5,5,0.08413106773062633,Abl_H_NoAccessConstraints
Abl_I_NoStoppingCert,50275,0.518,0.49036195833801155,reject,reject,True,False,False,6.600000000000073,0.0,5.0,0.0,1.6000000000000736,0,1.0,0,1,1,0.14281239246391503,Abl_I_NoStoppingCert
Full_B7,50276,0.518,0.4824270272913903,reject,reject,True,False,False,6.600000000000073,0.0,5.0,0.0,1.6000000000000736,0,1.0,0,1,1,0.14179596962066887,Full_B7
Abl_A_NoBiasModel,50276,0.518,0.4797902377353725,reject,reject,True,False,False,6.600000000000073,0.0,5.0,0.0,1.6000000000000736,0,1.0,0,1,1,0.1414389721018935,Abl_A_NoBiasModel
Abl_B_NoOptionValue,50276,0.518,0.4796126752096187,reject,reject,True,False,False,6.600000000000073,0.0,5.0,0.0,1.6000000000000736,0,1.0,0,1,1,0.14141458336598997,Abl_B_NoOptionValue
Abl_C_NoStateChange,50276,0.518,0.4768663646128307,reject,reject,True,False,False,13.200000000000147,0.0,10.0,0.0,3.200000000000147,0,2.0,0,2,2,0.1408023127869857,Abl_C_NoStateChange
Abl_E_NoContagion,50276,0.518,0.4796126752096187,reject,reject,True,False,False,6.600000000000073,0.0,5.0,0.0,1.6000000000000736,0,1.0,0,1,1,0.14141458336598997,Abl_E_NoContagion
Abl_F_NoDispositionLoss,50276,0.518,0.4905151679495897,reject,reject,True,False,False,47.743333333333354,0.0,35.0,0.0,12.743333333333357,0,6.0,1,2,3,0.13204387502990808,Abl_F_NoDispositionLoss
Abl_G_NoRecedingHorizon,50276,0.518,0.4796126752096187,reject,reject,True,False,False,6.600000000000073,0.0,5.0,0.0,1.6000000000000736,0,1.0,0,1,1,0.14141458336598997,Abl_G_NoRecedingHorizon
Abl_H_NoAccessConstraints,50276,0.518,0.5437320686692161,reject,reject,True,False,False,33.00000000000009,0.0,25.0,0.0,8.00000000000009,0,5.0,0,5,5,0.08583214974190903,Abl_H_NoAccessConstraints
Abl_I_NoStoppingCert,50276,0.518,0.48939339763272355,reject,reject,True,False,False,6.600000000000073,0.0,5.0,0.0,1.6000000000000736,0,1.0,0,1,1,0.14269294120601325,Abl_I_NoStoppingCert
Full_B7,50277,0.518,0.4812388744289609,reject,reject,True,False,False,6.600000000000073,0.0,5.0,0.0,1.6000000000000736,0,1.0,0,1,1,0.1416363024697353,Full_B7
Abl_A_NoBiasModel,50277,0.518,0.4827625087573854,reject,reject,True,False,False,6.600000000000073,0.0,5.0,0.0,1.6000000000000736,0,1.0,0,1,1,0.14184069773730087,Abl_A_NoBiasModel
Abl_B_NoOptionValue,50277,0.518,0.4796126752096187,reject,reject,True,False,False,6.600000000000073,0.0,5.0,0.0,1.6000000000000736,0,1.0,0,1,1,0.14141458336598997,Abl_B_NoOptionValue
Abl_C_NoStateChange,50277,0.518,0.477287177982645,reject,reject,True,False,False,13.200000000000008,0.0,10.0,0.0,3.200000000000008,0,2.0,0,2,2,0.1408404136754981,Abl_C_NoStateChange
Abl_E_NoContagion,50277,0.518,0.48111953880912717,reject,reject,True,False,False,6.600000000000073,0.0,5.0,0.0,1.6000000000000736,0,1.0,0,1,1,0.14162015736546213,Abl_E_NoContagion
Abl_F_NoDispositionLoss,50277,0.518,0.4688213658725462,reject,reject,True,False,False,47.743333333333496,0.0,35.0,0.0,12.743333333333496,0,6.0,1,2,3,0.1310145412299097,Abl_F_NoDispositionLoss
Abl_G_NoRecedingHorizon,50277,0.518,0.4796126752096187,reject,reject,True,False,False,6.600000000000073,0.0,5.0,0.0,1.6000000000000736,0,1.0,0,1,1,0.14141458336598997,Abl_G_NoRecedingHorizon
Abl_H_NoAccessConstraints,50277,0.518,0.49356402369470287,reject,reject,True,False,False,33.00000000000023,0.0,25.0,0.0,8.00000000000023,0,5.0,0,5,5,0.08551397558477183,Abl_H_NoAccessConstraints
Abl_I_NoStoppingCert,50277,0.518,0.4796126752096187,reject,reject,True,False,False,6.600000000000073,0.0,5.0,0.0,1.6000000000000736,0,1.0,0,1,1,0.14141458336598997,Abl_I_NoStoppingCert
Full_B7,50278,0.518,0.4949754389509267,reject,reject,True,False,False,6.599999999999935,0.0,5.0,0.0,1.5999999999999348,0,1.0,0,1,1,0.14336393920235743,Full_B7
Abl_A_NoBiasModel,50278,0.518,0.4796126752096187,reject,reject,True,False,False,6.599999999999935,0.0,5.0,0.0,1.5999999999999348,0,1.0,0,1,1,0.14141458336598997,Abl_A_NoBiasModel
Abl_B_NoOptionValue,50278,0.518,0.48073469357244364,reject,reject,True,False,False,6.599999999999935,0.0,5.0,0.0,1.5999999999999348,0,1.0,0,1,1,0.14156795594606547,Abl_B_NoOptionValue
Abl_C_NoStateChange,50278,0.518,0.4867364031446397,reject,reject,True,False,False,13.19999999999987,0.0,10.0,0.0,3.1999999999998696,0,2.0,0,2,2,0.14165557007615123,Abl_C_NoStateChange
Abl_E_NoContagion,50278,0.518,0.4796126752096187,reject,reject,True,False,False,6.599999999999935,0.0,5.0,0.0,1.5999999999999348,0,1.0,0,1,1,0.14141458336598997,Abl_E_NoContagion
Abl_F_NoDispositionLoss,50278,0.52,0.4878841240590083,reject,reject,True,False,False,51.11017040905341,0.0,35.0,0.0,16.11017040905341,0,6.0,1,2,3,0.1319390930251331,Abl_F_NoDispositionLoss
Abl_G_NoRecedingHorizon,50278,0.518,0.498744060579057,reject,reject,True,False,False,6.599999999999935,0.0,5.0,0.0,1.5999999999999348,0,1.0,0,1,1,0.14379326991495883,Abl_G_NoRecedingHorizon
Abl_H_NoAccessConstraints,50278,0.518,0.4937959063386129,reject,reject,True,False,False,32.99999999999995,0.0,25.0,0.0,7.999999999999951,0,5.0,0,5,5,0.08249272277702864,Abl_H_NoAccessConstraints
Abl_I_NoStoppingCert,50278,0.518,0.48633378548846073,reject,reject,True,False,False,6.599999999999935,0.0,5.0,0.0,1.5999999999999348,0,1.0,0,1,1,0.14230720085285148,Abl_I_NoStoppingCert
Full_B7,50279,0.518,0.4796126752096187,reject,reject,True,False,False,6.599999999999935,0.0,5.0,0.0,1.5999999999999348,0,1.0,0,1,1,0.14141458336598997,Full_B7
Abl_A_NoBiasModel,50279,0.518,0.4796126752096187,reject,reject,True,False,False,6.599999999999935,0.0,5.0,0.0,1.5999999999999348,0,1.0,0,1,1,0.14141458336598997,Abl_A_NoBiasModel
Abl_B_NoOptionValue,50279,0.518,0.4796126752096187,reject,reject,True,False,False,6.599999999999935,0.0,5.0,0.0,1.5999999999999348,0,1.0,0,1,1,0.14141458336598997,Abl_B_NoOptionValue
Abl_C_NoStateChange,50279,0.518,0.4768663646128307,reject,reject,True,False,False,13.19999999999987,0.0,10.0,0.0,3.1999999999998696,0,2.0,0,2,2,0.1408023127869857,Abl_C_NoStateChange
Abl_E_NoContagion,50279,0.518,0.48580909174485576,reject,reject,True,False,False,6.599999999999935,0.0,5.0,0.0,1.5999999999999348,0,1.0,0,1,1,0.14223976278004785,Abl_E_NoContagion
Abl_F_NoDispositionLoss,50279,0.518,0.4813342696116706,reject,reject,True,False,False,47.74333333333322,0.0,35.0,0.0,12.743333333333219,0,6.0,1,2,3,0.13165430042196294,Abl_F_NoDispositionLoss
Abl_G_NoRecedingHorizon,50279,0.518,0.4796126752096187,reject,reject,True,False,False,6.599999999999935,0.0,5.0,0.0,1.5999999999999348,0,1.0,0,1,1,0.14141458336598997,Abl_G_NoRecedingHorizon
Abl_H_NoAccessConstraints,50279,0.518,0.5432488420430989,reject,reject,True,False,False,32.999999999999815,0.0,25.0,0.0,7.999999999999813,0,5.0,0,5,5,0.08418264175615463,Abl_H_NoAccessConstraints
Abl_I_NoStoppingCert,50279,0.518,0.4818401844287469,reject,reject,True,False,False,6.599999999999935,0.0,5.0,0.0,1.5999999999999348,0,1.0,0,1,1,0.14171735324679383,Abl_I_NoStoppingCert
Full_B7,50280,0.518,0.4818617825430275,reject,reject,True,False,False,6.600000000000073,0.0,5.0,0.0,1.6000000000000736,0,1.0,0,1,1,0.14172025511287673,Full_B7
Abl_A_NoBiasModel,50280,0.518,0.49255601667766935,reject,reject,True,False,False,6.600000000000073,0.0,5.0,0.0,1.6000000000000736,0,1.0,0,1,1,0.14307827729386147,Abl_A_NoBiasModel
Abl_B_NoOptionValue,50280,0.518,0.4796126752096187,reject,reject,True,False,False,6.600000000000073,0.0,5.0,0.0,1.6000000000000736,0,1.0,0,1,1,0.14141458336598997,Abl_B_NoOptionValue
Abl_C_NoStateChange,50280,0.518,0.4797260173702715,reject,reject,True,False,False,13.200000000000147,0.0,10.0,0.0,3.200000000000147,0,2.0,0,2,2,0.14105819551727414,Abl_C_NoStateChange
Abl_E_NoContagion,50280,0.518,0.4796126752096187,reject,reject,True,False,False,6.600000000000073,0.0,5.0,0.0,1.6000000000000736,0,1.0,0,1,1,0.14141458336598997,Abl_E_NoContagion
Abl_F_NoDispositionLoss,50280,0.518,0.4965519948762792,reject,reject,True,False,False,47.743333333333496,0.0,35.0,0.0,12.743333333333496,0,6.0,1,2,3,0.13226355448837196,Abl_F_NoDispositionLoss
Abl_G_NoRecedingHorizon,50280,0.518,0.4796126752096187,reject,reject,True,False,False,6.600000000000073,0.0,5.0,0.0,1.6000000000000736,0,1.0,0,1,1,0.14141458336598997,Abl_G_NoRecedingHorizon
Abl_H_NoAccessConstraints,50280,0.518,0.5119016779813337,reject,reject,True,False,False,33.00000000000023,0.0,25.0,0.0,8.00000000000023,0,5.0,0,5,5,0.08037163229955262,Abl_H_NoAccessConstraints
Abl_I_NoStoppingCert,50280,0.518,0.48442231717208745,reject,reject,True,False,False,6.600000000000073,0.0,5.0,0.0,1.6000000000000736,0,1.0,0,1,1,0.14205970016193956,Abl_I_NoStoppingCert
Full_B7,50281,0.518,0.4983216377526901,reject,reject,True,False,False,6.599999999999935,0.0,5.0,0.0,1.5999999999999348,0,1.0,0,1,1,0.143746089564909,Full_B7
Abl_A_NoBiasModel,50281,0.518,0.48779009196149736,reject,reject,True,False,False,6.599999999999935,0.0,5.0,0.0,1.5999999999999348,0,1.0,0,1,1,0.14249240004491995,Abl_A_NoBiasModel
Abl_B_NoOptionValue,50281,0.518,0.48318129442758523,reject,reject,True,False,False,6.599999999999935,0.0,5.0,0.0,1.5999999999999348,0,1.0,0,1,1,0.14189631355825866,Abl_B_NoOptionValue
Abl_C_NoStateChange,50281,0.518,0.49438862986008003,reject,reject,True,False,False,13.19999999999987,0.0,10.0,0.0,3.1999999999998696,0,2.0,0,2,2,0.14225962752378,Abl_C_NoStateChange
Abl_E_NoContagion,50281,0.518,0.48579904258750367,reject,reject,True,False,False,6.599999999999935,0.0,5.0,0.0,1.5999999999999348,0,1.0,0,1,1,0.14223846748717808,Abl_E_NoContagion
Abl_F_NoDispositionLoss,50281,0.518,0.4976559332821987,reject,reject,True,False,False,47.74333333333308,0.0,35.0,0.0,12.743333333333076,0,6.0,1,2,3,0.1323006108650664,Abl_F_NoDispositionLoss
Abl_G_NoRecedingHorizon,50281,0.518,0.4862612713405122,reject,reject,True,False,False,6.599999999999935,0.0,5.0,0.0,1.5999999999999348,0,1.0,0,1,1,0.14229790322984223,Abl_G_NoRecedingHorizon
Abl_H_NoAccessConstraints,50281,0.518,0.5312422678081072,reject,reject,True,False,False,32.999999999999815,0.0,25.0,0.0,7.999999999999813,0,5.0,0,5,5,0.08300766769978447,Abl_H_NoAccessConstraints
Abl_I_NoStoppingCert,50281,0.518,0.4863701099252823,reject,reject,True,False,False,6.599999999999935,0.0,5.0,0.0,1.5999999999999348,0,1.0,0,1,1,0.1423118555890276,Abl_I_NoStoppingCert
Full_B7,50282,0.518,0.4796126752096187,reject,reject,True,False,False,6.599999999999935,0.0,5.0,0.0,1.5999999999999348,0,1.0,0,1,1,0.14141458336598997,Full_B7
Abl_A_NoBiasModel,50282,0.518,0.4805999707091232,reject,reject,True,False,False,6.599999999999935,0.0,5.0,0.0,1.5999999999999348,0,1.0,0,1,1,0.14154963301499943,Abl_A_NoBiasModel
Abl_B_NoOptionValue,50282,0.518,0.4897620923143358,reject,reject,True,False,False,6.599999999999935,0.0,5.0,0.0,1.5999999999999348,0,1.0,0,1,1,0.1427385621479619,Abl_B_NoOptionValue
Abl_C_NoStateChange,50282,0.518,0.4768663646128307,reject,reject,True,False,False,13.19999999999987,0.0,10.0,0.0,3.1999999999998696,0,2.0,0,2,2,0.1408023127869857,Abl_C_NoStateChange
Abl_E_NoContagion,50282,0.518,0.48367274908009883,reject,reject,True,False,False,6.599999999999935,0.0,5.0,0.0,1.5999999999999348,0,1.0,0,1,1,0.14196127044780502,Abl_E_NoContagion
Abl_F_NoDispositionLoss,50282,0.518,0.4734091313511466,reject,reject,True,False,False,47.743333333333354,0.0,35.0,0.0,12.743333333333357,0,6.0,1,2,3,0.1312637685649377,Abl_F_NoDispositionLoss
Abl_G_NoRecedingHorizon,50282,0.518,0.48541200373560817,reject,reject,True,False,False,6.599999999999935,0.0,5.0,0.0,1.5999999999999348,0,1.0,0,1,1,0.14218847422511185,Abl_G_NoRecedingHorizon
Abl_H_NoAccessConstraints,50282,0.518,0.5060757990721311,reject,reject,True,False,False,32.999999999999815,0.0,25.0,0.0,7.999999999999813,0,5.0,0,5,5,0.088207038693929,Abl_H_NoAccessConstraints
Abl_I_NoStoppingCert,50282,0.518,0.4909867306267495,reject,reject,True,False,False,6.599999999999935,0.0,5.0,0.0,1.5999999999999348,0,1.0,0,1,1,0.14288876882985185,Abl_I_NoStoppingCert
Full_B7,50283,0.518,0.4796126752096187,reject,reject,True,False,False,6.599999999999935,0.0,5.0,0.0,1.5999999999999348,0,1.0,0,1,1,0.14141458336598997,Full_B7
Abl_A_NoBiasModel,50283,0.518,0.4796126752096187,reject,reject,True,False,False,6.599999999999935,0.0,5.0,0.0,1.5999999999999348,0,1.0,0,1,1,0.14141458336598997,Abl_A_NoBiasModel
Abl_B_NoOptionValue,50283,0.518,0.49288882081995633,reject,reject,True,False,False,6.599999999999935,0.0,5.0,0.0,1.5999999999999348,0,1.0,0,1,1,0.1431180392774114,Abl_B_NoOptionValue
Abl_C_NoStateChange,50283,0.518,0.4874618145224089,reject,reject,True,False,False,13.200000000000008,0.0,10.0,0.0,3.200000000000008,0,2.0,0,2,2,0.14171497361848642,Abl_C_NoStateChange
Abl_E_NoContagion,50283,0.518,0.4796126752096187,reject,reject,True,False,False,6.599999999999935,0.0,5.0,0.0,1.5999999999999348,0,1.0,0,1,1,0.14141458336598997,Abl_E_NoContagion
Abl_F_NoDispositionLoss,50283,0.518,0.4818381081877151,reject,reject,True,False,False,47.743333333333354,0.0,35.0,0.0,12.743333333333357,0,6.0,1,2,3,0.1316774240183833,Abl_F_NoDispositionLoss
Abl_G_NoRecedingHorizon,50283,0.518,0.4875854449279752,reject,reject,True,False,False,6.599999999999935,0.0,5.0,0.0,1.5999999999999348,0,1.0,0,1,1,0.14246655029352767,Abl_G_NoRecedingHorizon
Abl_H_NoAccessConstraints,50283,0.518,0.47307588493467473,reject,reject,True,False,False,46.19999999999982,0.0,35.0,0.0,11.199999999999822,0,7.0,0,7,7,0.07360562667045248,Abl_H_NoAccessConstraints
Abl_I_NoStoppingCert,50283,0.518,0.4796126752096187,reject,reject,True,False,False,6.599999999999935,0.0,5.0,0.0,1.5999999999999348,0,1.0,0,1,1,0.14141458336598997,Abl_I_NoStoppingCert
Full_B7,50284,0.518,0.4807368384664599,reject,reject,True,False,False,6.599999999999935,0.0,5.0,0.0,1.5999999999999348,0,1.0,0,1,1,0.14156824745694416,Full_B7
Abl_A_NoBiasModel,50284,0.518,0.4796126752096187,reject,reject,True,False,False,6.599999999999935,0.0,5.0,0.0,1.5999999999999348,0,1.0,0,1,1,0.14141458336598997,Abl_A_NoBiasModel
Abl_B_NoOptionValue,50284,0.518,0.4955869373840218,reject,reject,True,False,False,6.599999999999935,0.0,5.0,0.0,1.5999999999999348,0,1.0,0,1,1,0.14343489350963487,Abl_B_NoOptionValue
Abl_C_NoStateChange,50284,0.518,0.48961155630167996,reject,reject,True,False,False,13.19999999999987,0.0,10.0,0.0,3.1999999999998696,0,2.0,0,2,2,0.14188837482375874,Abl_C_NoStateChange
Abl_E_NoContagion,50284,0.518,0.48407630316333367,reject,reject,True,False,False,6.599999999999935,0.0,5.0,0.0,1.5999999999999348,0,1.0,0,1,1,0.14201435964772582,Abl_E_NoContagion
Abl_F_NoDispositionLoss,50284,0.52,0.48787769718327495,reject,reject,True,False,False,49.98964927443197,0.0,35.0,0.0,14.989649274431972,0,6.0,1,2,3,0.1319388303379441,Abl_F_NoDispositionLoss
Abl_G_NoRecedingHorizon,50284,0.518,0.49557995557987755,reject,reject,True,False,False,6.599999999999935,0.0,5.0,0.0,1.5999999999999348,0,1.0,0,1,1,0.14343408621570516,Abl_G_NoRecedingHorizon
Abl_H_NoAccessConstraints,50284,0.518,0.47401034705993245,reject,reject,True,False,False,46.2000000000001,0.0,35.0,0.0,11.200000000000099,0,7.0,0,7,7,0.07511089646174053,Abl_H_NoAccessConstraints
Abl_I_NoStoppingCert,50284,0.518,0.48702157016653536,reject,reject,True,False,False,6.599999999999935,0.0,5.0,0.0,1.5999999999999348,0,1.0,0,1,1,0.14239502870442758,Abl_I_NoStoppingCert
Full_B7,50285,0.518,0.4845255454961701,reject,reject,True,False,False,6.600000000000073,0.0,5.0,0.0,1.6000000000000736,0,1.0,0,1,1,0.14207319486514824,Full_B7
Abl_A_NoBiasModel,50285,0.518,0.4851659176325735,reject,reject,True,False,False,6.600000000000073,0.0,5.0,0.0,1.6000000000000736,0,1.0,0,1,1,0.142156580484582,Abl_A_NoBiasModel
Abl_B_NoOptionValue,50285,0.518,0.4870689969157483,reject,reject,True,False,False,6.600000000000073,0.0,5.0,0.0,1.6000000000000736,0,1.0,0,1,1,0.14240106105324854,Abl_B_NoOptionValue
Abl_C_NoStateChange,50285,0.518,0.4838424161316414,reject,reject,True,False,False,13.200000000000287,0.0,10.0,0.0,3.200000000000286,0,2.0,0,2,2,0.14141409418584347,Abl_C_NoStateChange
Abl_E_NoContagion,50285,0.518,0.4842582215874466,reject,reject,True,False,False,6.600000000000073,0.0,5.0,0.0,1.6000000000000736,0,1.0,0,1,1,0.1420382182248103,Abl_E_NoContagion
Abl_F_NoDispositionLoss,50285,0.518,0.47540630191924793,reject,reject,True,False,False,47.743333333333496,0.0,35.0,0.0,12.743333333333496,0,6.0,1,2,3,0.13136694704897584,Abl_F_NoDispositionLoss
Abl_G_NoRecedingHorizon,50285,0.518,0.4796126752096187,reject,reject,True,False,False,6.600000000000073,0.0,5.0,0.0,1.6000000000000736,0,1.0,0,1,1,0.14141458336598997,Abl_G_NoRecedingHorizon
Abl_H_NoAccessConstraints,50285,0.518,0.4980041120248996,reject,reject,True,False,False,33.00000000000023,0.0,25.0,0.0,8.00000000000023,0,5.0,0,5,5,0.08052350715468999,Abl_H_NoAccessConstraints
Abl_I_NoStoppingCert,50285,0.518,0.4859630249736492,reject,reject,True,False,False,6.600000000000073,0.0,5.0,0.0,1.6000000000000736,0,1.0,0,1,1,0.14225958676634234,Abl_I_NoStoppingCert
Full_B7,50286,0.518,0.4796126752096187,reject,reject,True,False,False,6.599999999999935,0.0,5.0,0.0,1.5999999999999348,0,1.0,0,1,1,0.14141458336598997,Full_B7
Abl_A_NoBiasModel,50286,0.518,0.4796126752096187,reject,reject,True,False,False,6.599999999999935,0.0,5.0,0.0,1.5999999999999348,0,1.0,0,1,1,0.14141458336598997,Abl_A_NoBiasModel
Abl_B_NoOptionValue,50286,0.518,0.4807323774717348,reject,reject,True,False,False,6.599999999999935,0.0,5.0,0.0,1.5999999999999348,0,1.0,0,1,1,0.1415676411594181,Abl_B_NoOptionValue
Abl_C_NoStateChange,50286,0.518,0.49690607333937714,reject,reject,True,False,False,13.200000000000008,0.0,10.0,0.0,3.200000000000008,0,2.0,0,2,2,0.14244750230279546,Abl_C_NoStateChange
Abl_E_NoContagion,50286,0.518,0.4796126752096187,reject,reject,True,False,False,6.599999999999935,0.0,5.0,0.0,1.5999999999999348,0,1.0,0,1,1,0.14141458336598997,Abl_E_NoContagion
Abl_F_NoDispositionLoss,50286,0.518,0.4879584324883274,reject,reject,True,False,False,47.743333333333496,0.0,35.0,0.0,12.743333333333496,0,6.0,1,2,3,0.1319421278652421,Abl_F_NoDispositionLoss
Abl_G_NoRecedingHorizon,50286,0.518,0.4847179088487641,reject,reject,True,False,False,6.599999999999935,0.0,5.0,0.0,1.5999999999999348,0,1.0,0,1,1,0.14209830270042084,Abl_G_NoRecedingHorizon
Abl_H_NoAccessConstraints,50286,0.518,0.49699469492361087,reject,reject,True,False,False,33.000000000000085,0.0,25.0,0.0,8.000000000000089,0,5.0,0,5,5,0.0845788404126036,Abl_H_NoAccessConstraints
Abl_I_NoStoppingCert,50286,0.518,0.4814561892073259,reject,reject,True,False,False,6.599999999999935,0.0,5.0,0.0,1.5999999999999348,0,1.0,0,1,1,0.14166565242488197,Abl_I_NoStoppingCert
Full_B7,50287,0.518,0.4796126752096187,reject,reject,True,False,False,6.599999999999935,0.0,5.0,0.0,1.5999999999999348,0,1.0,0,1,1,0.14141458336598997,Full_B7
Abl_A_NoBiasModel,50287,0.518,0.49481161112259653,reject,reject,True,False,False,6.599999999999935,0.0,5.0,0.0,1.5999999999999348,0,1.0,0,1,1,0.1433448444843098,Abl_A_NoBiasModel
Abl_B_NoOptionValue,50287,0.518,0.4796126752096187,reject,reject,True,False,False,6.599999999999935,0.0,5.0,0.0,1.5999999999999348,0,1.0,0,1,1,0.14141458336598997,Abl_B_NoOptionValue
Abl_C_NoStateChange,50287,0.518,0.4768663646128307,reject,reject,True,False,False,13.200000000000008,0.0,10.0,0.0,3.200000000000008,0,2.0,0,2,2,0.1408023127869857,Abl_C_NoStateChange
Abl_E_NoContagion,50287,0.518,0.49133572076797166,reject,reject,True,False,False,6.599999999999935,0.0,5.0,0.0,1.5999999999999348,0,1.0,0,1,1,0.14293120136324824,Abl_E_NoContagion
Abl_F_NoDispositionLoss,50287,0.518,0.4871445239926543,reject,reject,True,False,False,47.743333333333496,0.0,35.0,0.0,12.743333333333496,0,6.0,1,2,3,0.13190864749655215,Abl_F_NoDispositionLoss
Abl_G_NoRecedingHorizon,50287,0.518,0.4796126752096187,reject,reject,True,False,False,6.599999999999935,0.0,5.0,0.0,1.5999999999999348,0,1.0,0,1,1,0.14141458336598997,Abl_G_NoRecedingHorizon
Abl_H_NoAccessConstraints,50287,0.518,0.5275989520439562,reject,reject,True,False,False,32.999999999999815,0.0,25.0,0.0,7.999999999999813,0,5.0,0,5,5,0.08334162382062445,Abl_H_NoAccessConstraints
Abl_I_NoStoppingCert,50287,0.518,0.4796126752096187,reject,reject,True,False,False,6.599999999999935,0.0,5.0,0.0,1.5999999999999348,0,1.0,0,1,1,0.14141458336598997,Abl_I_NoStoppingCert
Full_B7,50288,0.518,0.4810374375493504,reject,reject,True,False,False,6.599999999999935,0.0,5.0,0.0,1.5999999999999348,0,1.0,0,1,1,0.14160903824461696,Full_B7
Abl_A_NoBiasModel,50288,0.518,0.4796126752096187,reject,reject,True,False,False,6.599999999999935,0.0,5.0,0.0,1.5999999999999348,0,1.0,0,1,1,0.14141458336598997,Abl_A_NoBiasModel
Abl_B_NoOptionValue,50288,0.518,0.4979237351142154,reject,reject,True,False,False,6.599999999999935,0.0,5.0,0.0,1.5999999999999348,0,1.0,0,1,1,0.14370143059373738,Abl_B_NoOptionValue
Abl_C_NoStateChange,50288,0.518,0.4768663646128307,reject,reject,True,False,False,13.200000000000287,0.0,10.0,0.0,3.200000000000286,0,2.0,0,2,2,0.1408023127869857,Abl_C_NoStateChange
Abl_E_NoContagion,50288,0.518,0.5047069402424362,reject,reject,True,False,False,6.599999999999935,0.0,5.0,0.0,1.5999999999999348,0,1.0,0,1,1,0.1444340490563049,Abl_E_NoContagion
Abl_F_NoDispositionLoss,50288,0.518,0.5011582526674527,reject,reject,True,False,False,47.743333333333496,0.0,35.0,0.0,12.743333333333496,0,6.0,1,2,3,0.13241181563031532,Abl_F_NoDispositionLoss
Abl_G_NoRecedingHorizon,50288,0.518,0.4796126752096187,reject,reject,True,False,False,6.599999999999935,0.0,5.0,0.0,1.5999999999999348,0,1.0,0,1,1,0.14141458336598997,Abl_G_NoRecedingHorizon
Abl_H_NoAccessConstraints,50288,0.518,0.5097536854074527,reject,reject,True,False,False,33.00000000000009,0.0,25.0,0.0,8.00000000000009,0,5.0,0,5,5,0.08316001405048322,Abl_H_NoAccessConstraints
Abl_I_NoStoppingCert,50288,0.518,0.4796126752096187,reject,reject,True,False,False,6.599999999999935,0.0,5.0,0.0,1.5999999999999348,0,1.0,0,1,1,0.14141458336598997,Abl_I_NoStoppingCert
Full_B7,50289,0.518,0.4796126752096187,reject,reject,True,False,False,6.599999999999935,0.0,5.0,0.0,1.5999999999999348,0,1.0,0,1,1,0.14141458336598997,Full_B7
Abl_A_NoBiasModel,50289,0.518,0.4796126752096187,reject,reject,True,False,False,6.599999999999935,0.0,5.0,0.0,1.5999999999999348,0,1.0,0,1,1,0.14141458336598997,Abl_A_NoBiasModel
Abl_B_NoOptionValue,50289,0.518,0.4816134509656834,reject,reject,True,False,False,6.599999999999935,0.0,5.0,0.0,1.5999999999999348,0,1.0,0,1,1,0.14168685081124435,Abl_B_NoOptionValue
Abl_C_NoStateChange,50289,0.518,0.47748483386734125,reject,reject,True,False,False,13.200000000000008,0.0,10.0,0.0,3.200000000000008,0,2.0,0,2,2,0.1408582564058792,Abl_C_NoStateChange
Abl_E_NoContagion,50289,0.518,0.48485436458001824,reject,reject,True,False,False,6.599999999999935,0.0,5.0,0.0,1.5999999999999348,0,1.0,0,1,1,0.1421160823862053,Abl_E_NoContagion
Abl_F_NoDispositionLoss,50289,0.518,0.48658122384431335,reject,reject,True,False,False,47.74333333333322,0.0,35.0,0.0,12.743333333333219,0,6.0,1,2,3,0.13188516729045557,Abl_F_NoDispositionLoss
Abl_G_NoRecedingHorizon,50289,0.518,0.4796126752096187,reject,reject,True,False,False,6.599999999999935,0.0,5.0,0.0,1.5999999999999348,0,1.0,0,1,1,0.14141458336598997,Abl_G_NoRecedingHorizon
Abl_H_NoAccessConstraints,50289,0.518,0.5220072454549818,reject,reject,True,False,False,32.999999999999815,0.0,25.0,0.0,7.999999999999813,0,5.0,0,5,5,0.08472153335494302,Abl_H_NoAccessConstraints
Abl_I_NoStoppingCert,50289,0.518,0.4847926482803002,reject,reject,True,False,False,6.599999999999935,0.0,5.0,0.0,1.5999999999999348,0,1.0,0,1,1,0.14210804415463338,Abl_I_NoStoppingCert
Full_B7,50290,0.518,0.48203223927134314,reject,reject,True,False,False,6.599999999999935,0.0,5.0,0.0,1.5999999999999348,0,1.0,0,1,1,0.14174313449570328,Full_B7
Abl_A_NoBiasModel,50290,0.518,0.4796126752096187,reject,reject,True,False,False,6.599999999999935,0.0,5.0,0.0,1.5999999999999348,0,1.0,0,1,1,0.14141458336598997,Abl_A_NoBiasModel
Abl_B_NoOptionValue,50290,0.518,0.48147568168496147,reject,reject,True,False,False,6.599999999999935,0.0,5.0,0.0,1.5999999999999348,0,1.0,0,1,1,0.14166828181630184,Abl_B_NoOptionValue
Abl_C_NoStateChange,50290,0.518,0.4768663646128307,reject,reject,True,False,False,13.19999999999987,0.0,10.0,0.0,3.1999999999998696,0,2.0,0,2,2,0.1408023127869857,Abl_C_NoStateChange
Abl_E_NoContagion,50290,0.518,0.4866635624787864,reject,reject,True,False,False,6.599999999999935,0.0,5.0,0.0,1.5999999999999348,0,1.0,0,1,1,0.14234939321993864,Abl_E_NoContagion
Abl_F_NoDispositionLoss,50290,0.518,0.49331353141661693,reject,reject,True,False,False,47.743333333333354,0.0,35.0,0.0,12.743333333333357,0,6.0,1,2,3,0.13214929335781178,Abl_F_NoDispositionLoss
Abl_G_NoRecedingHorizon,50290,0.518,0.4838704974030154,reject,reject,True,False,False,6.599999999999935,0.0,5.0,0.0,1.5999999999999348,0,1.0,0,1,1,0.1419873131636343,Abl_G_NoRecedingHorizon
Abl_H_NoAccessConstraints,50290,0.518,0.5353050215789377,reject,reject,True,False,False,33.00000000000009,0.0,25.0,0.0,8.00000000000009,0,5.0,0,5,5,0.0856470097676324,Abl_H_NoAccessConstraints
Abl_I_NoStoppingCert,50290,0.518,0.4796126752096187,reject,reject,True,False,False,6.599999999999935,0.0,5.0,0.0,1.5999999999999348,0,1.0,0,1,1,0.14141458336598997,Abl_I_NoStoppingCert
Full_B7,50291,0.518,0.482461930873533,reject,reject,True,False,False,6.599999999999935,0.0,5.0,0.0,1.5999999999999348,0,1.0,0,1,1,0.1418006304192925,Full_B7
Abl_A_NoBiasModel,50291,0.518,0.48431340759150093,reject,reject,True,False,False,6.599999999999935,0.0,5.0,0.0,1.5999999999999348,0,1.0,0,1,1,0.14204544683263068,Abl_A_NoBiasModel
Abl_B_NoOptionValue,50291,0.518,0.4796126752096187,reject,reject,True,False,False,6.599999999999935,0.0,5.0,0.0,1.5999999999999348,0,1.0,0,1,1,0.14141458336598997,Abl_B_NoOptionValue
Abl_C_NoStateChange,50291,0.518,0.4768663646128307,reject,reject,True,False,False,13.19999999999987,0.0,10.0,0.0,3.1999999999998696,0,2.0,0,2,2,0.1408023127869857,Abl_C_NoStateChange
Abl_E_NoContagion,50291,0.518,0.4903787140019558,reject,reject,True,False,False,6.599999999999935,0.0,5.0,0.0,1.5999999999999348,0,1.0,0,1,1,0.14281444770071502,Abl_E_NoContagion
Abl_F_NoDispositionLoss,50291,0.518,0.4877686609725195,reject,reject,True,False,False,47.74333333333322,0.0,35.0,0.0,12.743333333333219,0,6.0,1,2,3,0.13193436866891708,Abl_F_NoDispositionLoss
Abl_G_NoRecedingHorizon,50291,0.522,0.4848306262329965,reject,reject,True,False,False,14.024542999968578,0.0,5.0,0.0,9.024542999968578,0,1.0,0,1,1,0.14211299120929183,Abl_G_NoRecedingHorizon
Abl_H_NoAccessConstraints,50291,0.518,0.5163599779059679,reject,reject,True,False,False,32.999999999999815,0.0,25.0,0.0,7.999999999999813,0,5.0,0,5,5,0.0809962761401207,Abl_H_NoAccessConstraints
Abl_I_NoStoppingCert,50291,0.518,0.48437197988223196,reject,reject,True,False,False,6.599999999999935,0.0,5.0,0.0,1.5999999999999348,0,1.0,0,1,1,0.14205311440081222,Abl_I_NoStoppingCert
Full_B7,50292,0.518,0.4933417063960991,reject,reject,True,False,False,6.599999999999935,0.0,5.0,0.0,1.5999999999999348,0,1.0,0,1,1,0.14317190809303673,Full_B7
Abl_A_NoBiasModel,50292,0.518,0.4796126752096187,reject,reject,True,False,False,6.599999999999935,0.0,5.0,0.0,1.5999999999999348,0,1.0,0,1,1,0.14141458336598997,Abl_A_NoBiasModel
Abl_B_NoOptionValue,50292,0.518,0.4796126752096187,reject,reject,True,False,False,6.599999999999935,0.0,5.0,0.0,1.5999999999999348,0,1.0,0,1,1,0.14141458336598997,Abl_B_NoOptionValue
Abl_C_NoStateChange,50292,0.518,0.4778727702871487,reject,reject,True,False,False,13.19999999999987,0.0,10.0,0.0,3.1999999999998696,0,2.0,0,2,2,0.14089317720110547,Abl_C_NoStateChange
Abl_E_NoContagion,50292,0.518,0.4877798683291351,reject,reject,True,False,False,6.599999999999935,0.0,5.0,0.0,1.5999999999999348,0,1.0,0,1,1,0.14249111001737674,Abl_E_NoContagion
Abl_F_NoDispositionLoss,50292,0.518,0.47873671708934173,reject,reject,True,False,False,47.743333333333496,0.0,35.0,0.0,12.743333333333496,0,6.0,1,2,3,0.13153185935290315,Abl_F_NoDispositionLoss
Abl_G_NoRecedingHorizon,50292,0.518,0.48381762151183627,reject,reject,True,False,False,6.599999999999935,0.0,5.0,0.0,1.5999999999999348,0,1.0,0,1,1,0.14198035489847483,Abl_G_NoRecedingHorizon
Abl_H_NoAccessConstraints,50292,0.518,0.5390156878333079,reject,reject,True,False,False,33.00000000000009,0.0,25.0,0.0,8.00000000000009,0,5.0,0,5,5,0.08048187737579916,Abl_H_NoAccessConstraints
Abl_I_NoStoppingCert,50292,0.518,0.4796126752096187,reject,reject,True,False,False,6.599999999999935,0.0,5.0,0.0,1.5999999999999348,0,1.0,0,1,1,0.14141458336598997,Abl_I_NoStoppingCert
Full_B7,50293,0.518,0.4885216967419853,reject,reject,True,False,False,6.600000000000073,0.0,5.0,0.0,1.6000000000000736,0,1.0,0,1,1,0.14258434396332254,Full_B7
Abl_A_NoBiasModel,50293,0.518,0.4864779236651794,reject,reject,True,False,False,6.600000000000073,0.0,5.0,0.0,1.6000000000000736,0,1.0,0,1,1,0.14232566054643206,Abl_A_NoBiasModel
Abl_B_NoOptionValue,50293,0.518,0.4968253230237759,reject,reject,True,False,False,6.600000000000073,0.0,5.0,0.0,1.6000000000000736,0,1.0,0,1,1,0.14357705359305334,Abl_B_NoOptionValue
Abl_C_NoStateChange,50293,0.518,0.4810536406684788,reject,reject,True,False,False,13.200000000000147,0.0,10.0,0.0,3.200000000000147,0,2.0,0,2,2,0.14117457966576688,Abl_C_NoStateChange
Abl_E_NoContagion,50293,0.518,0.4796126752096187,reject,reject,True,False,False,6.600000000000073,0.0,5.0,0.0,1.6000000000000736,0,1.0,0,1,1,0.14141458336598997,Abl_E_NoContagion
Abl_F_NoDispositionLoss,50293,0.518,0.501019421989557,reject,reject,True,False,False,47.743333333333354,0.0,35.0,0.0,12.743333333333357,0,6.0,1,2,3,0.1324075913780612,Abl_F_NoDispositionLoss
Abl_G_NoRecedingHorizon,50293,0.518,0.48438338138353876,reject,reject,True,False,False,6.600000000000073,0.0,5.0,0.0,1.6000000000000736,0,1.0,0,1,1,0.1420546063956491,Abl_G_NoRecedingHorizon
Abl_H_NoAccessConstraints,50293,0.518,0.5155617202492223,reject,reject,True,False,False,33.00000000000009,0.0,25.0,0.0,8.00000000000009,0,5.0,0,5,5,0.08466494215571276,Abl_H_NoAccessConstraints
Abl_I_NoStoppingCert,50293,0.518,0.4828362756702386,reject,reject,True,False,False,6.600000000000073,0.0,5.0,0.0,1.6000000000000736,0,1.0,0,1,1,0.14185051180009173,Abl_I_NoStoppingCert
Full_B7,50294,0.518,0.4887892882824271,reject,reject,True,False,False,6.599999999999935,0.0,5.0,0.0,1.5999999999999348,0,1.0,0,1,1,0.14261779089713633,Full_B7
Abl_A_NoBiasModel,50294,0.518,0.49753626883891133,reject,reject,True,False,False,6.599999999999935,0.0,5.0,0.0,1.5999999999999348,0,1.0,0,1,1,0.14365774020350905,Abl_A_NoBiasModel
Abl_B_NoOptionValue,50294,0.518,0.48531562843631004,reject,reject,True,False,False,6.599999999999935,0.0,5.0,0.0,1.5999999999999348,0,1.0,0,1,1,0.14217599352871127,Abl_B_NoOptionValue
Abl_C_NoStateChange,50294,0.52,0.4835234918533141,reject,reject,True,False,False,16.186309306815684,0.0,10.0,0.0,6.1863093068156845,0,2.0,0,2,2,0.14138704281927547,Abl_C_NoStateChange
Abl_E_NoContagion,50294,0.518,0.4884617657037341,reject,reject,True,False,False,6.599999999999935,0.0,5.0,0.0,1.5999999999999348,0,1.0,0,1,1,0.14257683964755383,Abl_E_NoContagion
Abl_F_NoDispositionLoss,50294,0.518,0.4894730072395646,reject,reject,True,False,False,47.743333333333354,0.0,35.0,0.0,12.743333333333357,0,6.0,1,2,3,0.13200302833599464,Abl_F_NoDispositionLoss
Abl_G_NoRecedingHorizon,50294,0.518,0.4952643467294474,reject,reject,True,False,False,6.599999999999935,0.0,5.0,0.0,1.5999999999999348,0,1.0,0,1,1,0.14339752467663694,Abl_G_NoRecedingHorizon
Abl_H_NoAccessConstraints,50294,0.518,0.5117882963487064,reject,reject,True,False,False,33.00000000000009,0.0,25.0,0.0,8.00000000000009,0,5.0,0,5,5,0.08339502352833403,Abl_H_NoAccessConstraints
Abl_I_NoStoppingCert,50294,0.518,0.4949536096063677,reject,reject,True,False,False,6.599999999999935,0.0,5.0,0.0,1.5999999999999348,0,1.0,0,1,1,0.14336139699461034,Abl_I_NoStoppingCert
Full_B7,50295,0.518,0.4796126752096187,reject,reject,True,False,False,6.599999999999935,0.0,5.0,0.0,1.5999999999999348,0,1.0,0,1,1,0.14141458336598997,Full_B7
Abl_A_NoBiasModel,50295,0.518,0.4837130905679146,reject,reject,True,False,False,6.599999999999935,0.0,5.0,0.0,1.5999999999999348,0,1.0,0,1,1,0.14196658765864534,Abl_A_NoBiasModel
Abl_B_NoOptionValue,50295,0.518,0.4799741190345346,reject,reject,True,False,False,6.599999999999935,0.0,5.0,0.0,1.5999999999999348,0,1.0,0,1,1,0.14146418229730584,Abl_B_NoOptionValue
Abl_C_NoStateChange,50295,0.518,0.47857695373800613,reject,reject,True,False,False,13.200000000000008,0.0,10.0,0.0,3.200000000000008,0,2.0,0,2,2,0.14095623107579103,Abl_C_NoStateChange
Abl_E_NoContagion,50295,0.518,0.4824665105749946,reject,reject,True,False,False,6.599999999999935,0.0,5.0,0.0,1.5999999999999348,0,1.0,0,1,1,0.14180124183761286,Abl_E_NoContagion
Abl_F_NoDispositionLoss,50295,0.518,0.49229813881900714,reject,reject,True,False,False,47.743333333333496,0.0,35.0,0.0,12.743333333333496,0,6.0,1,2,3,0.13211175934387834,Abl_F_NoDispositionLoss
Abl_G_NoRecedingHorizon,50295,0.518,0.4796126752096187,reject,reject,True,False,False,6.599999999999935,0.0,5.0,0.0,1.5999999999999348,0,1.0,0,1,1,0.14141458336598997,Abl_G_NoRecedingHorizon
Abl_H_NoAccessConstraints,50295,0.518,0.5040533190544497,reject,reject,True,False,False,33.000000000000085,0.0,25.0,0.0,8.000000000000089,0,5.0,0,5,5,0.0834848724067617,Abl_H_NoAccessConstraints
Abl_I_NoStoppingCert,50295,0.518,0.4824962313874718,reject,reject,True,False,False,6.599999999999935,0.0,5.0,0.0,1.5999999999999348,0,1.0,0,1,1,0.1418052090420252,Abl_I_NoStoppingCert
Full_B7,50296,0.518,0.4796126752096187,reject,reject,True,False,False,6.600000000000073,0.0,5.0,0.0,1.6000000000000736,0,1.0,0,1,1,0.14141458336598997,Full_B7
Abl_A_NoBiasModel,50296,0.518,0.4974140440303064,reject,reject,True,False,False,6.600000000000073,0.0,5.0,0.0,1.6000000000000736,0,1.0,0,1,1,0.14364391669373142,Abl_A_NoBiasModel
Abl_B_NoOptionValue,50296,0.518,0.4796126752096187,reject,reject,True,False,False,6.600000000000073,0.0,5.0,0.0,1.6000000000000736,0,1.0,0,1,1,0.14141458336598997,Abl_B_NoOptionValue
Abl_C_NoStateChange,50296,0.518,0.4770657229571002,reject,reject,True,False,False,13.200000000000147,0.0,10.0,0.0,3.200000000000147,0,2.0,0,2,2,0.14082038213682235,Abl_C_NoStateChange
Abl_E_NoContagion,50296,0.518,0.4899524154960754,reject,reject,True,False,False,6.600000000000073,0.0,5.0,0.0,1.6000000000000736,0,1.0,0,1,1,0.14276203970274542,Abl_E_NoContagion
Abl_F_NoDispositionLoss,50296,0.518,0.48852833515613325,reject,reject,True,False,False,47.743333333333496,0.0,35.0,0.0,12.743333333333496,0,6.0,1,2,3,0.1319652573699924,Abl_F_NoDispositionLoss
Abl_G_NoRecedingHorizon,50296,0.518,0.48101234530935677,reject,reject,True,False,False,6.600000000000073,0.0,5.0,0.0,1.6000000000000736,0,1.0,0,1,1,0.14160563808489338,Abl_G_NoRecedingHorizon
Abl_H_NoAccessConstraints,50296,0.518,0.5446146034596875,reject,reject,True,False,False,32.99999999999995,0.0,25.0,0.0,7.999999999999952,0,5.0,0,5,5,0.08637128574168834,Abl_H_NoAccessConstraints
Abl_I_NoStoppingCert,50296,0.518,0.4807280173931928,reject,reject,True,False,False,6.600000000000073,0.0,5.0,0.0,1.6000000000000736,0,1.0,0,1,1,0.14156704855069263,Abl_I_NoStoppingCert
Full_B7,50297,0.518,0.4796126752096187,reject,reject,True,False,False,6.599999999999935,0.0,5.0,0.0,1.5999999999999348,0,1.0,0,1,1,0.14141458336598997,Full_B7
Abl_A_NoBiasModel,50297,0.524,0.4796126752096187,reject,reject,True,False,False,15.595490455797274,0.0,5.0,0.0,10.595490455797274,0,1.0,0,1,1,0.14141458336598997,Abl_A_NoBiasModel
Abl_B_NoOptionValue,50297,0.518,0.4796126752096187,reject,reject,True,False,False,6.599999999999935,0.0,5.0,0.0,1.5999999999999348,0,1.0,0,1,1,0.14141458336598997,Abl_B_NoOptionValue
Abl_C_NoStateChange,50297,0.518,0.479222423649866,reject,reject,True,False,False,13.19999999999987,0.0,10.0,0.0,3.1999999999998696,0,2.0,0,2,2,0.14101364917671996,Abl_C_NoStateChange
Abl_E_NoContagion,50297,0.518,0.47996073805232803,reject,reject,True,False,False,6.599999999999935,0.0,5.0,0.0,1.5999999999999348,0,1.0,0,1,1,0.14146234935329688,Abl_E_NoContagion
Abl_F_NoDispositionLoss,50297,0.518,0.4810942197870558,reject,reject,True,False,False,47.74333333333322,0.0,35.0,0.0,12.743333333333219,0,6.0,1,2,3,0.13164321190562212,Abl_F_NoDispositionLoss
Abl_G_NoRecedingHorizon,50297,0.518,0.4796126752096187,reject,reject,True,False,False,6.599999999999935,0.0,5.0,0.0,1.5999999999999348,0,1.0,0,1,1,0.14141458336598997,Abl_G_NoRecedingHorizon
Abl_H_NoAccessConstraints,50297,0.518,0.5123768388345982,reject,reject,True,False,False,32.99999999999995,0.0,25.0,0.0,7.999999999999951,0,5.0,0,5,5,0.08450228600174536,Abl_H_NoAccessConstraints
Abl_I_NoStoppingCert,50297,0.518,0.4796126752096187,reject,reject,True,False,False,6.599999999999935,0.0,5.0,0.0,1.5999999999999348,0,1.0,0,1,1,0.14141458336598997,Abl_I_NoStoppingCert
Full_B7,50298,0.518,0.4816535044762789,reject,reject,True,False,False,6.600000000000213,0.0,5.0,0.0,1.6000000000002124,0,1.0,0,1,1,0.14169224440320405,Full_B7
Abl_A_NoBiasModel,50298,0.518,0.48036481869323594,reject,reject,True,False,False,6.600000000000213,0.0,5.0,0.0,1.6000000000002124,0,1.0,0,1,1,0.1415175906145958,Abl_A_NoBiasModel
Abl_B_NoOptionValue,50298,0.518,0.4800534688290548,reject,reject,True,False,False,6.600000000000213,0.0,5.0,0.0,1.6000000000002124,0,1.0,0,1,1,0.1414750465946921,Abl_B_NoOptionValue
Abl_C_NoStateChange,50298,0.518,0.4768663646128307,reject,reject,True,False,False,13.200000000000147,0.0,10.0,0.0,3.200000000000147,0,2.0,0,2,2,0.1408023127869857,Abl_C_NoStateChange
Abl_E_NoContagion,50298,0.518,0.47983616762094233,reject,reject,True,False,False,6.600000000000213,0.0,5.0,0.0,1.6000000000002124,0,1.0,0,1,1,0.14144527353306838,Abl_E_NoContagion
Abl_F_NoDispositionLoss,50298,0.518,0.4749516214293861,reject,reject,True,False,False,47.743333333333496,0.0,35.0,0.0,12.743333333333496,0,6.0,1,2,3,0.1313437400207039,Abl_F_NoDispositionLoss
Abl_G_NoRecedingHorizon,50298,0.518,0.48117062316324394,reject,reject,True,False,False,6.600000000000213,0.0,5.0,0.0,1.6000000000002124,0,1.0,0,1,1,0.1416270710749378,Abl_G_NoRecedingHorizon
Abl_H_NoAccessConstraints,50298,0.518,0.5055830436812906,reject,reject,True,False,False,33.00000000000023,0.0,25.0,0.0,8.00000000000023,0,5.0,0,5,5,0.08076258861324606,Abl_H_NoAccessConstraints
Abl_I_NoStoppingCert,50298,0.518,0.4796126752096187,reject,reject,True,False,False,6.600000000000213,0.0,5.0,0.0,1.6000000000002124,0,1.0,0,1,1,0.14141458336598997,Abl_I_NoStoppingCert
Full_B7,50299,0.518,0.4812971037631947,reject,reject,True,False,False,6.599999999999935,0.0,5.0,0.0,1.5999999999999348,0,1.0,0,1,1,0.14164417321292566,Full_B7
Abl_A_NoBiasModel,50299,0.518,0.4796126752096187,reject,reject,True,False,False,6.599999999999935,0.0,5.0,0.0,1.5999999999999348,0,1.0,0,1,1,0.14141458336598997,Abl_A_NoBiasModel
Abl_B_NoOptionValue,50299,0.518,0.491046712492786,reject,reject,True,False,False,6.599999999999935,0.0,5.0,0.0,1.5999999999999348,0,1.0,0,1,1,0.14289607356695813,Abl_B_NoOptionValue
Abl_C_NoStateChange,50299,0.518,0.48271682825897616,reject,reject,True,False,False,13.19999999999987,0.0,10.0,0.0,3.1999999999998696,0,2.0,0,2,2,0.14131823013117584,Abl_C_NoStateChange
Abl_E_NoContagion,50299,0.518,0.48268428379445877,reject,reject,True,False,False,6.599999999999935,0.0,5.0,0.0,1.5999999999999348,0,1.0,0,1,1,0.14183028233087777,Abl_E_NoContagion
Abl_F_NoDispositionLoss,50299,0.518,0.4865042287428585,reject,reject,True,False,False,47.743333333333084,0.0,35.0,0.0,12.74333333333308,0,6.0,1,2,3,0.13188193825547018,Abl_F_NoDispositionLoss
Abl_G_NoRecedingHorizon,50299,0.518,0.5034910781895895,reject,reject,True,False,False,6.599999999999935,0.0,5.0,0.0,1.5999999999999348,0,1.0,0,1,1,0.144307198262632,Abl_G_NoRecedingHorizon
Abl_H_NoAccessConstraints,50299,0.518,0.5032897057669308,reject,reject,True,False,False,32.999999999999815,0.0,25.0,0.0,7.999999999999813,0,5.0,0,5,5,0.08445123869623354,Abl_H_NoAccessConstraints
Abl_I_NoStoppingCert,50299,0.518,0.4796126752096187,reject,reject,True,False,False,6.599999999999935,0.0,5.0,0.0,1.5999999999999348,0,1.0,0,1,1,0.14141458336598997,Abl_I_NoStoppingCert
