planner_name,trial_seed,lot_true_defect_rate,lot_estimated_defect_rate,decision,optimal_decision,is_correct_disposition,is_false_accept,is_false_reject,total_loss,disposition_loss,inspection_monetary_cost,destroyed_unit_loss,deterioration_loss,units_destroyed,inspection_time_minutes,access_operations_count,sensor_scans_count,steps_count,residual_uncertainty,experiment
B4_Myopic_VOI,42000,0.518,0.4796859589393687,reject,reject,True,False,False,19.799999999999944,0.0,15.0,0.0,4.799999999999943,0,3.0,0,3,3,0.14088366185508774,myopic_trap
B7_Proposed,42000,0.518,0.48135580573970077,reject,reject,True,False,False,6.600000000000073,0.0,5.0,0.0,1.6000000000000736,0,1.0,0,1,1,0.14165210306654769,myopic_trap
B4_Myopic_VOI,42001,0.518,0.48285137163879266,reject,reject,True,False,False,26.400000000000016,0.0,20.0,0.0,6.400000000000016,0,4.0,0,4,4,0.14094858330354768,myopic_trap
B7_Proposed,42001,0.518,0.4796126752096187,reject,reject,True,False,False,6.599999999999935,0.0,5.0,0.0,1.5999999999999348,0,1.0,0,1,1,0.14141458336598997,myopic_trap
B4_Myopic_VOI,42002,0.518,0.4789032169837354,reject,reject,True,False,False,19.799999999999944,0.0,15.0,0.0,4.799999999999943,0,3.0,0,3,3,0.14083216938520235,myopic_trap
B7_Proposed,42002,0.518,0.4883088707023938,reject,reject,True,False,False,6.600000000000073,0.0,5.0,0.0,1.6000000000000736,0,1.0,0,1,1,0.142557672570226,myopic_trap
B4_Myopic_VOI,42003,0.518,0.4849306300941504,reject,reject,True,False,False,26.400000000000016,0.0,20.0,0.0,6.400000000000016,0,4.0,0,4,4,0.1410532211773736,myopic_trap
B7_Proposed,42003,0.518,0.4839350137956382,reject,reject,True,False,False,6.600000000000073,0.0,5.0,0.0,1.6000000000000736,0,1.0,0,1,1,0.14199579804304754,myopic_trap
B4_Myopic_VOI,42004,0.518,0.48279270594992685,reject,reject,True,False,False,19.799999999999944,0.0,15.0,0.0,4.799999999999943,0,3.0,0,3,3,0.14108422047333546,myopic_trap
B7_Proposed,42004,0.518,0.48893689402584195,reject,reject,True,False,False,6.600000000000073,0.0,5.0,0.0,1.6000000000000736,0,1.0,0,1,1,0.14263619873066033,myopic_trap
B4_Myopic_VOI,42005,0.518,0.4780365525355106,reject,reject,True,False,False,13.200000000000287,0.0,10.0,0.0,3.200000000000286,0,2.0,0,2,2,0.1409078810425799,myopic_trap
B7_Proposed,42005,0.518,0.4796126752096187,reject,reject,True,False,False,6.600000000000351,0.0,5.0,0.0,1.6000000000003511,0,1.0,0,1,1,0.14141458336598997,myopic_trap
B4_Myopic_VOI,42006,0.518,0.4898392989726192,reject,reject,True,False,False,26.399999999999878,0.0,20.0,0.0,6.399999999999878,0,4.0,0,4,4,0.1412917176828342,myopic_trap
B7_Proposed,42006,0.518,0.48701030906402376,reject,reject,True,False,False,6.600000000000073,0.0,5.0,0.0,1.6000000000000736,0,1.0,0,1,1,0.14239359591885462,myopic_trap
B4_Myopic_VOI,42007,0.518,0.4841732052032678,reject,reject,True,False,False,26.39999999999974,0.0,20.0,0.0,6.399999999999739,0,4.0,0,4,4,0.1410153535435177,myopic_trap
B7_Proposed,42007,0.518,0.4860449429708938,reject,reject,True,False,False,6.599999999999935,0.0,5.0,0.0,1.5999999999999348,0,1.0,0,1,1,0.1422701231441882,myopic_trap
B4_Myopic_VOI,42008,0.518,0.49467606212025067,reject,reject,True,False,False,32.99999999999995,0.0,25.0,0.0,7.999999999999952,0,5.0,0,5,5,0.14133250106207604,myopic_trap
B7_Proposed,42008,0.518,0.48303113998378977,reject,reject,True,False,False,6.599999999999935,0.0,5.0,0.0,1.5999999999999348,0,1.0,0,1,1,0.14187640058881706,myopic_trap
B4_Myopic_VOI,42009,0.518,0.4771933563640623,reject,reject,True,False,False,13.200000000000008,0.0,10.0,0.0,3.200000000000008,0,2.0,0,2,2,0.14083193233127997,myopic_trap
B7_Proposed,42009,0.518,0.4843837800448888,reject,reject,True,False,False,6.599999999999935,0.0,5.0,0.0,1.5999999999999348,0,1.0,0,1,1,0.142054658561032,myopic_trap
B4_Myopic_VOI,42010,0.518,0.4768663646128307,reject,reject,True,False,False,13.200000000000008,0.0,10.0,0.0,3.200000000000008,0,2.0,0,2,2,0.1408023127869857,myopic_trap
B7_Proposed,42010,0.518,0.4796126752096187,reject,reject,True,False,False,6.599999999999935,0.0,5.0,0.0,1.5999999999999348,0,1.0,0,1,1,0.14141458336598997,myopic_trap
B4_Myopic_VOI,42011,0.518,0.4783063762785796,reject,reject,True,False,False,13.19999999999987,0.0,10.0,0.0,3.1999999999998696,0,2.0,0,2,2,0.14093205407332804,myopic_trap
B7_Proposed,42011,0.518,0.4820311416339799,reject,reject,True,False,False,6.599999999999935,0.0,5.0,0.0,1.5999999999999348,0,1.0,0,1,1,0.14174298729551907,myopic_trap
B4_Myopic_VOI,42012,0.518,0.4768663646128307,reject,reject,True,False,False,13.19999999999987,0.0,10.0,0.0,3.1999999999998696,0,2.0,0,2,2,0.1408023127869857,myopic_trap
B7_Proposed,42012,0.518,0.47972962094576566,reject,reject,True,False,False,6.599999999999935,0.0,5.0,0.0,1.5999999999999348,0,1.0,0,1,1,0.14143065116201706,myopic_trap
B4_Myopic_VOI,42013,0.518,0.4768663646128307,reject,reject,True,False,False,13.19999999999987,0.0,10.0,0.0,3.1999999999998696,0,2.0,0,2,2,0.1408023127869857,myopic_trap
B7_Proposed,42013,0.518,0.4796126752096187,reject,reject,True,False,False,6.599999999999935,0.0,5.0,0.0,1.5999999999999348,0,1.0,0,1,1,0.14141458336598997,myopic_trap
B4_Myopic_VOI,42014,0.518,0.48024550857289966,reject,reject,True,False,False,19.799999999999944,0.0,15.0,0.0,4.799999999999943,0,3.0,0,3,3,0.14092023409100488,myopic_trap
B7_Proposed,42014,0.518,0.4796126752096187,reject,reject,True,False,False,6.599999999999935,0.0,5.0,0.0,1.5999999999999348,0,1.0,0,1,1,0.14141458336598997,myopic_trap
B4_Myopic_VOI,42015,0.518,0.47905610299911405,reject,reject,True,False,False,13.19999999999987,0.0,10.0,0.0,3.1999999999998696,0,2.0,0,2,2,0.14099888863417662,myopic_trap
B7_Proposed,42015,0.518,0.483217563657905,reject,reject,True,False,False,6.599999999999935,0.0,5.0,0.0,1.5999999999999348,0,1.0,0,1,1,0.14190111877996806,myopic_trap
B4_Myopic_VOI,42016,0.518,0.47758940119951365,reject,reject,True,False,False,13.200000000000008,0.0,10.0,0.0,3.200000000000008,0,2.0,0,2,2,0.1408676821174452,myopic_trap
B7_Proposed,42016,0.518,0.5048333474861476,reject,reject,True,False,False,6.599999999999796,0.0,5.0,0.0,1.599999999999796,0,1.0,0,1,1,0.14444712568688137,myopic_trap
B4_Myopic_VOI,42017,0.518,0.4791693164447975,reject,reject,True,False,False,19.799999999999944,0.0,15.0,0.0,4.799999999999943,0,3.0,0,3,3,0.1408497181769452,myopic_trap
B7_Proposed,42017,0.518,0.4822588828875687,reject,reject,True,False,False,6.600000000000073,0.0,5.0,0.0,1.6000000000000736,0,1.0,0,1,1,0.14177349302386308,myopic_trap
B4_Myopic_VOI,42018,0.518,0.48957444471494904,reject,reject,True,False,False,26.400000000000155,0.0,20.0,0.0,6.400000000000155,0,4.0,0,4,4,0.14127915442067435,myopic_trap
B7_Proposed,42018,0.518,0.4840532758606656,reject,reject,True,False,False,6.600000000000213,0.0,5.0,0.0,1.6000000000002124,0,1.0,0,1,1,0.1420113363626592,myopic_trap
B4_Myopic_VOI,42019,0.518,0.4768663646128307,reject,reject,True,False,False,13.19999999999987,0.0,10.0,0.0,3.1999999999998696,0,2.0,0,2,2,0.1408023127869857,myopic_trap
B7_Proposed,42019,0.518,0.4857405192840192,reject,reject,True,False,False,6.599999999999935,0.0,5.0,0.0,1.5999999999999348,0,1.0,0,1,1,0.1422309213293967,myopic_trap
B4_Myopic_VOI,42020,0.518,0.47964362259694704,reject,reject,True,False,False,19.799999999999944,0.0,15.0,0.0,4.799999999999943,0,3.0,0,3,3,0.14088088668854137,myopic_trap
B7_Proposed,42020,0.518,0.49810357041041176,reject,reject,True,False,False,6.599999999999935,0.0,5.0,0.0,1.5999999999999348,0,1.0,0,1,1,0.14372164069244409,myopic_trap
B4_Myopic_VOI,42021,0.524,0.4832346820326091,reject,reject,True,False,False,28.264303945383915,0.0,15.0,0.0,13.264303945383917,0,3.0,0,3,3,0.14111225802597946,myopic_trap
B7_Proposed,42021,0.518,0.4796126752096187,reject,reject,True,False,False,6.599999999999935,0.0,5.0,0.0,1.5999999999999348,0,1.0,0,1,1,0.14141458336598997,myopic_trap
B4_Myopic_VOI,42022,0.518,0.4768663646128307,reject,reject,True,False,False,13.19999999999987,0.0,10.0,0.0,3.1999999999998696,0,2.0,0,2,2,0.1408023127869857,myopic_trap
B7_Proposed,42022,0.518,0.49011251441396586,reject,reject,True,False,False,6.599999999999935,0.0,5.0,0.0,1.5999999999999348,0,1.0,0,1,1,0.1427817507813018,myopic_trap
B4_Myopic_VOI,42023,0.518,0.4820119771146418,reject,reject,True,False,False,26.39999999999974,0.0,20.0,0.0,6.399999999999739,0,4.0,0,4,4,0.14090573015338115,myopic_trap
B7_Proposed,42023,0.518,0.4796126752096187,reject,reject,True,False,False,6.599999999999935,0.0,5.0,0.0,1.5999999999999348,0,1.0,0,1,1,0.14141458336598997,myopic_trap
B4_Myopic_VOI,42024,0.518,0.4768663646128307,reject,reject,True,False,False,13.200000000000008,0.0,10.0,0.0,3.200000000000008,0,2.0,0,2,2,0.1408023127869857,myopic_trap
B7_Proposed,42024,0.518,0.4796126752096187,reject,reject,True,False,False,6.599999999999935,0.0,5.0,0.0,1.5999999999999348,0,1.0,0,1,1,0.14141458336598997,myopic_trap
B4_Myopic_VOI,42025,0.518,0.4768663646128307,reject,reject,True,False,False,13.200000000000008,0.0,10.0,0.0,3.200000000000008,0,2.0,0,2,2,0.1408023127869857,myopic_trap
B7_Proposed,42025,0.518,0.4796126752096187,reject,reject,True,False,False,6.600000000000351,0.0,5.0,0.0,1.6000000000003511,0,1.0,0,1,1,0.14141458336598997,myopic_trap
B4_Myopic_VOI,42026,0.518,0.4768663646128307,reject,reject,True,False,False,13.19999999999987,0.0,10.0,0.0,3.1999999999998696,0,2.0,0,2,2,0.1408023127869857,myopic_trap
B7_Proposed,42026,0.518,0.4796126752096187,reject,reject,True,False,False,6.599999999999935,0.0,5.0,0.0,1.5999999999999348,0,1.0,0,1,1,0.14141458336598997,myopic_trap
B4_Myopic_VOI,42027,0.518,0.4768663646128307,reject,reject,True,False,False,13.19999999999987,0.0,10.0,0.0,3.1999999999998696,0,2.0,0,2,2,0.1408023127869857,myopic_trap
B7_Proposed,42027,0.518,0.4796126752096187,reject,reject,True,False,False,6.599999999999935,0.0,5.0,0.0,1.5999999999999348,0,1.0,0,1,1,0.14141458336598997,myopic_trap
B4_Myopic_VOI,42028,0.518,0.48474962972488217,reject,reject,True,False,False,26.400000000000016,0.0,20.0,0.0,6.400000000000016,0,4.0,0,4,4,0.14104419800221607,myopic_trap
B7_Proposed,42028,0.518,0.5032810320563954,reject,reject,True,False,False,6.599999999999935,0.0,5.0,0.0,1.5999999999999348,0,1.0,0,1,1,0.1442850872531183,myopic_trap
B4_Myopic_VOI,42029,0.518,0.47695828842917526,reject,reject,True,False,False,13.200000000000008,0.0,10.0,0.0,3.200000000000008,0,2.0,0,2,2,0.1408106488389646,myopic_trap
B7_Proposed,42029,0.518,0.4796126752096187,reject,reject,True,False,False,6.599999999999935,0.0,5.0,0.0,1.5999999999999348,0,1.0,0,1,1,0.14141458336598997,myopic_trap
B4_Myopic_VOI,42030,0.518,0.48045200629861984,reject,reject,True,False,False,19.800000000000082,0.0,15.0,0.0,4.8000000000000815,0,3.0,0,3,3,0.14093368080596794,myopic_trap
B7_Proposed,42030,0.518,0.4796126752096187,reject,reject,True,False,False,6.599999999999935,0.0,5.0,0.0,1.5999999999999348,0,1.0,0,1,1,0.14141458336598997,myopic_trap
B4_Myopic_VOI,42031,0.518,0.48525766937972364,reject,reject,True,False,False,26.399999999999878,0.0,20.0,0.0,6.399999999999878,0,4.0,0,4,4,0.14106948328234326,myopic_trap
B7_Proposed,42031,0.518,0.4796126752096187,reject,reject,True,False,False,6.599999999999935,0.0,5.0,0.0,1.5999999999999348,0,1.0,0,1,1,0.14141458336598997,myopic_trap
B4_Myopic_VOI,42032,0.518,0.48404364357707186,reject,reject,True,False,False,19.800000000000082,0.0,15.0,0.0,4.800000000000082,0,3.0,0,3,3,0.1411632574933291,myopic_trap
B7_Proposed,42032,0.518,0.4920267890329348,reject,reject,True,False,False,6.599999999999935,0.0,5.0,0.0,1.5999999999999348,0,1.0,0,1,1,0.14301473947931842,myopic_trap
B4_Myopic_VOI,42033,0.518,0.4787660443404268,reject,reject,True,False,False,13.19999999999987,0.0,10.0,0.0,3.1999999999998696,0,2.0,0,2,2,0.14097308919412027,myopic_trap
B7_Proposed,42033,0.518,0.5025092865455332,reject,reject,True,False,False,6.599999999999935,0.0,5.0,0.0,1.5999999999999348,0,1.0,0,1,1,0.14420334866366522,myopic_trap
B4_Myopic_VOI,42034,0.518,0.48847021165318844,reject,reject,True,False,False,26.399999999999878,0.0,20.0,0.0,6.399999999999878,0,4.0,0,4,4,0.14122640090362326,myopic_trap
B7_Proposed,42034,0.518,0.4819184190529596,reject,reject,True,False,False,6.599999999999935,0.0,5.0,0.0,1.5999999999999348,0,1.0,0,1,1,0.14172786156830408,myopic_trap
B4_Myopic_VOI,42035,0.518,0.4870675543476093,reject,reject,True,False,False,26.400000000000016,0.0,20.0,0.0,6.400000000000017,0,4.0,0,4,4,0.14115851830174025,myopic_trap
B7_Proposed,42035,0.518,0.4886031456444023,reject,reject,True,False,False,6.599999999999935,0.0,5.0,0.0,1.5999999999999348,0,1.0,0,1,1,0.14259453480257542,myopic_trap
B4_Myopic_VOI,42036,0.518,0.481785009918729,reject,reject,True,False,False,19.799999999999944,0.0,15.0,0.0,4.799999999999943,0,3.0,0,3,3,0.14101983524991185,myopic_trap
B7_Proposed,42036,0.518,0.4796126752096187,reject,reject,True,False,False,6.599999999999935,0.0,5.0,0.0,1.5999999999999348,0,1.0,0,1,1,0.14141458336598997,myopic_trap
B4_Myopic_VOI,42037,0.524,0.4850758615379479,reject,reject,True,False,False,33.68719828326995,0.0,20.0,0.0,13.687198283269947,0,4.0,0,4,4,0.1410604494166468,myopic_trap
B7_Proposed,42037,0.518,0.4796126752096187,reject,reject,True,False,False,6.600000000000073,0.0,5.0,0.0,1.6000000000000736,0,1.0,0,1,1,0.14141458336598997,myopic_trap
B4_Myopic_VOI,42038,0.518,0.48627965102268506,reject,reject,True,False,False,26.400000000000155,0.0,20.0,0.0,6.400000000000156,0,4.0,0,4,4,0.14111995856456555,myopic_trap
B7_Proposed,42038,0.518,0.4917322748292269,reject,reject,True,False,False,6.599999999999935,0.0,5.0,0.0,1.5999999999999348,0,1.0,0,1,1,0.14297921685086498,myopic_trap
B4_Myopic_VOI,42039,0.518,0.4806555546717385,reject,reject,True,False,False,19.799999999999944,0.0,15.0,0.0,4.799999999999943,0,3.0,0,3,3,0.1409469090938395,myopic_trap
B7_Proposed,42039,0.518,0.4857500376863249,reject,reject,True,False,False,6.599999999999935,0.0,5.0,0.0,1.5999999999999348,0,1.0,0,1,1,0.14223214897921677,myopic_trap
B4_Myopic_VOI,42040,0.518,0.48205994751450154,reject,reject,True,False,False,19.799999999999944,0.0,15.0,0.0,4.799999999999943,0,3.0,0,3,3,0.14103746547454746,myopic_trap
B7_Proposed,42040,0.518,0.4796126752096187,reject,reject,True,False,False,6.600000000000073,0.0,5.0,0.0,1.6000000000000736,0,1.0,0,1,1,0.14141458336598997,myopic_trap
B4_Myopic_VOI,42041,0.518,0.4820161738274841,reject,reject,True,False,False,19.799999999999944,0.0,15.0,0.0,4.799999999999943,0,3.0,0,3,3,0.14103466170109458,myopic_trap
B7_Proposed,42041,0.518,0.48202197367258987,reject,reject,True,False,False,6.600000000000073,0.0,5.0,0.0,1.6000000000000736,0,1.0,0,1,1,0.14174175774797038,myopic_trap
B4_Myopic_VOI,42042,0.518,0.4828755576176397,reject,reject,True,False,False,19.799999999999944,0.0,15.0,0.0,4.799999999999943,0,3.0,0,3,3,0.14108948568756352,myopic_trap
B7_Proposed,42042,0.518,0.4796126752096187,reject,reject,True,False,False,6.599999999999935,0.0,5.0,0.0,1.5999999999999348,0,1.0,0,1,1,0.14141458336598997,myopic_trap
B4_Myopic_VOI,42043,0.518,0.47882708812176294,reject,reject,True,False,False,19.799999999999805,0.0,15.0,0.0,4.799999999999804,0,3.0,0,3,3,0.14082714057169454,myopic_trap
B7_Proposed,42043,0.518,0.4796126752096187,reject,reject,True,False,False,6.599999999999935,0.0,5.0,0.0,1.5999999999999348,0,1.0,0,1,1,0.14141458336598997,myopic_trap
B4_Myopic_VOI,42044,0.518,0.4768663646128307,reject,reject,True,False,False,13.19999999999987,0.0,10.0,0.0,3.1999999999998696,0,2.0,0,2,2,0.1408023127869857,myopic_trap
B7_Proposed,42044,0.518,0.4842247319646969,reject,reject,True,False,False,6.599999999999935,0.0,5.0,0.0,1.5999999999999348,0,1.0,0,1,1,0.14203382949566995,myopic_trap
B4_Myopic_VOI,42045,0.518,0.4828919225639936,reject,reject,True,False,False,26.400000000000155,0.0,20.0,0.0,6.400000000000156,0,4.0,0,4,4,0.14095064462287077,myopic_trap
B7_Proposed,42045,0.518,0.4813681962774754,reject,reject,True,False,False,6.599999999999935,0.0,5.0,0.0,1.5999999999999348,0,1.0,0,1,1,0.1416537762500527,myopic_trap
B4_Myopic_VOI,42046,0.518,0.48571725239751756,reject,reject,True,False,False,26.39999999999974,0.0,20.0,0.0,6.399999999999739,0,4.0,0,4,4,0.14109224619721739,myopic_trap
B7_Proposed,42046,0.518,0.4935909894694957,reject,reject,True,False,False,6.599999999999935,0.0,5.0,0.0,1.5999999999999348,0,1.0,0,1,1,0.14320144130994678,myopic_trap
B4_Myopic_VOI,42047,0.518,0.47822398828626805,reject,reject,True,False,False,19.800000000000082,0.0,15.0,0.0,4.800000000000082,0,3.0,0,3,3,0.14078717209337968,myopic_trap
B7_Proposed,42047,0.518,0.4845887491886202,reject,reject,True,False,False,6.600000000000073,0.0,5.0,0.0,1.6000000000000736,0,1.0,0,1,1,0.14208145002555986,myopic_trap
B4_Myopic_VOI,42048,0.518,0.4769590934636582,reject,reject,True,False,False,13.19999999999987,0.0,10.0,0.0,3.1999999999998696,0,2.0,0,2,2,0.140810721810466,myopic_trap
B7_Proposed,42048,0.518,0.4796126752096187,reject,reject,True,False,False,6.599999999999935,0.0,5.0,0.0,1.5999999999999348,0,1.0,0,1,1,0.14141458336598997,myopic_trap
B4_Myopic_VOI,42049,0.518,0.48302945045482637,reject,reject,True,False,False,26.399999999999878,0.0,20.0,0.0,6.399999999999878,0,4.0,0,4,4,0.14095762944862686,myopic_trap
B7_Proposed,42049,0.518,0.4810174302957311,reject,reject,True,False,False,6.599999999999935,0.0,5.0,0.0,1.5999999999999348,0,1.0,0,1,1,0.14160632720405425,myopic_trap
B4_Myopic_VOI,42050,0.518,0.49018666388256793,reject,reject,True,False,False,26.400000000000016,0.0,20.0,0.0,6.400000000000017,0,4.0,0,4,4,0.1413081421370964,myopic_trap
B7_Proposed,42050,0.518,0.4796126752096187,reject,reject,True,False,False,6.599999999999935,0.0,5.0,0.0,1.5999999999999348,0,1.0,0,1,1,0.14141458336598997,myopic_trap
B4_Myopic_VOI,42051,0.518,0.47793136297804956,reject,reject,True,False,False,13.19999999999987,0.0,10.0,0.0,3.1999999999998696,0,2.0,0,2,2,0.14089844014436131,myopic_trap
B7_Proposed,42051,0.518,0.4839987826044957,reject,reject,True,False,False,6.599999999999935,0.0,5.0,0.0,1.5999999999999348,0,1.0,0,1,1,0.14200417895445094,myopic_trap
B4_Myopic_VOI,42052,0.518,0.4778848826797195,reject,reject,True,False,False,13.200000000000008,0.0,10.0,0.0,3.200000000000008,0,2.0,0,2,2,0.14089426541163663,myopic_trap
B7_Proposed,42052,0.518,0.4796126752096187,reject,reject,True,False,False,6.599999999999796,0.0,5.0,0.0,1.599999999999796,0,1.0,0,1,1,0.14141458336598997,myopic_trap
B4_Myopic_VOI,42053,0.518,0.4782895603357352,reject,reject,True,False,False,13.200000000000008,0.0,10.0,0.0,3.200000000000008,0,2.0,0,2,2,0.14093054941234026,myopic_trap
B7_Proposed,42053,0.518,0.4796126752096187,reject,reject,True,False,False,6.599999999999935,0.0,5.0,0.0,1.5999999999999348,0,1.0,0,1,1,0.14141458336598997,myopic_trap
B4_Myopic_VOI,42054,0.518,0.4780261894332334,reject,reject,True,False,False,19.799999999999944,0.0,15.0,0.0,4.799999999999943,0,3.0,0,3,3,0.14077401341842447,myopic_trap
B7_Proposed,42054,0.518,0.48241037102516965,reject,reject,True,False,False,6.599999999999935,0.0,5.0,0.0,1.5999999999999348,0,1.0,0,1,1,0.14179374485502289,myopic_trap
B4_Myopic_VOI,42055,0.518,0.4861021729236539,reject,reject,True,False,False,26.400000000000155,0.0,20.0,0.0,6.400000000000156,0,4.0,0,4,4,0.1411112302620324,myopic_trap
B7_Proposed,42055,0.518,0.48405565640133635,reject,reject,True,False,False,6.600000000000213,0.0,5.0,0.0,1.6000000000002124,0,1.0,0,1,1,0.14201164894092783,myopic_trap
B4_Myopic_VOI,42056,0.518,0.4781768750762234,reject,reject,True,False,False,19.799999999999944,0.0,15.0,0.0,4.799999999999943,0,3.0,0,3,3,0.14078404011211668,myopic_trap
B7_Proposed,42056,0.518,0.48453475741223995,reject,reject,True,False,False,6.600000000000073,0.0,5.0,0.0,1.6000000000000736,0,1.0,0,1,1,0.1420743983947856,myopic_trap
B4_Myopic_VOI,42057,0.518,0.48201023188227177,reject,reject,True,False,False,26.399999999999878,0.0,20.0,0.0,6.399999999999878,0,4.0,0,4,4,0.14090564068852054,myopic_trap
B7_Proposed,42057,0.518,0.4830424058471456,reject,reject,True,False,False,6.599999999999935,0.0,5.0,0.0,1.5999999999999348,0,1.0,0,1,1,0.14187789571227039,myopic_trap
B4_Myopic_VOI,42058,0.518,0.48311920026668786,reject,reject,True,False,False,19.800000000000082,0.0,15.0,0.0,4.8000000000000815,0,3.0,0,3,3,0.14110494410188984,myopic_trap
B7_Proposed,42058,0.518,0.4897591830955588,reject,reject,True,False,False,6.600000000000073,0.0,5.0,0.0,1.6000000000000736,0,1.0,0,1,1,0.1427382028955017,myopic_trap
B4_Myopic_VOI,42059,0.518,0.48379166452627304,reject,reject,True,False,False,19.799999999999944,0.0,15.0,0.0,4.799999999999943,0,3.0,0,3,3,0.14114741609430875,myopic_trap
B7_Proposed,42059,0.518,0.4796126752096187,reject,reject,True,False,False,6.599999999999935,0.0,5.0,0.0,1.5999999999999348,0,1.0,0,1,1,0.14141458336598997,myopic_trap
B4_Myopic_VOI,42060,0.518,0.4768663646128307,reject,reject,True,False,False,13.200000000000147,0.0,10.0,0.0,3.200000000000147,0,2.0,0,2,2,0.1408023127869857,myopic_trap
B7_Proposed,42060,0.518,0.49322707543363753,reject,reject,True,False,False,6.600000000000213,0.0,5.0,0.0,1.6000000000002124,0,1.0,0,1,1,0.14315829936210944,myopic_trap
B4_Myopic_VOI,42061,0.518,0.4768663646128307,reject,reject,True,False,False,13.200000000000008,0.0,10.0,0.0,3.200000000000008,0,2.0,0,2,2,0.1408023127869857,myopic_trap
B7_Proposed,42061,0.518,0.4796126752096187,reject,reject,True,False,False,6.600000000000073,0.0,5.0,0.0,1.6000000000000736,0,1.0,0,1,1,0.14141458336598997,myopic_trap
B4_Myopic_VOI,42062,0.518,0.48389555605332435,reject,reject,True,False,False,26.399999999999878,0.0,20.0,0.0,6.399999999999878,0,4.0,0,4,4,0.14100140082419074,myopic_trap
B7_Proposed,42062,0.524,0.4848124371009999,reject,reject,True,False,False,15.415860704411779,0.0,5.0,0.0,10.415860704411779,0,1.0,0,1,1,0.1421106221186392,myopic_trap
B4_Myopic_VOI,42063,0.518,0.47871788201854715,reject,reject,True,False,False,19.799999999999944,0.0,15.0,0.0,4.799999999999943,0,3.0,0,3,3,0.140819920378695,myopic_trap
B7_Proposed,42063,0.518,0.4796126752096187,reject,reject,True,False,False,6.599999999999935,0.0,5.0,0.0,1.5999999999999348,0,1.0,0,1,1,0.14141458336598997,myopic_trap
B4_Myopic_VOI,42064,0.518,0.4788033007641759,reject,reject,True,False,False,13.200000000000008,0.0,10.0,0.0,3.200000000000008,0,2.0,0,2,2,0.14097640707809683,myopic_trap
B7_Proposed,42064,0.518,0.4796126752096187,reject,reject,True,False,False,6.599999999999935,0.0,5.0,0.0,1.5999999999999348,0,1.0,0,1,1,0.14141458336598997,myopic_trap
B4_Myopic_VOI,42065,0.518,0.47821460023375983,reject,reject,True,False,False,19.799999999999944,0.0,15.0,0.0,4.799999999999943,0,3.0,0,3,3,0.14078654810881414,myopic_trap
B7_Proposed,42065,0.518,0.4867050736915495,reject,reject,True,False,False,6.599999999999935,0.0,5.0,0.0,1.5999999999999348,0,1.0,0,1,1,0.14235469368502365,myopic_trap
B4_Myopic_VOI,42066,0.518,0.48279274232073277,reject,reject,True,False,False,19.800000000000082,0.0,15.0,0.0,4.800000000000082,0,3.0,0,3,3,0.14108422278564473,myopic_trap
B7_Proposed,42066,0.518,0.48193581516697315,reject,reject,True,False,False,6.600000000000073,0.0,5.0,0.0,1.6000000000000736,0,1.0,0,1,1,0.14173019702480336,myopic_trap
B4_Myopic_VOI,42067,0.518,0.4794564977529743,reject,reject,True,False,False,19.800000000000082,0.0,15.0,0.0,4.800000000000082,0,3.0,0,3,3,0.1408686069869781,myopic_trap
B7_Proposed,42067,0.518,0.4879958743972404,reject,reject,True,False,False,6.599999999999935,0.0,5.0,0.0,1.5999999999999348,0,1.0,0,1,1,0.1425183354942027,myopic_trap
B4_Myopic_VOI,42068,0.518,0.48143000534626135,reject,reject,True,False,False,19.799999999999944,0.0,15.0,0.0,4.799999999999943,0,3.0,0,3,3,0.14099700024216286,myopic_trap
B7_Proposed,42068,0.518,0.49039638316756645,reject,reject,True,False,False,6.599999999999935,0.0,5.0,0.0,1.5999999999999348,0,1.0,0,1,1,0.14281661457404826,myopic_trap
B4_Myopic_VOI,42069,0.518,0.47849111965171404,reject,reject,True,False,False,13.200000000000147,0.0,10.0,0.0,3.200000000000147,0,2.0,0,2,2,0.1409485684027572,myopic_trap
B7_Proposed,42069,0.518,0.4796126752096187,reject,reject,True,False,False,6.600000000000073,0.0,5.0,0.0,1.6000000000000736,0,1.0,0,1,1,0.14141458336598997,myopic_trap
B4_Myopic_VOI,42070,0.518,0.4768663646128307,reject,reject,True,False,False,13.200000000000147,0.0,10.0,0.0,3.200000000000147,0,2.0,0,2,2,0.1408023127869857,myopic_trap
B7_Proposed,42070,0.518,0.48745713618248576,reject,reject,True,False,False,6.599999999999935,0.0,5.0,0.0,1.5999999999999348,0,1.0,0,1,1,0.14245031391454074,myopic_trap
B4_Myopic_VOI,42071,0.518,0.4768663646128307,reject,reject,True,False,False,13.200000000000008,0.0,10.0,0.0,3.200000000000008,0,2.0,0,2,2,0.1408023127869857,myopic_trap
B7_Proposed,42071,0.518,0.4796126752096187,reject,reject,True,False,False,6.599999999999935,0.0,5.0,0.0,1.5999999999999348,0,1.0,0,1,1,0.14141458336598997,myopic_trap
B4_Myopic_VOI,42072,0.518,0.4768663646128307,reject,reject,True,False,False,13.200000000000287,0.0,10.0,0.0,3.200000000000286,0,2.0,0,2,2,0.1408023127869857,myopic_trap
B7_Proposed,42072,0.518,0.48536021568386073,reject,reject,True,False,False,6.600000000000073,0.0,5.0,0.0,1.6000000000000736,0,1.0,0,1,1,0.1421817692096639,myopic_trap
B4_Myopic_VOI,42073,0.518,0.4768663646128307,reject,reject,True,False,False,13.19999999999987,0.0,10.0,0.0,3.1999999999998696,0,2.0,0,2,2,0.1408023127869857,myopic_trap
B7_Proposed,42073,0.518,0.4880111409030635,reject,reject,True,False,False,6.599999999999935,0.0,5.0,0.0,1.5999999999999348,0,1.0,0,1,1,0.1425202572776875,myopic_trap
B4_Myopic_VOI,42074,0.518,0.4815955163969652,reject,reject,True,False,False,19.799999999999944,0.0,15.0,0.0,4.799999999999943,0,3.0,0,3,3,0.14100765632592527,myopic_trap
B7_Proposed,42074,0.518,0.4809057715759223,reject,reject,True,False,False,6.599999999999935,0.0,5.0,0.0,1.5999999999999348,0,1.0,0,1,1,0.1415911868877639,myopic_trap
B4_Myopic_VOI,42075,0.518,0.4832823364009956,reject,reject,True,False,False,26.399999999999878,0.0,20.0,0.0,6.399999999999878,0,4.0,0,4,4,0.140970448502866,myopic_trap
B7_Proposed,42075,0.518,0.4796126752096187,reject,reject,True,False,False,6.599999999999935,0.0,5.0,0.0,1.5999999999999348,0,1.0,0,1,1,0.14141458336598997,myopic_trap
B4_Myopic_VOI,42076,0.518,0.48930508388712585,reject,reject,True,False,False,26.400000000000155,0.0,20.0,0.0,6.400000000000155,0,4.0,0,4,4,0.14126634174209302,myopic_trap
B7_Proposed,42076,0.518,0.49878258401134623,reject,reject,True,False,False,6.599999999999935,0.0,5.0,0.0,1.5999999999999348,0,1.0,0,1,1,0.14379756077968012,myopic_trap
B4_Myopic_VOI,42077,0.518,0.4833390321011429,reject,reject,True,False,False,19.799999999999944,0.0,15.0,0.0,4.799999999999943,0,3.0,0,3,3,0.14111885971450377,myopic_trap
B7_Proposed,42077,0.518,0.4796126752096187,reject,reject,True,False,False,6.599999999999935,0.0,5.0,0.0,1.5999999999999348,0,1.0,0,1,1,0.14141458336598997,myopic_trap
B4_Myopic_VOI,42078,0.518,0.4768663646128307,reject,reject,True,False,False,13.200000000000008,0.0,10.0,0.0,3.200000000000008,0,2.0,0,2,2,0.1408023127869857,myopic_trap
B7_Proposed,42078,0.518,0.4797256470185543,reject,reject,True,False,False,6.599999999999935,0.0,5.0,0.0,1.5999999999999348,0,1.0,0,1,1,0.14143010547684798,myopic_trap
B4_Myopic_VOI,42079,0.518,0.4772757824872527,reject,reject,True,False,False,13.200000000000008,0.0,10.0,0.0,3.200000000000008,0,2.0,0,2,2,0.140839383947588,myopic_trap
B7_Proposed,42079,0.518,0.4929684891284536,reject,reject,True,False,False,6.599999999999935,0.0,5.0,0.0,1.5999999999999348,0,1.0,0,1,1,0.1431275355299588,myopic_trap
B4_Myopic_VOI,42080,0.518,0.4822687350660432,reject,reject,True,False,False,19.800000000000082,0.0,15.0,0.0,4.800000000000082,0,3.0,0,3,3,0.14105082202240266,myopic_trap
B7_Proposed,42080,0.518,0.4796126752096187,reject,reject,True,False,False,6.599999999999935,0.0,5.0,0.0,1.5999999999999348,0,1.0,0,1,1,0.14141458336598997,myopic_trap
B4_Myopic_VOI,42081,0.518,0.4768826963282867,reject,reject,True,False,False,13.200000000000008,0.0,10.0,0.0,3.200000000000008,0,2.0,0,2,2,0.14080379435608967,myopic_trap
B7_Proposed,42081,0.518,0.4796126752096187,reject,reject,True,False,False,6.599999999999935,0.0,5.0,0.0,1.5999999999999348,0,1.0,0,1,1,0.14141458336598997,myopic_trap
B4_Myopic_VOI,42082,0.518,0.47757783049432156,reject,reject,True,False,False,13.19999999999987,0.0,10.0,0.0,3.1999999999998696,0,2.0,0,2,2,0.14086663960108314,myopic_trap
B7_Proposed,42082,0.518,0.4842871836086092,reject,reject,True,False,False,6.599999999999935,0.0,5.0,0.0,1.5999999999999348,0,1.0,0,1,1,0.14204201237539985,myopic_trap
B4_Myopic_VOI,42083,0.518,0.48234994965294264,reject,reject,True,False,False,26.400000000000016,0.0,20.0,0.0,6.400000000000016,0,4.0,0,4,4,0.14092302678104565,myopic_trap
B7_Proposed,42083,0.518,0.4796126752096187,reject,reject,True,False,False,6.600000000000073,0.0,5.0,0.0,1.6000000000000736,0,1.0,0,1,1,0.14141458336598997,myopic_trap
B4_Myopic_VOI,42084,0.518,0.4782973173023007,reject,reject,True,False,False,19.799999999999805,0.0,15.0,0.0,4.799999999999804,0,3.0,0,3,3,0.14079204404383439,myopic_trap
B7_Proposed,42084,0.518,0.48829715153644926,reject,reject,True,False,False,6.599999999999935,0.0,5.0,0.0,1.5999999999999348,0,1.0,0,1,1,0.14255620212692663,myopic_trap
B4_Myopic_VOI,42085,0.524,0.4768663646128307,reject,reject,True,False,False,21.843542874876572,0.0,10.0,0.0,11.843542874876572,0,2.0,0,2,2,0.1408023127869857,myopic_trap
B7_Proposed,42085,0.518,0.48116442718715763,reject,reject,True,False,False,6.600000000000073,0.0,5.0,0.0,1.6000000000000736,0,1.0,0,1,1,0.14162623271082347,myopic_trap
B4_Myopic_VOI,42086,0.518,0.4768663646128307,reject,reject,True,False,False,13.200000000000008,0.0,10.0,0.0,3.200000000000008,0,2.0,0,2,2,0.1408023127869857,myopic_trap
B7_Proposed,42086,0.518,0.4796126752096187,reject,reject,True,False,False,6.599999999999935,0.0,5.0,0.0,1.5999999999999348,0,1.0,0,1,1,0.14141458336598997,myopic_trap
B4_Myopic_VOI,42087,0.518,0.47818628624283804,reject,reject,True,False,False,19.80000000000022,0.0,15.0,0.0,4.800000000000221,0,3.0,0,3,3,0.1407846658579737,myopic_trap
B7_Proposed,42087,0.518,0.4880013745263473,reject,reject,True,False,False,6.599999999999935,0.0,5.0,0.0,1.5999999999999348,0,1.0,0,1,1,0.1425190279000168,myopic_trap
B4_Myopic_VOI,42088,0.524,0.49845793455931486,reject,reject,True,False,False,42.830720862890004,0.0,25.0,0.0,17.83072086289,0,5.0,0,5,5,0.1414721289477677,myopic_trap
B7_Proposed,42088,0.518,0.4796126752096187,reject,reject,True,False,False,6.599999999999935,0.0,5.0,0.0,1.5999999999999348,0,1.0,0,1,1,0.14141458336598997,myopic_trap
B4_Myopic_VOI,42089,0.518,0.4781761577451363,reject,reject,True,False,False,13.19999999999987,0.0,10.0,0.0,3.1999999999998696,0,2.0,0,2,2,0.14092039592910158,myopic_trap
B7_Proposed,42089,0.518,0.4915666114732364,reject,reject,True,False,False,6.599999999999935,0.0,5.0,0.0,1.5999999999999348,0,1.0,0,1,1,0.14295918391639778,myopic_trap
B4_Myopic_VOI,42090,0.518,0.4781161403001709,reject,reject,True,False,False,19.799999999999805,0.0,15.0,0.0,4.799999999999804,0,3.0,0,3,3,0.14078000052330442,myopic_trap
B7_Proposed,42090,0.518,0.4984062716357798,reject,reject,True,False,False,6.599999999999935,0.0,5.0,0.0,1.5999999999999348,0,1.0,0,1,1,0.14375556133518905,myopic_trap
B4_Myopic_VOI,42091,0.524,0.4812455276289689,reject,reject,True,False,False,27.181792658245428,0.0,15.0,0.0,12.181792658245428,0,3.0,0,3,3,0.14098510265657424,myopic_trap
B7_Proposed,42091,0.518,0.49327701463683493,reject,reject,True,False,False,6.600000000000213,0.0,5.0,0.0,1.6000000000002124,0,1.0,0,1,1,0.1431642302092359,myopic_trap
B4_Myopic_VOI,42092,0.518,0.4821114372344494,reject,reject,True,False,False,19.799999999999944,0.0,15.0,0.0,4.799999999999943,0,3.0,0,3,3,0.141040761925661,myopic_trap
B7_Proposed,42092,0.518,0.4796126752096187,reject,reject,True,False,False,6.600000000000073,0.0,5.0,0.0,1.6000000000000736,0,1.0,0,1,1,0.14141458336598997,myopic_trap
B4_Myopic_VOI,42093,0.518,0.4774718978542051,reject,reject,True,False,False,13.19999999999987,0.0,10.0,0.0,3.1999999999998696,0,2.0,0,2,2,0.1408570896904851,myopic_trap
B7_Proposed,42093,0.518,0.4796126752096187,reject,reject,True,False,False,6.599999999999935,0.0,5.0,0.0,1.5999999999999348,0,1.0,0,1,1,0.14141458336598997,myopic_trap
B4_Myopic_VOI,42094,0.518,0.47942330247988857,reject,reject,True,False,False,19.799999999999944,0.0,15.0,0.0,4.799999999999943,0,3.0,0,3,3,0.1408664262983438,myopic_trap
B7_Proposed,42094,0.518,0.4796126752096187,reject,reject,True,False,False,6.599999999999935,0.0,5.0,0.0,1.5999999999999348,0,1.0,0,1,1,0.14141458336598997,myopic_trap
B4_Myopic_VOI,42095,0.518,0.4829221516537949,reject,reject,True,False,False,19.799999999999944,0.0,15.0,0.0,4.799999999999943,0,3.0,0,3,3,0.14109244483396458,myopic_trap
B7_Proposed,42095,0.518,0.4796126752096187,reject,reject,True,False,False,6.600000000000073,0.0,5.0,0.0,1.6000000000000736,0,1.0,0,1,1,0.14141458336598997,myopic_trap
B4_Myopic_VOI,42096,0.518,0.47700178122816084,reject,reject,True,False,False,13.200000000000147,0.0,10.0,0.0,3.200000000000147,0,2.0,0,2,2,0.14081459038882965,myopic_trap
B7_Proposed,42096,0.518,0.4998511343383565,reject,reject,True,False,False,6.600000000000073,0.0,5.0,0.0,1.6000000000000736,0,1.0,0,1,1,0.1439157933820363,myopic_trap
B4_Myopic_VOI,42097,0.518,0.4864129132104309,reject,reject,True,False,False,26.400000000000155,0.0,20.0,0.0,6.400000000000156,0,4.0,0,4,4,0.141126502052315,myopic_trap
B7_Proposed,42097,0.518,0.4837876071966762,reject,reject,True,False,False,6.600000000000073,0.0,5.0,0.0,1.6000000000000736,0,1.0,0,1,1,0.1419764034106861,myopic_trap
B4_Myopic_VOI,42098,0.518,0.48230750448314064,reject,reject,True,False,False,19.800000000000082,0.0,15.0,0.0,4.800000000000082,0,3.0,0,3,3,0.14105329915267634,myopic_trap
B7_Proposed,42098,0.518,0.4796126752096187,reject,reject,True,False,False,6.600000000000073,0.0,5.0,0.0,1.6000000000000736,0,1.0,0,1,1,0.14141458336598997,myopic_trap
B4_Myopic_VOI,42099,0.518,0.4803781091266848,reject,reject,True,False,False,19.800000000000082,0.0,15.0,0.0,4.8000000000000815,0,3.0,0,3,3,0.14092887186774583,myopic_trap
B7_Proposed,42099,0.518,0.4796126752096187,reject,reject,True,False,False,6.600000000000073,0.0,5.0,0.0,1.6000000000000736,0,1.0,0,1,1,0.14141458336598997,myopic_trap
B4_Myopic_VOI,42100,0.518,0.49068574501227974,reject,reject,True,False,False,32.99999999999995,0.0,25.0,0.0,7.999999999999951,0,5.0,0,5,5,0.14117880617900394,myopic_trap
B7_Proposed,42100,0.518,0.48996246963457174,reject,reject,True,False,False,6.600000000000073,0.0,5.0,0.0,1.6000000000000736,0,1.0,0,1,1,0.14276327857439597,myopic_trap
B4_Myopic_VOI,42101,0.518,0.4898054061008317,reject,reject,True,False,False,26.400000000000016,0.0,20.0,0.0,6.400000000000016,0,4.0,0,4,4,0.1412901119261702,myopic_trap
B7_Proposed,42101,0.518,0.4796126752096187,reject,reject,True,False,False,6.600000000000073,0.0,5.0,0.0,1.6000000000000736,0,1.0,0,1,1,0.14141458336598997,myopic_trap
B4_Myopic_VOI,42102,0.518,0.48358743738956556,reject,reject,True,False,False,19.799999999999944,0.0,15.0,0.0,4.799999999999943,0,3.0,0,3,3,0.1411345474553077,myopic_trap
B7_Proposed,42102,0.518,0.4796126752096187,reject,reject,True,False,False,6.599999999999935,0.0,5.0,0.0,1.5999999999999348,0,1.0,0,1,1,0.14141458336598997,myopic_trap
B4_Myopic_VOI,42103,0.518,0.4768663646128307,reject,reject,True,False,False,13.200000000000287,0.0,10.0,0.0,3.200000000000286,0,2.0,0,2,2,0.1408023127869857,myopic_trap
B7_Proposed,42103,0.518,0.4796126752096187,reject,reject,True,False,False,6.599999999999935,0.0,5.0,0.0,1.5999999999999348,0,1.0,0,1,1,0.14141458336598997,myopic_trap
B4_Myopic_VOI,42104,0.518,0.47973311453712003,reject,reject,True,False,False,19.799999999999805,0.0,15.0,0.0,4.799999999999804,0,3.0,0,3,3,0.140886751591244,myopic_trap
B7_Proposed,42104,0.518,0.4834914883984083,reject,reject,True,False,False,6.599999999999935,0.0,5.0,0.0,1.5999999999999348,0,1.0,0,1,1,0.14193735161555388,myopic_trap
B4_Myopic_VOI,42105,0.518,0.4768663646128307,reject,reject,True,False,False,13.200000000000008,0.0,10.0,0.0,3.200000000000008,0,2.0,0,2,2,0.1408023127869857,myopic_trap
B7_Proposed,42105,0.518,0.4830754037643861,reject,reject,True,False,False,6.599999999999935,0.0,5.0,0.0,1.5999999999999348,0,1.0,0,1,1,0.1418822739446841,myopic_trap
B4_Myopic_VOI,42106,0.518,0.48249661926644494,reject,reject,True,False,False,26.400000000000016,0.0,20.0,0.0,6.400000000000016,0,4.0,0,4,4,0.14093051523674097,myopic_trap
B7_Proposed,42106,0.518,0.4796126752096187,reject,reject,True,False,False,6.599999999999935,0.0,5.0,0.0,1.5999999999999348,0,1.0,0,1,1,0.14141458336598997,myopic_trap
B4_Myopic_VOI,42107,0.518,0.4834655919043917,reject,reject,True,False,False,19.80000000000022,0.0,15.0,0.0,4.800000000000221,0,3.0,0,3,3,0.1411268573008164,myopic_trap
B7_Proposed,42107,0.518,0.4796126752096187,reject,reject,True,False,False,6.600000000000351,0.0,5.0,0.0,1.6000000000003511,0,1.0,0,1,1,0.14141458336598997,myopic_trap
B4_Myopic_VOI,42108,0.518,0.48127631765735696,reject,reject,True,False,False,19.799999999999944,0.0,15.0,0.0,4.799999999999943,0,3.0,0,3,3,0.1409870899019298,myopic_trap
B7_Proposed,42108,0.524,0.49781097813733216,reject,reject,True,False,False,15.311564315616945,0.0,5.0,0.0,10.311564315616945,0,1.0,0,1,1,0.1436887368531279,myopic_trap
B4_Myopic_VOI,42109,0.518,0.4768663646128307,reject,reject,True,False,False,13.200000000000147,0.0,10.0,0.0,3.200000000000147,0,2.0,0,2,2,0.1408023127869857,myopic_trap
B7_Proposed,42109,0.518,0.4796126752096187,reject,reject,True,False,False,6.599999999999935,0.0,5.0,0.0,1.5999999999999348,0,1.0,0,1,1,0.14141458336598997,myopic_trap
B4_Myopic_VOI,42110,0.518,0.4814288937116628,reject,reject,True,False,False,19.799999999999944,0.0,15.0,0.0,4.799999999999943,0,3.0,0,3,3,0.1409969286134484,myopic_trap
B7_Proposed,42110,0.518,0.49755053005803773,reject,reject,True,False,False,6.600000000000073,0.0,5.0,0.0,1.6000000000000736,0,1.0,0,1,1,0.14365935183564443,myopic_trap
B4_Myopic_VOI,42111,0.518,0.4768663646128307,reject,reject,True,False,False,13.19999999999987,0.0,10.0,0.0,3.1999999999998696,0,2.0,0,2,2,0.1408023127869857,myopic_trap
B7_Proposed,42111,0.518,0.4796126752096187,reject,reject,True,False,False,6.599999999999935,0.0,5.0,0.0,1.5999999999999348,0,1.0,0,1,1,0.14141458336598997,myopic_trap
B4_Myopic_VOI,42112,0.518,0.47747129983806313,reject,reject,True,False,False,19.799999999999805,0.0,15.0,0.0,4.799999999999804,0,3.0,0,3,3,0.14073696665548013,myopic_trap
B7_Proposed,42112,0.518,0.48201635759486167,reject,reject,True,False,False,6.599999999999935,0.0,5.0,0.0,1.5999999999999348,0,1.0,0,1,1,0.14174100449838534,myopic_trap
B4_Myopic_VOI,42113,0.518,0.47754828848926706,reject,reject,True,False,False,19.799999999999805,0.0,15.0,0.0,4.799999999999804,0,3.0,0,3,3,0.14074211841193768,myopic_trap
B7_Proposed,42113,0.518,0.48248222965628934,reject,reject,True,False,False,6.599999999999935,0.0,5.0,0.0,1.5999999999999348,0,1.0,0,1,1,0.14180334021041388,myopic_trap
B4_Myopic_VOI,42114,0.518,0.4868043015379627,reject,reject,True,False,False,26.399999999999878,0.0,20.0,0.0,6.399999999999878,0,4.0,0,4,4,0.14114566911031298,myopic_trap
B7_Proposed,42114,0.518,0.4796126752096187,reject,reject,True,False,False,6.599999999999935,0.0,5.0,0.0,1.5999999999999348,0,1.0,0,1,1,0.14141458336598997,myopic_trap
B4_Myopic_VOI,42115,0.518,0.48731624589768974,reject,reject,True,False,False,26.399999999999878,0.0,20.0,0.0,6.399999999999878,0,4.0,0,4,4,0.14117062514556314,myopic_trap
B7_Proposed,42115,0.518,0.48020694206257397,reject,reject,True,False,False,6.599999999999935,0.0,5.0,0.0,1.5999999999999348,0,1.0,0,1,1,0.14149603466704763,myopic_trap
B4_Myopic_VOI,42116,0.518,0.4788380884372829,reject,reject,True,False,False,13.19999999999987,0.0,10.0,0.0,3.1999999999998696,0,2.0,0,2,2,0.14097950401833795,myopic_trap
B7_Proposed,42116,0.518,0.4796126752096187,reject,reject,True,False,False,6.599999999999935,0.0,5.0,0.0,1.5999999999999348,0,1.0,0,1,1,0.14141458336598997,myopic_trap
B4_Myopic_VOI,42117,0.518,0.48513768828885295,reject,reject,True,False,False,26.399999999999878,0.0,20.0,0.0,6.399999999999878,0,4.0,0,4,4,0.14106352337760722,myopic_trap
B7_Proposed,42117,0.518,0.5006774787748649,reject,reject,True,False,False,6.600000000000073,0.0,5.0,0.0,1.6000000000000736,0,1.0,0,1,1,0.14400618762247647,myopic_trap
B4_Myopic_VOI,42118,0.518,0.480352145144188,reject,reject,True,False,False,19.800000000000082,0.0,15.0,0.0,4.800000000000082,0,3.0,0,3,3,0.1409271814142826,myopic_trap
B7_Proposed,42118,0.518,0.4843435999093145,reject,reject,True,False,False,6.599999999999935,0.0,5.0,0.0,1.5999999999999348,0,1.0,0,1,1,0.14204939983280973,myopic_trap
B4_Myopic_VOI,42119,0.518,0.48861740651401425,reject,reject,True,False,False,26.400000000000016,0.0,20.0,0.0,6.400000000000016,0,4.0,0,4,4,0.14123346789947003,myopic_trap
B7_Proposed,42119,0.518,0.49137058090310043,reject,reject,True,False,False,6.599999999999935,0.0,5.0,0.0,1.5999999999999348,0,1.0,0,1,1,0.1429354308263786,myopic_trap
B4_Myopic_VOI,42120,0.518,0.4768663646128307,reject,reject,True,False,False,13.200000000000008,0.0,10.0,0.0,3.200000000000008,0,2.0,0,2,2,0.1408023127869857,myopic_trap
B7_Proposed,42120,0.518,0.48759662915807594,reject,reject,True,False,False,6.600000000000073,0.0,5.0,0.0,1.6000000000000736,0,1.0,0,1,1,0.14246796449572113,myopic_trap
B4_Myopic_VOI,42121,0.518,0.4768663646128307,reject,reject,True,False,False,13.19999999999987,0.0,10.0,0.0,3.1999999999998696,0,2.0,0,2,2,0.1408023127869857,myopic_trap
B7_Proposed,42121,0.518,0.48911342807761604,reject,reject,True,False,False,6.599999999999935,0.0,5.0,0.0,1.5999999999999348,0,1.0,0,1,1,0.14265817521206361,myopic_trap
B4_Myopic_VOI,42122,0.518,0.4768663646128307,reject,reject,True,False,False,13.200000000000147,0.0,10.0,0.0,3.200000000000147,0,2.0,0,2,2,0.1408023127869857,myopic_trap
B7_Proposed,42122,0.518,0.4796126752096187,reject,reject,True,False,False,6.599999999999935,0.0,5.0,0.0,1.5999999999999348,0,1.0,0,1,1,0.14141458336598997,myopic_trap
B4_Myopic_VOI,42123,0.518,0.4787309959041063,reject,reject,True,False,False,13.200000000000008,0.0,10.0,0.0,3.200000000000008,0,2.0,0,2,2,0.14096996684276858,myopic_trap
B7_Proposed,42123,0.518,0.4796126752096187,reject,reject,True,False,False,6.600000000000073,0.0,5.0,0.0,1.6000000000000736,0,1.0,0,1,1,0.14141458336598997,myopic_trap
B4_Myopic_VOI,42124,0.518,0.4780628057774937,reject,reject,True,False,False,13.19999999999987,0.0,10.0,0.0,3.1999999999998696,0,2.0,0,2,2,0.14091023580416623,myopic_trap
B7_Proposed,42124,0.518,0.4930119531924957,reject,reject,True,False,False,6.599999999999935,0.0,5.0,0.0,1.5999999999999348,0,1.0,0,1,1,0.14313271272285705,myopic_trap
B4_Myopic_VOI,42125,0.518,0.484252343161687,reject,reject,True,False,False,26.399999999999878,0.0,20.0,0.0,6.399999999999878,0,4.0,0,4,4,0.14101932343321386,myopic_trap
B7_Proposed,42125,0.518,0.4836908323641772,reject,reject,True,False,False,6.600000000000073,0.0,5.0,0.0,1.6000000000000736,0,1.0,0,1,1,0.14196365419368084,myopic_trap
B4_Myopic_VOI,42126,0.518,0.48725363323212995,reject,reject,True,False,False,26.399999999999878,0.0,20.0,0.0,6.399999999999878,0,4.0,0,4,4,0.14116757991862067,myopic_trap
B7_Proposed,42126,0.518,0.4881924104346241,reject,reject,True,False,False,6.600000000000073,0.0,5.0,0.0,1.6000000000000736,0,1.0,0,1,1,0.1425430515817198,myopic_trap
B4_Myopic_VOI,42127,0.518,0.48166996951320495,reject,reject,True,False,False,19.799999999999805,0.0,15.0,0.0,4.799999999999804,0,3.0,0,3,3,0.14101244419823222,myopic_trap
B7_Proposed,42127,0.518,0.47987273614729425,reject,reject,True,False,False,6.599999999999935,0.0,5.0,0.0,1.5999999999999348,0,1.0,0,1,1,0.14145028850830163,myopic_trap
B4_Myopic_VOI,42128,0.518,0.477287810859532,reject,reject,True,False,False,13.200000000000008,0.0,10.0,0.0,3.200000000000008,0,2.0,0,2,2,0.14084047086065715,myopic_trap
B7_Proposed,42128,0.518,0.4915703372801987,reject,reject,True,False,False,6.599999999999935,0.0,5.0,0.0,1.5999999999999348,0,1.0,0,1,1,0.14295963486994165,myopic_trap
B4_Myopic_VOI,42129,0.518,0.4889058794109468,reject,reject,True,False,False,26.400000000000155,0.0,20.0,0.0,6.400000000000156,0,4.0,0,4,4,0.14124728665330732,myopic_trap
B7_Proposed,42129,0.518,0.4796126752096187,reject,reject,True,False,False,6.600000000000213,0.0,5.0,0.0,1.6000000000002124,0,1.0,0,1,1,0.14141458336598997,myopic_trap
B4_Myopic_VOI,42130,0.518,0.4863896585501233,reject,reject,True,False,False,26.399999999999878,0.0,20.0,0.0,6.399999999999878,0,4.0,0,4,4,0.1411253608295002,myopic_trap
B7_Proposed,42130,0.518,0.4997548600055614,reject,reject,True,False,False,6.599999999999935,0.0,5.0,0.0,1.5999999999999348,0,1.0,0,1,1,0.14390520299724707,myopic_trap
B4_Myopic_VOI,42131,0.518,0.4768663646128307,reject,reject,True,False,False,13.200000000000008,0.0,10.0,0.0,3.200000000000008,0,2.0,0,2,2,0.1408023127869857,myopic_trap
B7_Proposed,42131,0.518,0.4825958271545532,reject,reject,True,False,False,6.599999999999935,0.0,5.0,0.0,1.5999999999999348,0,1.0,0,1,1,0.14181849439107466,myopic_trap
B4_Myopic_VOI,42132,0.518,0.4830806147825181,reject,reject,True,False,False,26.400000000000016,0.0,20.0,0.0,6.400000000000017,0,4.0,0,4,4,0.1409602255963043,myopic_trap
B7_Proposed,42132,0.518,0.4816219032082259,reject,reject,True,False,False,6.600000000000213,0.0,5.0,0.0,1.6000000000002124,0,1.0,0,1,1,0.14168798917297687,myopic_trap
B4_Myopic_VOI,42133,0.518,0.4865885678499562,reject,reject,True,False,False,26.385999999999893,0.0,20.0,0.0,6.385999999999893,0,4.0,0,4,4,0.14113511362295006,myopic_trap
B7_Proposed,42133,0.518,0.4796126752096187,reject,reject,True,False,False,6.599999999999935,0.0,5.0,0.0,1.5999999999999348,0,1.0,0,1,1,0.14141458336598997,myopic_trap
B4_Myopic_VOI,42134,0.518,0.4861355776763032,reject,reject,True,False,False,26.400000000000016,0.0,20.0,0.0,6.400000000000016,0,4.0,0,4,4,0.1411128742910004,myopic_trap
B7_Proposed,42134,0.518,0.48213935947809966,reject,reject,True,False,False,6.600000000000073,0.0,5.0,0.0,1.6000000000000736,0,1.0,0,1,1,0.141757491952271,myopic_trap
B4_Myopic_VOI,42135,0.518,0.48580243026203485,reject,reject,True,False,False,26.399999999999878,0.0,20.0,0.0,6.399999999999878,0,4.0,0,4,4,0.14109645347107777,myopic_trap
B7_Proposed,42135,0.518,0.4796126752096187,reject,reject,True,False,False,6.599999999999935,0.0,5.0,0.0,1.5999999999999348,0,1.0,0,1,1,0.14141458336598997,myopic_trap
B4_Myopic_VOI,42136,0.518,0.48077146879688903,reject,reject,True,False,False,19.799999999999805,0.0,15.0,0.0,4.799999999999804,0,3.0,0,3,3,0.14095443047292927,myopic_trap
B7_Proposed,42136,0.518,0.492764555496671,reject,reject,True,False,False,6.599999999999935,0.0,5.0,0.0,1.5999999999999348,0,1.0,0,1,1,0.143103210085085,myopic_trap
B4_Myopic_VOI,42137,0.518,0.48029323190645457,reject,reject,True,False,False,19.800000000000082,0.0,15.0,0.0,4.8000000000000815,0,3.0,0,3,3,0.1409233441326215,myopic_trap
B7_Proposed,42137,0.518,0.48423396788029766,reject,reject,True,False,False,6.599999999999935,0.0,5.0,0.0,1.5999999999999348,0,1.0,0,1,1,0.14203503999327974,myopic_trap
B4_Myopic_VOI,42138,0.518,0.48500641004517264,reject,reject,True,False,False,26.400000000000016,0.0,20.0,0.0,6.400000000000016,0,4.0,0,4,4,0.14105699409226055,myopic_trap
B7_Proposed,42138,0.518,0.49555716678568995,reject,reject,True,False,False,6.600000000000073,0.0,5.0,0.0,1.6000000000000736,0,1.0,0,1,1,0.14343145073229904,myopic_trap
B4_Myopic_VOI,42139,0.52,0.4788664907366174,reject,reject,True,False,False,21.990692914242008,0.0,15.0,0.0,6.9906929142420084,0,3.0,0,3,3,0.14082974383255947,myopic_trap
B7_Proposed,42139,0.518,0.4796126752096187,reject,reject,True,False,False,6.600000000000213,0.0,5.0,0.0,1.6000000000002124,0,1.0,0,1,1,0.14141458336598997,myopic_trap
B4_Myopic_VOI,42140,0.518,0.4908151508913513,reject,reject,True,False,False,26.399999999999878,0.0,20.0,0.0,6.399999999999878,0,4.0,0,4,4,0.14133770705333856,myopic_trap
B7_Proposed,42140,0.518,0.4796126752096187,reject,reject,True,False,False,6.599999999999796,0.0,5.0,0.0,1.599999999999796,0,1.0,0,1,1,0.14141458336598997,myopic_trap
B4_Myopic_VOI,42141,0.518,0.4784947364185112,reject,reject,True,False,False,19.799999999999944,0.0,15.0,0.0,4.799999999999943,0,3.0,0,3,3,0.1408051435526006,myopic_trap
B7_Proposed,42141,0.518,0.48485985784526087,reject,reject,True,False,False,6.599999999999935,0.0,5.0,0.0,1.5999999999999348,0,1.0,0,1,1,0.14211679760150203,myopic_trap
B4_Myopic_VOI,42142,0.518,0.48936978682901405,reject,reject,True,False,False,26.399999999999878,0.0,20.0,0.0,6.399999999999878,0,4.0,0,4,4,0.14126942274611265,myopic_trap
B7_Proposed,42142,0.518,0.4804056176154036,reject,reject,True,False,False,6.599999999999935,0.0,5.0,0.0,1.5999999999999348,0,1.0,0,1,1,0.14152315550773775,myopic_trap
B4_Myopic_VOI,42143,0.518,0.4875011770196108,reject,reject,True,False,False,26.400000000000155,0.0,20.0,0.0,6.400000000000155,0,4.0,0,4,4,0.14117960808089125,myopic_trap
B7_Proposed,42143,0.518,0.48306813415623023,reject,reject,True,False,False,6.599999999999935,0.0,5.0,0.0,1.5999999999999348,0,1.0,0,1,1,0.14188130952740705,myopic_trap
B4_Myopic_VOI,42144,0.518,0.4768663646128307,reject,reject,True,False,False,13.200000000000008,0.0,10.0,0.0,3.200000000000008,0,2.0,0,2,2,0.1408023127869857,myopic_trap
B7_Proposed,42144,0.518,0.4796126752096187,reject,reject,True,False,False,6.600000000000073,0.0,5.0,0.0,1.6000000000000736,0,1.0,0,1,1,0.14141458336598997,myopic_trap
B4_Myopic_VOI,42145,0.518,0.48093996305310904,reject,reject,True,False,False,19.800000000000082,0.0,15.0,0.0,4.8000000000000815,0,3.0,0,3,3,0.14096534851184345,myopic_trap
B7_Proposed,42145,0.518,0.4796126752096187,reject,reject,True,False,False,6.599999999999935,0.0,5.0,0.0,1.5999999999999348,0,1.0,0,1,1,0.14141458336598997,myopic_trap
B4_Myopic_VOI,42146,0.518,0.4856591529468591,reject,reject,True,False,False,26.400000000000016,0.0,20.0,0.0,6.400000000000016,0,4.0,0,4,4,0.1410893743635742,myopic_trap
B7_Proposed,42146,0.518,0.4796126752096187,reject,reject,True,False,False,6.600000000000073,0.0,5.0,0.0,1.6000000000000736,0,1.0,0,1,1,0.14141458336598997,myopic_trap
B4_Myopic_VOI,42147,0.518,0.48318413231967583,reject,reject,True,False,False,19.799999999999944,0.0,15.0,0.0,4.799999999999943,0,3.0,0,3,3,0.141109057542829,myopic_trap
B7_Proposed,42147,0.518,0.4796126752096187,reject,reject,True,False,False,6.599999999999935,0.0,5.0,0.0,1.5999999999999348,0,1.0,0,1,1,0.14141458336598997,myopic_trap
B4_Myopic_VOI,42148,0.518,0.4887381191286214,reject,reject,True,False,False,59.60000000000002,0.0,50.0,0.0,9.600000000000026,0,6.0,0,4,4,0.14123925543228166,myopic_trap
B7_Proposed,42148,0.518,0.4843363608459613,reject,reject,True,False,False,6.599999999999935,0.0,5.0,0.0,1.5999999999999348,0,1.0,0,1,1,0.14204845215604722,myopic_trap
B4_Myopic_VOI,42149,0.518,0.4813495143316688,reject,reject,True,False,False,19.800000000000082,0.0,15.0,0.0,4.800000000000082,0,3.0,0,3,3,0.14099181174848513,myopic_trap
B7_Proposed,42149,0.518,0.48065289460925875,reject,reject,True,False,False,6.600000000000073,0.0,5.0,0.0,1.6000000000000736,0,1.0,0,1,1,0.14155683392709872,myopic_trap
B4_Myopic_VOI,42150,0.518,0.4846959228847951,reject,reject,True,False,False,26.39999999999974,0.0,20.0,0.0,6.399999999999739,0,4.0,0,4,4,0.14104151748687346,myopic_trap
B7_Proposed,42150,0.518,0.4874276222958523,reject,reject,True,False,False,6.599999999999935,0.0,5.0,0.0,1.5999999999999348,0,1.0,0,1,1,0.14244657599776628,myopic_trap
B4_Myopic_VOI,42151,0.518,0.4768663646128307,reject,reject,True,False,False,13.200000000000147,0.0,10.0,0.0,3.200000000000147,0,2.0,0,2,2,0.1408023127869857,myopic_trap
B7_Proposed,42151,0.518,0.48929836424082873,reject,reject,True,False,False,6.600000000000073,0.0,5.0,0.0,1.6000000000000736,0,1.0,0,1,1,0.14268115213581073,myopic_trap
B4_Myopic_VOI,42152,0.518,0.47861589159671436,reject,reject,True,False,False,13.200000000000008,0.0,10.0,0.0,3.200000000000008,0,2.0,0,2,2,0.1409597050676837,myopic_trap
B7_Proposed,42152,0.518,0.4829941553211824,reject,reject,True,False,False,6.600000000000073,0.0,5.0,0.0,1.6000000000000736,0,1.0,0,1,1,0.14187149101784138,myopic_trap
B4_Myopic_VOI,42153,0.518,0.482937322256687,reject,reject,True,False,False,26.400000000000016,0.0,20.0,0.0,6.400000000000016,0,4.0,0,4,4,0.1409529514454052,myopic_trap
B7_Proposed,42153,0.518,0.49414084740710196,reject,reject,True,False,False,6.600000000000073,0.0,5.0,0.0,1.6000000000000736,0,1.0,0,1,1,0.14326628863368754,myopic_trap
B4_Myopic_VOI,42154,0.518,0.48555763142236696,reject,reject,True,False,False,26.399999999999878,0.0,20.0,0.0,6.399999999999878,0,4.0,0,4,4,0.14108435216251888,myopic_trap
B7_Proposed,42154,0.518,0.4877349889153669,reject,reject,True,False,False,6.600000000000073,0.0,5.0,0.0,1.6000000000000736,0,1.0,0,1,1,0.14248544540062028,myopic_trap
B4_Myopic_VOI,42155,0.518,0.4830220549020413,reject,reject,True,False,False,26.400000000000016,0.0,20.0,0.0,6.400000000000017,0,4.0,0,4,4,0.1409572540801792,myopic_trap
B7_Proposed,42155,0.518,0.49140633563582964,reject,reject,True,False,False,6.600000000000213,0.0,5.0,0.0,1.6000000000002124,0,1.0,0,1,1,0.1429397671185754,myopic_trap
B4_Myopic_VOI,42156,0.518,0.48409455993886874,reject,reject,True,False,False,26.400000000000016,0.0,20.0,0.0,6.400000000000017,0,4.0,0,4,4,0.14101140527794379,myopic_trap
B7_Proposed,42156,0.518,0.4890070447918384,reject,reject,True,False,False,6.599999999999935,0.0,5.0,0.0,1.5999999999999348,0,1.0,0,1,1,0.1426449367866743,myopic_trap
B4_Myopic_VOI,42157,0.518,0.483873649889459,reject,reject,True,False,False,19.799999999999944,0.0,15.0,0.0,4.799999999999943,0,3.0,0,3,3,0.14115257472650727,myopic_trap
B7_Proposed,42157,0.518,0.4796126752096187,reject,reject,True,False,False,6.599999999999935,0.0,5.0,0.0,1.5999999999999348,0,1.0,0,1,1,0.14141458336598997,myopic_trap
B4_Myopic_VOI,42158,0.52,0.4865985404380947,reject,reject,True,False,False,29.586553878470905,0.0,20.0,0.0,9.586553878470905,0,4.0,0,4,4,0.14113560207482684,myopic_trap
B7_Proposed,42158,0.518,0.4826449687967863,reject,reject,True,False,False,6.600000000000073,0.0,5.0,0.0,1.6000000000000736,0,1.0,0,1,1,0.14182504446091934,myopic_trap
B4_Myopic_VOI,42159,0.518,0.4768663646128307,reject,reject,True,False,False,13.19999999999987,0.0,10.0,0.0,3.1999999999998696,0,2.0,0,2,2,0.1408023127869857,myopic_trap
B7_Proposed,42159,0.518,0.4813566466073761,reject,reject,True,False,False,6.599999999999935,0.0,5.0,0.0,1.5999999999999348,0,1.0,0,1,1,0.14165221662171829,myopic_trap
B4_Myopic_VOI,42160,0.518,0.4826863587741485,reject,reject,True,False,False,19.80000000000022,0.0,15.0,0.0,4.800000000000221,0,3.0,0,3,3,0.1410774557851444,myopic_trap
B7_Proposed,42160,0.518,0.4796126752096187,reject,reject,True,False,False,6.600000000000073,0.0,5.0,0.0,1.6000000000000736,0,1.0,0,1,1,0.14141458336598997,myopic_trap
B4_Myopic_VOI,42161,0.52,0.4778438014978691,reject,reject,True,False,False,15.175354529115967,0.0,10.0,0.0,5.175354529115967,0,2.0,0,2,2,0.14089057404803468,myopic_trap
B7_Proposed,42161,0.518,0.4796126752096187,reject,reject,True,False,False,6.599999999999935,0.0,5.0,0.0,1.5999999999999348,0,1.0,0,1,1,0.14141458336598997,myopic_trap
B4_Myopic_VOI,42162,0.518,0.48824084949288854,reject,reject,True,False,False,26.400000000000155,0.0,20.0,0.0,6.400000000000156,0,4.0,0,4,4,0.14121536753915717,myopic_trap
B7_Proposed,42162,0.518,0.4817091783668526,reject,reject,True,False,False,6.600000000000213,0.0,5.0,0.0,1.6000000000002124,0,1.0,0,1,1,0.14169973772598393,myopic_trap
B4_Myopic_VOI,42163,0.518,0.4831490161439175,reject,reject,True,False,False,19.799999999999944,0.0,15.0,0.0,4.799999999999943,0,3.0,0,3,3,0.14110683326518886,myopic_trap
B7_Proposed,42163,0.518,0.4796126752096187,reject,reject,True,False,False,6.599999999999935,0.0,5.0,0.0,1.5999999999999348,0,1.0,0,1,1,0.14141458336598997,myopic_trap
B4_Myopic_VOI,42164,0.518,0.4805294854106143,reject,reject,True,False,False,19.799999999999944,0.0,15.0,0.0,4.799999999999943,0,3.0,0,3,3,0.14093871913710085,myopic_trap
B7_Proposed,42164,0.518,0.4796126752096187,reject,reject,True,False,False,6.599999999999935,0.0,5.0,0.0,1.5999999999999348,0,1.0,0,1,1,0.14141458336598997,myopic_trap
B4_Myopic_VOI,42165,0.518,0.48412873051172767,reject,reject,True,False,False,26.400000000000155,0.0,20.0,0.0,6.400000000000156,0,4.0,0,4,4,0.14101312113807776,myopic_trap
B7_Proposed,42165,0.518,0.4796126752096187,reject,reject,True,False,False,6.600000000000351,0.0,5.0,0.0,1.6000000000003511,0,1.0,0,1,1,0.14141458336598997,myopic_trap
B4_Myopic_VOI,42166,0.518,0.48747124377197293,reject,reject,True,False,False,26.399999999999878,0.0,20.0,0.0,6.399999999999878,0,4.0,0,4,4,0.14117815524051786,myopic_trap
B7_Proposed,42166,0.518,0.4796126752096187,reject,reject,True,False,False,6.600000000000073,0.0,5.0,0.0,1.6000000000000736,0,1.0,0,1,1,0.14141458336598997,myopic_trap
B4_Myopic_VOI,42167,0.518,0.48439881334613644,reject,reject,True,False,False,26.400000000000155,0.0,20.0,0.0,6.400000000000156,0,4.0,0,4,4,0.1410266627562219,myopic_trap
B7_Proposed,42167,0.518,0.4796126752096187,reject,reject,True,False,False,6.600000000000073,0.0,5.0,0.0,1.6000000000000736,0,1.0,0,1,1,0.14141458336598997,myopic_trap
B4_Myopic_VOI,42168,0.518,0.4779421875498716,reject,reject,True,False,False,13.19999999999987,0.0,10.0,0.0,3.1999999999998696,0,2.0,0,2,2,0.14089941210786644,myopic_trap
B7_Proposed,42168,0.518,0.483961598139364,reject,reject,True,False,False,6.599999999999935,0.0,5.0,0.0,1.5999999999999348,0,1.0,0,1,1,0.14199929261292796,myopic_trap
B4_Myopic_VOI,42169,0.518,0.4768663646128307,reject,reject,True,False,False,13.19999999999987,0.0,10.0,0.0,3.1999999999998696,0,2.0,0,2,2,0.1408023127869857,myopic_trap
B7_Proposed,42169,0.518,0.4796126752096187,reject,reject,True,False,False,6.599999999999935,0.0,5.0,0.0,1.5999999999999348,0,1.0,0,1,1,0.14141458336598997,myopic_trap
B4_Myopic_VOI,42170,0.518,0.4908809908186756,reject,reject,True,False,False,32.999999999999815,0.0,25.0,0.0,7.999999999999813,0,5.0,0,5,5,0.14118647898425626,myopic_trap
B7_Proposed,42170,0.518,0.4829095315677221,reject,reject,True,False,False,6.599999999999935,0.0,5.0,0.0,1.5999999999999348,0,1.0,0,1,1,0.14186025041585604,myopic_trap
B4_Myopic_VOI,42171,0.518,0.4891213979694837,reject,reject,True,False,False,33.000000000000085,0.0,25.0,0.0,8.000000000000089,0,5.0,0,5,5,0.141116762682037,myopic_trap
B7_Proposed,42171,0.518,0.48555311450610256,reject,reject,True,False,False,6.599999999999935,0.0,5.0,0.0,1.5999999999999348,0,1.0,0,1,1,0.14220672516106062,myopic_trap
B4_Myopic_VOI,42172,0.518,0.49364540771780724,reject,reject,True,False,False,32.99999999999995,0.0,25.0,0.0,7.999999999999951,0,5.0,0,5,5,0.14129343084206847,myopic_trap
B7_Proposed,42172,0.518,0.482463000497944,reject,reject,True,False,False,6.599999999999935,0.0,5.0,0.0,1.5999999999999348,0,1.0,0,1,1,0.1418007732233354,myopic_trap
B4_Myopic_VOI,42173,0.518,0.4768663646128307,reject,reject,True,False,False,13.19999999999987,0.0,10.0,0.0,3.1999999999998696,0,2.0,0,2,2,0.1408023127869857,myopic_trap
B7_Proposed,42173,0.518,0.4796126752096187,reject,reject,True,False,False,6.599999999999935,0.0,5.0,0.0,1.5999999999999348,0,1.0,0,1,1,0.14141458336598997,myopic_trap
B4_Myopic_VOI,42174,0.518,0.4859147285392596,reject,reject,True,False,False,26.400000000000016,0.0,20.0,0.0,6.400000000000016,0,4.0,0,4,4,0.14110199481485086,myopic_trap
B7_Proposed,42174,0.518,0.48205313375498077,reject,reject,True,False,False,6.600000000000073,0.0,5.0,0.0,1.6000000000000736,0,1.0,0,1,1,0.14174593626044216,myopic_trap
B4_Myopic_VOI,42175,0.518,0.4787536888528643,reject,reject,True,False,False,19.799999999999944,0.0,15.0,0.0,4.799999999999943,0,3.0,0,3,3,0.14082228859022566,myopic_trap
B7_Proposed,42175,0.518,0.4796126752096187,reject,reject,True,False,False,6.600000000000073,0.0,5.0,0.0,1.6000000000000736,0,1.0,0,1,1,0.14141458336598997,myopic_trap
B4_Myopic_VOI,42176,0.518,0.48006637507495037,reject,reject,True,False,False,19.799999999999944,0.0,15.0,0.0,4.799999999999943,0,3.0,0,3,3,0.140908547447135,myopic_trap
B7_Proposed,42176,0.518,0.49973344756464877,reject,reject,True,False,False,6.599999999999935,0.0,5.0,0.0,1.5999999999999348,0,1.0,0,1,1,0.14390284591063143,myopic_trap
B4_Myopic_VOI,42177,0.518,0.47772148210461457,reject,reject,True,False,False,13.200000000000147,0.0,10.0,0.0,3.200000000000147,0,2.0,0,2,2,0.14087957430205805,myopic_trap
B7_Proposed,42177,0.52,0.5045076362773186,reject,reject,True,False,False,9.46931945909876,0.0,5.0,0.0,4.469319459098759,0,1.0,0,1,1,0.1444133887744038,myopic_trap
B4_Myopic_VOI,42178,0.518,0.48857823902362185,reject,reject,True,False,False,33.00000000000009,0.0,25.0,0.0,8.00000000000009,0,5.0,0,5,5,0.141094984323679,myopic_trap
B7_Proposed,42178,0.518,0.5011872449723823,reject,reject,True,False,False,6.599999999999935,0.0,5.0,0.0,1.5999999999999348,0,1.0,0,1,1,0.14406150015936459,myopic_trap
B4_Myopic_VOI,42179,0.518,0.4768663646128307,reject,reject,True,False,False,13.19999999999987,0.0,10.0,0.0,3.1999999999998696,0,2.0,0,2,2,0.1408023127869857,myopic_trap
B7_Proposed,42179,0.518,0.4796126752096187,reject,reject,True,False,False,6.599999999999935,0.0,5.0,0.0,1.5999999999999348,0,1.0,0,1,1,0.14141458336598997,myopic_trap
B4_Myopic_VOI,42180,0.518,0.4822269894968218,reject,reject,True,False,False,19.800000000000082,0.0,15.0,0.0,4.8000000000000815,0,3.0,0,3,3,0.14104815367474766,myopic_trap
B7_Proposed,42180,0.518,0.5019226607132792,reject,reject,True,False,False,6.599999999999935,0.0,5.0,0.0,1.5999999999999348,0,1.0,0,1,1,0.14414069148100847,myopic_trap
B4_Myopic_VOI,42181,0.518,0.4874887650807128,reject,reject,True,False,False,26.400000000000016,0.0,20.0,0.0,6.400000000000016,0,4.0,0,4,4,0.14117900570890618,myopic_trap
B7_Proposed,42181,0.518,0.48319977879803283,reject,reject,True,False,False,6.600000000000073,0.0,5.0,0.0,1.6000000000000736,0,1.0,0,1,1,0.14189876273482982,myopic_trap
B4_Myopic_VOI,42182,0.518,0.47852325551330555,reject,reject,True,False,False,19.80000000000022,0.0,15.0,0.0,4.800000000000221,0,3.0,0,3,3,0.14080703386130974,myopic_trap
B7_Proposed,42182,0.518,0.4796126752096187,reject,reject,True,False,False,6.600000000000073,0.0,5.0,0.0,1.6000000000000736,0,1.0,0,1,1,0.14141458336598997,myopic_trap
B4_Myopic_VOI,42183,0.518,0.47977643100052403,reject,reject,True,False,False,19.800000000000082,0.0,15.0,0.0,4.8000000000000815,0,3.0,0,3,3,0.14088958853960687,myopic_trap
B7_Proposed,42183,0.518,0.4837558640932695,reject,reject,True,False,False,6.599999999999935,0.0,5.0,0.0,1.5999999999999348,0,1.0,0,1,1,0.14197222296760528,myopic_trap
B4_Myopic_VOI,42184,0.518,0.4903228169479125,reject,reject,True,False,False,26.400000000000016,0.0,20.0,0.0,6.400000000000017,0,4.0,0,4,4,0.141314563561753,myopic_trap
B7_Proposed,42184,0.518,0.4796126752096187,reject,reject,True,False,False,6.599999999999935,0.0,5.0,0.0,1.5999999999999348,0,1.0,0,1,1,0.14141458336598997,myopic_trap
B4_Myopic_VOI,42185,0.518,0.48889135892868,reject,reject,True,False,False,26.400000000000016,0.0,20.0,0.0,6.400000000000016,0,4.0,0,4,4,0.14124659206305765,myopic_trap
B7_Proposed,42185,0.518,0.4850905221797833,reject,reject,True,False,False,6.599999999999935,0.0,5.0,0.0,1.5999999999999348,0,1.0,0,1,1,0.14214679225374358,myopic_trap
B4_Myopic_VOI,42186,0.518,0.4876263122780163,reject,reject,True,False,False,26.399999999999878,0.0,20.0,0.0,6.399999999999878,0,4.0,0,4,4,0.1411856768296126,myopic_trap
B7_Proposed,42186,0.518,0.4796126752096187,reject,reject,True,False,False,6.599999999999935,0.0,5.0,0.0,1.5999999999999348,0,1.0,0,1,1,0.14141458336598997,myopic_trap
B4_Myopic_VOI,42187,0.518,0.48415965249034787,reject,reject,True,False,False,26.400000000000016,0.0,20.0,0.0,6.400000000000016,0,4.0,0,4,4,0.14101467337001916,myopic_trap
B7_Proposed,42187,0.518,0.4877670519230125,reject,reject,True,False,False,6.599999999999935,0.0,5.0,0.0,1.5999999999999348,0,1.0,0,1,1,0.14248949262939625,myopic_trap
B4_Myopic_VOI,42188,0.518,0.47863270181611783,reject,reject,True,False,False,13.200000000000008,0.0,10.0,0.0,3.200000000000008,0,2.0,0,2,2,0.14096120444944482,myopic_trap
B7_Proposed,42188,0.518,0.4796126752096187,reject,reject,True,False,False,6.599999999999935,0.0,5.0,0.0,1.5999999999999348,0,1.0,0,1,1,0.14141458336598997,myopic_trap
B4_Myopic_VOI,42189,0.518,0.4895066570095444,reject,reject,True,False,False,26.400000000000016,0.0,20.0,0.0,6.400000000000016,0,4.0,0,4,4,0.1412759333504271,myopic_trap
B7_Proposed,42189,0.518,0.4854501703401577,reject,reject,True,False,False,6.599999999999935,0.0,5.0,0.0,1.5999999999999348,0,1.0,0,1,1,0.1421934133060907,myopic_trap
B4_Myopic_VOI,42190,0.52,0.48833131366966026,reject,reject,True,False,False,36.66259602367631,0.0,25.0,0.0,11.662596023676308,0,5.0,0,5,5,0.14108504339490183,myopic_trap
B7_Proposed,42190,0.518,0.4841774648120142,reject,reject,True,False,False,6.599999999999935,0.0,5.0,0.0,1.5999999999999348,0,1.0,0,1,1,0.14202763262257284,myopic_trap
B4_Myopic_VOI,42191,0.518,0.49059464607151826,reject,reject,True,False,False,26.400000000000016,0.0,20.0,0.0,6.400000000000016,0,4.0,0,4,4,0.14132735646104913,myopic_trap
B7_Proposed,42191,0.518,0.48669244416513074,reject,reject,True,False,False,6.600000000000073,0.0,5.0,0.0,1.6000000000000736,0,1.0,0,1,1,0.14235308130174212,myopic_trap
B4_Myopic_VOI,42192,0.518,0.4776919655534641,reject,reject,True,False,False,13.200000000000147,0.0,10.0,0.0,3.200000000000147,0,2.0,0,2,2,0.14087691803412666,myopic_trap
B7_Proposed,42192,0.518,0.4796126752096187,reject,reject,True,False,False,6.599999999999935,0.0,5.0,0.0,1.5999999999999348,0,1.0,0,1,1,0.14141458336598997,myopic_trap
B4_Myopic_VOI,42193,0.518,0.48582245327277046,reject,reject,True,False,False,26.399999999999878,0.0,20.0,0.0,6.399999999999878,0,4.0,0,4,4,0.1410974419634086,myopic_trap
B7_Proposed,42193,0.518,0.49284455239338126,reject,reject,True,False,False,6.599999999999935,0.0,5.0,0.0,1.5999999999999348,0,1.0,0,1,1,0.14311275889717337,myopic_trap
B4_Myopic_VOI,42194,0.518,0.48102013693829954,reject,reject,True,False,False,19.799999999999944,0.0,15.0,0.0,4.799999999999943,0,3.0,0,3,3,0.14097053729939688,myopic_trap
B7_Proposed,42194,0.518,0.4796126752096187,reject,reject,True,False,False,6.599999999999935,0.0,5.0,0.0,1.5999999999999348,0,1.0,0,1,1,0.14141458336598997,myopic_trap
B4_Myopic_VOI,42195,0.518,0.4781941577050297,reject,reject,True,False,False,13.200000000000008,0.0,10.0,0.0,3.200000000000008,0,2.0,0,2,2,0.14092200829919566,myopic_trap
B7_Proposed,42195,0.518,0.4796126752096187,reject,reject,True,False,False,6.600000000000073,0.0,5.0,0.0,1.6000000000000736,0,1.0,0,1,1,0.14141458336598997,myopic_trap
B4_Myopic_VOI,42196,0.518,0.4768663646128307,reject,reject,True,False,False,13.200000000000008,0.0,10.0,0.0,3.200000000000008,0,2.0,0,2,2,0.1408023127869857,myopic_trap
B7_Proposed,42196,0.518,0.4796126752096187,reject,reject,True,False,False,6.600000000000073,0.0,5.0,0.0,1.6000000000000736,0,1.0,0,1,1,0.14141458336598997,myopic_trap
B4_Myopic_VOI,42197,0.518,0.4768663646128307,reject,reject,True,False,False,13.200000000000147,0.0,10.0,0.0,3.200000000000147,0,2.0,0,2,2,0.1408023127869857,myopic_trap
B7_Proposed,42197,0.518,0.4796126752096187,reject,reject,True,False,False,6.600000000000073,0.0,5.0,0.0,1.6000000000000736,0,1.0,0,1,1,0.14141458336598997,myopic_trap
B4_Myopic_VOI,42198,0.518,0.480416333479092,reject,reject,True,False,False,19.800000000000082,0.0,15.0,0.0,4.800000000000082,0,3.0,0,3,3,0.14093135978958735,myopic_trap
B7_Proposed,42198,0.518,0.4796126752096187,reject,reject,True,False,False,6.599999999999935,0.0,5.0,0.0,1.5999999999999348,0,1.0,0,1,1,0.14141458336598997,myopic_trap
B4_Myopic_VOI,42199,0.518,0.48217517815097877,reject,reject,True,False,False,19.799999999999944,0.0,15.0,0.0,4.799999999999943,0,3.0,0,3,3,0.14104484040184856,myopic_trap
B7_Proposed,42199,0.518,0.49712548852412014,reject,reject,True,False,False,6.599999999999935,0.0,5.0,0.0,1.5999999999999348,0,1.0,0,1,1,0.14361120225711926,myopic_trap
B4_Myopic_VOI,42200,0.518,0.47998437818720363,reject,reject,True,False,False,19.800000000000082,0.0,15.0,0.0,4.800000000000082,0,3.0,0,3,3,0.14090319121330164,myopic_trap
B7_Proposed,42200,0.518,0.4796126752096187,reject,reject,True,False,False,6.600000000000073,0.0,5.0,0.0,1.6000000000000736,0,1.0,0,1,1,0.14141458336598997,myopic_trap
B4_Myopic_VOI,42201,0.518,0.4768663646128307,reject,reject,True,False,False,13.19999999999987,0.0,10.0,0.0,3.1999999999998696,0,2.0,0,2,2,0.1408023127869857,myopic_trap
B7_Proposed,42201,0.518,0.481837895112564,reject,reject,True,False,False,6.599999999999935,0.0,5.0,0.0,1.5999999999999348,0,1.0,0,1,1,0.14171704562227774,myopic_trap
B4_Myopic_VOI,42202,0.518,0.4768663646128307,reject,reject,True,False,False,13.200000000000147,0.0,10.0,0.0,3.200000000000147,0,2.0,0,2,2,0.1408023127869857,myopic_trap
B7_Proposed,42202,0.518,0.4849161603374653,reject,reject,True,False,False,6.600000000000213,0.0,5.0,0.0,1.6000000000002124,0,1.0,0,1,1,0.14212412570915006,myopic_trap
B4_Myopic_VOI,42203,0.518,0.4768663646128307,reject,reject,True,False,False,13.200000000000008,0.0,10.0,0.0,3.200000000000008,0,2.0,0,2,2,0.1408023127869857,myopic_trap
B7_Proposed,42203,0.518,0.4796126752096187,reject,reject,True,False,False,6.600000000000073,0.0,5.0,0.0,1.6000000000000736,0,1.0,0,1,1,0.14141458336598997,myopic_trap
B4_Myopic_VOI,42204,0.518,0.4768663646128307,reject,reject,True,False,False,13.200000000000008,0.0,10.0,0.0,3.200000000000008,0,2.0,0,2,2,0.1408023127869857,myopic_trap
B7_Proposed,42204,0.518,0.4832601972770437,reject,reject,True,False,False,6.600000000000073,0.0,5.0,0.0,1.6000000000000736,0,1.0,0,1,1,0.1419067648762691,myopic_trap
B4_Myopic_VOI,42205,0.518,0.4768663646128307,reject,reject,True,False,False,13.200000000000008,0.0,10.0,0.0,3.200000000000008,0,2.0,0,2,2,0.1408023127869857,myopic_trap
B7_Proposed,42205,0.518,0.484520857167801,reject,reject,True,False,False,6.600000000000073,0.0,5.0,0.0,1.6000000000000736,0,1.0,0,1,1,0.14207258229377825,myopic_trap
B4_Myopic_VOI,42206,0.518,0.4768663646128307,reject,reject,True,False,False,13.200000000000008,0.0,10.0,0.0,3.200000000000008,0,2.0,0,2,2,0.1408023127869857,myopic_trap
B7_Proposed,42206,0.518,0.4796126752096187,reject,reject,True,False,False,6.599999999999935,0.0,5.0,0.0,1.5999999999999348,0,1.0,0,1,1,0.14141458336598997,myopic_trap
B4_Myopic_VOI,42207,0.518,0.4831254867714085,reject,reject,True,False,False,19.800000000000082,0.0,15.0,0.0,4.800000000000082,0,3.0,0,3,3,0.1411053424675754,myopic_trap
B7_Proposed,42207,0.518,0.4796126752096187,reject,reject,True,False,False,6.599999999999935,0.0,5.0,0.0,1.5999999999999348,0,1.0,0,1,1,0.14141458336598997,myopic_trap
B4_Myopic_VOI,42208,0.518,0.48167347275968203,reject,reject,True,False,False,19.799999999999944,0.0,15.0,0.0,4.799999999999943,0,3.0,0,3,3,0.1410126693960986,myopic_trap
B7_Proposed,42208,0.518,0.4796126752096187,reject,reject,True,False,False,6.600000000000073,0.0,5.0,0.0,1.6000000000000736,0,1.0,0,1,1,0.14141458336598997,myopic_trap
B4_Myopic_VOI,42209,0.518,0.49027246367409544,reject,reject,True,False,False,26.399999999999878,0.0,20.0,0.0,6.399999999999878,0,4.0,0,4,4,0.1413121898059533,myopic_trap
B7_Proposed,42209,0.518,0.49258742622201523,reject,reject,True,False,False,6.600000000000073,0.0,5.0,0.0,1.6000000000000736,0,1.0,0,1,1,0.14308203635726463,myopic_trap
B4_Myopic_VOI,42210,0.518,0.4843886546990743,reject,reject,True,False,False,26.400000000000016,0.0,20.0,0.0,6.400000000000016,0,4.0,0,4,4,0.14102615407200164,myopic_trap
B7_Proposed,42210,0.518,0.4796126752096187,reject,reject,True,False,False,6.599999999999935,0.0,5.0,0.0,1.5999999999999348,0,1.0,0,1,1,0.14141458336598997,myopic_trap
B4_Myopic_VOI,42211,0.518,0.47793195266832617,reject,reject,True,False,False,13.200000000000008,0.0,10.0,0.0,3.200000000000008,0,2.0,0,2,2,0.14089849309664923,myopic_trap
B7_Proposed,42211,0.518,0.4922061163673307,reject,reject,True,False,False,6.599999999999935,0.0,5.0,0.0,1.5999999999999348,0,1.0,0,1,1,0.14303631148086043,myopic_trap
B4_Myopic_VOI,42212,0.518,0.48536837228645535,reject,reject,True,False,False,26.399999999999878,0.0,20.0,0.0,6.399999999999878,0,4.0,0,4,4,0.1410749759504447,myopic_trap
B7_Proposed,42212,0.518,0.4796126752096187,reject,reject,True,False,False,6.599999999999935,0.0,5.0,0.0,1.5999999999999348,0,1.0,0,1,1,0.14141458336598997,myopic_trap
B4_Myopic_VOI,42213,0.518,0.4806487912699313,reject,reject,True,False,False,19.799999999999944,0.0,15.0,0.0,4.799999999999943,0,3.0,0,3,3,0.14094646997146054,myopic_trap
B7_Proposed,42213,0.518,0.483579501146877,reject,reject,True,False,False,6.599999999999935,0.0,5.0,0.0,1.5999999999999348,0,1.0,0,1,1,0.14194897129219672,myopic_trap
B4_Myopic_VOI,42214,0.518,0.4804928699524004,reject,reject,True,False,False,19.799999999999805,0.0,15.0,0.0,4.799999999999804,0,3.0,0,3,3,0.14093633857062124,myopic_trap
B7_Proposed,42214,0.518,0.4796126752096187,reject,reject,True,False,False,6.599999999999935,0.0,5.0,0.0,1.5999999999999348,0,1.0,0,1,1,0.14141458336598997,myopic_trap
B4_Myopic_VOI,42215,0.518,0.48521382614915753,reject,reject,True,False,False,26.399999999999878,0.0,20.0,0.0,6.399999999999878,0,4.0,0,4,4,0.14106730625758096,myopic_trap
B7_Proposed,42215,0.518,0.4869952931447572,reject,reject,True,False,False,6.599999999999935,0.0,5.0,0.0,1.5999999999999348,0,1.0,0,1,1,0.14239168512589578,myopic_trap
B4_Myopic_VOI,42216,0.518,0.4812985193204857,reject,reject,True,False,False,19.799999999999805,0.0,15.0,0.0,4.799999999999804,0,3.0,0,3,3,0.140988522467009,myopic_trap
B7_Proposed,42216,0.518,0.4951837126579354,reject,reject,True,False,False,6.599999999999935,0.0,5.0,0.0,1.5999999999999348,0,1.0,0,1,1,0.14338816224552392,myopic_trap
B4_Myopic_VOI,42217,0.518,0.4840753859804739,reject,reject,True,False,False,26.400000000000016,0.0,20.0,0.0,6.400000000000016,0,4.0,0,4,4,0.1410104422113027,myopic_trap
B7_Proposed,42217,0.518,0.48796839368810146,reject,reject,True,False,False,6.599999999999935,0.0,5.0,0.0,1.5999999999999348,0,1.0,0,1,1,0.14251487535584334,myopic_trap
B4_Myopic_VOI,42218,0.518,0.47903608578748164,reject,reject,True,False,False,13.19999999999987,0.0,10.0,0.0,3.1999999999998696,0,2.0,0,2,2,0.14099711053789843,myopic_trap
B7_Proposed,42218,0.518,0.4796126752096187,reject,reject,True,False,False,6.599999999999935,0.0,5.0,0.0,1.5999999999999348,0,1.0,0,1,1,0.14141458336598997,myopic_trap
B4_Myopic_VOI,42219,0.518,0.4768663646128307,reject,reject,True,False,False,13.200000000000287,0.0,10.0,0.0,3.200000000000286,0,2.0,0,2,2,0.1408023127869857,myopic_trap
B7_Proposed,42219,0.518,0.48186170743311896,reject,reject,True,False,False,6.599999999999935,0.0,5.0,0.0,1.5999999999999348,0,1.0,0,1,1,0.14172024502242905,myopic_trap
B4_Myopic_VOI,42220,0.518,0.4833046496082016,reject,reject,True,False,False,19.800000000000082,0.0,15.0,0.0,4.800000000000082,0,3.0,0,3,3,0.14111668526934934,myopic_trap
B7_Proposed,42220,0.518,0.48210058128469535,reject,reject,True,False,False,6.599999999999935,0.0,5.0,0.0,1.5999999999999348,0,1.0,0,1,1,0.14175229630173905,myopic_trap
B4_Myopic_VOI,42221,0.518,0.4768663646128307,reject,reject,True,False,False,13.200000000000008,0.0,10.0,0.0,3.200000000000008,0,2.0,0,2,2,0.1408023127869857,myopic_trap
B7_Proposed,42221,0.518,0.4796126752096187,reject,reject,True,False,False,6.599999999999935,0.0,5.0,0.0,1.5999999999999348,0,1.0,0,1,1,0.14141458336598997,myopic_trap
B4_Myopic_VOI,42222,0.518,0.4838466212143433,reject,reject,True,False,False,19.799999999999805,0.0,15.0,0.0,4.799999999999804,0,3.0,0,3,3,0.14115087451213545,myopic_trap
B7_Proposed,42222,0.518,0.49697681782108455,reject,reject,True,False,False,6.599999999999935,0.0,5.0,0.0,1.5999999999999348,0,1.0,0,1,1,0.143594303608658,myopic_trap
B4_Myopic_VOI,42223,0.518,0.4871949655701142,reject,reject,True,False,False,26.399999999999878,0.0,20.0,0.0,6.399999999999878,0,4.0,0,4,4,0.14116472479379677,myopic_trap
B7_Proposed,42223,0.518,0.4796126752096187,reject,reject,True,False,False,6.599999999999935,0.0,5.0,0.0,1.5999999999999348,0,1.0,0,1,1,0.14141458336598997,myopic_trap
B4_Myopic_VOI,42224,0.518,0.4802754591464802,reject,reject,True,False,False,19.799999999999944,0.0,15.0,0.0,4.799999999999943,0,3.0,0,3,3,0.1409221860828657,myopic_trap
B7_Proposed,42224,0.518,0.48036853555111436,reject,reject,True,False,False,6.599999999999935,0.0,5.0,0.0,1.5999999999999348,0,1.0,0,1,1,0.14151809768288423,myopic_trap
B4_Myopic_VOI,42225,0.518,0.4810143551256072,reject,reject,True,False,False,19.80000000000022,0.0,15.0,0.0,4.800000000000221,0,3.0,0,3,3,0.1409701632410593,myopic_trap
B7_Proposed,42225,0.518,0.48060033192700535,reject,reject,True,False,False,6.599999999999935,0.0,5.0,0.0,1.5999999999999348,0,1.0,0,1,1,0.14154968217612882,myopic_trap
B4_Myopic_VOI,42226,0.518,0.48460469239193066,reject,reject,True,False,False,26.399999999999878,0.0,20.0,0.0,6.399999999999878,0,4.0,0,4,4,0.1410369608687441,myopic_trap
B7_Proposed,42226,0.518,0.4796126752096187,reject,reject,True,False,False,6.600000000000073,0.0,5.0,0.0,1.6000000000000736,0,1.0,0,1,1,0.14141458336598997,myopic_trap
B4_Myopic_VOI,42227,0.518,0.4768663646128307,reject,reject,True,False,False,13.200000000000147,0.0,10.0,0.0,3.200000000000147,0,2.0,0,2,2,0.1408023127869857,myopic_trap
B7_Proposed,42227,0.518,0.4818559425657803,reject,reject,True,False,False,6.600000000000073,0.0,5.0,0.0,1.6000000000000736,0,1.0,0,1,1,0.14171947053275136,myopic_trap
B4_Myopic_VOI,42228,0.518,0.47862800901069474,reject,reject,True,False,False,19.799999999999944,0.0,15.0,0.0,4.799999999999943,0,3.0,0,3,3,0.1408139727321439,myopic_trap
B7_Proposed,42228,0.518,0.48557826879727417,reject,reject,True,False,False,6.599999999999935,0.0,5.0,0.0,1.5999999999999348,0,1.0,0,1,1,0.14220997568233662,myopic_trap
B4_Myopic_VOI,42229,0.518,0.4768663646128307,reject,reject,True,False,False,13.200000000000008,0.0,10.0,0.0,3.200000000000008,0,2.0,0,2,2,0.1408023127869857,myopic_trap
B7_Proposed,42229,0.518,0.48893034941913316,reject,reject,True,False,False,6.599999999999935,0.0,5.0,0.0,1.5999999999999348,0,1.0,0,1,1,0.14263538318533253,myopic_trap
B4_Myopic_VOI,42230,0.518,0.4777287749986113,reject,reject,True,False,False,19.799999999999805,0.0,15.0,0.0,4.799999999999804,0,3.0,0,3,3,0.14075418106727247,myopic_trap
B7_Proposed,42230,0.518,0.48374275685360574,reject,reject,True,False,False,6.600000000000073,0.0,5.0,0.0,1.6000000000000736,0,1.0,0,1,1,0.14197049638902381,myopic_trap
B4_Myopic_VOI,42231,0.518,0.47705304609095356,reject,reject,True,False,False,13.19999999999987,0.0,10.0,0.0,3.1999999999998696,0,2.0,0,2,2,0.1408192341680319,myopic_trap
B7_Proposed,42231,0.518,0.49359957520264885,reject,reject,True,False,False,6.599999999999935,0.0,5.0,0.0,1.5999999999999348,0,1.0,0,1,1,0.14320245699321246,myopic_trap
B4_Myopic_VOI,42232,0.518,0.48191472771003474,reject,reject,True,False,False,19.799999999999805,0.0,15.0,0.0,4.799999999999804,0,3.0,0,3,3,0.14102815927301254,myopic_trap
B7_Proposed,42232,0.518,0.4857313309141939,reject,reject,True,False,False,6.599999999999935,0.0,5.0,0.0,1.5999999999999348,0,1.0,0,1,1,0.14222973612788262,myopic_trap
B4_Myopic_VOI,42233,0.518,0.4838159876258449,reject,reject,True,False,False,26.400000000000016,0.0,20.0,0.0,6.400000000000016,0,4.0,0,4,4,0.14099739518448945,myopic_trap
B7_Proposed,42233,0.518,0.4796126752096187,reject,reject,True,False,False,6.600000000000073,0.0,5.0,0.0,1.6000000000000736,0,1.0,0,1,1,0.14141458336598997,myopic_trap
B4_Myopic_VOI,42234,0.518,0.48380392656616583,reject,reject,True,False,False,26.399999999999878,0.0,20.0,0.0,6.399999999999878,0,4.0,0,4,4,0.14099678773029775,myopic_trap
B7_Proposed,42234,0.518,0.4796126752096187,reject,reject,True,False,False,6.599999999999935,0.0,5.0,0.0,1.5999999999999348,0,1.0,0,1,1,0.14141458336598997,myopic_trap
B4_Myopic_VOI,42235,0.518,0.48715220832032174,reject,reject,True,False,False,26.400000000000016,0.0,20.0,0.0,6.400000000000017,0,4.0,0,4,4,0.14116264288931382,myopic_trap
B7_Proposed,42235,0.518,0.48895503371346366,reject,reject,True,False,False,6.600000000000073,0.0,5.0,0.0,1.6000000000000736,0,1.0,0,1,1,0.14263845887272172,myopic_trap
B4_Myopic_VOI,42236,0.518,0.48382280533036087,reject,reject,True,False,False,19.799999999999805,0.0,15.0,0.0,4.799999999999804,0,3.0,0,3,3,0.14114937601465335,myopic_trap
B7_Proposed,42236,0.52,0.4885896168425166,reject,reject,True,False,False,9.29944013772804,0.0,5.0,0.0,4.299440137728039,0,1.0,0,1,1,0.14259284271342185,myopic_trap
B4_Myopic_VOI,42237,0.518,0.4789287671624596,reject,reject,True,False,False,19.799999999999805,0.0,15.0,0.0,4.799999999999804,0,3.0,0,3,3,0.14083385632041756,myopic_trap
B7_Proposed,42237,0.518,0.4891003716046284,reject,reject,True,False,False,6.599999999999935,0.0,5.0,0.0,1.5999999999999348,0,1.0,0,1,1,0.14265655128352367,myopic_trap
B4_Myopic_VOI,42238,0.518,0.47748624493143843,reject,reject,True,False,False,19.799999999999805,0.0,15.0,0.0,4.799999999999804,0,3.0,0,3,3,0.14073796701240615,myopic_trap
B7_Proposed,42238,0.518,0.4796126752096187,reject,reject,True,False,False,6.599999999999935,0.0,5.0,0.0,1.5999999999999348,0,1.0,0,1,1,0.14141458336598997,myopic_trap
B4_Myopic_VOI,42239,0.518,0.47920927345495523,reject,reject,True,False,False,19.799999999999805,0.0,15.0,0.0,4.799999999999804,0,3.0,0,3,3,0.1408523494003306,myopic_trap
B7_Proposed,42239,0.518,0.48748656967140047,reject,reject,True,False,False,6.599999999999935,0.0,5.0,0.0,1.5999999999999348,0,1.0,0,1,1,0.1424540404622264,myopic_trap
B4_Myopic_VOI,42240,0.518,0.4768663646128307,reject,reject,True,False,False,13.200000000000008,0.0,10.0,0.0,3.200000000000008,0,2.0,0,2,2,0.1408023127869857,myopic_trap
B7_Proposed,42240,0.518,0.48438440525544274,reject,reject,True,False,False,6.599999999999935,0.0,5.0,0.0,1.5999999999999348,0,1.0,0,1,1,0.14205474037024654,myopic_trap
B4_Myopic_VOI,42241,0.522,0.48179675131968314,reject,reject,True,False,False,31.788584969895517,0.0,20.0,0.0,11.788584969895517,0,4.0,0,4,4,0.14089468568067703,myopic_trap
B7_Proposed,42241,0.518,0.4960924573202843,reject,reject,True,False,False,6.600000000000073,0.0,5.0,0.0,1.6000000000000736,0,1.0,0,1,1,0.1434931723874601,myopic_trap
B4_Myopic_VOI,42242,0.518,0.48728603394131886,reject,reject,True,False,False,26.400000000000155,0.0,20.0,0.0,6.400000000000155,0,4.0,0,4,4,0.14116915600121355,myopic_trap
B7_Proposed,42242,0.518,0.4874420785107878,reject,reject,True,False,False,6.600000000000073,0.0,5.0,0.0,1.6000000000000736,0,1.0,0,1,1,0.1424484070179745,myopic_trap
B4_Myopic_VOI,42243,0.518,0.4768663646128307,reject,reject,True,False,False,13.200000000000008,0.0,10.0,0.0,3.200000000000008,0,2.0,0,2,2,0.1408023127869857,myopic_trap
B7_Proposed,42243,0.518,0.4796126752096187,reject,reject,True,False,False,6.599999999999935,0.0,5.0,0.0,1.5999999999999348,0,1.0,0,1,1,0.14141458336598997,myopic_trap
B4_Myopic_VOI,42244,0.518,0.48249813396488717,reject,reject,True,False,False,19.799999999999805,0.0,15.0,0.0,4.799999999999804,0,3.0,0,3,3,0.14106546543788365,myopic_trap
B7_Proposed,42244,0.518,0.4796126752096187,reject,reject,True,False,False,6.599999999999935,0.0,5.0,0.0,1.5999999999999348,0,1.0,0,1,1,0.14141458336598997,myopic_trap
B4_Myopic_VOI,42245,0.518,0.4788422572008308,reject,reject,True,False,False,19.80000000000022,0.0,15.0,0.0,4.800000000000221,0,3.0,0,3,3,0.14082814288224632,myopic_trap
B7_Proposed,42245,0.524,0.4796126752096187,reject,reject,True,False,False,16.45129058771649,0.0,5.0,0.0,11.451290587716489,0,1.0,0,1,1,0.14141458336598997,myopic_trap
B4_Myopic_VOI,42246,0.518,0.4768663646128307,reject,reject,True,False,False,13.19999999999987,0.0,10.0,0.0,3.1999999999998696,0,2.0,0,2,2,0.1408023127869857,myopic_trap
B7_Proposed,42246,0.518,0.4796126752096187,reject,reject,True,False,False,6.599999999999935,0.0,5.0,0.0,1.5999999999999348,0,1.0,0,1,1,0.14141458336598997,myopic_trap
B4_Myopic_VOI,42247,0.518,0.47890978748337776,reject,reject,True,False,False,13.200000000000008,0.0,10.0,0.0,3.200000000000008,0,2.0,0,2,2,0.140985883644221,myopic_trap
B7_Proposed,42247,0.518,0.4880105134095059,reject,reject,True,False,False,6.600000000000073,0.0,5.0,0.0,1.6000000000000736,0,1.0,0,1,1,0.1425201782936038,myopic_trap
B4_Myopic_VOI,42248,0.518,0.47728412417861754,reject,reject,True,False,False,13.200000000000008,0.0,10.0,0.0,3.200000000000008,0,2.0,0,2,2,0.14084013773656662,myopic_trap
B7_Proposed,42248,0.518,0.4796126752096187,reject,reject,True,False,False,6.600000000000073,0.0,5.0,0.0,1.6000000000000736,0,1.0,0,1,1,0.14141458336598997,myopic_trap
B4_Myopic_VOI,42249,0.518,0.4792708968487953,reject,reject,True,False,False,19.799999999999944,0.0,15.0,0.0,4.799999999999943,0,3.0,0,3,3,0.14085640540328903,myopic_trap
B7_Proposed,42249,0.518,0.49027006889106123,reject,reject,True,False,False,6.599999999999935,0.0,5.0,0.0,1.5999999999999348,0,1.0,0,1,1,0.14280111459804726,myopic_trap
B4_Myopic_VOI,42250,0.518,0.4865667286802931,reject,reject,True,False,False,26.399999999999878,0.0,20.0,0.0,6.399999999999878,0,4.0,0,4,4,0.14113404377979963,myopic_trap
B7_Proposed,42250,0.518,0.48089796878735686,reject,reject,True,False,False,6.600000000000073,0.0,5.0,0.0,1.6000000000000736,0,1.0,0,1,1,0.1415901282227965,myopic_trap
B4_Myopic_VOI,42251,0.518,0.4818946309875723,reject,reject,True,False,False,19.799999999999805,0.0,15.0,0.0,4.799999999999804,0,3.0,0,3,3,0.14102687035601946,myopic_trap
B7_Proposed,42251,0.518,0.48557033315462095,reject,reject,True,False,False,6.599999999999935,0.0,5.0,0.0,1.5999999999999348,0,1.0,0,1,1,0.14220895030610547,myopic_trap
B4_Myopic_VOI,42252,0.518,0.4768663646128307,reject,reject,True,False,False,13.200000000000008,0.0,10.0,0.0,3.200000000000008,0,2.0,0,2,2,0.1408023127869857,myopic_trap
B7_Proposed,42252,0.518,0.4905436521947114,reject,reject,True,False,False,6.600000000000073,0.0,5.0,0.0,1.6000000000000736,0,1.0,0,1,1,0.1428346585526672,myopic_trap
B4_Myopic_VOI,42253,0.518,0.4768663646128307,reject,reject,True,False,False,13.200000000000008,0.0,10.0,0.0,3.200000000000008,0,2.0,0,2,2,0.1408023127869857,myopic_trap
B7_Proposed,42253,0.518,0.4815541935544904,reject,reject,True,False,False,6.600000000000073,0.0,5.0,0.0,1.6000000000000736,0,1.0,0,1,1,0.14167886713784456,myopic_trap
B4_Myopic_VOI,42254,0.518,0.48826339614747044,reject,reject,True,False,False,26.399999999999878,0.0,20.0,0.0,6.399999999999878,0,4.0,0,4,4,0.14121645329260044,myopic_trap
B7_Proposed,42254,0.518,0.4796126752096187,reject,reject,True,False,False,6.599999999999935,0.0,5.0,0.0,1.5999999999999348,0,1.0,0,1,1,0.14141458336598997,myopic_trap
B4_Myopic_VOI,42255,0.518,0.486666667127047,reject,reject,True,False,False,26.400000000000155,0.0,20.0,0.0,6.400000000000155,0,4.0,0,4,4,0.14113893756041127,myopic_trap
B7_Proposed,42255,0.522,0.4796126752096187,reject,reject,True,False,False,13.05687821831505,0.0,5.0,0.0,8.05687821831505,0,1.0,0,1,1,0.14141458336598997,myopic_trap
B4_Myopic_VOI,42256,0.518,0.4768663646128307,reject,reject,True,False,False,13.200000000000008,0.0,10.0,0.0,3.200000000000008,0,2.0,0,2,2,0.1408023127869857,myopic_trap
B7_Proposed,42256,0.518,0.4800635345971692,reject,reject,True,False,False,6.599999999999935,0.0,5.0,0.0,1.5999999999999348,0,1.0,0,1,1,0.14147642413610068,myopic_trap
B4_Myopic_VOI,42257,0.518,0.4768663646128307,reject,reject,True,False,False,13.200000000000008,0.0,10.0,0.0,3.200000000000008,0,2.0,0,2,2,0.1408023127869857,myopic_trap
B7_Proposed,42257,0.518,0.4796126752096187,reject,reject,True,False,False,6.600000000000073,0.0,5.0,0.0,1.6000000000000736,0,1.0,0,1,1,0.14141458336598997,myopic_trap
B4_Myopic_VOI,42258,0.518,0.4781626804086369,reject,reject,True,False,False,19.799999999999944,0.0,15.0,0.0,4.799999999999943,0,3.0,0,3,3,0.1407830962063989,myopic_trap
B7_Proposed,42258,0.518,0.4913777235104835,reject,reject,True,False,False,6.599999999999935,0.0,5.0,0.0,1.5999999999999348,0,1.0,0,1,1,0.142936297211817,myopic_trap
B4_Myopic_VOI,42259,0.518,0.48105229398615484,reject,reject,True,False,False,19.800000000000082,0.0,15.0,0.0,4.800000000000082,0,3.0,0,3,3,0.14097261733650057,myopic_trap
B7_Proposed,42259,0.518,0.4912147321247848,reject,reject,True,False,False,6.600000000000213,0.0,5.0,0.0,1.6000000000002124,0,1.0,0,1,1,0.14291650944875733,myopic_trap
B4_Myopic_VOI,42260,0.518,0.4792984796276861,reject,reject,True,False,False,19.800000000000082,0.0,15.0,0.0,4.8000000000000815,0,3.0,0,3,3,0.140858220101218,myopic_trap
B7_Proposed,42260,0.518,0.4796126752096187,reject,reject,True,False,False,6.599999999999935,0.0,5.0,0.0,1.5999999999999348,0,1.0,0,1,1,0.14141458336598997,myopic_trap
B4_Myopic_VOI,42261,0.518,0.4863736356776898,reject,reject,True,False,False,26.400000000000155,0.0,20.0,0.0,6.400000000000156,0,4.0,0,4,4,0.1411245743503652,myopic_trap
B7_Proposed,42261,0.518,0.48015479737475203,reject,reject,True,False,False,6.600000000000213,0.0,5.0,0.0,1.6000000000002124,0,1.0,0,1,1,0.14148890736297107,myopic_trap
B4_Myopic_VOI,42262,0.518,0.4768663646128307,reject,reject,True,False,False,13.200000000000008,0.0,10.0,0.0,3.200000000000008,0,2.0,0,2,2,0.1408023127869857,myopic_trap
B7_Proposed,42262,0.518,0.48847392378271903,reject,reject,True,False,False,6.599999999999935,0.0,5.0,0.0,1.5999999999999348,0,1.0,0,1,1,0.14257836242792837,myopic_trap
B4_Myopic_VOI,42263,0.518,0.4768663646128307,reject,reject,True,False,False,13.200000000000008,0.0,10.0,0.0,3.200000000000008,0,2.0,0,2,2,0.1408023127869857,myopic_trap
B7_Proposed,42263,0.518,0.4817892327065089,reject,reject,True,False,False,6.599999999999935,0.0,5.0,0.0,1.5999999999999348,0,1.0,0,1,1,0.14171050493885395,myopic_trap
B4_Myopic_VOI,42264,0.518,0.48524334042495043,reject,reject,True,False,False,26.400000000000155,0.0,20.0,0.0,6.400000000000156,0,4.0,0,4,4,0.1410687718868818,myopic_trap
B7_Proposed,42264,0.518,0.4796126752096187,reject,reject,True,False,False,6.600000000000213,0.0,5.0,0.0,1.6000000000002124,0,1.0,0,1,1,0.14141458336598997,myopic_trap
B4_Myopic_VOI,42265,0.518,0.47911671324827,reject,reject,True,False,False,19.799999999999805,0.0,15.0,0.0,4.799999999999804,0,3.0,0,3,3,0.14084625264386372,myopic_trap
B7_Proposed,42265,0.518,0.4850191471439459,reject,reject,True,False,False,6.599999999999935,0.0,5.0,0.0,1.5999999999999348,0,1.0,0,1,1,0.14213751876298164,myopic_trap
B4_Myopic_VOI,42266,0.518,0.4830905483880743,reject,reject,True,False,False,19.80000000000022,0.0,15.0,0.0,4.800000000000221,0,3.0,0,3,3,0.141103128163317,myopic_trap
B7_Proposed,42266,0.518,0.4869696798623778,reject,reject,True,False,False,6.599999999999935,0.0,5.0,0.0,1.5999999999999348,0,1.0,0,1,1,0.14238842509362704,myopic_trap
B4_Myopic_VOI,42267,0.518,0.4868809288352999,reject,reject,True,False,False,26.400000000000016,0.0,20.0,0.0,6.400000000000016,0,4.0,0,4,4,0.1411494127892941,myopic_trap
B7_Proposed,42267,0.518,0.4796126752096187,reject,reject,True,False,False,6.599999999999935,0.0,5.0,0.0,1.5999999999999348,0,1.0,0,1,1,0.14141458336598997,myopic_trap
B4_Myopic_VOI,42268,0.518,0.47882720668167966,reject,reject,True,False,False,19.799999999999805,0.0,15.0,0.0,4.799999999999804,0,3.0,0,3,3,0.14082714840621285,myopic_trap
B7_Proposed,42268,0.518,0.4796126752096187,reject,reject,True,False,False,6.599999999999935,0.0,5.0,0.0,1.5999999999999348,0,1.0,0,1,1,0.14141458336598997,myopic_trap
B4_Myopic_VOI,42269,0.518,0.4776353774878541,reject,reject,True,False,False,13.200000000000008,0.0,10.0,0.0,3.200000000000008,0,2.0,0,2,2,0.1408718234129257,myopic_trap
B7_Proposed,42269,0.518,0.48250908237880497,reject,reject,True,False,False,6.600000000000073,0.0,5.0,0.0,1.6000000000000736,0,1.0,0,1,1,0.14180692404342493,myopic_trap
B4_Myopic_VOI,42270,0.518,0.4782492056120593,reject,reject,True,False,False,13.19999999999987,0.0,10.0,0.0,3.1999999999998696,0,2.0,0,2,2,0.14092693753985153,myopic_trap
B7_Proposed,42270,0.518,0.4796126752096187,reject,reject,True,False,False,6.599999999999935,0.0,5.0,0.0,1.5999999999999348,0,1.0,0,1,1,0.14141458336598997,myopic_trap
B4_Myopic_VOI,42271,0.518,0.47899172340547375,reject,reject,True,False,False,19.800000000000082,0.0,15.0,0.0,4.8000000000000815,0,3.0,0,3,3,0.14083801120433462,myopic_trap
B7_Proposed,42271,0.518,0.4954218655918866,reject,reject,True,False,False,6.599999999999935,0.0,5.0,0.0,1.5999999999999348,0,1.0,0,1,1,0.14341578905675811,myopic_trap
B4_Myopic_VOI,42272,0.518,0.484030761208302,reject,reject,True,False,False,19.799999999999944,0.0,15.0,0.0,4.799999999999943,0,3.0,0,3,3,0.14116244857415422,myopic_trap
B7_Proposed,42272,0.518,0.485227017792264,reject,reject,True,False,False,6.599999999999935,0.0,5.0,0.0,1.5999999999999348,0,1.0,0,1,1,0.14216450708589637,myopic_trap
B4_Myopic_VOI,42273,0.518,0.4768663646128307,reject,reject,True,False,False,13.200000000000008,0.0,10.0,0.0,3.200000000000008,0,2.0,0,2,2,0.1408023127869857,myopic_trap
B7_Proposed,42273,0.518,0.4796126752096187,reject,reject,True,False,False,6.600000000000073,0.0,5.0,0.0,1.6000000000000736,0,1.0,0,1,1,0.14141458336598997,myopic_trap
B4_Myopic_VOI,42274,0.518,0.47764913772197926,reject,reject,True,False,False,13.200000000000147,0.0,10.0,0.0,3.200000000000147,0,2.0,0,2,2,0.1408730625026899,myopic_trap
B7_Proposed,42274,0.518,0.4796126752096187,reject,reject,True,False,False,6.600000000000073,0.0,5.0,0.0,1.6000000000000736,0,1.0,0,1,1,0.14141458336598997,myopic_trap
B4_Myopic_VOI,42275,0.518,0.4849256595028771,reject,reject,True,False,False,26.400000000000016,0.0,20.0,0.0,6.400000000000016,0,4.0,0,4,4,0.14105297360279767,myopic_trap
B7_Proposed,42275,0.518,0.48754337369067546,reject,reject,True,False,False,6.600000000000073,0.0,5.0,0.0,1.6000000000000736,0,1.0,0,1,1,0.14246122901792296,myopic_trap
B4_Myopic_VOI,42276,0.518,0.4768663646128307,reject,reject,True,False,False,13.19999999999987,0.0,10.0,0.0,3.1999999999998696,0,2.0,0,2,2,0.1408023127869857,myopic_trap
B7_Proposed,42276,0.518,0.4796126752096187,reject,reject,True,False,False,6.599999999999935,0.0,5.0,0.0,1.5999999999999348,0,1.0,0,1,1,0.14141458336598997,myopic_trap
B4_Myopic_VOI,42277,0.518,0.47918694188947236,reject,reject,True,False,False,19.800000000000082,0.0,15.0,0.0,4.8000000000000815,0,3.0,0,3,3,0.1408508789609959,myopic_trap
B7_Proposed,42277,0.518,0.4796126752096187,reject,reject,True,False,False,6.600000000000073,0.0,5.0,0.0,1.6000000000000736,0,1.0,0,1,1,0.14141458336598997,myopic_trap
B4_Myopic_VOI,42278,0.518,0.4768663646128307,reject,reject,True,False,False,13.19999999999987,0.0,10.0,0.0,3.1999999999998696,0,2.0,0,2,2,0.1408023127869857,myopic_trap
B7_Proposed,42278,0.518,0.4796126752096187,reject,reject,True,False,False,6.599999999999935,0.0,5.0,0.0,1.5999999999999348,0,1.0,0,1,1,0.14141458336598997,myopic_trap
B4_Myopic_VOI,42279,0.518,0.4778110777387366,reject,reject,True,False,False,19.80000000000022,0.0,15.0,0.0,4.800000000000221,0,3.0,0,3,3,0.14075967483759316,myopic_trap
B7_Proposed,42279,0.518,0.4796126752096187,reject,reject,True,False,False,6.600000000000351,0.0,5.0,0.0,1.6000000000003511,0,1.0,0,1,1,0.14141458336598997,myopic_trap
B4_Myopic_VOI,42280,0.518,0.48176411589757234,reject,reject,True,False,False,26.400000000000016,0.0,20.0,0.0,6.400000000000017,0,4.0,0,4,4,0.14089300894927734,myopic_trap
B7_Proposed,42280,0.518,0.4796126752096187,reject,reject,True,False,False,6.600000000000073,0.0,5.0,0.0,1.6000000000000736,0,1.0,0,1,1,0.14141458336598997,myopic_trap
B4_Myopic_VOI,42281,0.518,0.48885978480190734,reject,reject,True,False,False,26.400000000000016,0.0,20.0,0.0,6.400000000000016,0,4.0,0,4,4,0.14124508134741148,myopic_trap
B7_Proposed,42281,0.518,0.4842158079271899,reject,reject,True,False,False,6.599999999999935,0.0,5.0,0.0,1.5999999999999348,0,1.0,0,1,1,0.142032659762276,myopic_trap
B4_Myopic_VOI,42282,0.522,0.4768663646128307,reject,reject,True,False,False,19.65948863333982,0.0,10.0,0.0,9.65948863333982,0,2.0,0,2,2,0.1408023127869857,myopic_trap
B7_Proposed,42282,0.518,0.4796126752096187,reject,reject,True,False,False,6.599999999999935,0.0,5.0,0.0,1.5999999999999348,0,1.0,0,1,1,0.14141458336598997,myopic_trap
B4_Myopic_VOI,42283,0.518,0.47882155666635773,reject,reject,True,False,False,19.799999999999805,0.0,15.0,0.0,4.799999999999804,0,3.0,0,3,3,0.14082677503953983,myopic_trap
B7_Proposed,42283,0.518,0.4796126752096187,reject,reject,True,False,False,6.599999999999935,0.0,5.0,0.0,1.5999999999999348,0,1.0,0,1,1,0.14141458336598997,myopic_trap
B4_Myopic_VOI,42284,0.518,0.4768663646128307,reject,reject,True,False,False,13.200000000000147,0.0,10.0,0.0,3.200000000000147,0,2.0,0,2,2,0.1408023127869857,myopic_trap
B7_Proposed,42284,0.518,0.4796126752096187,reject,reject,True,False,False,6.600000000000213,0.0,5.0,0.0,1.6000000000002124,0,1.0,0,1,1,0.14141458336598997,myopic_trap
B4_Myopic_VOI,42285,0.518,0.47970947802110864,reject,reject,True,False,False,19.799999999999805,0.0,15.0,0.0,4.799999999999804,0,3.0,0,3,3,0.1408852030517181,myopic_trap
B7_Proposed,42285,0.518,0.4796126752096187,reject,reject,True,False,False,6.599999999999935,0.0,5.0,0.0,1.5999999999999348,0,1.0,0,1,1,0.14141458336598997,myopic_trap
B4_Myopic_VOI,42286,0.518,0.4828806305365294,reject,reject,True,False,False,19.800000000000082,0.0,15.0,0.0,4.800000000000082,0,3.0,0,3,3,0.14108980793052572,myopic_trap
B7_Proposed,42286,0.518,0.48471493239018154,reject,reject,True,False,False,6.600000000000073,0.0,5.0,0.0,1.6000000000000736,0,1.0,0,1,1,0.14209791459273574,myopic_trap
B4_Myopic_VOI,42287,0.518,0.4885559493674749,reject,reject,True,False,False,26.399999999999878,0.0,20.0,0.0,6.399999999999878,0,4.0,0,4,4,0.141230518577393,myopic_trap
B7_Proposed,42287,0.518,0.49753388872869353,reject,reject,True,False,False,6.599999999999935,0.0,5.0,0.0,1.5999999999999348,0,1.0,0,1,1,0.1436574712055516,myopic_trap
B4_Myopic_VOI,42288,0.518,0.4768663646128307,reject,reject,True,False,False,13.200000000000008,0.0,10.0,0.0,3.200000000000008,0,2.0,0,2,2,0.1408023127869857,myopic_trap
B7_Proposed,42288,0.518,0.4805569704400002,reject,reject,True,False,False,6.599999999999935,0.0,5.0,0.0,1.5999999999999348,0,1.0,0,1,1,0.14154377945278257,myopic_trap
B4_Myopic_VOI,42289,0.518,0.4908113445754331,reject,reject,True,False,False,26.385999999999893,0.0,20.0,0.0,6.385999999999892,0,4.0,0,4,4,0.14133752858731416,myopic_trap
B7_Proposed,42289,0.518,0.48199555276662986,reject,reject,True,False,False,6.599999999999935,0.0,5.0,0.0,1.5999999999999348,0,1.0,0,1,1,0.14173821369447565,myopic_trap
B4_Myopic_VOI,42290,0.518,0.4835044962834922,reject,reject,True,False,False,19.800000000000082,0.0,15.0,0.0,4.8000000000000815,0,3.0,0,3,3,0.14112931372660265,myopic_trap
B7_Proposed,42290,0.518,0.4796126752096187,reject,reject,True,False,False,6.600000000000073,0.0,5.0,0.0,1.6000000000000736,0,1.0,0,1,1,0.14141458336598997,myopic_trap
B4_Myopic_VOI,42291,0.518,0.48366274075217375,reject,reject,True,False,False,26.39999999999974,0.0,20.0,0.0,6.399999999999739,0,4.0,0,4,4,0.14098967152672362,myopic_trap
B7_Proposed,42291,0.518,0.4796126752096187,reject,reject,True,False,False,6.599999999999935,0.0,5.0,0.0,1.5999999999999348,0,1.0,0,1,1,0.14141458336598997,myopic_trap
B4_Myopic_VOI,42292,0.518,0.4891771003817499,reject,reject,True,False,False,26.399999999999878,0.0,20.0,0.0,6.399999999999878,0,4.0,0,4,4,0.1412602413531901,myopic_trap
B7_Proposed,42292,0.52,0.4838123916857282,reject,reject,True,False,False,9.461328821589172,0.0,5.0,0.0,4.461328821589172,0,1.0,0,1,1,0.1419796664634318,myopic_trap
B4_Myopic_VOI,42293,0.518,0.4790694557883273,reject,reject,True,False,False,13.19999999999987,0.0,10.0,0.0,3.1999999999998696,0,2.0,0,2,2,0.14100007454728422,myopic_trap
B7_Proposed,42293,0.518,0.4796126752096187,reject,reject,True,False,False,6.599999999999935,0.0,5.0,0.0,1.5999999999999348,0,1.0,0,1,1,0.14141458336598997,myopic_trap
B4_Myopic_VOI,42294,0.518,0.4819017016026906,reject,reject,True,False,False,19.799999999999944,0.0,15.0,0.0,4.799999999999943,0,3.0,0,3,3,0.14102732386378194,myopic_trap
B7_Proposed,42294,0.518,0.4796126752096187,reject,reject,True,False,False,6.600000000000073,0.0,5.0,0.0,1.6000000000000736,0,1.0,0,1,1,0.14141458336598997,myopic_trap
B4_Myopic_VOI,42295,0.518,0.47852510671707166,reject,reject,True,False,False,13.19999999999987,0.0,10.0,0.0,3.1999999999998696,0,2.0,0,2,2,0.14095160329822964,myopic_trap
B7_Proposed,42295,0.518,0.49317363780919854,reject,reject,True,False,False,6.599999999999935,0.0,5.0,0.0,1.5999999999999348,0,1.0,0,1,1,0.14315194931495248,myopic_trap
B4_Myopic_VOI,42296,0.518,0.47966952940657476,reject,reject,True,False,False,19.800000000000082,0.0,15.0,0.0,4.8000000000000815,0,3.0,0,3,3,0.14088258502635329,myopic_trap
B7_Proposed,42296,0.518,0.4796126752096187,reject,reject,True,False,False,6.600000000000073,0.0,5.0,0.0,1.6000000000000736,0,1.0,0,1,1,0.14141458336598997,myopic_trap
B4_Myopic_VOI,42297,0.518,0.4768663646128307,reject,reject,True,False,False,13.200000000000008,0.0,10.0,0.0,3.200000000000008,0,2.0,0,2,2,0.1408023127869857,myopic_trap
B7_Proposed,42297,0.518,0.48148151897936853,reject,reject,True,False,False,6.600000000000073,0.0,5.0,0.0,1.6000000000000736,0,1.0,0,1,1,0.14166906912143018,myopic_trap
B4_Myopic_VOI,42298,0.518,0.48347798325272134,reject,reject,True,False,False,19.799999999999805,0.0,15.0,0.0,4.799999999999804,0,3.0,0,3,3,0.141127639794972,myopic_trap
B7_Proposed,42298,0.518,0.4796126752096187,reject,reject,True,False,False,6.599999999999935,0.0,5.0,0.0,1.5999999999999348,0,1.0,0,1,1,0.14141458336598997,myopic_trap
B4_Myopic_VOI,42299,0.518,0.4780811086419443,reject,reject,True,False,False,13.200000000000008,0.0,10.0,0.0,3.200000000000008,0,2.0,0,2,2,0.14091187710897804,myopic_trap
B7_Proposed,42299,0.518,0.48786553084325757,reject,reject,True,False,False,6.599999999999935,0.0,5.0,0.0,1.5999999999999348,0,1.0,0,1,1,0.14250191457789177,myopic_trap
B4_Myopic_VOI,42300,0.518,0.47825470938922593,reject,reject,True,False,False,13.19999999999987,0.0,10.0,0.0,3.1999999999998696,0,2.0,0,2,2,0.14092743022829252,myopic_trap
B7_Proposed,42300,0.518,0.4965910367774862,reject,reject,True,False,False,6.599999999999935,0.0,5.0,0.0,1.5999999999999348,0,1.0,0,1,1,0.14355031611376584,myopic_trap
B4_Myopic_VOI,42301,0.518,0.488670975564122,reject,reject,True,False,False,26.399999999999878,0.0,20.0,0.0,6.399999999999878,0,4.0,0,4,4,0.14123603714459948,myopic_trap
B7_Proposed,42301,0.518,0.48412056677854753,reject,reject,True,False,False,6.599999999999935,0.0,5.0,0.0,1.5999999999999348,0,1.0,0,1,1,0.1420201690202838,myopic_trap
B4_Myopic_VOI,42302,0.518,0.47742059242609924,reject,reject,True,False,False,19.799999999999805,0.0,15.0,0.0,4.799999999999804,0,3.0,0,3,3,0.14073357147448773,myopic_trap
B7_Proposed,42302,0.522,0.4796126752096187,reject,reject,True,False,False,12.488560224972046,0.0,5.0,0.0,7.488560224972046,0,1.0,0,1,1,0.14141458336598997,myopic_trap
B4_Myopic_VOI,42303,0.518,0.4841390938214696,reject,reject,True,False,False,19.799999999999944,0.0,15.0,0.0,4.799999999999943,0,3.0,0,3,3,0.14116924782419163,myopic_trap
B7_Proposed,42303,0.518,0.4817284905757563,reject,reject,True,False,False,6.599999999999935,0.0,5.0,0.0,1.5999999999999348,0,1.0,0,1,1,0.1417023360100887,myopic_trap
B4_Myopic_VOI,42304,0.518,0.4787181936226144,reject,reject,True,False,False,19.799999999999944,0.0,15.0,0.0,4.799999999999943,0,3.0,0,3,3,0.1408199409912343,myopic_trap
B7_Proposed,42304,0.518,0.4920158251756897,reject,reject,True,False,False,6.599999999999935,0.0,5.0,0.0,1.5999999999999348,0,1.0,0,1,1,0.14301341918310137,myopic_trap
B4_Myopic_VOI,42305,0.518,0.4768663646128307,reject,reject,True,False,False,13.200000000000008,0.0,10.0,0.0,3.200000000000008,0,2.0,0,2,2,0.1408023127869857,myopic_trap
B7_Proposed,42305,0.518,0.4796126752096187,reject,reject,True,False,False,6.599999999999935,0.0,5.0,0.0,1.5999999999999348,0,1.0,0,1,1,0.14141458336598997,myopic_trap
B4_Myopic_VOI,42306,0.518,0.47895157070588035,reject,reject,True,False,False,19.799999999999944,0.0,15.0,0.0,4.799999999999943,0,3.0,0,3,3,0.14083536156155715,myopic_trap
B7_Proposed,42306,0.518,0.48662767746870816,reject,reject,True,False,False,6.599999999999935,0.0,5.0,0.0,1.5999999999999348,0,1.0,0,1,1,0.14234480924713466,myopic_trap
B4_Myopic_VOI,42307,0.518,0.4768663646128307,reject,reject,True,False,False,13.19999999999987,0.0,10.0,0.0,3.1999999999998696,0,2.0,0,2,2,0.1408023127869857,myopic_trap
B7_Proposed,42307,0.518,0.4824983856449247,reject,reject,True,False,False,6.599999999999935,0.0,5.0,0.0,1.5999999999999348,0,1.0,0,1,1,0.14180549654979643,myopic_trap
B4_Myopic_VOI,42308,0.518,0.48099874397821996,reject,reject,True,False,False,19.799999999999944,0.0,15.0,0.0,4.799999999999943,0,3.0,0,3,3,0.14096915316173364,myopic_trap
B7_Proposed,42308,0.518,0.4861493573421042,reject,reject,True,False,False,6.599999999999935,0.0,5.0,0.0,1.5999999999999348,0,1.0,0,1,1,0.14228353967083737,myopic_trap
B4_Myopic_VOI,42309,0.518,0.4768663646128307,reject,reject,True,False,False,13.19999999999987,0.0,10.0,0.0,3.1999999999998696,0,2.0,0,2,2,0.1408023127869857,myopic_trap
B7_Proposed,42309,0.518,0.4812188172920184,reject,reject,True,False,False,6.599999999999935,0.0,5.0,0.0,1.5999999999999348,0,1.0,0,1,1,0.14163359029385472,myopic_trap
B4_Myopic_VOI,42310,0.518,0.478059942890703,reject,reject,True,False,False,13.200000000000008,0.0,10.0,0.0,3.200000000000008,0,2.0,0,2,2,0.14090997904915745,myopic_trap
B7_Proposed,42310,0.518,0.4796126752096187,reject,reject,True,False,False,6.599999999999935,0.0,5.0,0.0,1.5999999999999348,0,1.0,0,1,1,0.14141458336598997,myopic_trap
B4_Myopic_VOI,42311,0.518,0.4831696361214017,reject,reject,True,False,False,19.800000000000082,0.0,15.0,0.0,4.8000000000000815,0,3.0,0,3,3,0.14110813943985281,myopic_trap
B7_Proposed,42311,0.518,0.4796126752096187,reject,reject,True,False,False,6.600000000000073,0.0,5.0,0.0,1.6000000000000736,0,1.0,0,1,1,0.14141458336598997,myopic_trap
B4_Myopic_VOI,42312,0.518,0.4817658892671656,reject,reject,True,False,False,19.799999999999944,0.0,15.0,0.0,4.799999999999943,0,3.0,0,3,3,0.14101860737543215,myopic_trap
B7_Proposed,42312,0.518,0.4834271341837043,reject,reject,True,False,False,6.599999999999935,0.0,5.0,0.0,1.5999999999999348,0,1.0,0,1,1,0.14192884862153574,myopic_trap
B4_Myopic_VOI,42313,0.518,0.4768663646128307,reject,reject,True,False,False,13.200000000000008,0.0,10.0,0.0,3.200000000000008,0,2.0,0,2,2,0.1408023127869857,myopic_trap
B7_Proposed,42313,0.518,0.4796126752096187,reject,reject,True,False,False,6.599999999999935,0.0,5.0,0.0,1.5999999999999348,0,1.0,0,1,1,0.14141458336598997,myopic_trap
B4_Myopic_VOI,42314,0.518,0.4871520347261393,reject,reject,True,False,False,26.399999999999878,0.0,20.0,0.0,6.399999999999878,0,4.0,0,4,4,0.141162634434943,myopic_trap
B7_Proposed,42314,0.518,0.4796126752096187,reject,reject,True,False,False,6.600000000000073,0.0,5.0,0.0,1.6000000000000736,0,1.0,0,1,1,0.14141458336598997,myopic_trap
B4_Myopic_VOI,42315,0.518,0.4791979329246823,reject,reject,True,False,False,19.800000000000082,0.0,15.0,0.0,4.800000000000082,0,3.0,0,3,3,0.14085160271372701,myopic_trap
B7_Proposed,42315,0.518,0.4886027610354988,reject,reject,True,False,False,6.599999999999935,0.0,5.0,0.0,1.5999999999999348,0,1.0,0,1,1,0.14259448670179609,myopic_trap
B4_Myopic_VOI,42316,0.518,0.48348162876854356,reject,reject,True,False,False,26.400000000000016,0.0,20.0,0.0,6.400000000000016,0,4.0,0,4,4,0.14098052836965574,myopic_trap
B7_Proposed,42316,0.518,0.48209437971215346,reject,reject,True,False,False,6.600000000000073,0.0,5.0,0.0,1.6000000000000736,0,1.0,0,1,1,0.14175146519772638,myopic_trap
B4_Myopic_VOI,42317,0.518,0.4825965298172551,reject,reject,True,False,False,26.400000000000016,0.0,20.0,0.0,6.400000000000016,0,4.0,0,4,4,0.14093561018361336,myopic_trap
B7_Proposed,42317,0.518,0.4825612474335535,reject,reject,True,False,False,6.599999999999935,0.0,5.0,0.0,1.5999999999999348,0,1.0,0,1,1,0.14181388326710057,myopic_trap
B4_Myopic_VOI,42318,0.518,0.48089179637911317,reject,reject,True,False,False,19.799999999999944,0.0,15.0,0.0,4.799999999999943,0,3.0,0,3,3,0.14096222925270827,myopic_trap
B7_Proposed,42318,0.518,0.48822899673621445,reject,reject,True,False,False,6.599999999999935,0.0,5.0,0.0,1.5999999999999348,0,1.0,0,1,1,0.14254764679867568,myopic_trap
B4_Myopic_VOI,42319,0.518,0.4768663646128307,reject,reject,True,False,False,13.19999999999987,0.0,10.0,0.0,3.1999999999998696,0,2.0,0,2,2,0.1408023127869857,myopic_trap
B7_Proposed,42319,0.518,0.4969346293267127,reject,reject,True,False,False,6.599999999999935,0.0,5.0,0.0,1.5999999999999348,0,1.0,0,1,1,0.1435895028788381,myopic_trap
B4_Myopic_VOI,42320,0.518,0.491623770491551,reject,reject,True,False,False,32.999999999999815,0.0,25.0,0.0,7.999999999999813,0,5.0,0,5,5,0.14121552532827392,myopic_trap
B7_Proposed,42320,0.518,0.48079765223426696,reject,reject,True,False,False,6.599999999999796,0.0,5.0,0.0,1.599999999999796,0,1.0,0,1,1,0.14157650994087384,myopic_trap
B4_Myopic_VOI,42321,0.518,0.4768663646128307,reject,reject,True,False,False,13.200000000000147,0.0,10.0,0.0,3.200000000000147,0,2.0,0,2,2,0.1408023127869857,myopic_trap
B7_Proposed,42321,0.518,0.4839202279002103,reject,reject,True,False,False,6.600000000000073,0.0,5.0,0.0,1.6000000000000736,0,1.0,0,1,1,0.1419938539824635,myopic_trap
B4_Myopic_VOI,42322,0.518,0.4768663646128307,reject,reject,True,False,False,13.200000000000147,0.0,10.0,0.0,3.200000000000147,0,2.0,0,2,2,0.1408023127869857,myopic_trap
B7_Proposed,42322,0.518,0.4880873815300199,reject,reject,True,False,False,6.600000000000073,0.0,5.0,0.0,1.6000000000000736,0,1.0,0,1,1,0.1425298498615416,myopic_trap
B4_Myopic_VOI,42323,0.518,0.47900248162524217,reject,reject,True,False,False,19.800000000000082,0.0,15.0,0.0,4.800000000000082,0,3.0,0,3,3,0.14083872095677383,myopic_trap
B7_Proposed,42323,0.518,0.5010089763614589,reject,reject,True,False,False,6.599999999999935,0.0,5.0,0.0,1.5999999999999348,0,1.0,0,1,1,0.14404219610007327,myopic_trap
B4_Myopic_VOI,42324,0.518,0.4768663646128307,reject,reject,True,False,False,13.200000000000008,0.0,10.0,0.0,3.200000000000008,0,2.0,0,2,2,0.1408023127869857,myopic_trap
B7_Proposed,42324,0.518,0.4894083340193909,reject,reject,True,False,False,6.600000000000073,0.0,5.0,0.0,1.6000000000000736,0,1.0,0,1,1,0.1426947929748792,myopic_trap
B4_Myopic_VOI,42325,0.518,0.4841305606973819,reject,reject,True,False,False,19.799999999999805,0.0,15.0,0.0,4.799999999999804,0,3.0,0,3,3,0.14116871252980814,myopic_trap
B7_Proposed,42325,0.518,0.4796126752096187,reject,reject,True,False,False,6.599999999999935,0.0,5.0,0.0,1.5999999999999348,0,1.0,0,1,1,0.14141458336598997,myopic_trap
B4_Myopic_VOI,42326,0.518,0.4768663646128307,reject,reject,True,False,False,13.200000000000287,0.0,10.0,0.0,3.200000000000286,0,2.0,0,2,2,0.1408023127869857,myopic_trap
B7_Proposed,42326,0.518,0.5009870002398032,reject,reject,True,False,False,6.600000000000213,0.0,5.0,0.0,1.6000000000002124,0,1.0,0,1,1,0.14403981347482706,myopic_trap
B4_Myopic_VOI,42327,0.518,0.483089284396861,reject,reject,True,False,False,19.799999999999944,0.0,15.0,0.0,4.799999999999943,0,3.0,0,3,3,0.14110304804042131,myopic_trap
B7_Proposed,42327,0.518,0.4796126752096187,reject,reject,True,False,False,6.599999999999935,0.0,5.0,0.0,1.5999999999999348,0,1.0,0,1,1,0.14141458336598997,myopic_trap
B4_Myopic_VOI,42328,0.518,0.4768663646128307,reject,reject,True,False,False,13.19999999999987,0.0,10.0,0.0,3.1999999999998696,0,2.0,0,2,2,0.1408023127869857,myopic_trap
B7_Proposed,42328,0.518,0.48691033651868665,reject,reject,True,False,False,6.599999999999935,0.0,5.0,0.0,1.5999999999999348,0,1.0,0,1,1,0.1423808684807255,myopic_trap
B4_Myopic_VOI,42329,0.518,0.48333120435986093,reject,reject,True,False,False,19.799999999999944,0.0,15.0,0.0,4.799999999999943,0,3.0,0,3,3,0.14111836473163986,myopic_trap
B7_Proposed,42329,0.518,0.4838653117639387,reject,reject,True,False,False,6.599999999999935,0.0,5.0,0.0,1.5999999999999348,0,1.0,0,1,1,0.14198663092418046,myopic_trap
B4_Myopic_VOI,42330,0.518,0.48393949871124836,reject,reject,True,False,False,19.799999999999944,0.0,15.0,0.0,4.799999999999943,0,3.0,0,3,3,0.14115671496376012,myopic_trap
B7_Proposed,42330,0.518,0.4984276266789386,reject,reject,True,False,False,6.600000000000073,0.0,5.0,0.0,1.6000000000000736,0,1.0,0,1,1,0.14375794977062945,myopic_trap
B4_Myopic_VOI,42331,0.518,0.48312975676651754,reject,reject,True,False,False,26.399999999999878,0.0,20.0,0.0,6.399999999999878,0,4.0,0,4,4,0.14096271789802853,myopic_trap
B7_Proposed,42331,0.518,0.4796126752096187,reject,reject,True,False,False,6.599999999999935,0.0,5.0,0.0,1.5999999999999348,0,1.0,0,1,1,0.14141458336598997,myopic_trap
B4_Myopic_VOI,42332,0.518,0.48558972076407336,reject,reject,True,False,False,26.399999999999878,0.0,20.0,0.0,6.399999999999878,0,4.0,0,4,4,0.14108594015475454,myopic_trap
B7_Proposed,42332,0.518,0.4964438997502345,reject,reject,True,False,False,6.599999999999935,0.0,5.0,0.0,1.5999999999999348,0,1.0,0,1,1,0.14353348686700895,myopic_trap
B4_Myopic_VOI,42333,0.518,0.4823012744324863,reject,reject,True,False,False,26.400000000000016,0.0,20.0,0.0,6.400000000000017,0,4.0,0,4,4,0.1409205392150476,myopic_trap
B7_Proposed,42333,0.518,0.4796126752096187,reject,reject,True,False,False,6.600000000000213,0.0,5.0,0.0,1.6000000000002124,0,1.0,0,1,1,0.14141458336598997,myopic_trap
B4_Myopic_VOI,42334,0.518,0.480356715130413,reject,reject,True,False,False,19.799999999999944,0.0,15.0,0.0,4.799999999999943,0,3.0,0,3,3,0.1409274789861671,myopic_trap
B7_Proposed,42334,0.518,0.4796126752096187,reject,reject,True,False,False,6.600000000000073,0.0,5.0,0.0,1.6000000000000736,0,1.0,0,1,1,0.14141458336598997,myopic_trap
B4_Myopic_VOI,42335,0.518,0.4768663646128307,reject,reject,True,False,False,13.200000000000008,0.0,10.0,0.0,3.200000000000008,0,2.0,0,2,2,0.1408023127869857,myopic_trap
B7_Proposed,42335,0.518,0.4842911179047585,reject,reject,True,False,False,6.600000000000073,0.0,5.0,0.0,1.6000000000000736,0,1.0,0,1,1,0.14204252769599285,myopic_trap
B4_Myopic_VOI,42336,0.518,0.48219286835917624,reject,reject,True,False,False,19.799999999999944,0.0,15.0,0.0,4.799999999999943,0,3.0,0,3,3,0.1410459718595246,myopic_trap
B7_Proposed,42336,0.518,0.4801621283808564,reject,reject,True,False,False,6.600000000000073,0.0,5.0,0.0,1.6000000000000736,0,1.0,0,1,1,0.14148990961783878,myopic_trap
B4_Myopic_VOI,42337,0.518,0.48469130763143686,reject,reject,True,False,False,26.399999999999878,0.0,20.0,0.0,6.399999999999878,0,4.0,0,4,4,0.14104128707195993,myopic_trap
B7_Proposed,42337,0.518,0.49462716453639227,reject,reject,True,False,False,6.599999999999935,0.0,5.0,0.0,1.5999999999999348,0,1.0,0,1,1,0.14332330345418,myopic_trap
B4_Myopic_VOI,42338,0.518,0.4817449770413106,reject,reject,True,False,False,19.800000000000082,0.0,15.0,0.0,4.800000000000082,0,3.0,0,3,3,0.141017264187054,myopic_trap
B7_Proposed,42338,0.518,0.4796126752096187,reject,reject,True,False,False,6.599999999999935,0.0,5.0,0.0,1.5999999999999348,0,1.0,0,1,1,0.14141458336598997,myopic_trap
B4_Myopic_VOI,42339,0.518,0.4768663646128307,reject,reject,True,False,False,13.19999999999987,0.0,10.0,0.0,3.1999999999998696,0,2.0,0,2,2,0.1408023127869857,myopic_trap
B7_Proposed,42339,0.518,0.4796126752096187,reject,reject,True,False,False,6.599999999999935,0.0,5.0,0.0,1.5999999999999348,0,1.0,0,1,1,0.14141458336598997,myopic_trap
B4_Myopic_VOI,42340,0.518,0.4768663646128307,reject,reject,True,False,False,13.200000000000008,0.0,10.0,0.0,3.200000000000008,0,2.0,0,2,2,0.1408023127869857,myopic_trap
B7_Proposed,42340,0.518,0.4796126752096187,reject,reject,True,False,False,6.599999999999935,0.0,5.0,0.0,1.5999999999999348,0,1.0,0,1,1,0.14141458336598997,myopic_trap
B4_Myopic_VOI,42341,0.518,0.47837790684451126,reject,reject,True,False,False,13.19999999999987,0.0,10.0,0.0,3.1999999999998696,0,2.0,0,2,2,0.1409384517559843,myopic_trap
B7_Proposed,42341,0.518,0.4796126752096187,reject,reject,True,False,False,6.599999999999935,0.0,5.0,0.0,1.5999999999999348,0,1.0,0,1,1,0.14141458336598997,myopic_trap
B4_Myopic_VOI,42342,0.518,0.4840256424794987,reject,reject,True,False,False,19.799999999999944,0.0,15.0,0.0,4.799999999999943,0,3.0,0,3,3,0.14116212712619852,myopic_trap
B7_Proposed,42342,0.518,0.4796126752096187,reject,reject,True,False,False,6.599999999999935,0.0,5.0,0.0,1.5999999999999348,0,1.0,0,1,1,0.14141458336598997,myopic_trap
B4_Myopic_VOI,42343,0.518,0.48259463323854124,reject,reject,True,False,False,19.799999999999805,0.0,15.0,0.0,4.799999999999804,0,3.0,0,3,3,0.14107161544897864,myopic_trap
B7_Proposed,42343,0.518,0.4796126752096187,reject,reject,True,False,False,6.599999999999935,0.0,5.0,0.0,1.5999999999999348,0,1.0,0,1,1,0.14141458336598997,myopic_trap
B4_Myopic_VOI,42344,0.518,0.4779219589901681,reject,reject,True,False,False,19.800000000000082,0.0,15.0,0.0,4.800000000000082,0,3.0,0,3,3,0.14076706945221057,myopic_trap
B7_Proposed,42344,0.518,0.4902873728615737,reject,reject,True,False,False,6.600000000000073,0.0,5.0,0.0,1.6000000000000736,0,1.0,0,1,1,0.14280323924217347,myopic_trap
B4_Myopic_VOI,42345,0.518,0.4777845298310323,reject,reject,True,False,False,19.799999999999944,0.0,15.0,0.0,4.799999999999943,0,3.0,0,3,3,0.14075790321405363,myopic_trap
B7_Proposed,42345,0.518,0.4842046812240749,reject,reject,True,False,False,6.599999999999935,0.0,5.0,0.0,1.5999999999999348,0,1.0,0,1,1,0.14203120115679063,myopic_trap
B4_Myopic_VOI,42346,0.52,0.4768663646128307,reject,reject,True,False,False,15.97169069379247,0.0,10.0,0.0,5.971690693792469,0,2.0,0,2,2,0.1408023127869857,myopic_trap
B7_Proposed,42346,0.518,0.4796126752096187,reject,reject,True,False,False,6.600000000000073,0.0,5.0,0.0,1.6000000000000736,0,1.0,0,1,1,0.14141458336598997,myopic_trap
B4_Myopic_VOI,42347,0.518,0.4784086294475455,reject,reject,True,False,False,19.799999999999944,0.0,15.0,0.0,4.799999999999943,0,3.0,0,3,3,0.14079943306486115,myopic_trap
B7_Proposed,42347,0.518,0.49197576417339856,reject,reject,True,False,False,6.599999999999935,0.0,5.0,0.0,1.5999999999999348,0,1.0,0,1,1,0.1430085935512094,myopic_trap
B4_Myopic_VOI,42348,0.518,0.4827203877750499,reject,reject,True,False,False,19.799999999999944,0.0,15.0,0.0,4.799999999999943,0,3.0,0,3,3,0.141079621127203,myopic_trap
B7_Proposed,42348,0.518,0.48556340611294263,reject,reject,True,False,False,6.599999999999935,0.0,5.0,0.0,1.5999999999999348,0,1.0,0,1,1,0.14220805518193133,myopic_trap
B4_Myopic_VOI,42349,0.518,0.4785271127981022,reject,reject,True,False,False,19.800000000000082,0.0,15.0,0.0,4.8000000000000815,0,3.0,0,3,3,0.14080728949111596,myopic_trap
B7_Proposed,42349,0.518,0.48077578537824406,reject,reject,True,False,False,6.599999999999935,0.0,5.0,0.0,1.5999999999999348,0,1.0,0,1,1,0.14157353958622618,myopic_trap
B4_Myopic_VOI,42350,0.518,0.4806861366342208,reject,reject,True,False,False,19.799999999999944,0.0,15.0,0.0,4.799999999999943,0,3.0,0,3,3,0.14094889430551505,myopic_trap
B7_Proposed,42350,0.518,0.4845394284359267,reject,reject,True,False,False,6.599999999999935,0.0,5.0,0.0,1.5999999999999348,0,1.0,0,1,1,0.14207500861567174,myopic_trap
B4_Myopic_VOI,42351,0.518,0.47996623874094146,reject,reject,True,False,False,19.800000000000082,0.0,15.0,0.0,4.800000000000082,0,3.0,0,3,3,0.1409020057267965,myopic_trap
B7_Proposed,42351,0.518,0.4860700260328505,reject,reject,True,False,False,6.600000000000213,0.0,5.0,0.0,1.6000000000002124,0,1.0,0,1,1,0.14227334751077156,myopic_trap
B4_Myopic_VOI,42352,0.518,0.48489492770713066,reject,reject,True,False,False,26.399999999999878,0.0,20.0,0.0,6.399999999999878,0,4.0,0,4,4,0.14105144264430433,myopic_trap
B7_Proposed,42352,0.518,0.4796126752096187,reject,reject,True,False,False,6.599999999999935,0.0,5.0,0.0,1.5999999999999348,0,1.0,0,1,1,0.14141458336598997,myopic_trap
B4_Myopic_VOI,42353,0.518,0.4768663646128307,reject,reject,True,False,False,13.19999999999987,0.0,10.0,0.0,3.1999999999998696,0,2.0,0,2,2,0.1408023127869857,myopic_trap
B7_Proposed,42353,0.518,0.4856829312636329,reject,reject,True,False,False,6.599999999999935,0.0,5.0,0.0,1.5999999999999348,0,1.0,0,1,1,0.14222349117476,myopic_trap
B4_Myopic_VOI,42354,0.518,0.4850896412060545,reject,reject,True,False,False,26.399999999999878,0.0,20.0,0.0,6.399999999999878,0,4.0,0,4,4,0.14106113469201853,myopic_trap
B7_Proposed,42354,0.518,0.4851526709081253,reject,reject,True,False,False,6.600000000000073,0.0,5.0,0.0,1.6000000000000736,0,1.0,0,1,1,0.14215486129239874,myopic_trap
B4_Myopic_VOI,42355,0.518,0.47956454226696443,reject,reject,True,False,False,19.799999999999944,0.0,15.0,0.0,4.799999999999943,0,3.0,0,3,3,0.140875699899673,myopic_trap
B7_Proposed,42355,0.518,0.4796126752096187,reject,reject,True,False,False,6.599999999999935,0.0,5.0,0.0,1.5999999999999348,0,1.0,0,1,1,0.14141458336598997,myopic_trap
B4_Myopic_VOI,42356,0.518,0.47689025731311013,reject,reject,True,False,False,13.19999999999987,0.0,10.0,0.0,3.1999999999998696,0,2.0,0,2,2,0.14080448018947292,myopic_trap
B7_Proposed,42356,0.518,0.49494343935289836,reject,reject,True,False,False,6.599999999999935,0.0,5.0,0.0,1.5999999999999348,0,1.0,0,1,1,0.1433602123660796,myopic_trap
B4_Myopic_VOI,42357,0.518,0.47727889019366676,reject,reject,True,False,False,19.799999999999944,0.0,15.0,0.0,4.799999999999943,0,3.0,0,3,3,0.14072407496472686,myopic_trap
B7_Proposed,42357,0.518,0.48311666091991556,reject,reject,True,False,False,6.600000000000073,0.0,5.0,0.0,1.6000000000000736,0,1.0,0,1,1,0.14188774590931008,myopic_trap
B4_Myopic_VOI,42358,0.524,0.483903651310739,reject,reject,True,False,False,35.66518611607684,0.0,20.0,0.0,15.665186116076839,0,4.0,0,4,4,0.14100180817938582,myopic_trap
B7_Proposed,42358,0.518,0.4910095257370971,reject,reject,True,False,False,6.600000000000351,0.0,5.0,0.0,1.6000000000003511,0,1.0,0,1,1,0.1428915454481213,myopic_trap
B4_Myopic_VOI,42359,0.518,0.49009876542808317,reject,reject,True,False,False,26.399999999999878,0.0,20.0,0.0,6.399999999999878,0,4.0,0,4,4,0.14130399168213933,myopic_trap
B7_Proposed,42359,0.518,0.49426708481394216,reject,reject,True,False,False,6.599999999999935,0.0,5.0,0.0,1.5999999999999348,0,1.0,0,1,1,0.14328111899591428,myopic_trap
B4_Myopic_VOI,42360,0.518,0.4768663646128307,reject,reject,True,False,False,13.19999999999987,0.0,10.0,0.0,3.1999999999998696,0,2.0,0,2,2,0.1408023127869857,myopic_trap
B7_Proposed,42360,0.518,0.4796126752096187,reject,reject,True,False,False,6.599999999999935,0.0,5.0,0.0,1.5999999999999348,0,1.0,0,1,1,0.14141458336598997,myopic_trap
B4_Myopic_VOI,42361,0.518,0.48193882541820576,reject,reject,True,False,False,19.799999999999944,0.0,15.0,0.0,4.799999999999943,0,3.0,0,3,3,0.14102970446013752,myopic_trap
B7_Proposed,42361,0.518,0.4796126752096187,reject,reject,True,False,False,6.599999999999935,0.0,5.0,0.0,1.5999999999999348,0,1.0,0,1,1,0.14141458336598997,myopic_trap
B4_Myopic_VOI,42362,0.518,0.47713465753480666,reject,reject,True,False,False,13.19999999999987,0.0,10.0,0.0,3.1999999999998696,0,2.0,0,2,2,0.14082662213911226,myopic_trap
B7_Proposed,42362,0.518,0.4796126752096187,reject,reject,True,False,False,6.599999999999935,0.0,5.0,0.0,1.5999999999999348,0,1.0,0,1,1,0.14141458336598997,myopic_trap
B4_Myopic_VOI,42363,0.518,0.4768663646128307,reject,reject,True,False,False,13.200000000000008,0.0,10.0,0.0,3.200000000000008,0,2.0,0,2,2,0.1408023127869857,myopic_trap
B7_Proposed,42363,0.518,0.4796126752096187,reject,reject,True,False,False,6.599999999999796,0.0,5.0,0.0,1.599999999999796,0,1.0,0,1,1,0.14141458336598997,myopic_trap
B4_Myopic_VOI,42364,0.518,0.48936411994236934,reject,reject,True,False,False,33.00000000000009,0.0,25.0,0.0,8.00000000000009,0,5.0,0,5,5,0.14112645543157057,myopic_trap
B7_Proposed,42364,0.518,0.4803953527927799,reject,reject,True,False,False,6.600000000000213,0.0,5.0,0.0,1.6000000000002124,0,1.0,0,1,1,0.14152175562465671,myopic_trap
B4_Myopic_VOI,42365,0.518,0.47829958332021316,reject,reject,True,False,False,13.200000000000008,0.0,10.0,0.0,3.200000000000008,0,2.0,0,2,2,0.14093144628095458,myopic_trap
B7_Proposed,42365,0.518,0.48327021148552485,reject,reject,True,False,False,6.599999999999935,0.0,5.0,0.0,1.5999999999999348,0,1.0,0,1,1,0.14190809072272687,myopic_trap
B4_Myopic_VOI,42366,0.518,0.48613930754322443,reject,reject,True,False,False,26.400000000000016,0.0,20.0,0.0,6.400000000000016,0,4.0,0,4,4,0.141113057823536,myopic_trap
B7_Proposed,42366,0.518,0.4796126752096187,reject,reject,True,False,False,6.599999999999935,0.0,5.0,0.0,1.5999999999999348,0,1.0,0,1,1,0.14141458336598997,myopic_trap
B4_Myopic_VOI,42367,0.518,0.49031062221198934,reject,reject,True,False,False,26.400000000000155,0.0,20.0,0.0,6.400000000000157,0,4.0,0,4,4,0.14131398879228185,myopic_trap
B7_Proposed,42367,0.518,0.4796126752096187,reject,reject,True,False,False,6.599999999999935,0.0,5.0,0.0,1.5999999999999348,0,1.0,0,1,1,0.14141458336598997,myopic_trap
B4_Myopic_VOI,42368,0.52,0.4836821299120445,reject,reject,True,False,False,22.3544757806214,0.0,15.0,0.0,7.3544757806214,0,3.0,0,3,3,0.1411405174270149,myopic_trap
B7_Proposed,42368,0.518,0.4796126752096187,reject,reject,True,False,False,6.600000000000073,0.0,5.0,0.0,1.6000000000000736,0,1.0,0,1,1,0.14141458336598997,myopic_trap
B4_Myopic_VOI,42369,0.518,0.4768663646128307,reject,reject,True,False,False,13.200000000000008,0.0,10.0,0.0,3.200000000000008,0,2.0,0,2,2,0.1408023127869857,myopic_trap
B7_Proposed,42369,0.518,0.4796126752096187,reject,reject,True,False,False,6.599999999999935,0.0,5.0,0.0,1.5999999999999348,0,1.0,0,1,1,0.14141458336598997,myopic_trap
B4_Myopic_VOI,42370,0.518,0.47762627059779517,reject,reject,True,False,False,19.799999999999944,0.0,15.0,0.0,4.799999999999943,0,3.0,0,3,3,0.1407473328124339,myopic_trap
B7_Proposed,42370,0.518,0.48408522810758103,reject,reject,True,False,False,6.600000000000073,0.0,5.0,0.0,1.6000000000000736,0,1.0,0,1,1,0.14201553121861402,myopic_trap
B4_Myopic_VOI,42371,0.518,0.4768663646128307,reject,reject,True,False,False,13.19999999999987,0.0,10.0,0.0,3.1999999999998696,0,2.0,0,2,2,0.1408023127869857,myopic_trap
B7_Proposed,42371,0.518,0.4917691114989262,reject,reject,True,False,False,6.599999999999935,0.0,5.0,0.0,1.5999999999999348,0,1.0,0,1,1,0.14298366629945217,myopic_trap
B4_Myopic_VOI,42372,0.518,0.48424047626913014,reject,reject,True,False,False,26.400000000000155,0.0,20.0,0.0,6.400000000000156,0,4.0,0,4,4,0.1410187283393156,myopic_trap
B7_Proposed,42372,0.518,0.4796126752096187,reject,reject,True,False,False,6.599999999999935,0.0,5.0,0.0,1.5999999999999348,0,1.0,0,1,1,0.14141458336598997,myopic_trap
B4_Myopic_VOI,42373,0.518,0.48176289533210526,reject,reject,True,False,False,19.799999999999944,0.0,15.0,0.0,4.799999999999943,0,3.0,0,3,3,0.14101841509245944,myopic_trap
B7_Proposed,42373,0.518,0.4796126752096187,reject,reject,True,False,False,6.599999999999935,0.0,5.0,0.0,1.5999999999999348,0,1.0,0,1,1,0.14141458336598997,myopic_trap
B4_Myopic_VOI,42374,0.518,0.4768663646128307,reject,reject,True,False,False,13.19999999999987,0.0,10.0,0.0,3.1999999999998696,0,2.0,0,2,2,0.1408023127869857,myopic_trap
B7_Proposed,42374,0.518,0.4796126752096187,reject,reject,True,False,False,6.599999999999935,0.0,5.0,0.0,1.5999999999999348,0,1.0,0,1,1,0.14141458336598997,myopic_trap
B4_Myopic_VOI,42375,0.518,0.48509566103368496,reject,reject,True,False,False,26.399999999999878,0.0,20.0,0.0,6.399999999999878,0,4.0,0,4,4,0.141061434033832,myopic_trap
B7_Proposed,42375,0.518,0.4796126752096187,reject,reject,True,False,False,6.599999999999935,0.0,5.0,0.0,1.5999999999999348,0,1.0,0,1,1,0.14141458336598997,myopic_trap
B4_Myopic_VOI,42376,0.524,0.4850003856997647,reject,reject,True,False,False,34.908163835409134,0.0,20.0,0.0,14.908163835409132,0,4.0,0,4,4,0.14105669425813164,myopic_trap
B7_Proposed,42376,0.518,0.48419018955083776,reject,reject,True,False,False,6.600000000000073,0.0,5.0,0.0,1.6000000000000736,0,1.0,0,1,1,0.14202930117937151,myopic_trap
B4_Myopic_VOI,42377,0.518,0.484173899267185,reject,reject,True,False,False,19.799999999999944,0.0,15.0,0.0,4.799999999999943,0,3.0,0,3,3,0.14117143074253793,myopic_trap
B7_Proposed,42377,0.518,0.48721546662724224,reject,reject,True,False,False,6.600000000000073,0.0,5.0,0.0,1.6000000000000736,0,1.0,0,1,1,0.14241967152593288,myopic_trap
B4_Myopic_VOI,42378,0.518,0.48189372727005414,reject,reject,True,False,False,26.399999999999878,0.0,20.0,0.0,6.399999999999878,0,4.0,0,4,4,0.14089966493805178,myopic_trap
B7_Proposed,42378,0.518,0.48571749857434404,reject,reject,True,False,False,6.599999999999935,0.0,5.0,0.0,1.5999999999999348,0,1.0,0,1,1,0.14222795168504088,myopic_trap
B4_Myopic_VOI,42379,0.518,0.4813115136918566,reject,reject,True,False,False,19.799999999999944,0.0,15.0,0.0,4.799999999999943,0,3.0,0,3,3,0.1409893607861051,myopic_trap
B7_Proposed,42379,0.518,0.4796126752096187,reject,reject,True,False,False,6.600000000000073,0.0,5.0,0.0,1.6000000000000736,0,1.0,0,1,1,0.14141458336598997,myopic_trap
B4_Myopic_VOI,42380,0.518,0.48558689573941666,reject,reject,True,False,False,26.400000000000016,0.0,20.0,0.0,6.400000000000017,0,4.0,0,4,4,0.1410858003744711,myopic_trap
B7_Proposed,42380,0.518,0.48997183441881953,reject,reject,True,False,False,6.599999999999935,0.0,5.0,0.0,1.5999999999999348,0,1.0,0,1,1,0.14276443238019515,myopic_trap
B4_Myopic_VOI,42381,0.518,0.47753886938453816,reject,reject,True,False,False,13.200000000000008,0.0,10.0,0.0,3.200000000000008,0,2.0,0,2,2,0.14086312836224701,myopic_trap
B7_Proposed,42381,0.518,0.4796126752096187,reject,reject,True,False,False,6.600000000000073,0.0,5.0,0.0,1.6000000000000736,0,1.0,0,1,1,0.14141458336598997,myopic_trap
B4_Myopic_VOI,42382,0.518,0.4768663646128307,reject,reject,True,False,False,13.200000000000008,0.0,10.0,0.0,3.200000000000008,0,2.0,0,2,2,0.1408023127869857,myopic_trap
B7_Proposed,42382,0.518,0.4796126752096187,reject,reject,True,False,False,6.599999999999935,0.0,5.0,0.0,1.5999999999999348,0,1.0,0,1,1,0.14141458336598997,myopic_trap
B4_Myopic_VOI,42383,0.518,0.4881332599753958,reject,reject,True,False,False,26.400000000000155,0.0,20.0,0.0,6.400000000000155,0,4.0,0,4,4,0.1412101830004061,myopic_trap
B7_Proposed,42383,0.518,0.4796126752096187,reject,reject,True,False,False,6.599999999999935,0.0,5.0,0.0,1.5999999999999348,0,1.0,0,1,1,0.14141458336598997,myopic_trap
B4_Myopic_VOI,42384,0.518,0.4768663646128307,reject,reject,True,False,False,13.19999999999987,0.0,10.0,0.0,3.1999999999998696,0,2.0,0,2,2,0.1408023127869857,myopic_trap
B7_Proposed,42384,0.518,0.4901750166179693,reject,reject,True,False,False,6.599999999999935,0.0,5.0,0.0,1.5999999999999348,0,1.0,0,1,1,0.14278943648420184,myopic_trap
B4_Myopic_VOI,42385,0.518,0.4816201953644118,reject,reject,True,False,False,19.799999999999944,0.0,15.0,0.0,4.799999999999943,0,3.0,0,3,3,0.1410092437489956,myopic_trap
B7_Proposed,42385,0.518,0.4796126752096187,reject,reject,True,False,False,6.599999999999935,0.0,5.0,0.0,1.5999999999999348,0,1.0,0,1,1,0.14141458336598997,myopic_trap
B4_Myopic_VOI,42386,0.518,0.4768663646128307,reject,reject,True,False,False,13.200000000000008,0.0,10.0,0.0,3.200000000000008,0,2.0,0,2,2,0.1408023127869857,myopic_trap
B7_Proposed,42386,0.518,0.4796126752096187,reject,reject,True,False,False,6.600000000000073,0.0,5.0,0.0,1.6000000000000736,0,1.0,0,1,1,0.14141458336598997,myopic_trap
B4_Myopic_VOI,42387,0.518,0.4768663646128307,reject,reject,True,False,False,13.200000000000147,0.0,10.0,0.0,3.200000000000147,0,2.0,0,2,2,0.1408023127869857,myopic_trap
B7_Proposed,42387,0.518,0.49532468553612496,reject,reject,True,False,False,6.599999999999796,0.0,5.0,0.0,1.599999999999796,0,1.0,0,1,1,0.14340452491848701,myopic_trap
B4_Myopic_VOI,42388,0.518,0.48134261217807567,reject,reject,True,False,False,19.799999999999944,0.0,15.0,0.0,4.799999999999943,0,3.0,0,3,3,0.14099136664164374,myopic_trap
B7_Proposed,42388,0.518,0.4796126752096187,reject,reject,True,False,False,6.600000000000073,0.0,5.0,0.0,1.6000000000000736,0,1.0,0,1,1,0.14141458336598997,myopic_trap
B4_Myopic_VOI,42389,0.518,0.4768663646128307,reject,reject,True,False,False,13.200000000000008,0.0,10.0,0.0,3.200000000000008,0,2.0,0,2,2,0.1408023127869857,myopic_trap
B7_Proposed,42389,0.518,0.49723030488020353,reject,reject,True,False,False,6.600000000000073,0.0,5.0,0.0,1.6000000000000736,0,1.0,0,1,1,0.14362309846617077,myopic_trap
B4_Myopic_VOI,42390,0.518,0.4777530157494091,reject,reject,True,False,False,19.800000000000082,0.0,15.0,0.0,4.800000000000082,0,3.0,0,3,3,0.14075579960215293,myopic_trap
B7_Proposed,42390,0.518,0.4820820372293476,reject,reject,True,False,False,6.599999999999935,0.0,5.0,0.0,1.5999999999999348,0,1.0,0,1,1,0.1417498109604766,myopic_trap
B4_Myopic_VOI,42391,0.518,0.4834929413250001,reject,reject,True,False,False,19.799999999999944,0.0,15.0,0.0,4.799999999999943,0,3.0,0,3,3,0.14112858424498334,myopic_trap
B7_Proposed,42391,0.518,0.4796126752096187,reject,reject,True,False,False,6.600000000000073,0.0,5.0,0.0,1.6000000000000736,0,1.0,0,1,1,0.14141458336598997,myopic_trap
B4_Myopic_VOI,42392,0.518,0.4768663646128307,reject,reject,True,False,False,13.19999999999987,0.0,10.0,0.0,3.1999999999998696,0,2.0,0,2,2,0.1408023127869857,myopic_trap
B7_Proposed,42392,0.518,0.49024806952848754,reject,reject,True,False,False,6.599999999999935,0.0,5.0,0.0,1.5999999999999348,0,1.0,0,1,1,0.14279841284961362,myopic_trap
B4_Myopic_VOI,42393,0.518,0.4768663646128307,reject,reject,True,False,False,13.200000000000147,0.0,10.0,0.0,3.200000000000147,0,2.0,0,2,2,0.1408023127869857,myopic_trap
B7_Proposed,42393,0.518,0.4796126752096187,reject,reject,True,False,False,6.600000000000073,0.0,5.0,0.0,1.6000000000000736,0,1.0,0,1,1,0.14141458336598997,myopic_trap
B4_Myopic_VOI,42394,0.518,0.4802903676065802,reject,reject,True,False,False,19.799999999999944,0.0,15.0,0.0,4.799999999999943,0,3.0,0,3,3,0.14092315751208945,myopic_trap
B7_Proposed,42394,0.518,0.4796126752096187,reject,reject,True,False,False,6.600000000000073,0.0,5.0,0.0,1.6000000000000736,0,1.0,0,1,1,0.14141458336598997,myopic_trap
B4_Myopic_VOI,42395,0.518,0.4809099274718733,reject,reject,True,False,False,19.800000000000082,0.0,15.0,0.0,4.800000000000082,0,3.0,0,3,3,0.1409634035887061,myopic_trap
B7_Proposed,42395,0.518,0.4796126752096187,reject,reject,True,False,False,6.600000000000213,0.0,5.0,0.0,1.6000000000002124,0,1.0,0,1,1,0.14141458336598997,myopic_trap
B4_Myopic_VOI,42396,0.518,0.4768663646128307,reject,reject,True,False,False,13.19999999999987,0.0,10.0,0.0,3.1999999999998696,0,2.0,0,2,2,0.1408023127869857,myopic_trap
B7_Proposed,42396,0.518,0.481182629926005,reject,reject,True,False,False,6.599999999999935,0.0,5.0,0.0,1.5999999999999348,0,1.0,0,1,1,0.14162869553190666,myopic_trap
B4_Myopic_VOI,42397,0.518,0.4768663646128307,reject,reject,True,False,False,13.200000000000008,0.0,10.0,0.0,3.200000000000008,0,2.0,0,2,2,0.1408023127869857,myopic_trap
B7_Proposed,42397,0.518,0.4796126752096187,reject,reject,True,False,False,6.600000000000073,0.0,5.0,0.0,1.6000000000000736,0,1.0,0,1,1,0.14141458336598997,myopic_trap
B4_Myopic_VOI,42398,0.518,0.4768663646128307,reject,reject,True,False,False,13.19999999999987,0.0,10.0,0.0,3.1999999999998696,0,2.0,0,2,2,0.1408023127869857,myopic_trap
B7_Proposed,42398,0.518,0.506963023018016,reject,reject,True,False,False,6.599999999999935,0.0,5.0,0.0,1.5999999999999348,0,1.0,0,1,1,0.14466428972457707,myopic_trap
B4_Myopic_VOI,42399,0.518,0.4794384219509344,reject,reject,True,False,False,19.799999999999944,0.0,15.0,0.0,4.799999999999943,0,3.0,0,3,3,0.1408674196243828,myopic_trap
B7_Proposed,42399,0.518,0.4796126752096187,reject,reject,True,False,False,6.599999999999935,0.0,5.0,0.0,1.5999999999999348,0,1.0,0,1,1,0.14141458336598997,myopic_trap
B4_Myopic_VOI,42400,0.518,0.48419660972834516,reject,reject,True,False,False,26.399999999999878,0.0,20.0,0.0,6.399999999999878,0,4.0,0,4,4,0.1410165279369631,myopic_trap
B7_Proposed,42400,0.518,0.48769036318268555,reject,reject,True,False,False,6.599999999999935,0.0,5.0,0.0,1.5999999999999348,0,1.0,0,1,1,0.14247981007308866,myopic_trap
B4_Myopic_VOI,42401,0.518,0.4785639474364308,reject,reject,True,False,False,19.800000000000082,0.0,15.0,0.0,4.800000000000082,0,3.0,0,3,3,0.14080973011977704,myopic_trap
B7_Proposed,42401,0.524,0.4796126752096187,reject,reject,True,False,False,14.667450257334481,0.0,5.0,0.0,9.667450257334481,0,1.0,0,1,1,0.14141458336598997,myopic_trap
B4_Myopic_VOI,42402,0.518,0.47810834787177275,reject,reject,True,False,False,19.799999999999805,0.0,15.0,0.0,4.799999999999804,0,3.0,0,3,3,0.14077948206437374,myopic_trap
B7_Proposed,42402,0.518,0.484450814223058,reject,reject,True,False,False,6.599999999999935,0.0,5.0,0.0,1.5999999999999348,0,1.0,0,1,1,0.14206342695730645,myopic_trap
B4_Myopic_VOI,42403,0.518,0.4792990852705386,reject,reject,True,False,False,19.799999999999944,0.0,15.0,0.0,4.799999999999943,0,3.0,0,3,3,0.14085825994164922,myopic_trap
B7_Proposed,42403,0.518,0.4796126752096187,reject,reject,True,False,False,6.599999999999935,0.0,5.0,0.0,1.5999999999999348,0,1.0,0,1,1,0.14141458336598997,myopic_trap
B4_Myopic_VOI,42404,0.518,0.4899176707843555,reject,reject,True,False,False,26.399999999999878,0.0,20.0,0.0,6.399999999999878,0,4.0,0,4,4,0.14129542855761465,myopic_trap
B7_Proposed,42404,0.518,0.4796126752096187,reject,reject,True,False,False,6.599999999999935,0.0,5.0,0.0,1.5999999999999348,0,1.0,0,1,1,0.14141458336598997,myopic_trap
B4_Myopic_VOI,42405,0.518,0.4768663646128307,reject,reject,True,False,False,13.200000000000147,0.0,10.0,0.0,3.200000000000147,0,2.0,0,2,2,0.1408023127869857,myopic_trap
B7_Proposed,42405,0.518,0.4796126752096187,reject,reject,True,False,False,6.600000000000073,0.0,5.0,0.0,1.6000000000000736,0,1.0,0,1,1,0.14141458336598997,myopic_trap
B4_Myopic_VOI,42406,0.518,0.4847010404616062,reject,reject,True,False,False,26.39999999999974,0.0,20.0,0.0,6.399999999999739,0,4.0,0,4,4,0.14104177296770812,myopic_trap
B7_Proposed,42406,0.518,0.4796126752096187,reject,reject,True,False,False,6.599999999999935,0.0,5.0,0.0,1.5999999999999348,0,1.0,0,1,1,0.14141458336598997,myopic_trap
B4_Myopic_VOI,42407,0.518,0.48028878141601394,reject,reject,True,False,False,19.799999999999944,0.0,15.0,0.0,4.799999999999943,0,3.0,0,3,3,0.14092305416323264,myopic_trap
B7_Proposed,42407,0.518,0.4796126752096187,reject,reject,True,False,False,6.599999999999935,0.0,5.0,0.0,1.5999999999999348,0,1.0,0,1,1,0.14141458336598997,myopic_trap
B4_Myopic_VOI,42408,0.518,0.4813587791903419,reject,reject,True,False,False,19.799999999999944,0.0,15.0,0.0,4.799999999999943,0,3.0,0,3,3,0.1409924091744448,myopic_trap
B7_Proposed,42408,0.518,0.4796126752096187,reject,reject,True,False,False,6.599999999999935,0.0,5.0,0.0,1.5999999999999348,0,1.0,0,1,1,0.14141458336598997,myopic_trap
B4_Myopic_VOI,42409,0.518,0.4802180639142568,reject,reject,True,False,False,19.80000000000022,0.0,15.0,0.0,4.800000000000221,0,3.0,0,3,3,0.14091844492123726,myopic_trap
B7_Proposed,42409,0.518,0.4796126752096187,reject,reject,True,False,False,6.599999999999935,0.0,5.0,0.0,1.5999999999999348,0,1.0,0,1,1,0.14141458336598997,myopic_trap
B4_Myopic_VOI,42410,0.518,0.4768663646128307,reject,reject,True,False,False,13.19999999999987,0.0,10.0,0.0,3.1999999999998696,0,2.0,0,2,2,0.1408023127869857,myopic_trap
B7_Proposed,42410,0.518,0.4796126752096187,reject,reject,True,False,False,6.599999999999935,0.0,5.0,0.0,1.5999999999999348,0,1.0,0,1,1,0.14141458336598997,myopic_trap
B4_Myopic_VOI,42411,0.518,0.4849130090067618,reject,reject,True,False,False,26.400000000000016,0.0,20.0,0.0,6.400000000000016,0,4.0,0,4,4,0.14105234345300996,myopic_trap
B7_Proposed,42411,0.518,0.4878677962569683,reject,reject,True,False,False,6.600000000000073,0.0,5.0,0.0,1.6000000000000736,0,1.0,0,1,1,0.14250220017702678,myopic_trap
B4_Myopic_VOI,42412,0.518,0.4768663646128307,reject,reject,True,False,False,13.200000000000147,0.0,10.0,0.0,3.200000000000147,0,2.0,0,2,2,0.1408023127869857,myopic_trap
B7_Proposed,42412,0.518,0.48679889031610646,reject,reject,True,False,False,6.600000000000073,0.0,5.0,0.0,1.6000000000000736,0,1.0,0,1,1,0.14236666419882232,myopic_trap
B4_Myopic_VOI,42413,0.518,0.4801937513934874,reject,reject,True,False,False,19.799999999999944,0.0,15.0,0.0,4.799999999999943,0,3.0,0,3,3,0.14091685954381275,myopic_trap
B7_Proposed,42413,0.518,0.48567578918177035,reject,reject,True,False,False,6.599999999999935,0.0,5.0,0.0,1.5999999999999348,0,1.0,0,1,1,0.14222256936725175,myopic_trap
B4_Myopic_VOI,42414,0.518,0.4819160033645901,reject,reject,True,False,False,26.400000000000155,0.0,20.0,0.0,6.400000000000156,0,4.0,0,4,4,0.14090080804691152,myopic_trap
B7_Proposed,42414,0.518,0.4833729987808705,reject,reject,True,False,False,6.600000000000213,0.0,5.0,0.0,1.6000000000002124,0,1.0,0,1,1,0.14192169138272265,myopic_trap
B4_Myopic_VOI,42415,0.518,0.48287189466528996,reject,reject,True,False,False,19.799999999999944,0.0,15.0,0.0,4.799999999999943,0,3.0,0,3,3,0.14108925299869926,myopic_trap
B7_Proposed,42415,0.518,0.48197160572712167,reject,reject,True,False,False,6.599999999999935,0.0,5.0,0.0,1.5999999999999348,0,1.0,0,1,1,0.14173500064352704,myopic_trap
B4_Myopic_VOI,42416,0.518,0.4768663646128307,reject,reject,True,False,False,13.200000000000147,0.0,10.0,0.0,3.200000000000147,0,2.0,0,2,2,0.1408023127869857,myopic_trap
B7_Proposed,42416,0.518,0.4796126752096187,reject,reject,True,False,False,6.600000000000213,0.0,5.0,0.0,1.6000000000002124,0,1.0,0,1,1,0.14141458336598997,myopic_trap
B4_Myopic_VOI,42417,0.518,0.48121941418030795,reject,reject,True,False,False,19.799999999999944,0.0,15.0,0.0,4.799999999999943,0,3.0,0,3,3,0.1409834167773385,myopic_trap
B7_Proposed,42417,0.518,0.4796126752096187,reject,reject,True,False,False,6.599999999999935,0.0,5.0,0.0,1.5999999999999348,0,1.0,0,1,1,0.14141458336598997,myopic_trap
B4_Myopic_VOI,42418,0.518,0.4854967986407249,reject,reject,True,False,False,26.399999999999878,0.0,20.0,0.0,6.399999999999878,0,4.0,0,4,4,0.14108134034910724,myopic_trap
B7_Proposed,42418,0.518,0.4796126752096187,reject,reject,True,False,False,6.600000000000073,0.0,5.0,0.0,1.6000000000000736,0,1.0,0,1,1,0.14141458336598997,myopic_trap
B4_Myopic_VOI,42419,0.518,0.4869968248705886,reject,reject,True,False,False,26.400000000000016,0.0,20.0,0.0,6.400000000000016,0,4.0,0,4,4,0.1411550694263846,myopic_trap
B7_Proposed,42419,0.518,0.4991880456220443,reject,reject,True,False,False,6.600000000000213,0.0,5.0,0.0,1.6000000000002124,0,1.0,0,1,1,0.14384260273684002,myopic_trap
B4_Myopic_VOI,42420,0.518,0.4780499363540843,reject,reject,True,False,False,13.200000000000147,0.0,10.0,0.0,3.200000000000147,0,2.0,0,2,2,0.1409090815673843,myopic_trap
B7_Proposed,42420,0.518,0.48782013250782896,reject,reject,True,False,False,6.600000000000073,0.0,5.0,0.0,1.6000000000000736,0,1.0,0,1,1,0.14249618976270453,myopic_trap
B4_Myopic_VOI,42421,0.518,0.48225986751951344,reject,reject,True,False,False,26.400000000000155,0.0,20.0,0.0,6.400000000000156,0,4.0,0,4,4,0.14091842216757425,myopic_trap
B7_Proposed,42421,0.518,0.48568449645166867,reject,reject,True,False,False,6.600000000000351,0.0,5.0,0.0,1.6000000000003511,0,1.0,0,1,1,0.14222369317961142,myopic_trap
B4_Myopic_VOI,42422,0.518,0.4794470391350962,reject,reject,True,False,False,19.800000000000082,0.0,15.0,0.0,4.8000000000000815,0,3.0,0,3,3,0.14086798569543618,myopic_trap
B7_Proposed,42422,0.518,0.4796126752096187,reject,reject,True,False,False,6.600000000000073,0.0,5.0,0.0,1.6000000000000736,0,1.0,0,1,1,0.14141458336598997,myopic_trap
B4_Myopic_VOI,42423,0.522,0.4768663646128307,reject,reject,True,False,False,18.22905208868435,0.0,10.0,0.0,8.229052088684352,0,2.0,0,2,2,0.1408023127869857,myopic_trap
B7_Proposed,42423,0.518,0.4796126752096187,reject,reject,True,False,False,6.599999999999935,0.0,5.0,0.0,1.5999999999999348,0,1.0,0,1,1,0.14141458336598997,myopic_trap
B4_Myopic_VOI,42424,0.518,0.4793364698429795,reject,reject,True,False,False,19.800000000000082,0.0,15.0,0.0,4.800000000000082,0,3.0,0,3,3,0.1408607187261855,myopic_trap
B7_Proposed,42424,0.518,0.4843767842708601,reject,reject,True,False,False,6.600000000000213,0.0,5.0,0.0,1.6000000000002124,0,1.0,0,1,1,0.14205374312259977,myopic_trap
B4_Myopic_VOI,42425,0.518,0.4842235060896001,reject,reject,True,False,False,19.799999999999805,0.0,15.0,0.0,4.799999999999804,0,3.0,0,3,3,0.14117454065317905,myopic_trap
B7_Proposed,42425,0.518,0.4796126752096187,reject,reject,True,False,False,6.599999999999657,0.0,5.0,0.0,1.5999999999996573,0,1.0,0,1,1,0.14141458336598997,myopic_trap
B4_Myopic_VOI,42426,0.518,0.47700043938021963,reject,reject,True,False,False,13.200000000000008,0.0,10.0,0.0,3.200000000000008,0,2.0,0,2,2,0.14081446880804382,myopic_trap
B7_Proposed,42426,0.518,0.4796126752096187,reject,reject,True,False,False,6.599999999999935,0.0,5.0,0.0,1.5999999999999348,0,1.0,0,1,1,0.14141458336598997,myopic_trap
B4_Myopic_VOI,42427,0.518,0.49101366198997426,reject,reject,True,False,False,32.99999999999995,0.0,25.0,0.0,7.999999999999951,0,5.0,0,5,5,0.14119168375546257,myopic_trap
B7_Proposed,42427,0.518,0.4802105646482274,reject,reject,True,False,False,6.599999999999935,0.0,5.0,0.0,1.5999999999999348,0,1.0,0,1,1,0.14149652967273127,myopic_trap
B4_Myopic_VOI,42428,0.518,0.48487678482278856,reject,reject,True,False,False,26.400000000000016,0.0,20.0,0.0,6.400000000000017,0,4.0,0,4,4,0.14105053860384692,myopic_trap
B7_Proposed,42428,0.518,0.49859960796201114,reject,reject,True,False,False,6.599999999999935,0.0,5.0,0.0,1.5999999999999348,0,1.0,0,1,1,0.143777162735633,myopic_trap
B4_Myopic_VOI,42429,0.518,0.4864346242175771,reject,reject,True,False,False,26.399999999999878,0.0,20.0,0.0,6.399999999999878,0,4.0,0,4,4,0.14112756727768533,myopic_trap
B7_Proposed,42429,0.518,0.4935892851659636,reject,reject,True,False,False,6.600000000000073,0.0,5.0,0.0,1.6000000000000736,0,1.0,0,1,1,0.143201239680811,myopic_trap
B4_Myopic_VOI,42430,0.518,0.4768663646128307,reject,reject,True,False,False,13.200000000000008,0.0,10.0,0.0,3.200000000000008,0,2.0,0,2,2,0.1408023127869857,myopic_trap
B7_Proposed,42430,0.518,0.4796126752096187,reject,reject,True,False,False,6.600000000000073,0.0,5.0,0.0,1.6000000000000736,0,1.0,0,1,1,0.14141458336598997,myopic_trap
B4_Myopic_VOI,42431,0.518,0.47854738557794896,reject,reject,True,False,False,13.200000000000008,0.0,10.0,0.0,3.200000000000008,0,2.0,0,2,2,0.1409535921579215,myopic_trap
B7_Proposed,42431,0.518,0.4796126752096187,reject,reject,True,False,False,6.599999999999935,0.0,5.0,0.0,1.5999999999999348,0,1.0,0,1,1,0.14141458336598997,myopic_trap
B4_Myopic_VOI,42432,0.518,0.48169218741990666,reject,reject,True,False,False,19.799999999999944,0.0,15.0,0.0,4.799999999999943,0,3.0,0,3,3,0.14101387229235932,myopic_trap
B7_Proposed,42432,0.518,0.4796126752096187,reject,reject,True,False,False,6.599999999999935,0.0,5.0,0.0,1.5999999999999348,0,1.0,0,1,1,0.14141458336598997,myopic_trap
B4_Myopic_VOI,42433,0.518,0.48846105554181396,reject,reject,True,False,False,26.399999999999878,0.0,20.0,0.0,6.399999999999878,0,4.0,0,4,4,0.14122596095306864,myopic_trap
B7_Proposed,42433,0.518,0.49011877358377004,reject,reject,True,False,False,6.599999999999935,0.0,5.0,0.0,1.5999999999999348,0,1.0,0,1,1,0.14278252069117808,myopic_trap
B4_Myopic_VOI,42434,0.518,0.488079550908825,reject,reject,True,False,False,32.999999999999815,0.0,25.0,0.0,7.999999999999813,0,5.0,0,5,5,0.14107488179131367,myopic_trap
B7_Proposed,42434,0.518,0.4796126752096187,reject,reject,True,False,False,6.599999999999935,0.0,5.0,0.0,1.5999999999999348,0,1.0,0,1,1,0.14141458336598997,myopic_trap
B4_Myopic_VOI,42435,0.52,0.4817828727327457,reject,reject,True,False,False,23.44871595412244,0.0,15.0,0.0,8.448715954122443,0,3.0,0,3,3,0.1410196980172847,myopic_trap
B7_Proposed,42435,0.518,0.4796126752096187,reject,reject,True,False,False,6.599999999999935,0.0,5.0,0.0,1.5999999999999348,0,1.0,0,1,1,0.14141458336598997,myopic_trap
B4_Myopic_VOI,42436,0.518,0.4827511830631771,reject,reject,True,False,False,19.799999999999805,0.0,15.0,0.0,4.799999999999804,0,3.0,0,3,3,0.14108158007203955,myopic_trap
B7_Proposed,42436,0.518,0.4796126752096187,reject,reject,True,False,False,6.599999999999935,0.0,5.0,0.0,1.5999999999999348,0,1.0,0,1,1,0.14141458336598997,myopic_trap
B4_Myopic_VOI,42437,0.518,0.4804693855615295,reject,reject,True,False,False,19.800000000000082,0.0,15.0,0.0,4.8000000000000815,0,3.0,0,3,3,0.1409348112790372,myopic_trap
B7_Proposed,42437,0.518,0.4859498033231661,reject,reject,True,False,False,6.599999999999935,0.0,5.0,0.0,1.5999999999999348,0,1.0,0,1,1,0.1422578853201103,myopic_trap
B4_Myopic_VOI,42438,0.518,0.4768663646128307,reject,reject,True,False,False,13.19999999999987,0.0,10.0,0.0,3.1999999999998696,0,2.0,0,2,2,0.1408023127869857,myopic_trap
B7_Proposed,42438,0.518,0.4919763557547614,reject,reject,True,False,False,6.599999999999935,0.0,5.0,0.0,1.5999999999999348,0,1.0,0,1,1,0.143008664827165,myopic_trap
B4_Myopic_VOI,42439,0.518,0.4890949452571788,reject,reject,True,False,False,26.400000000000016,0.0,20.0,0.0,6.400000000000017,0,4.0,0,4,4,0.14125632111517392,myopic_trap
B7_Proposed,42439,0.518,0.49477764784217004,reject,reject,True,False,False,6.599999999999935,0.0,5.0,0.0,1.5999999999999348,0,1.0,0,1,1,0.14334088143384985,myopic_trap
B4_Myopic_VOI,42440,0.518,0.4838456061913522,reject,reject,True,False,False,19.800000000000082,0.0,15.0,0.0,4.800000000000082,0,3.0,0,3,3,0.1411508106540797,myopic_trap
B7_Proposed,42440,0.518,0.4796126752096187,reject,reject,True,False,False,6.600000000000213,0.0,5.0,0.0,1.6000000000002124,0,1.0,0,1,1,0.14141458336598997,myopic_trap
B4_Myopic_VOI,42441,0.518,0.4787590417067725,reject,reject,True,False,False,19.799999999999805,0.0,15.0,0.0,4.799999999999804,0,3.0,0,3,3,0.14082264255035742,myopic_trap
B7_Proposed,42441,0.518,0.4897049330130153,reject,reject,True,False,False,6.599999999999935,0.0,5.0,0.0,1.5999999999999348,0,1.0,0,1,1,0.14273150157440923,myopic_trap
B4_Myopic_VOI,42442,0.518,0.4768663646128307,reject,reject,True,False,False,13.200000000000147,0.0,10.0,0.0,3.200000000000147,0,2.0,0,2,2,0.1408023127869857,myopic_trap
B7_Proposed,42442,0.518,0.491227872245995,reject,reject,True,False,False,6.600000000000073,0.0,5.0,0.0,1.6000000000000736,0,1.0,0,1,1,0.14291810604206454,myopic_trap
B4_Myopic_VOI,42443,0.518,0.47747287133671534,reject,reject,True,False,False,13.200000000000008,0.0,10.0,0.0,3.200000000000008,0,2.0,0,2,2,0.14085717749517407,myopic_trap
B7_Proposed,42443,0.518,0.49538146235491676,reject,reject,True,False,False,6.599999999999935,0.0,5.0,0.0,1.5999999999999348,0,1.0,0,1,1,0.14341110745616467,myopic_trap
B4_Myopic_VOI,42444,0.524,0.48653031007906467,reject,reject,True,False,False,66.85951005810301,0.0,50.0,0.0,16.859510058103016,0,6.0,0,4,4,0.1411322592016173,myopic_trap
B7_Proposed,42444,0.518,0.4796126752096187,reject,reject,True,False,False,6.600000000000213,0.0,5.0,0.0,1.6000000000002124,0,1.0,0,1,1,0.14141458336598997,myopic_trap
B4_Myopic_VOI,42445,0.518,0.489961638773987,reject,reject,True,False,False,26.399999999999878,0.0,20.0,0.0,6.399999999999878,0,4.0,0,4,4,0.1412975090926543,myopic_trap
B7_Proposed,42445,0.518,0.49012044339570543,reject,reject,True,False,False,6.599999999999935,0.0,5.0,0.0,1.5999999999999348,0,1.0,0,1,1,0.14278272607758738,myopic_trap
B4_Myopic_VOI,42446,0.518,0.47796486834177826,reject,reject,True,False,False,13.200000000000008,0.0,10.0,0.0,3.200000000000008,0,2.0,0,2,2,0.14090144833845794,myopic_trap
B7_Proposed,42446,0.518,0.48501849699569,reject,reject,True,False,False,6.599999999999935,0.0,5.0,0.0,1.5999999999999348,0,1.0,0,1,1,0.14213743425941702,myopic_trap
B4_Myopic_VOI,42447,0.518,0.4839658795116713,reject,reject,True,False,False,19.799999999999944,0.0,15.0,0.0,4.799999999999943,0,3.0,0,3,3,0.1411583728884859,myopic_trap
B7_Proposed,42447,0.518,0.48038976949056467,reject,reject,True,False,False,6.599999999999935,0.0,5.0,0.0,1.5999999999999348,0,1.0,0,1,1,0.14152099413036037,myopic_trap
B4_Myopic_VOI,42448,0.518,0.47993605541656165,reject,reject,True,False,False,19.800000000000082,0.0,15.0,0.0,4.8000000000000815,0,3.0,0,3,3,0.1409000326627768,myopic_trap
B7_Proposed,42448,0.518,0.4796126752096187,reject,reject,True,False,False,6.599999999999935,0.0,5.0,0.0,1.5999999999999348,0,1.0,0,1,1,0.14141458336598997,myopic_trap
B4_Myopic_VOI,42449,0.52,0.477864633712992,reject,reject,True,False,False,22.041652772660917,0.0,15.0,0.0,7.041652772660917,0,3.0,0,3,3,0.14076324743199994,myopic_trap
B7_Proposed,42449,0.518,0.4822890690021402,reject,reject,True,False,False,6.600000000000073,0.0,5.0,0.0,1.6000000000000736,0,1.0,0,1,1,0.14177753102256116,myopic_trap
B4_Myopic_VOI,42450,0.518,0.4795207320901226,reject,reject,True,False,False,19.799999999999805,0.0,15.0,0.0,4.799999999999804,0,3.0,0,3,3,0.1408728247368758,myopic_trap
B7_Proposed,42450,0.518,0.4796126752096187,reject,reject,True,False,False,6.599999999999935,0.0,5.0,0.0,1.5999999999999348,0,1.0,0,1,1,0.14141458336598997,myopic_trap
B4_Myopic_VOI,42451,0.518,0.48215410120909113,reject,reject,True,False,False,26.400000000000155,0.0,20.0,0.0,6.400000000000156,0,4.0,0,4,4,0.14091301067477877,myopic_trap
B7_Proposed,42451,0.518,0.4930703484189749,reject,reject,True,False,False,6.600000000000213,0.0,5.0,0.0,1.6000000000002124,0,1.0,0,1,1,0.14313966442062306,myopic_trap
B4_Myopic_VOI,42452,0.518,0.485724089925076,reject,reject,True,False,False,26.39999999999974,0.0,20.0,0.0,6.399999999999739,0,4.0,0,4,4,0.1410925840631534,myopic_trap
B7_Proposed,42452,0.518,0.49681808272900596,reject,reject,True,False,False,6.599999999999935,0.0,5.0,0.0,1.5999999999999348,0,1.0,0,1,1,0.1435762284063308,myopic_trap
B4_Myopic_VOI,42453,0.518,0.47744232957150334,reject,reject,True,False,False,13.200000000000008,0.0,10.0,0.0,3.200000000000008,0,2.0,0,2,2,0.14085442234253442,myopic_trap
B7_Proposed,42453,0.518,0.4892850250838883,reject,reject,True,False,False,6.600000000000073,0.0,5.0,0.0,1.6000000000000736,0,1.0,0,1,1,0.14267949640448385,myopic_trap
B4_Myopic_VOI,42454,0.518,0.4780234855000063,reject,reject,True,False,False,13.200000000000008,0.0,10.0,0.0,3.200000000000008,0,2.0,0,2,2,0.14090670878282688,myopic_trap
B7_Proposed,42454,0.518,0.487631280472079,reject,reject,True,False,False,6.599999999999935,0.0,5.0,0.0,1.5999999999999348,0,1.0,0,1,1,0.14247234493302574,myopic_trap
B4_Myopic_VOI,42455,0.518,0.48322907290698486,reject,reject,True,False,False,19.799999999999805,0.0,15.0,0.0,4.799999999999804,0,3.0,0,3,3,0.14111190297151724,myopic_trap
B7_Proposed,42455,0.518,0.4888059961056797,reject,reject,True,False,False,6.599999999999935,0.0,5.0,0.0,1.5999999999999348,0,1.0,0,1,1,0.1426198760113117,myopic_trap
B4_Myopic_VOI,42456,0.52,0.47703158317816363,reject,reject,True,False,False,16.10536085066629,0.0,10.0,0.0,6.105360850666291,0,2.0,0,2,2,0.14081729024902764,myopic_trap
B7_Proposed,42456,0.518,0.48099077644401655,reject,reject,True,False,False,6.599999999999935,0.0,5.0,0.0,1.5999999999999348,0,1.0,0,1,1,0.1416027146642817,myopic_trap
B4_Myopic_VOI,42457,0.518,0.4779920769555777,reject,reject,True,False,False,19.800000000000082,0.0,15.0,0.0,4.8000000000000815,0,3.0,0,3,3,0.14077174155963856,myopic_trap
B7_Proposed,42457,0.518,0.4796126752096187,reject,reject,True,False,False,6.599999999999935,0.0,5.0,0.0,1.5999999999999348,0,1.0,0,1,1,0.14141458336598997,myopic_trap
B4_Myopic_VOI,42458,0.518,0.48035768895510256,reject,reject,True,False,False,19.799999999999944,0.0,15.0,0.0,4.799999999999943,0,3.0,0,3,3,0.1409275423944658,myopic_trap
B7_Proposed,42458,0.518,0.48758854374000304,reject,reject,True,False,False,6.599999999999935,0.0,5.0,0.0,1.5999999999999348,0,1.0,0,1,1,0.1424669421433316,myopic_trap
B4_Myopic_VOI,42459,0.518,0.4788976710828023,reject,reject,True,False,False,19.799999999999944,0.0,15.0,0.0,4.799999999999943,0,3.0,0,3,3,0.14083180316581567,myopic_trap
B7_Proposed,42459,0.518,0.4886767039067563,reject,reject,True,False,False,6.599999999999935,0.0,5.0,0.0,1.5999999999999348,0,1.0,0,1,1,0.14260373059408032,myopic_trap
B4_Myopic_VOI,42460,0.518,0.4784068183881197,reject,reject,True,False,False,19.800000000000082,0.0,15.0,0.0,4.800000000000082,0,3.0,0,3,3,0.14079931290761188,myopic_trap
B7_Proposed,42460,0.518,0.4796126752096187,reject,reject,True,False,False,6.599999999999935,0.0,5.0,0.0,1.5999999999999348,0,1.0,0,1,1,0.14141458336598997,myopic_trap
B4_Myopic_VOI,42461,0.518,0.4825269096103585,reject,reject,True,False,False,26.399999999999878,0.0,20.0,0.0,6.399999999999878,0,4.0,0,4,4,0.14093206042165593,myopic_trap
B7_Proposed,42461,0.518,0.4909881927766978,reject,reject,True,False,False,6.599999999999935,0.0,5.0,0.0,1.5999999999999348,0,1.0,0,1,1,0.1428889469520047,myopic_trap
B4_Myopic_VOI,42462,0.518,0.4784654325962981,reject,reject,True,False,False,13.19999999999987,0.0,10.0,0.0,3.1999999999998696,0,2.0,0,2,2,0.140946273995679,myopic_trap
B7_Proposed,42462,0.518,0.4801595653265308,reject,reject,True,False,False,6.599999999999935,0.0,5.0,0.0,1.5999999999999348,0,1.0,0,1,1,0.14148955921966674,myopic_trap
B4_Myopic_VOI,42463,0.518,0.47859736238923195,reject,reject,True,False,False,13.200000000000008,0.0,10.0,0.0,3.200000000000008,0,2.0,0,2,2,0.14095805207693318,myopic_trap
B7_Proposed,42463,0.518,0.48145298461972075,reject,reject,True,False,False,6.599999999999935,0.0,5.0,0.0,1.5999999999999348,0,1.0,0,1,1,0.1416652200990758,myopic_trap
B4_Myopic_VOI,42464,0.518,0.47759507665991097,reject,reject,True,False,False,13.19999999999987,0.0,10.0,0.0,3.1999999999998696,0,2.0,0,2,2,0.14086819343177825,myopic_trap
B7_Proposed,42464,0.518,0.4819936156934125,reject,reject,True,False,False,6.599999999999935,0.0,5.0,0.0,1.5999999999999348,0,1.0,0,1,1,0.14173795382076615,myopic_trap
B4_Myopic_VOI,42465,0.518,0.4839912607866654,reject,reject,True,False,False,19.799999999999944,0.0,15.0,0.0,4.799999999999943,0,3.0,0,3,3,0.14115996758403,myopic_trap
B7_Proposed,42465,0.518,0.4837958329907689,reject,reject,True,False,False,6.600000000000073,0.0,5.0,0.0,1.6000000000000736,0,1.0,0,1,1,0.14197748648858086,myopic_trap
B4_Myopic_VOI,42466,0.518,0.48880664375216226,reject,reject,True,False,False,26.400000000000016,0.0,20.0,0.0,6.400000000000016,0,4.0,0,4,4,0.14124253761102035,myopic_trap
B7_Proposed,42466,0.518,0.4796126752096187,reject,reject,True,False,False,6.599999999999935,0.0,5.0,0.0,1.5999999999999348,0,1.0,0,1,1,0.14141458336598997,myopic_trap
B4_Myopic_VOI,42467,0.518,0.48163325187541756,reject,reject,True,False,False,19.800000000000082,0.0,15.0,0.0,4.800000000000082,0,3.0,0,3,3,0.14101008342639298,myopic_trap
B7_Proposed,42467,0.518,0.4796126752096187,reject,reject,True,False,False,6.599999999999935,0.0,5.0,0.0,1.5999999999999348,0,1.0,0,1,1,0.14141458336598997,myopic_trap
B4_Myopic_VOI,42468,0.518,0.4780181846745603,reject,reject,True,False,False,13.200000000000147,0.0,10.0,0.0,3.200000000000147,0,2.0,0,2,2,0.1409062331969456,myopic_trap
B7_Proposed,42468,0.518,0.4803721152636296,reject,reject,True,False,False,6.600000000000073,0.0,5.0,0.0,1.6000000000000736,0,1.0,0,1,1,0.14151858602304457,myopic_trap
B4_Myopic_VOI,42469,0.518,0.4782016786212203,reject,reject,True,False,False,13.200000000000008,0.0,10.0,0.0,3.200000000000008,0,2.0,0,2,2,0.14092268191171808,myopic_trap
B7_Proposed,42469,0.518,0.49144892369411436,reject,reject,True,False,False,6.599999999999935,0.0,5.0,0.0,1.5999999999999348,0,1.0,0,1,1,0.14294492988973145,myopic_trap
B4_Myopic_VOI,42470,0.518,0.4768663646128307,reject,reject,True,False,False,13.19999999999987,0.0,10.0,0.0,3.1999999999998696,0,2.0,0,2,2,0.1408023127869857,myopic_trap
B7_Proposed,42470,0.518,0.4796126752096187,reject,reject,True,False,False,6.599999999999935,0.0,5.0,0.0,1.5999999999999348,0,1.0,0,1,1,0.14141458336598997,myopic_trap
B4_Myopic_VOI,42471,0.518,0.4784841328312404,reject,reject,True,False,False,13.200000000000287,0.0,10.0,0.0,3.200000000000286,0,2.0,0,2,2,0.1409479443860346,myopic_trap
B7_Proposed,42471,0.518,0.4822080713368207,reject,reject,True,False,False,6.599999999999935,0.0,5.0,0.0,1.5999999999999348,0,1.0,0,1,1,0.14176669310343662,myopic_trap
B4_Myopic_VOI,42472,0.518,0.479115019621634,reject,reject,True,False,False,19.800000000000082,0.0,15.0,0.0,4.8000000000000815,0,3.0,0,3,3,0.14084614103752188,myopic_trap
B7_Proposed,42472,0.518,0.48017075198943215,reject,reject,True,False,False,6.600000000000073,0.0,5.0,0.0,1.6000000000000736,0,1.0,0,1,1,0.1414910884941742,myopic_trap
B4_Myopic_VOI,42473,0.518,0.48329601069870237,reject,reject,True,False,False,19.799999999999944,0.0,15.0,0.0,4.799999999999943,0,3.0,0,3,3,0.14111613880354554,myopic_trap
B7_Proposed,42473,0.518,0.4796126752096187,reject,reject,True,False,False,6.599999999999935,0.0,5.0,0.0,1.5999999999999348,0,1.0,0,1,1,0.14141458336598997,myopic_trap
B4_Myopic_VOI,42474,0.518,0.4822087381896288,reject,reject,True,False,False,19.799999999999805,0.0,15.0,0.0,4.799999999999804,0,3.0,0,3,3,0.1410469867187923,myopic_trap
B7_Proposed,42474,0.518,0.48555596253484656,reject,reject,True,False,False,6.599999999999935,0.0,5.0,0.0,1.5999999999999348,0,1.0,0,1,1,0.1422070932364962,myopic_trap
B4_Myopic_VOI,42475,0.518,0.48281218302556955,reject,reject,True,False,False,26.400000000000155,0.0,20.0,0.0,6.400000000000156,0,4.0,0,4,4,0.1409465904548159,myopic_trap
B7_Proposed,42475,0.518,0.4859869486889875,reject,reject,True,False,False,6.599999999999935,0.0,5.0,0.0,1.5999999999999348,0,1.0,0,1,1,0.14226266481218808,myopic_trap
B4_Myopic_VOI,42476,0.518,0.48193651613134936,reject,reject,True,False,False,19.799999999999944,0.0,15.0,0.0,4.799999999999943,0,3.0,0,3,3,0.14102955640049744,myopic_trap
B7_Proposed,42476,0.518,0.4796126752096187,reject,reject,True,False,False,6.599999999999935,0.0,5.0,0.0,1.5999999999999348,0,1.0,0,1,1,0.14141458336598997,myopic_trap
B4_Myopic_VOI,42477,0.518,0.4819853130907754,reject,reject,True,False,False,26.399999999999878,0.0,20.0,0.0,6.399999999999878,0,4.0,0,4,4,0.1409043631246753,myopic_trap
B7_Proposed,42477,0.518,0.4796126752096187,reject,reject,True,False,False,6.600000000000073,0.0,5.0,0.0,1.6000000000000736,0,1.0,0,1,1,0.14141458336598997,myopic_trap
B4_Myopic_VOI,42478,0.518,0.4801923659485907,reject,reject,True,False,False,19.799999999999944,0.0,15.0,0.0,4.799999999999943,0,3.0,0,3,3,0.14091676919009455,myopic_trap
B7_Proposed,42478,0.518,0.4796126752096187,reject,reject,True,False,False,6.599999999999935,0.0,5.0,0.0,1.5999999999999348,0,1.0,0,1,1,0.14141458336598997,myopic_trap
B4_Myopic_VOI,42479,0.518,0.4790736610290426,reject,reject,True,False,False,19.800000000000082,0.0,15.0,0.0,4.800000000000082,0,3.0,0,3,3,0.14084341503184072,myopic_trap
B7_Proposed,42479,0.518,0.4796126752096187,reject,reject,True,False,False,6.600000000000073,0.0,5.0,0.0,1.6000000000000736,0,1.0,0,1,1,0.14141458336598997,myopic_trap
B4_Myopic_VOI,42480,0.52,0.48953862071582177,reject,reject,True,False,False,29.460379544457552,0.0,20.0,0.0,9.460379544457552,0,4.0,0,4,4,0.14127745245441903,myopic_trap
B7_Proposed,42480,0.518,0.48574239754989457,reject,reject,True,False,False,6.599999999999935,0.0,5.0,0.0,1.5999999999999348,0,1.0,0,1,1,0.14223116359133842,myopic_trap
B4_Myopic_VOI,42481,0.518,0.4768663646128307,reject,reject,True,False,False,13.200000000000008,0.0,10.0,0.0,3.200000000000008,0,2.0,0,2,2,0.1408023127869857,myopic_trap
B7_Proposed,42481,0.518,0.4906502281629105,reject,reject,True,False,False,6.599999999999935,0.0,5.0,0.0,1.5999999999999348,0,1.0,0,1,1,0.14284769830162483,myopic_trap
B4_Myopic_VOI,42482,0.518,0.477954242934976,reject,reject,True,False,False,19.799999999999805,0.0,15.0,0.0,4.799999999999804,0,3.0,0,3,3,0.14076922098659012,myopic_trap
B7_Proposed,42482,0.518,0.4796126752096187,reject,reject,True,False,False,6.599999999999935,0.0,5.0,0.0,1.5999999999999348,0,1.0,0,1,1,0.14141458336598997,myopic_trap
B4_Myopic_VOI,42483,0.518,0.4793020348286082,reject,reject,True,False,False,19.799999999999944,0.0,15.0,0.0,4.799999999999943,0,3.0,0,3,3,0.14085845396632088,myopic_trap
B7_Proposed,42483,0.518,0.4796126752096187,reject,reject,True,False,False,6.600000000000073,0.0,5.0,0.0,1.6000000000000736,0,1.0,0,1,1,0.14141458336598997,myopic_trap
B4_Myopic_VOI,42484,0.518,0.4808328355081549,reject,reject,True,False,False,19.799999999999944,0.0,15.0,0.0,4.799999999999943,0,3.0,0,3,3,0.14095840897017373,myopic_trap
B7_Proposed,42484,0.518,0.4796126752096187,reject,reject,True,False,False,6.600000000000073,0.0,5.0,0.0,1.6000000000000736,0,1.0,0,1,1,0.14141458336598997,myopic_trap
B4_Myopic_VOI,42485,0.518,0.4783777060324613,reject,reject,True,False,False,13.200000000000008,0.0,10.0,0.0,3.200000000000008,0,2.0,0,2,2,0.14093843380161097,myopic_trap
B7_Proposed,42485,0.518,0.494168170316389,reject,reject,True,False,False,6.600000000000073,0.0,5.0,0.0,1.6000000000000736,0,1.0,0,1,1,0.14326950034424088,myopic_trap
B4_Myopic_VOI,42486,0.518,0.4830614989205362,reject,reject,True,False,False,26.400000000000016,0.0,20.0,0.0,6.400000000000016,0,4.0,0,4,4,0.14095925578423998,myopic_trap
B7_Proposed,42486,0.518,0.4796126752096187,reject,reject,True,False,False,6.599999999999935,0.0,5.0,0.0,1.5999999999999348,0,1.0,0,1,1,0.14141458336598997,myopic_trap
B4_Myopic_VOI,42487,0.518,0.4912636764947548,reject,reject,True,False,False,33.00000000000009,0.0,25.0,0.0,8.00000000000009,0,5.0,0,5,5,0.14120147226544594,myopic_trap
B7_Proposed,42487,0.518,0.4796126752096187,reject,reject,True,False,False,6.599999999999935,0.0,5.0,0.0,1.5999999999999348,0,1.0,0,1,1,0.14141458336598997,myopic_trap
B4_Myopic_VOI,42488,0.518,0.4782107257429574,reject,reject,True,False,False,13.200000000000008,0.0,10.0,0.0,3.200000000000008,0,2.0,0,2,2,0.1409234921540163,myopic_trap
B7_Proposed,42488,0.518,0.48846124720118633,reject,reject,True,False,False,6.600000000000073,0.0,5.0,0.0,1.6000000000000736,0,1.0,0,1,1,0.14257677470143695,myopic_trap
B4_Myopic_VOI,42489,0.518,0.47831117632520376,reject,reject,True,False,False,13.200000000000008,0.0,10.0,0.0,3.200000000000008,0,2.0,0,2,2,0.14093248352796006,myopic_trap
B7_Proposed,42489,0.518,0.4796126752096187,reject,reject,True,False,False,6.599999999999935,0.0,5.0,0.0,1.5999999999999348,0,1.0,0,1,1,0.14141458336598997,myopic_trap
B4_Myopic_VOI,42490,0.518,0.4791159201094345,reject,reject,True,False,False,19.799999999999944,0.0,15.0,0.0,4.799999999999943,0,3.0,0,3,3,0.14084620037795148,myopic_trap
B7_Proposed,42490,0.518,0.4796126752096187,reject,reject,True,False,False,6.600000000000073,0.0,5.0,0.0,1.6000000000000736,0,1.0,0,1,1,0.14141458336598997,myopic_trap
B4_Myopic_VOI,42491,0.518,0.488141026384927,reject,reject,True,False,False,26.399999999999878,0.0,20.0,0.0,6.399999999999878,0,4.0,0,4,4,0.14121055744157573,myopic_trap
B7_Proposed,42491,0.518,0.48882067512800387,reject,reject,True,False,False,6.600000000000073,0.0,5.0,0.0,1.6000000000000736,0,1.0,0,1,1,0.14262170761980544,myopic_trap
B4_Myopic_VOI,42492,0.518,0.4768663646128307,reject,reject,True,False,False,13.19999999999987,0.0,10.0,0.0,3.1999999999998696,0,2.0,0,2,2,0.1408023127869857,myopic_trap
B7_Proposed,42492,0.518,0.4906720310269934,reject,reject,True,False,False,6.599999999999935,0.0,5.0,0.0,1.5999999999999348,0,1.0,0,1,1,0.14285036401996842,myopic_trap
B4_Myopic_VOI,42493,0.518,0.47861037130403694,reject,reject,True,False,False,13.200000000000147,0.0,10.0,0.0,3.200000000000147,0,2.0,0,2,2,0.14095921263352346,myopic_trap
B7_Proposed,42493,0.518,0.49185710876481326,reject,reject,True,False,False,6.599999999999935,0.0,5.0,0.0,1.5999999999999348,0,1.0,0,1,1,0.14299428793348248,myopic_trap
B4_Myopic_VOI,42494,0.518,0.48266840896506524,reject,reject,True,False,False,19.799999999999944,0.0,15.0,0.0,4.799999999999943,0,3.0,0,3,3,0.14107631330442869,myopic_trap
B7_Proposed,42494,0.518,0.4822154551822038,reject,reject,True,False,False,6.600000000000073,0.0,5.0,0.0,1.6000000000000736,0,1.0,0,1,1,0.1417676814784504,myopic_trap
B4_Myopic_VOI,42495,0.518,0.4776763459877159,reject,reject,True,False,False,19.800000000000082,0.0,15.0,0.0,4.800000000000082,0,3.0,0,3,3,0.14075067915063674,myopic_trap
B7_Proposed,42495,0.518,0.4843480081226074,reject,reject,True,False,False,6.600000000000213,0.0,5.0,0.0,1.6000000000002124,0,1.0,0,1,1,0.14204997688327997,myopic_trap
B4_Myopic_VOI,42496,0.518,0.4768663646128307,reject,reject,True,False,False,13.19999999999987,0.0,10.0,0.0,3.1999999999998696,0,2.0,0,2,2,0.1408023127869857,myopic_trap
B7_Proposed,42496,0.518,0.49721239944077383,reject,reject,True,False,False,6.599999999999935,0.0,5.0,0.0,1.5999999999999348,0,1.0,0,1,1,0.1436210673138855,myopic_trap
B4_Myopic_VOI,42497,0.518,0.47880756017235065,reject,reject,True,False,False,13.19999999999987,0.0,10.0,0.0,3.1999999999998696,0,2.0,0,2,2,0.14097678632440958,myopic_trap
B7_Proposed,42497,0.518,0.4796126752096187,reject,reject,True,False,False,6.599999999999935,0.0,5.0,0.0,1.5999999999999348,0,1.0,0,1,1,0.14141458336598997,myopic_trap
B4_Myopic_VOI,42498,0.518,0.48801829515586037,reject,reject,True,False,False,26.399999999999878,0.0,20.0,0.0,6.399999999999878,0,4.0,0,4,4,0.14120463671161,myopic_trap
B7_Proposed,42498,0.518,0.4796126752096187,reject,reject,True,False,False,6.600000000000073,0.0,5.0,0.0,1.6000000000000736,0,1.0,0,1,1,0.14141458336598997,myopic_trap
B4_Myopic_VOI,42499,0.518,0.4839367423973072,reject,reject,True,False,False,19.799999999999805,0.0,15.0,0.0,4.799999999999804,0,3.0,0,3,3,0.14115654171551908,myopic_trap
B7_Proposed,42499,0.518,0.4825831431142773,reject,reject,True,False,False,6.599999999999935,0.0,5.0,0.0,1.5999999999999348,0,1.0,0,1,1,0.14181680319684045,myopic_trap
